<COLLADA xmlns="http://www.collada.org/2005/11/COLLADASchema" version="1.4.1">
  <asset>
    <contributor/>
    <created>2025-11-18T21:03:20.532656</created>
    <modified>2025-11-18T21:03:20.532670</modified>
    <unit name="meter" meter="1.0"/>
    <up_axis>Z_UP</up_axis>
  </asset>
  <library_effects>
    <effect id="effect_gripper_lh_tip" name="effect_gripper_lh_tip">
      <profile_COMMON>
        <technique sid="common">
          <phong>
            <emission>
              <color>0.0 0.0 0.0 1.0</color>
            </emission>
            <ambient>
              <color>0.0 0.0 0.0 1.0</color>
            </ambient>
            <diffuse>
              <color>0.800000011920929 0.800000011920929 0.800000011920929 1.0</color>
            </diffuse>
            <specular>
              <color>1 1 1 1.0</color>
            </specular>
            <shininess>
              <float>0.0</float>
            </shininess>
            <reflective>
              <color>0.0 0.0 0.0 1.0</color>
            </reflective>
            <reflectivity>
              <float>0.0</float>
            </reflectivity>
            <transparent>
              <color>0.0 0.0 0.0 1.0</color>
            </transparent>
            <transparency>
              <float>1.0</float>
            </transparency>
          </phong>
        </technique>
        <extra>
          <technique profile="GOOGLEEARTH">
            <double_sided>0</double_sided>
          </technique>
        </extra>
      </profile_COMMON>
    </effect>
  </library_effects>
  <library_geometries>
    <geometry id="geometry0" name="gripper_lh_tip">
      <mesh>
        <source id="cubeverts-array0">
          <float_array count="11763" id="cubeverts-array0-array">-0.01779403 -0.003310833 0.04506695 -0.01779268 -0.003310833 0.05012732 -0.01779249 -0.003310833 0.04621576 -0.01779241 -0.003310833 0.04462732 -0.01779237 -0.003310833 0.04893717 -0.01778668 -0.002872645 0.04506688 -0.01778638 -0.003749015 0.04506688 -0.01778534 -0.002872645 0.05012732 -0.01778514 -0.002872645 0.04621576 -0.01778506 -0.002872645 0.04462732 -0.01778504 -0.003749015 0.05012732 -0.01778503 -0.002872645 0.04893716 -0.01778485 -0.003749015 0.04621576 -0.01778477 -0.003749015 0.04462732 -0.01778473 -0.003749015 0.04893716 -0.01777853 -0.003310828 0.04432461 -0.0177766 -0.003310827 0.05096775 -0.01777121 -0.00287264 0.04432508 -0.01777092 -0.00374901 0.04432508 -0.01776926 -0.00287264 0.0509675 -0.01776896 -0.003749009 0.0509675 -0.01776434 -0.002439151 0.04506668 -0.01776375 -0.004182491 0.04506668 -0.017763 -0.00243915 0.05012732 -0.01776281 -0.00243915 0.04621576 -0.01776273 -0.00243915 0.04462732 -0.01776269 -0.00243915 0.04893714 -0.01776241 -0.004182491 0.05012732 -0.01776222 -0.004182491 0.04621576 -0.01776214 -0.004182491 0.04462732 -0.0177621 -0.004182491 0.04893714 -0.01774895 -0.002439145 0.04432652 -0.01774836 -0.004182487 0.04432652 -0.01774695 -0.002439145 0.05096675 -0.01774636 -0.004182486 0.05096675 -0.01774468 -0.003310817 0.04399071 -0.01774107 -0.003310816 0.05168439 -0.01773742 -0.002872629 0.04399184 -0.01773712 -0.003748999 0.04399184 -0.01773374 -0.002872628 0.05168386 -0.01773344 -0.003748998 0.05168386 -0.0177291 -0.00203484 0.04506636 -0.01772824 -0.00458674 0.04506636 -0.01772778 -0.00203484 0.05012732 -0.01772759 -0.00203484 0.04621577 -0.01772751 -0.00203484 0.04462732 -0.01772747 -0.002034839 0.04893711 -0.01772692 -0.00458674 0.05012732 -0.01772673 -0.00458674 0.04621577 -0.01772665 -0.00458674 0.04462732 -0.01772661 -0.00458674 0.04893711 -0.01771534 -0.002439134 0.04399523 -0.01771475 -0.004182476 0.04399524 -0.01771384 -0.002034835 0.04432878 -0.01771298 -0.004586735 0.04432878 -0.01771177 -0.002034834 0.05096557 -0.01771146 -0.002439133 0.05168227 -0.01771091 -0.004586734 0.05096557 -0.01771087 -0.004182474 0.05168227 -0.01768291 -0.003310797 0.04366546 -0.01768053 -0.002034824 0.04400057 -0.01768026 -0.001643117 0.04506591 -0.01767967 -0.004586724 0.04400057 -0.01767914 -0.004978393 0.04506591 -0.01767896 -0.001643116 0.05012732 -0.01767876 -0.001643116 0.04621577 -0.01767868 -0.001643116 0.04462732 -0.01767865 -0.001643116 0.04893707 -0.01767784 -0.004978392 0.05012732 -0.01767764 -0.004978392 0.04621577 -0.01767756 -0.004978392 0.04462732 -0.01767753 -0.004978392 0.04893707 -0.01767633 -0.002034823 0.05167976 -0.01767576 -0.002872609 0.04366721 -0.01767561 -0.003310794 0.05240748 -0.01767547 -0.004586723 0.05167976 -0.01767547 -0.003748979 0.04366721 -0.01766831 -0.002872606 0.05240663 -0.01766801 -0.003748976 0.05240663 -0.01766518 -0.001643112 0.04433191 -0.01766406 -0.004978388 0.04433191 -0.01766299 -0.001643111 0.05096394 -0.01766187 -0.004978387 0.05096394 -0.01765403 -0.002439114 0.04367246 -0.01765344 -0.004182455 0.04367247 -0.01764611 -0.002439111 0.05240406 -0.01764552 -0.004182453 0.05240406 -0.01763226 -0.001643101 0.04400796 -0.01763114 -0.004978377 0.04400797 -0.01762762 -0.0016431 0.0516763 -0.0176265 -0.004978375 0.0516763 -0.01761976 -0.002034804 0.04368073 -0.0176189 -0.004586704 0.04368073 -0.01761111 -0.002034801 0.05240002 -0.01761025 -0.004586701 0.05240002 -0.01759319 -0.003310767 0.0433517 -0.01759151 -0.001135568 0.04506511 -0.01759023 -0.001135568 0.05012733 -0.01759005 -0.005485853 0.04506511 -0.01759004 -0.001135568 0.04621577 -0.01758996 -0.001135568 0.04462733 -0.01758993 -0.001135568 0.048937 -0.01758878 -0.005485853 0.05012733 -0.01758858 -0.005485853 0.04621577 -0.01758851 -0.005485853 0.04462733 -0.01758847 -0.005485852 0.048937 -0.01758621 -0.00287258 0.04335402 -0.01758592 -0.003748949 0.04335403 -0.01757674 -0.001135563 0.0443376 -0.01757529 -0.005485848 0.0443376 -0.01757436 -0.001135562 0.05096097 -0.0175729 -0.005485847 0.05096097 -0.01757225 -0.001643081 0.04369217 -0.01757113 -0.004978357 0.04369217 -0.01757016 -0.00331076 0.05314074 -0.01756499 -0.002439085 0.04336102 -0.0175644 -0.004182426 0.04336102 -0.01756292 -0.002872572 0.05313948 -0.01756263 -0.003748941 0.05313948 -0.01756258 -0.001643078 0.05239442 -0.01756146 -0.004978354 0.05239442 -0.01754456 -0.001135553 0.04402138 -0.0175431 -0.005485837 0.04402139 -0.01754091 -0.002439077 0.0531357 -0.01754032 -0.004182418 0.05313569 -0.01753912 -0.001135551 0.05167 -0.01753766 -0.005485836 0.05167 -0.01753152 -0.002034775 0.04337201 -0.01753066 -0.004586675 0.04337202 -0.0175062 -0.002034767 0.05312975 -0.01750533 -0.004586667 0.05312974 -0.01748592 -0.001135533 0.04371294 -0.01748511 -0.001643053 0.04338724 -0.01748446 -0.005485818 0.04371294 -0.01748399 -0.004978329 0.04338725 -0.01747733 -0.0006694756 0.04506408 -0.0174761 -0.000669475 0.05012733 -0.01747591 -0.000669475 0.04621578 -0.01747583 -0.000669475 0.04462733 -0.0174758 -0.000669475 0.04893691 -0.01747557 -0.005951841 0.04506408 -0.01747441 -0.00113553 0.05238426 -0.01747434 -0.00595184 0.05012733 -0.01747415 -0.00595184 0.04621578 -0.01747407 -0.00595184 0.04462733 -0.01747404 -0.00595184 0.04893691 -0.01747295 -0.005485815 0.05238426 -0.01746298 -0.0006694708 0.0443449 -0.01746122 -0.005951836 0.0443449 -0.01746034 -0.0006694698 0.05095716 -0.01745858 -0.005951835 0.05095716 -0.01745807 -0.001643044 0.05312151 -0.01745695 -0.00497832 0.0531215 -0.01743174 -0.0006694605 0.04403864 -0.01742998 -0.005951826 0.04403864 -0.01742716 -0.003310713 0.04293043 -0.01742527 -0.0006694583 0.05166191 -0.01742351 -0.005951824 0.05166191 -0.01742049 -0.002872525 0.04293355 -0.0174202 -0.003748895 0.04293355 -0.01741467 -0.003310709 0.05388787 -0.01740754 -0.002872521 0.05388609 -0.01740725 -0.00374889 0.05388609 -0.01740078 -0.001135506 0.04341489 -0.01740021 -0.002439031 0.0429429 -0.01739962 -0.004182372 0.04294291 -0.01739932 -0.00548579 0.0434149 -0.01738586 -0.002439026 0.05388075 -0.01738527 -0.004182367 0.05388075 -0.01737485 -0.0006694419 0.04373964 -0.01737309 -0.005951807 0.04373965 -0.01737062 -0.001135495 0.05310654 -0.01736916 -0.00548578 0.05310654 -0.01736821 -0.002034721 0.04295761 -0.01736735 -0.004586622 0.04295761 -0.01736098 -0.0006694372 0.0523712 -0.01735921 -0.005951803 0.0523712 -0.01735167 -0.002034716 0.05387236 -0.01735081 -0.004586616 0.05387236 -0.01733773 -0.0002552057 0.04506281 -0.01733656 -0.0002552052 0.05012734 -0.01733636 -0.0002552052 0.04621579 -0.01733628 -0.0002552052 0.04462734 -0.01733626 -0.0002552051 0.0489368 -0.0173357 -0.006365991 0.04506281 -0.01733452 -0.006365991 0.05012734 -0.01733433 -0.006365991 0.04621579 -0.01733425 -0.006365991 0.04462734 -0.01733422 -0.006365991 0.0489368 -0.0173258 -0.003310679 0.0542273 -0.01732389 -0.0002552011 0.04435383 -0.01732384 -0.001643 0.04297798 -0.01732272 -0.004978276 0.04297799 -0.01732185 -0.006365987 0.04435384 -0.01732094 -0.0002552001 0.0509525 -0.0173189 -0.006365986 0.0509525 -0.01731875 -0.002872491 0.05422525 -0.01731845 -0.003748861 0.05422525 -0.01730427 -0.001642993 0.05386074 -0.01730315 -0.004978269 0.05386073 -0.01729728 -0.002438997 0.05421908 -0.0172967 -0.004182338 0.05421907 -0.01729379 -0.0002551913 0.04405973 -0.01729229 -0.0006694148 0.04345044 -0.01729176 -0.006365977 0.04405973 -0.01729053 -0.00595178 0.04345045 -0.01728607 -0.0002551886 0.05165202 -0.01728403 -0.006365974 0.05165202 -0.01726343 -0.002034687 0.05420938 -0.01726257 -0.004586587 0.05420937 -0.01725812 -0.0006694033 0.05308731 -0.01725635 -0.005951769 0.0530873 -0.01724742 -4.756097e-05 0.045062 -0.0172463 -4.756058e-05 0.04679775 -0.01724624 -4.756052e-05 0.04933312 -0.01724601 -4.756052e-05 0.04462734 -0.01724525 -0.006573566 0.045062 -0.01724413 -0.006573566 0.04679775 -0.01724407 -0.006573566 0.04933312 -0.01724383 -0.006573566 0.04462734 -0.01724322 -0.001135454 0.04301496 -0.01724176 -0.005485739 0.04301497 -0.01724137 -4.75589e-05 0.0505355 -0.0172392 -0.006573565 0.0505355 -0.01723906 -0.0002551733 0.04377228 -0.01723702 -0.006365959 0.04377229 -0.0172339 -4.755654e-05 0.04435961 -0.01723173 -0.006573562 0.04435961 -0.01723075 -4.75554e-05 0.05094949 -0.01722858 -0.006573561 0.05094949 -0.01722229 -0.0002551676 0.05235524 -0.01722106 -0.003310645 0.05457006 -0.01722025 -0.006365953 0.05235523 -0.01721814 -0.001135445 0.05383964 -0.0172178 -0.003310644 0.04253205 -0.01721668 -0.00548573 0.05383963 -0.0172165 -0.001642964 0.05419595 -0.01721538 -0.00497824 0.05419594 -0.0172141 -0.002872457 0.0545677 -0.0172138 -0.003748827 0.05456769 -0.01721152 -0.002872456 0.0425359 -0.01721122 -0.003748826 0.04253591 -0.01720455 -4.75469e-05 0.04407336 -0.01720238 -0.006573553 0.04407337 -0.01719601 -4.754397e-05 0.05164562 -0.01719384 -0.006573549 0.05164562 -0.01719291 -0.002438962 0.05456059 -0.01719239 -0.002438962 0.04254747 -0.01719233 -0.004182303 0.05456058 -0.0171918 -0.004182303 0.04254748 -0.01716221 -0.002034654 0.04256566 -0.01716135 -0.004586554 0.04256567 -0.01715965 -0.0002551472 0.04349389 -0.01715951 -0.002034653 0.05454941 -0.01715865 -0.004586553 0.0545494 -0.01715761 -0.006365933 0.0434939 -0.0171512 -4.752937e-05 0.04379339 -0.01714903 -0.006573535 0.0437934 -0.01714896 0.0001382664 0.0450611 -0.01714787 0.0001382668 0.04679762 -0.01714781 0.0001382669 0.04933312 -0.01714758 0.0001382669 0.04462735 -0.01714666 -0.006759319 0.0450611 -0.01714557 -0.006759319 0.04679762 -0.01714552 -0.006759319 0.04933312 -0.01714528 -0.006759319 0.04462735 -0.01714299 0.0001382685 0.05053419 -0.01714069 -0.006759317 0.05053419 -0.0171395 -0.0006693645 0.04306251 -0.01713774 -0.00595173 0.04306252 -0.01713579 0.0001382707 0.04436591 -0.0171335 -0.006759315 0.04436591 -0.01713256 -4.75231e-05 0.05234491 -0.01713243 0.0001382719 0.0509462 -0.01713122 -0.001135417 0.05417155 -0.01713039 -0.006573529 0.05234491 -0.01713013 -0.006759314 0.0509462 -0.01712976 -0.005485702 0.05417155 -0.01712056 -0.0002551342 0.0530638 -0.01712036 -0.001642933 0.04259085 -0.01711924 -0.004978209 0.04259086 -0.01711853 -0.00636592 0.05306379 -0.01711319 -0.00164293 0.05453393 -0.01711208 -0.004978206 0.05453392 -0.01710733 -0.0006693538 0.05381251 -0.01710725 0.0001382801 0.04408823 -0.01710557 -0.005951719 0.0538125 -0.01710496 -0.006759305 0.04408824 -0.01709783 0.0001382833 0.05163865 -0.01709653 -0.003310604 0.054916 -0.01709553 -0.006759302 0.05163865 -0.01708969 -0.002872416 0.05491328 -0.0170894 -0.003748786 0.05491327 -0.01707383 -4.750394e-05 0.043522 -0.01707166 -0.006573509 0.043522 -0.0170689 -0.002438922 0.05490511 -0.01706831 -0.004182263 0.0549051 -0.01705542 0.0001382971 0.04381641 -0.01705313 -0.006759288 0.04381641 -0.01704431 -0.001135388 0.04263659 -0.01704379 0.0002984449 0.04506015 -0.01704285 -0.005485673 0.0426366 -0.01704272 0.0002984453 0.04679748 -0.01704267 0.0002984453 0.04933313 -0.01704244 0.0002984453 0.04462735 -0.01704139 -0.006919413 0.04506015 -0.01704033 -0.006919412 0.04679748 -0.01704028 -0.006919412 0.04933313 -0.01704004 -0.006919412 0.04462735 -0.01703789 0.0002984469 0.05053281 -0.01703609 -0.002034612 0.05489225 -0.0170355 -0.006919411 0.05053281 -0.01703523 -0.004586512 0.05489224 -0.01703474 0.0001383041 0.05233365 -0.01703244 -0.006759282 0.05233365 -0.01703157 -4.748989e-05 0.05304859 -0.01703099 0.0002984491 0.04437263 -0.0170294 -0.006573495 0.05304859 -0.01702903 -0.001135383 0.05450583 -0.0170286 -0.006919408 0.04437263 -0.01702758 -0.005485668 0.05450582 -0.01702739 0.0002984504 0.05094269 -0.017025 -0.006919407 0.05094269 -0.01702151 -0.0006693255 0.05414019 -0.01701974 -0.005951691 0.05414019 -0.01701268 -0.0002550988 0.04312063 -0.01701064 -0.006365884 0.04312064 -0.01700332 0.0002984582 0.04410412 -0.01700092 -0.006919399 0.04410412 -0.01699295 0.0002984617 0.0516312 -0.01699061 -0.00164289 0.05487445 -0.01699055 -0.006919396 0.0516312 -0.01698949 -0.004978166 0.05487444 -0.01698027 0.0001383218 0.04355263 -0.01697798 -0.006759264 0.04355264 -0.01697237 -0.003310563 0.04216776 -0.01697186 -0.0002550853 0.05377935 -0.01696982 -0.006365871 0.05377934 -0.01696653 -0.002872376 0.04217225 -0.01696623 -0.003748746 0.04217226 -0.01695311 0.0002984747 0.04384098 -0.01695071 -0.006919383 0.04384099 -0.01694869 -0.002438882 0.04218575 -0.01694811 -0.004182223 0.04218575 -0.01694646 -0.0006693011 0.04269539 -0.0169447 -0.005951666 0.0426954 -0.01693455 0.000138337 0.05303201 -0.01693226 -0.006759249 0.05303201 -0.01693184 0.000433728 0.04485019 -0.01693063 -4.745687e-05 0.04315822 -0.0169304 0.0004337285 0.04972897 -0.01693025 0.0002984823 0.05232163 -0.01692952 0.0004337288 0.04853903 -0.01692936 -0.007054609 0.04485019 -0.01692887 0.000433729 0.04563293 -0.01692846 -0.006573462 0.04315823 -0.01692792 -0.007054608 0.04972897 -0.01692785 -0.006919375 0.05232163 -0.01692703 -0.007054608 0.04853903 -0.01692639 -0.007054608 0.04563293 -0.01692486 0.0004337304 0.05053131 -0.01692238 -0.007054606 0.05053131 -0.01692076 -0.0006692924 0.05446969 -0.01692056 -0.002034574 0.04220697 -0.0169197 -0.004586474 0.04220698 -0.016919 -0.005951658 0.05446968 -0.01691828 0.0004337325 0.04437986 -0.0169158 -0.007054605 0.04437986 -0.01691443 0.0004337338 0.05093892 -0.01691195 -0.007054603 0.05093892 -0.01690796 -0.001135343 0.05484214 -0.0169065 -0.005485628 0.05484212 -0.01689154 0.0004337412 0.0441212 -0.01688906 -0.007054595 0.0441212 -0.01688737 -0.0002550575 0.05410186 -0.01688533 -0.006365843 0.05410186 -0.01688421 -4.744144e-05 0.0537579 -0.01688204 -0.006573447 0.05375789 -0.01688154 -0.001642854 0.04223635 -0.01688042 -0.00497813 0.04223637 -0.01688033 0.0002984986 0.04358535 -0.01688015 0.0004337451 0.05162319 -0.01687794 -0.006919359 0.04358536 -0.01687767 -0.007054592 0.05162319 -0.01686384 -0.003310527 0.05544077 -0.01685729 -0.00287234 0.05543742 -0.01685699 -0.003748709 0.05543741 -0.01684307 0.0004337572 0.04386742 -0.01684117 0.0001383676 0.0431992 -0.01684059 -0.00705458 0.04386742 -0.01683888 -0.006759218 0.04319921 -0.01683733 -0.002438846 0.05542736 -0.01683674 -0.004182187 0.05542736 -0.01683092 0.000298515 0.05301431 -0.01682852 -0.006919343 0.05301431 -0.01682683 -0.0002550378 0.04276726 -0.01682479 -0.006365823 0.04276727 -0.01681787 0.0004337656 0.0523087 -0.01681538 -0.007054571 0.0523087 -0.01681062 -0.001135311 0.04228971 -0.01680917 -0.005485596 0.04228973 -0.01680585 -0.002034536 0.05541155 -0.01680499 -0.004586437 0.05541154 -0.01680163 -0.0006692532 0.05480058 -0.01680058 -4.741395e-05 0.05407707 -0.01679987 -0.005951619 0.05480058 -0.01679841 -0.00657342 0.05407706 -0.01678865 0.000138385 0.05373452 -0.01678838 -0.0002550249 0.05442553 -0.01678635 -0.006759201 0.05373451 -0.01678635 -0.00636581 0.05442552 -0.01677284 0.0004337802 0.04362054 -0.01677036 -0.007054556 0.04362055 -0.01676748 0.0005730002 0.04484732 -0.01676614 0.0005730007 0.04972939 -0.01676527 0.000573001 0.048539 -0.01676492 -0.007193762 0.04484732 -0.01676465 0.0005730011 0.04563358 -0.01676357 -0.007193762 0.04972939 -0.01676271 -0.007193762 0.048539 -0.01676219 -0.001642815 0.05538966 -0.01676208 -0.007193761 0.04563358 -0.01676108 -0.004978091 0.05538964 -0.01676069 0.0005730025 0.05052914 -0.01675812 -0.00719376 0.05052914 -0.01675457 0.0005730044 0.04439037 -0.016752 -0.007193758 0.04439037 -0.01675036 0.0005730059 0.05093344 -0.01674943 -4.739731e-05 0.04281375 -0.01674779 -0.007193757 0.05093344 -0.01674726 -0.006573403 0.04281376 -0.01674562 0.0002985429 0.04324297 -0.01674322 -0.006919314 0.04324298 -0.01672918 0.0005730128 0.044146 -0.01672661 -0.00719375 0.044146 -0.01671945 0.0004337979 0.05299527 -0.01671938 -0.0006692264 0.04235831 -0.01671762 -0.005951592 0.04235833 -0.01671697 -0.007054539 0.05299527 -0.01671631 0.0005730171 0.05161155 -0.01671374 -0.007193746 0.05161155 -0.01670597 0.0001384122 0.05405005 -0.01670367 -0.006759173 0.05405004 -0.01670274 -4.738178e-05 0.05439696 -0.01670217 -0.003310474 0.0418405 -0.01670057 -0.006573387 0.05439695 -0.01669677 -0.002872287 0.04184554 -0.01669647 -0.003748657 0.04184554 -0.01668657 0.0002985624 0.05370955 -0.01668418 -0.006919295 0.05370954 -0.01668324 0.0005730279 0.04390581 -0.01668287 -0.001135269 0.0553499 -0.01668141 -0.005485554 0.05534989 -0.01668067 -0.007193735 0.04390581 -0.01668026 -0.002438794 0.04186063 -0.01667967 -0.004182135 0.04186065 -0.01667301 -0.003310465 0.05579111 -0.01667162 -0.0002549866 0.0547498 -0.01666959 -0.006365772 0.05474979 -0.01666672 -0.002872277 0.05578728 -0.01666642 -0.003748647 0.05578728 -0.01666504 0.0001384255 0.04286442 -0.01666274 -0.00675916 0.04286444 -0.01665463 0.0005730374 0.05228992 -0.0166542 -0.002034487 0.04188438 -0.01665335 -0.004586387 0.0418844 -0.01665206 -0.007193725 0.05228992 -0.01664754 -0.002438783 0.05577579 -0.01664696 -0.004182124 0.05577578 -0.01664285 0.000433823 0.04329003 -0.01664037 -0.007054514 0.04329004 -0.01661807 -0.001642768 0.04191727 -0.01661729 -0.002034474 0.05575772 -0.01661695 -0.004978044 0.04191728 -0.01661672 0.0005730497 0.04367165 -0.01661643 -0.004586375 0.05575771 -0.01661415 -0.007193713 0.04367165 -0.01660937 0.0001384439 0.05436582 -0.01660781 -0.0002549658 0.04244217 -0.01660707 -0.006759142 0.05436581 -0.01660578 -0.006365751 0.04244218 -0.0166049 0.0002985893 0.05402118 -0.0166025 -0.006919268 0.05402117 -0.01658881 0.0006597971 0.0448442 -0.01658758 0.0006597976 0.04972984 -0.01658751 -4.734389e-05 0.05471695 -0.01658673 0.0006597979 0.04853897 -0.01658619 -0.007280435 0.0448442 -0.01658613 0.000659798 0.04563429 -0.01658534 -0.006573349 0.05471694 -0.01658496 -0.007280435 0.04972984 -0.01658411 -0.007280435 0.04853897 -0.01658352 -0.007280434 0.04563429 -0.01658221 0.0006597994 0.05052678 -0.01658081 -0.0006691807 0.05529879 -0.0165796 -0.007280433 0.05052678 -0.01657905 -0.005951546 0.05529877 -0.01657679 0.0004338448 0.05368269 -0.0165766 0.0006598011 0.04440178 -0.01657534 -0.001642754 0.05573269 -0.01657489 0.000298599 0.04291855 -0.01657431 -0.007054492 0.05368269 -0.01657422 -0.004978029 0.05573268 -0.01657399 -0.007280431 0.04440178 -0.0165725 -0.006919259 0.04291856 -0.01657199 0.0006598028 0.05092748 -0.01656938 -0.00728043 0.05092748 -0.01656446 -0.003310429 0.05596553 -0.01655833 -0.002872241 0.05596144 -0.01655804 -0.003748611 0.05596143 -0.01655756 0.0005730693 0.05296762 -0.01655499 -0.007193693 0.05296761 -0.01655268 0.000659809 0.04417296 -0.01655239 -0.001135227 0.04197698 -0.01655094 -0.005485511 0.041977 -0.01655006 -0.007280423 0.04417296 -0.01653964 -0.002438748 0.05594917 -0.01653905 -0.004182089 0.05594916 -0.0165382 0.0006598139 0.05159891 -0.01653563 -4.732704e-05 0.0424964 -0.01653559 -0.007280418 0.05159891 -0.01653347 -0.006573333 0.04249642 -0.01651014 -0.002034439 0.05592987 -0.01650962 0.0002986206 0.05433256 -0.01650948 0.0006598232 0.04394754 -0.01650928 -0.004586339 0.05592986 -0.01650723 -0.006919237 0.05433255 -0.01650687 -0.007280409 0.04394754 -0.0164991 -0.001135209 0.05568724 -0.01649765 -0.005485494 0.05568723 -0.0164962 0.0004338713 0.05399014 -0.01649581 0.0001384813 0.05468114 -0.01649411 0.0006821507 0.04484255 -0.01649372 -0.007054465 0.05399013 -0.01649357 0.0005730903 0.04335839 -0.01649352 -0.006759104 0.05468113 -0.01649294 0.0006821511 0.04973008 -0.01649209 0.0006821514 0.04853896 -0.01649151 0.0006821516 0.04563466 -0.01649148 -0.007302725 0.04484255 -0.016491 -0.007193673 0.04335839 -0.01649031 -0.007302724 0.04973008 -0.01648946 -0.007302724 0.04853896 -0.01648888 -0.007302724 0.04563466 -0.01648761 0.0006821529 0.05052553 -0.01648499 -0.007302722 0.05052553 -0.01648227 0.0006821545 0.04440783 -0.01647964 -0.007302721 0.04440783 -0.01647794 0.0004338772 0.04297675 -0.01647745 0.0006821563 0.05092432 -0.01647718 0.000659834 0.05226952 -0.01647546 -0.00705446 0.04297676 -0.01647482 -0.007302719 0.05092432 -0.01647456 -0.007280398 0.05226952 -0.01646924 -0.001642719 0.05590314 -0.01646812 -0.004977994 0.05590313 -0.01646788 -0.0006691437 0.04205375 -0.01646613 -0.005951509 0.04205377 -0.01645913 0.0006821622 0.04418725 -0.01645693 0.0001384939 0.04255552 -0.0164565 -0.007302713 0.04418725 -0.01645603 -0.0002549157 0.05523631 -0.01645464 -0.006759092 0.04255554 -0.01645399 -0.006365701 0.0552363 -0.01644699 0.0006598437 0.0437272 -0.01644437 -0.007280389 0.0437272 -0.0164438 0.0006821673 0.05159221 -0.01644117 -0.007302708 0.05159221 -0.01641739 0.0006821759 0.04396965 -0.01641733 0.0005731155 0.0536437 -0.01641634 -0.00331038 0.04154947 -0.01641477 -0.007193647 0.05364369 -0.01641476 -0.0073027 0.04396965 -0.01641135 -0.002872193 0.04155493 -0.01641106 -0.003748563 0.04155494 -0.01640235 0.0004339022 0.05429679 -0.01640102 -0.0006691216 0.05562881 -0.01639987 -0.007054435 0.05429679 -0.01639926 -0.005951487 0.0556288 -0.01639786 0.0002986574 0.0546429 -0.01639612 -0.002438701 0.04157133 -0.01639553 -0.004182042 0.04157135 -0.01639546 -0.0069192 0.05464289 -0.01639531 0.0006897455 0.04500004 -0.01639491 -0.001135175 0.05585462 -0.01639487 0.0006897457 0.04973801 -0.01639401 0.000689746 0.04760855 -0.01639379 0.000689746 0.04462738 -0.01639346 -0.005485459 0.05585461 -0.01639268 -0.007310254 0.04500004 -0.01639225 -0.007310254 0.04973801 -0.01639125 -0.007310254 0.04888618 -0.01639124 -0.007310254 0.04611797 -0.01639117 -0.007310254 0.04462738 -0.01638835 0.0006897479 0.0505894 -0.01638573 -0.007310252 0.0505894 -0.01638312 0.0006821873 0.0522587 -0.01638156 0.0006598654 0.05293756 -0.0163805 -0.007302688 0.0522587 -0.0163794 0.0006897507 0.04435576 -0.01637894 -0.007280367 0.05293756 -0.01637677 -0.007310249 0.04435577 -0.0163753 -4.727413e-05 0.0551959 -0.01637313 -0.00657328 0.05519589 -0.01637287 0.0002986654 0.04261867 -0.01637206 -0.002034394 0.04159713 -0.0163712 -0.004586294 0.04159715 -0.01637048 -0.006919192 0.04261868 -0.01636455 -0.0002548858 0.04214758 -0.01636252 -0.006365672 0.0421476 -0.01635893 0.0006897576 0.05137527 -0.01635703 0.0006821957 0.04375664 -0.01635631 -0.007310242 0.05137527 -0.0163544 -0.00730268 0.04375664 -0.01634966 0.0006897605 0.04412611 -0.01634703 -0.007310239 0.04412611 -0.01633868 -0.001642676 0.04163285 -0.01633831 0.0005731415 0.05394506 -0.01633757 -0.004977952 0.04163287 -0.01633711 0.0005731416 0.04306129 -0.01633575 -0.007193621 0.05394505 -0.01633455 -0.007193621 0.04306129 -0.01633129 0.0006598818 0.04343269 -0.01632868 -0.007280351 0.04343269 -0.01631458 -0.003310347 0.05631257 -0.01630886 -0.002872159 0.05630791 -0.01630856 -0.003748529 0.05630791 -0.01630409 0.0006897756 0.05207773 -0.01630147 -0.007310224 0.05207773 -0.01629928 -0.0006690881 0.05579224 -0.01629769 -4.724883e-05 0.04220827 -0.01629752 -0.005951454 0.05579222 -0.01629552 -0.006573254 0.04220829 -0.01629311 0.0006897791 0.04388281 -0.01629251 0.0004339383 0.05460177 -0.01629139 -0.002438666 0.05629395 -0.0162908 -0.004182007 0.05629394 -0.01629048 -0.00731022 0.04388281 -0.01629003 -0.007054399 0.05460176 -0.01628827 0.0006822185 0.05292163 -0.01628728 0.0001385498 0.05515186 -0.01628565 -0.007302657 0.05292163 -0.01628498 -0.006759036 0.05515184 -0.01628245 0.0004339414 0.04268657 -0.01628109 -0.0002548582 0.05555739 -0.01627997 -0.007054395 0.04268658 -0.01627906 -0.006365644 0.05555738 -0.01627802 -0.001135136 0.04169772 -0.01627657 -0.005485421 0.04169773 -0.01626382 -0.002034358 0.05627199 -0.01626296 -0.004586258 0.05627197 -0.01624654 0.0005731716 0.05424485 -0.01624528 0.0006822324 0.04347206 -0.01624399 0.0006599106 0.0536013 -0.01624397 -0.007193591 0.05424485 -0.01624265 -0.007302643 0.04347207 -0.01624137 -0.007280322 0.0536013 -0.01622559 -0.001642639 0.05624157 -0.01622479 0.0001385702 0.04227443 -0.01622447 -0.004977914 0.05624156 -0.0162225 -0.006759016 0.04227445 -0.01621124 0.000689806 0.0436423 -0.01620861 -0.007310194 0.0436423 -0.0162035 -4.721765e-05 0.0555112 -0.01620234 0.0006898091 0.05284127 -0.01620133 -0.006573223 0.05551118 -0.01619996 -0.0006690557 0.04178111 -0.01619971 -0.007310191 0.05284127 -0.01619821 -0.005951421 0.04178113 -0.01619325 0.0002987246 0.05510481 -0.01619086 -0.006919133 0.0551048 -0.01618402 0.0006599302 0.04315317 -0.01618235 -0.0002548257 0.05571599 -0.0161814 -0.007280302 0.04315317 -0.01618032 -0.006365611 0.05571597 -0.0161561 -0.001135096 0.05618635 -0.01615465 -0.005485381 0.05618633 -0.01615211 0.0006822633 0.05357883 -0.01615112 0.0005732028 0.04278519 -0.01614948 -0.007302612 0.05357883 -0.01614855 -0.00719356 0.0427852 -0.01614692 0.0002987396 0.0423451 -0.01614453 -0.006919118 0.04234511 -0.01613948 0.0005732068 0.05454204 -0.01613692 -0.007193556 0.05454203 -0.01613592 0.0006898309 0.05320108 -0.0161333 -0.007310169 0.05320108 -0.0161189 0.0001386052 0.05546085 -0.01611661 -0.00675898 0.05546083 -0.01611661 0.0006898371 0.043431 -0.0161114 -0.00331028 0.04128692 -0.01610686 -0.002872093 0.04129276 -0.0161067 -4.718583e-05 0.05566667 -0.01610657 -0.003748463 0.04129276 -0.01610453 -0.006573191 0.05566665 -0.01610451 -0.0002548003 0.04188304 -0.01610287 0.0006822792 0.04320187 -0.01610248 -0.006365586 0.04188306 -0.01610024 -0.007302596 0.04320187 -0.01609293 -0.002438601 0.04131028 -0.01609235 -0.004181942 0.0413103 -0.01609213 0.0004340042 0.05505421 -0.01608965 -0.007054333 0.05505421 -0.01607715 0.0006599655 0.05418839 -0.01607453 -0.007280267 0.05418839 -0.01607094 -0.002034295 0.04133785 -0.01607009 -0.004586195 0.04133786 -0.01606969 -0.007310148 0.04334657 -0.0160667 -0.0006690117 0.05611535 -0.01606494 -0.005951377 0.05611533 -0.01606317 0.0004340135 0.04242109 -0.01606069 -0.007054323 0.0424211 -0.01605915 0.0006898562 0.05354625 -0.01605653 -0.007310143 0.05354625 -0.01604275 -4.716503e-05 0.04194896 -0.01604059 -0.006573171 0.04194899 -0.01604043 -0.001642578 0.04137602 -0.01603932 -0.004977854 0.04137604 -0.01602854 0.0002987788 0.05540706 -0.01602615 -0.006919079 0.05540705 -0.01602421 0.0001386363 0.0556129 -0.01602192 -0.006758949 0.05561289 -0.01601944 -0.00331025 0.05664724 -0.01601424 -0.002872063 0.05664199 -0.01601395 -0.003748432 0.05664198 -0.01600834 0.0006599879 0.04289239 -0.01600572 -0.007280244 0.0428924 -0.01600237 0.0006898746 0.04322617 -0.01599836 -0.00243857 0.05662624 -0.01599777 -0.004181911 0.05662622 -0.01598737 0.0006823174 0.05415846 -0.01598497 -0.00113504 0.04144533 -0.01598474 -0.007302558 0.05415846 -0.01598352 -0.005485325 0.04144535 -0.01597541 0.0001386521 0.04202083 -0.01597328 -0.002034263 0.05660145 -0.01597313 -0.006758934 0.04202085 -0.01597313 0.0006599997 0.05447712 -0.01597243 -0.004586163 0.05660144 -0.01597052 -0.007280233 0.05447711 -0.01595738 -0.0002547518 0.05602856 -0.01595535 -0.006365537 0.05602855 -0.01595274 0.0006898912 0.05394021 -0.01594525 0.0005732707 0.05498074 -0.01594268 -0.007193492 0.05498073 -0.01594151 0.0005732717 0.04253145 -0.01593895 -0.007193491 0.04253146 -0.0159385 -0.001642544 0.05656714 -0.01593739 -0.00497782 0.05656712 -0.01593611 0.0002988091 0.05555548 -0.01593371 -0.006919048 0.05555547 -0.01593266 0.0006823352 0.0429492 -0.01593135 0.000434057 0.05534922 -0.01593003 -0.00730254 0.04294921 -0.01592887 -0.00705428 0.05534922 -0.0159136 -0.0006689616 0.04153444 -0.01591185 -0.005951327 0.04153446 -0.01591144 -0.007310096 0.05406485 -0.01590348 0.0002988197 0.04209759 -0.01590109 -0.006919038 0.04209761 -0.01589188 -0.00731009 0.04306367 -0.01588666 -4.711349e-05 0.05597243 -0.01588496 0.0006823511 0.0544427 -0.01588449 -0.006573119 0.05597242 -0.01588233 -0.007302525 0.0544427 -0.01588141 -0.003310205 0.04111281 -0.01587719 -0.002872018 0.0411189 -0.0158769 -0.003748388 0.0411189 -0.01587529 -0.001135004 0.05650483 -0.01587384 -0.005485289 0.05650481 -0.01586424 -0.002438526 0.04113715 -0.01586366 -0.004181867 0.04113717 -0.01585481 -0.003310196 0.05680561 -0.01585222 0.000689924 0.04300588 -0.01584378 -0.00203422 0.04116587 -0.01584293 -0.004586121 0.04116589 -0.01584134 0.0004340866 0.05549373 -0.01583887 -0.00705425 0.05549372 -0.0158319 0.0006899309 0.05430415 -0.01582632 -0.0002547089 0.04164336 -0.01582611 0.0004340914 0.04218013 -0.01582429 -0.006365495 0.04164338 -0.01582364 -0.007054245 0.04218015 -0.0158154 -0.001642504 0.04120564 -0.01581429 -0.00497778 0.04120565 -0.01580954 0.0001387069 0.05591124 -0.01580926 0.0006600534 0.04265141 -0.01580725 -0.006758879 0.05591122 -0.01580665 -0.007280179 0.04265141 -0.01579395 -0.000668922 0.05642472 -0.01579219 -0.005951287 0.0564247 -0.01579018 0.0005733216 0.05526523 -0.01578762 -0.007193441 0.05526522 -0.01578557 0.0006600614 0.05490087 -0.01578296 -0.007280171 0.05490087 -0.01576984 -4.707532e-05 0.04171381 -0.01576768 -0.006573081 0.04171383 -0.0157638 -0.001134967 0.04127784 -0.01576235 -0.005485252 0.04127786 -0.01574069 -0.00731004 0.05453011 -0.01573916 0.0006823988 0.04271498 -0.01573653 -0.007302476 0.04271498 -0.01572717 0.0002988778 0.05584589 -0.01572478 -0.00691898 0.05584587 -0.01571373 0.0005733466 0.04230002 -0.01571117 -0.007193416 0.04230003 -0.01570827 0.0001387399 0.0417906 -0.01570598 -0.006758846 0.04179062 -0.0157037 0.0005733501 0.05540405 -0.01570113 -0.007193413 0.05540405 -0.01570094 0.0006824116 0.05485854 -0.01569831 -0.007302464 0.05485854 -0.01569739 -0.0006688905 0.04137067 -0.01569662 0.0006899753 0.05463808 -0.01569563 -0.005951256 0.04137069 -0.01569448 -0.0002546653 0.05632681 -0.01569245 -0.006365451 0.05632679 -0.01567896 -0.003310138 0.05695554 -0.01567779 0.0006899813 0.04279361 -0.01567516 -0.007310018 0.04279361 -0.01567441 -0.002871951 0.05694971 -0.01567412 -0.003748321 0.0569497 -0.01566047 -0.002438459 0.0569322 -0.01565988 -0.0041818 0.05693218 -0.0156457 -0.007310009 0.05474272 -0.01564249 0.0002989055 0.04187262 -0.0156401 -0.006918952 0.04187264 -0.01563857 0.0004341533 0.05577561 -0.01563844 -0.002034153 0.05690465 -0.01563759 -0.004586053 0.05690464 -0.01563671 0.0006601103 0.05517393 -0.0156361 -0.007054183 0.0557756 -0.0156341 -0.007280122 0.05517392 -0.01563012 -4.702916e-05 0.05626347 -0.01562796 -0.006573035 0.05626345 -0.01561617 -0.0002546398 0.04148413 -0.01561414 -0.006365426 0.04148415 -0.01560788 -0.001642436 0.05686651 -0.01560677 -0.004977712 0.05686649 -0.01559155 0.0006601249 0.04243032 -0.01558894 -0.007280107 0.04243033 -0.01557174 0.000434175 0.04196083 -0.01556926 -0.007054162 0.04196084 -0.01556362 -4.700754e-05 0.04155752 -0.01556145 -0.006573013 0.04155754 -0.01555995 0.0001387889 0.05619444 -0.01555766 -0.006758797 0.05619442 -0.01555406 0.0006601375 0.05530657 -0.01555233 -0.001134898 0.05679725 -0.01555145 -0.007280095 0.05530657 -0.01555088 -0.005485182 0.05679723 -0.01554691 0.0006900246 0.054942 -0.01554428 -0.007309975 0.054942 -0.01552679 0.0006824686 0.04249939 -0.01552417 -0.007302407 0.04249939 -0.01550988 0.0005734138 0.05567354 -0.01550732 -0.007193349 0.05567353 -0.01550632 0.0001388063 0.04163752 -0.01550502 0.0006900381 0.04261423 -0.01550403 -0.00675878 0.04163754 -0.01550239 -0.007309961 0.04261423 -0.01549441 -0.003310077 0.0408437 -0.0154922 -0.003310076 0.05709497 -0.0154904 -0.002871891 0.04084992 -0.0154901 -0.00374826 0.04084993 -0.01548801 -0.00287189 0.05708887 -0.01548772 -0.003748259 0.05708886 -0.015485 0.0002989574 0.0561207 -0.01548261 -0.0069189 0.05612069 -0.01548084 -0.0006688191 0.05670821 -0.01547909 -0.005951184 0.05670819 -0.01547805 -0.002438399 0.04086861 -0.01547747 -0.00418174 0.04086863 -0.01547516 -0.002438398 0.05707054 -0.01547475 0.0006824859 0.05525491 -0.01547458 -0.004181739 0.05707052 -0.01547212 -0.00730239 0.0552549 -0.01546897 0.000573427 0.04208893 -0.0154664 -0.007193336 0.04208894 -0.01545854 -0.002034094 0.04089801 -0.01545769 -0.004585994 0.04089803 -0.01545485 -0.002034092 0.05704171 -0.01545399 -0.004585992 0.05704169 -0.0154451 0.0002989703 0.04172296 -0.01544272 -0.006918887 0.04172298 -0.01544005 -0.006 0.04522885 -0.01544005 -0.003 0.04522885 -0.01544005 1.844952e-14 0.04522885 -0.01544005 2.409708e-13 0.04522885 -0.01543147 -0.001642378 0.04093872 -0.01543036 -0.004977654 0.04093874 -0.01542666 -0.001642376 0.05700178 -0.01542555 -0.004977652 0.05700176 -0.01542119 -0.006 0.04534764 -0.01542119 -0.003 0.04534764 -0.01542119 1.845534e-14 0.04534764 -0.01542119 2.409735e-13 0.04534764 -0.01540438 0.0004342303 0.0560414 -0.0154019 -0.007054107 0.05604139 -0.01539342 -0.0002545664 0.05659938 -0.01539139 -0.006365352 0.05659935 -0.01538736 -0.006 0.04512072 -0.01538736 -0.003 0.04512072 -0.01538736 1.842952e-14 0.04512072 -0.01538736 2.409449e-13 0.04512072 -0.01538224 -0.001134842 0.04101263 -0.0153808 -0.005485127 0.04101266 -0.01537926 0.0004342383 0.04181485 -0.01537679 -0.007054099 0.04181486 -0.01537542 -0.00113484 0.05692929 -0.01537398 -0.005485125 0.05692927 -0.01536998 0.000660198 0.0555626 -0.01536736 -0.007280035 0.05556259 -0.01535723 0.000660202 0.04222817 -0.01535462 -0.00728003 0.04222817 -0.01534682 0.0006900904 0.05526965 -0.01534421 -0.007309909 0.05526964 -0.01534025 -0.006 0.04630419 -0.01534025 -0.003 0.04630419 -0.01534025 5.509513e-14 0.04630419 -0.01534025 2.097086e-13 0.04630419 -0.01533761 -0.006 0.04543414 -0.01533761 -0.003 0.04543414 -0.01533761 5.418821e-14 0.04543414 -0.01533761 1.620002e-13 0.04543414 -0.01533685 -4.693275e-05 0.05652898 -0.01533469 -0.006572938 0.05652896 -0.0153189 -0.0006687661 0.04110767 -0.01531714 -0.005951131 0.04110769 -0.01531612 -0.006 0.04620352 -0.01531612 -0.003 0.04620352 -0.01531612 5.508883e-14 0.04620352 -0.01531612 2.096948e-13 0.04620352 -0.01531372 -0.006 0.04730384 -0.01531372 -0.003 0.04730384 -0.01531372 -1.457155e-14 0.04730384 -0.01531372 1.63317e-13 0.04730384 -0.0153132 -0.007309899 0.04244355 -0.01531081 -0.006 0.04640345 -0.01531081 -0.003 0.04640345 -0.01531081 5.508524e-14 0.04640345 -0.01531081 2.096957e-13 0.04640345 -0.01530949 -0.0006687627 0.05683609 -0.01530773 -0.005951128 0.05683607 -0.01529801 0.0006825438 0.04230196 -0.01529582 0.0006825448 0.0555038 -0.01529538 -0.007302331 0.04230197 -0.01529484 -0.003309893 0.05722184 -0.0152932 -0.00730233 0.05550379 -0.01528974 -0.002803723 0.05721334 -0.01528959 -0.006 0.04720317 -0.01528959 -0.003 0.04720317 -0.01528959 -1.456454e-14 0.04720317 -0.01528959 1.633145e-13 0.04720317 -0.0152894 -0.003816059 0.05721334 -0.01528727 0.000573487 0.05592625 -0.01528719 -0.006 0.04830349 -0.01528719 -0.003 0.04830349 -0.01528719 5.340942e-14 0.04830349 -0.01528719 2.252109e-13 0.04830349 -0.01528471 -0.007193276 0.05592624 -0.01528428 -0.006 0.0474031 -0.01528428 -0.003 0.0474031 -0.01528428 -1.458353e-14 0.0474031 -0.01528428 1.63299e-13 0.0474031 -0.01528362 0.0005734879 0.0419483 -0.01528106 -0.007193275 0.04194831 -0.01527518 0.0001388825 0.05645225 -0.01527409 -0.002304807 0.05718785 -0.01527343 -0.004314965 0.05718785 -0.01527289 -0.006758703 0.05645222 -0.01526306 -0.006 0.04820281 -0.01526306 -0.003 0.04820281 -0.01526306 5.339654e-14 0.04820281 -0.01526306 2.252153e-13 0.04820281 -0.01526066 -0.006 0.04930313 -0.01526066 -0.003 0.04930313 -0.01526066 6.651558e-14 0.04930313 -0.01526066 1.997033e-13 0.04930313 -0.01525775 -0.006 0.04840274 -0.01525775 -0.003 0.04840274 -0.01525775 5.339588e-14 0.04840274 -0.01525775 2.252056e-13 0.04840274 -0.0152488 -0.001834247 0.05714684 -0.01524783 -0.004785492 0.05714684 -0.01524488 -0.006 0.0461284 -0.01524488 -0.003 0.0461284 -0.01524488 5.503963e-14 0.0461284 -0.01524488 2.096577e-13 0.0461284 -0.01524142 -0.0002545167 0.04122382 -0.0152394 -0.006365302 0.04122385 -0.01523653 -0.006 0.04920246 -0.01523653 -0.003 0.04920246 -0.01523653 6.652259e-14 0.04920246 -0.01523653 1.996975e-13 0.04920246 -0.01523569 -0.006 0.04647469 -0.01523569 -0.003 0.04647469 -0.01523569 5.500489e-14 0.04647469 -0.01523569 1.661649e-13 0.04647469 -0.01523413 -0.006 0.05030278 -0.01523413 -0.003 0.05030278 -0.01523413 3.540853e-14 0.05030278 -0.01523413 1.742663e-13 0.05030278 -0.01523122 -0.006 0.04940239 -0.01523122 -0.003 0.04940239 -0.01523122 6.650361e-14 0.04940239 -0.01523122 1.996833e-13 0.04940239 -0.01522884 -0.0002545123 0.05672218 -0.01522682 -0.006365298 0.05672216 -0.01521835 -0.006 0.04712804 -0.01521835 -0.003 0.04712804 -0.01521835 -1.456794e-14 0.04712804 -0.01521835 1.632932e-13 0.04712804 -0.01521358 -0.001384003 0.05708981 -0.01521231 -0.005235699 0.05708981 -0.01521 -0.006 0.05020211 -0.01521 -0.003 0.05020211 -0.01521 3.539774e-14 0.05020211 -0.01521 1.742555e-13 0.05020211 -0.01520929 0.0002990481 0.05637029 -0.01520916 -0.006 0.04747433 -0.01520916 -0.003 0.04747433 -0.01520916 -1.19762e-13 0.04747433 -0.01520916 1.581864e-13 0.04747433 -0.0152076 -0.006 0.05130243 -0.0152076 -0.003 0.05130243 -0.0152076 8.7832e-14 0.05130243 -0.0152076 2.040111e-13 0.05130243 -0.0152069 -0.006918809 0.05637027 -0.01520469 -0.006 0.05040204 -0.01520469 -0.003 0.05040204 -0.01520469 3.538689e-14 0.05040204 -0.01520469 1.742447e-13 0.05040204 -0.01520002 0.0006901384 0.04235004 -0.01519182 -0.006 0.04812769 -0.01519182 -0.003 0.04812769 -0.01519182 5.334204e-14 0.04812769 -0.01519182 2.252198e-13 0.04812769 -0.01519129 -4.688515e-05 0.04129895 -0.01518913 -0.006572891 0.04129898 -0.01518347 -0.006 0.05120176 -0.01518347 -0.003 0.05120176 -0.01518347 8.781933e-14 0.05120176 -0.01518347 2.039993e-13 0.05120176 -0.01518263 -0.006 0.04847398 -0.01518263 -0.003 0.04847398 -0.01518263 1.569211e-14 0.04847398 -0.01518263 1.87061e-13 0.04847398 -0.01518107 -0.006 0.05230208 -0.01518107 -0.003 0.05230208 -0.01518107 2.051106e-16 0.05230208 -0.01518107 1.81227e-13 0.05230208 -0.01517965 0.0006602603 0.04209335 -0.01517816 -0.006 0.05140169 -0.01517816 -0.003 0.05140169 -0.01517816 8.783924e-14 0.05140169 -0.01517816 2.040172e-13 0.05140169 -0.01517703 -0.007279972 0.04209335 -0.01517666 -4.688009e-05 0.0566485 -0.0151745 -0.006572886 0.05664848 -0.01516529 -0.006 0.04912734 -0.01516529 -0.003 0.04912734 -0.01516529 6.649432e-14 0.04912734 -0.01516529 1.996683e-13 0.04912734 -0.01515997 0.000660267 0.05580107 -0.01515735 -0.007279965 0.05580106 -0.01515694 -0.006 0.0522014 -0.01515694 -0.003 0.0522014 -0.01515694 1.77908e-16 0.0522014 -0.01515694 1.812007e-13 0.0522014 -0.0151561 -0.006 0.04947363 -0.0151561 -0.003 0.04947363 -0.0151561 6.64695e-14 0.04947363 -0.0151561 1.4525e-13 0.04947363 -0.01515454 -0.006 0.05330173 -0.01515454 -0.003 0.05330173 -0.01515454 6.573889e-14 0.05330173 -0.01515454 1.851314e-13 0.05330173 -0.01515163 -0.006 0.05240133 -0.01515163 -0.003 0.05240133 -0.01515163 2.21441e-16 0.05240133 -0.01515163 1.812422e-13 0.05240133 -0.01515007 -0.0008188369 0.05698712 -0.01514843 -0.005800817 0.05698713 -0.01513876 -0.006 0.05012699 -0.01513876 -0.003 0.05012699 -0.01513876 3.536682e-14 0.05012699 -0.01513876 1.742009e-13 0.05012699 -0.01513842 0.0004343177 0.05628215 -0.01513662 0.0001389278 0.04138085 -0.01513595 -0.007054019 0.05628214 -0.01513434 -0.006758658 0.04138087 -0.01513258 -0.00730984 0.04230054 -0.01513041 -0.006 0.05320105 -0.01513041 -0.003 0.05320105 -0.01513041 6.572382e-14 0.05320105 -0.01513041 1.851172e-13 0.05320105 -0.01512957 -0.006 0.05047327 -0.01512957 -0.003 0.05047327 -0.01512957 3.534619e-14 0.05047327 -0.01512957 1.742173e-13 0.05047327 -0.0151255 0.0006901631 0.055555 -0.0151251 -0.006 0.05340098 -0.0151251 -0.003 0.05340098 -0.0151251 6.574321e-14 0.05340098 -0.0151251 1.851346e-13 0.05340098 -0.01512453 0.0006826009 0.04217022 -0.01512287 -0.007309836 0.055555 -0.0151219 -0.007302275 0.04217023 -0.01511223 -0.006 0.05112664 -0.01511223 -0.003 0.05112664 -0.01511223 8.778356e-14 0.05112664 -0.01511223 2.039704e-13 0.05112664 -0.01511148 -0.0005599118 0.05692477 -0.01510968 -0.006059715 0.05692478 -0.01510304 -0.006 0.05147292 -0.01510304 -0.003 0.05147292 -0.01510304 2.819577e-14 0.05147292 -0.01510304 2.07011e-13 0.05147292 -0.01509248 0.0006826116 0.05573473 -0.01508986 -0.007302264 0.05573472 -0.0150857 -0.006 0.05212629 -0.0150857 -0.003 0.05212629 -0.0150857 1.407763e-16 0.05212629 -0.0150857 1.81132e-13 0.05212629 -0.01507823 0.0002990909 0.04146832 -0.01507651 -0.006 0.05247257 -0.01507651 -0.003 0.05247257 -0.01507651 2.852655e-14 0.05247257 -0.01507651 1.812182e-13 0.05247257 -0.01507584 -0.006918766 0.04146834 -0.01506833 -0.0003195017 0.05685508 -0.01506638 -0.006300096 0.05685509 -0.01505917 -0.006 0.05312593 -0.01505917 -0.003 0.05312593 -0.01505917 6.573564e-14 0.05312593 -0.01505917 1.851286e-13 0.05312593 -0.01504998 -0.006 0.05347222 -0.01504998 -0.003 0.05347222 -0.01504998 6.572147e-14 0.05347222 -0.01504998 1.851406e-13 0.05347222 -0.01503549 0.0005735697 0.05615415 -0.01503293 -0.007193193 0.05615414 -0.01502063 -9.966408e-05 0.05677806 -0.01501853 -0.006519902 0.05677808 -0.01501542 0.0004343579 0.04156239 -0.01501295 -0.007053979 0.0415624 -0.01496838 9.754369e-05 0.05669371 -0.01496615 -0.006717077 0.05669373 -0.01493991 -0.003309776 0.05741552 -0.01493676 -0.002871794 0.0574088 -0.01493647 -0.003747756 0.0574088 -0.01492704 -0.002438503 0.05738865 -0.01492647 -0.004181041 0.05738865 -0.01492418 0.0005736061 0.041699 -0.01492358 0.0006603447 0.05601501 -0.01492162 -0.007193157 0.04169901 -0.01492096 -0.007279888 0.05601501 -0.0149132 0.0006902326 0.04214098 -0.01491165 -0.002034008 0.05735691 -0.01491156 0.0002700642 0.05660202 -0.01491081 -0.004585479 0.05735692 -0.01491057 -0.007309767 0.04214098 -0.01490922 -0.006889562 0.05660204 -0.01489027 -0.001642114 0.05731297 -0.01488918 -0.004977316 0.05731298 -0.01488266 -0.000668564 0.05708925 -0.01488094 -0.005950825 0.05708928 -0.01487097 -0.006 0.05414063 -0.01487097 -0.003 0.05414063 -0.01487097 2.948419e-14 0.05414063 -0.01487097 2.023253e-13 0.05414063 -0.01486426 0.0006826866 0.05594127 -0.01486163 -0.007302189 0.05594127 -0.01485318 0.0006902526 0.05582352 -0.01485141 -0.001134595 0.0572332 -0.01485052 -0.007309747 0.05582359 -0.01485019 0.0004158401 0.05650299 -0.01484999 -0.005484788 0.05723322 -0.01484775 -0.007035302 0.05650302 -0.01484604 -0.006 0.05404168 -0.01484604 -0.003 0.05404168 -0.01484604 2.855098e-14 0.05404168 -0.01484604 2.013927e-13 0.05404168 -0.01484385 -0.006 0.05423899 -0.01484385 -0.003 0.05423899 -0.01484385 3.030232e-14 0.05423899 -0.01484385 2.031427e-13 0.05423899 -0.01482498 0.0006603769 0.0418475 -0.01482237 -0.007279856 0.0418475 -0.01477555 -0.006 0.05396791 -0.01477555 -0.003 0.05396791 -0.01477555 3.195688e-14 0.05396791 -0.01477555 2.415066e-13 0.05396791 -0.0147724 0.0006827165 0.0419262 -0.01477172 -0.006 0.05431117 -0.01477172 -0.003 0.05431117 -0.01477172 3.079259e-14 0.05431117 -0.01477172 2.036323e-13 0.05431117 -0.01476977 -0.007302159 0.0419262 -0.01476126 0.0005650492 0.05635955 -0.01475873 -0.00718446 0.05635958 -0.01471376 0.0006189283 0.05628294 -0.0147112 -0.007238312 0.05628297 -0.01470886 0.0006903 0.05593584 -0.01470621 -0.0073097 0.05593591 -0.01470494 0.0006903011 0.04199915 -0.01469872 -0.003309816 0.04027321 -0.01469434 -0.002871629 0.04027917 -0.01469405 -0.003747999 0.04027918 -0.01468772 -0.006 0.0457867 -0.01468772 -0.003 0.0457867 -0.01468772 -2.611311e-14 0.0457867 -0.01468772 1.487841e-13 0.0457867 -0.0146809 -0.002438137 0.04029708 -0.01468032 -0.004181478 0.0402971 -0.01467338 -0.006 0.05433838 -0.01467338 -0.003 0.05433838 -0.01467338 3.082756e-14 0.05433838 -0.01467338 1.814302e-13 0.05433838 -0.01466423 0.0006581778 0.05620306 -0.01466164 -0.007277534 0.0562031 -0.01466119 -0.006 0.04678635 -0.01466119 -0.003 0.04678635 -0.01466119 4.233947e-14 0.04678635 -0.01466119 1.986864e-13 0.04678635 -0.01465967 -0.002033831 0.04032525 -0.01465882 -0.004585732 0.04032527 -0.01463964 -0.0006684842 0.05720731 -0.01463791 -0.005950746 0.05720734 -0.01463466 -0.006 0.047786 -0.01463466 -0.003 0.047786 -0.01463466 6.580314e-14 0.047786 -0.01463466 1.375682e-13 0.047786 -0.01463022 -0.001642114 0.04036426 -0.01462911 -0.00497739 0.04036428 -0.01461267 0.000682188 0.05611993 -0.01461007 -0.007301517 0.05611997 -0.01460813 -0.006 0.04878564 -0.01460813 -0.003 0.04878564 -0.01460813 5.555156e-14 0.04878564 -0.01460813 1.774669e-13 0.04878564 -0.01459307 -0.003309662 0.0575722 -0.01459049 -0.00287168 0.05756522 -0.0145902 -0.003747642 0.05756522 -0.01458383 -0.0002542552 0.05707932 -0.01458246 -0.002438389 0.05754428 -0.01458188 -0.004180928 0.05754428 -0.01458184 -0.006364932 0.05707936 -0.0145816 -0.006 0.04978529 -0.0145816 -0.003 0.04978529 -0.0145816 4.584488e-14 0.04978529 -0.0145816 1.071563e-13 0.04978529 -0.01457667 -0.001134577 0.04043509 -0.01457523 -0.005484862 0.04043511 -0.01456972 -0.002033896 0.05751131 -0.01456889 -0.004585367 0.05751131 -0.01455909 0.0006903493 0.05603354 -0.01455649 -0.00730965 0.05603358 -0.01455507 -0.006 0.05078494 -0.01455507 -0.003 0.05078494 -0.01455507 7.855627e-14 0.05078494 -0.01455507 1.492966e-13 0.05078494 -0.01455203 -0.001642003 0.05746563 -0.01455094 -0.004977205 0.05746565 -0.01454767 -4.631223e-05 0.05699638 -0.01454555 -0.00657287 0.05699643 -0.01452854 -0.006 0.05178459 -0.01452854 -0.003 0.05178459 -0.01452854 1.531975e-14 0.05178459 -0.01452854 1.86102e-13 0.05178459 -0.01451986 -0.001134486 0.05738275 -0.01451844 -0.005484679 0.05738277 -0.01450824 0.0001397373 0.05690596 -0.01450777 -0.0006684995 0.04052615 -0.01450601 -0.005950865 0.04052617 -0.014506 -0.006758913 0.05690601 -0.01450201 -0.006 0.05278424 -0.01450201 -0.003 0.05278424 -0.01450201 6.408873e-14 0.05278424 -0.01450201 1.544269e-13 0.05278424 -0.01449421 -0.00730963 0.04185712 -0.01447548 -0.006 0.05378388 -0.01447548 -0.003 0.05378388 -0.01447548 4.359046e-14 0.05378388 -0.01447548 1.471174e-13 0.05378388 -0.01446626 0.0002995626 0.0568097 -0.01446391 -0.006918701 0.05680977 -0.0144235 -0.0002542478 0.04063745 -0.01442147 -0.006365034 0.04063747 -0.0144211 0.0004345716 0.0567062 -0.01441868 -0.00705368 0.0567063 -0.01439797 -0.0006684047 0.05730777 -0.01439625 -0.005950666 0.0573078 -0.01436897 -4.661485e-05 0.04070943 -0.01436681 -0.00657262 0.04070946 -0.01435539 0.0005738041 0.05655565 -0.01435289 -0.007192894 0.05655576 -0.01430952 0.0001391997 0.04078791 -0.01430723 -0.006758386 0.04078793 -0.01428395 0.0006605597 0.056392 -0.0142814 -0.007279636 0.05639213 -0.01424933 -0.003309549 0.05769563 -0.01424726 -0.002871567 0.05768847 -0.01424697 -0.003747529 0.05768847 -0.01424608 0.000682892 0.05630527 -0.01424601 0.0002993645 0.04087173 -0.01424362 -0.006918493 0.04087175 -0.01424352 -0.007301964 0.0563054 -0.01424292 0.0006904532 0.05619912 -0.01424076 -0.002438277 0.05766697 -0.0142403 -0.007309546 0.05619917 -0.01424018 -0.004180815 0.05766697 -0.01423042 -0.002033784 0.05763313 -0.01422958 -0.004585255 0.05763313 -0.01421605 -0.001641893 0.05758625 -0.01421496 -0.004977094 0.05758627 -0.0141899 -0.001134378 0.05750118 -0.01418848 -0.005484571 0.0575012 -0.01417769 0.0004346333 0.04096186 -0.01417522 -0.007053704 0.04096188 -0.01415622 -0.0006683252 0.0573918 -0.01415449 -0.005950586 0.05739184 -0.014115 -0.0002541011 0.05725812 -0.01411301 -0.006364778 0.05725817 -0.01409506 -0.003309618 0.03979209 -0.01409035 -0.00287143 0.03979779 -0.01409006 -0.0037478 0.0397978 -0.01408828 -4.616122e-05 0.0571715 -0.01408732 0.0006905041 0.0415635 -0.01408615 -0.006572719 0.05717155 -0.01408469 -0.007309495 0.0415635 -0.01407846 0.0005738841 0.04109277 -0.01407593 -0.002437938 0.03981491 -0.0140759 -0.007192879 0.04109278 -0.01407535 -0.004181279 0.03981492 -0.01405913 0.000139885 0.05707707 -0.01405688 -0.006758765 0.05707713 -0.01405316 -0.002033632 0.03984184 -0.01405231 -0.004585532 0.03984185 -0.01402809 0.0002997067 0.05697655 -0.01402574 -0.006918557 0.05697662 -0.01402157 -0.001641914 0.03987912 -0.01402046 -0.00497719 0.03987914 -0.01399734 -0.003 0.0191628 -0.01399733 -0.006 0.0191628 -0.01399733 4.897216e-14 0.0191628 -0.0139947 0.0004347118 0.05686846 -0.01399226 -0.00705354 0.05686856 -0.01399057 -0.003309464 0.05776862 -0.01398887 -0.002871483 0.05776136 -0.01398858 -0.003747444 0.05776136 -0.01398403 -0.006 0.0185622 -0.01398403 4.896952e-14 0.0185622 -0.01398401 -0.003 0.0185622 -0.01398345 -0.002438192 0.05773956 -0.01398288 -0.004180731 0.05773956 -0.01397484 -0.0020337 0.05770526 -0.013974 -0.004585171 0.05770526 -0.01397058 0.0006606578 0.04123505 -0.01396797 -0.007279575 0.04123506 -0.01396414 -0.001134376 0.03994681 -0.01396286 -0.001641809 0.05765774 -0.0139627 -0.005484661 0.03994683 -0.01396176 -0.004977011 0.05765775 -0.01394611 0.0005739387 0.05671123 -0.01394359 -0.00719276 0.05671134 -0.01394104 -0.001134296 0.0575715 -0.01393961 -0.005484488 0.05757152 -0.01393854 -0.003 0.01976066 -0.01393852 -0.006 0.01976065 -0.01393852 4.896047e-14 0.01976065 -0.0139134 0.000682999 0.04131047 -0.01391077 -0.007301877 0.04131047 -0.01390797 0.0006905633 0.05633227 -0.01390536 -0.007309436 0.05633234 -0.01389876 -0.006 0.01796754 -0.01389876 4.895258e-14 0.01796754 -0.01389875 -0.003 0.01796754 -0.01389327 0.0006606881 0.05654033 -0.0138907 -0.007279508 0.05654046 -0.01389025 -0.0006682965 0.04003385 -0.01388849 -0.005950662 0.04003387 -0.01386943 -0.006 0.05431206 -0.01386943 -0.006 0.05431207 -0.01386943 -0.003 0.05431207 -0.01386943 4.894654e-14 0.05431206 -0.01386943 1.598343e-13 0.05431207 -0.01386526 0.0006830172 0.05644975 -0.01386268 -0.007301839 0.05644989 -0.01380846 -0.003 0.02034715 -0.01380844 -0.006 0.02034715 -0.01380844 4.893462e-14 0.02034715 -0.01380628 -0.003309523 0.03954045 -0.01380141 -0.002871336 0.03954601 -0.01380111 -0.003747705 0.03954602 -0.01379988 -0.0002540428 0.04014023 -0.01379786 -0.006364829 0.04014025 -0.01378648 -0.002437843 0.03956268 -0.01378589 -0.004181184 0.03956269 -0.0137629 -0.002033536 0.03958891 -0.01376205 -0.004585437 0.03958892 -0.01374279 -0.003 0.01738739 -0.01374276 -0.006 0.01738739 -0.01374276 4.892159e-14 0.01738739 -0.01374141 -4.640857e-05 0.04020904 -0.01373925 -0.006572414 0.04020906 -0.0137302 -0.001641819 0.03962522 -0.01372909 -0.004977095 0.03962524 -0.01372865 -0.003309378 0.05782657 -0.01372731 -0.002871397 0.05781924 -0.01372703 -0.003747358 0.05781924 -0.013723 -0.002438107 0.05779722 -0.01372243 -0.004180645 0.05779722 -0.01371612 -0.002033615 0.05776256 -0.01371529 -0.004585086 0.05776257 -0.01370654 -0.001641725 0.05771455 -0.01370545 -0.004976927 0.05771457 -0.01368908 -0.001134213 0.05762743 -0.01368766 -0.005484406 0.05762745 -0.01367788 0.0006906387 0.04125323 -0.01367766 0.0001394074 0.04028405 -0.01367538 -0.006758178 0.04028407 -0.01367525 -0.007309361 0.04125323 -0.01367076 -0.001134279 0.03969116 -0.01366932 -0.005484564 0.03969118 -0.01366657 -0.0006681643 0.05751542 -0.01366484 -0.005950426 0.05751545 -0.01363901 -0.0002539446 0.0573785 -0.01363701 -0.006364621 0.05737856 -0.01362113 -4.600766e-05 0.0572898 -0.013619 -0.006572566 0.05728985 -0.01360956 0.0002995737 0.04036415 -0.01360899 -0.003 0.02091381 -0.01360898 -0.006 0.02091381 -0.01360898 4.889498e-14 0.02091381 -0.01360717 -0.006918284 0.04036417 -0.01360163 0.0001400354 0.05719309 -0.01359937 -0.006758615 0.05719314 -0.01359428 -0.0006681992 0.03977593 -0.01359253 -0.005950565 0.03977595 -0.01358085 0.0002998537 0.05709014 -0.0135785 -0.00691841 0.05709021 -0.0135642 0.0006906763 0.05643029 -0.01356158 -0.007309323 0.05643038 -0.0135585 0.0004348552 0.05697944 -0.01355606 -0.007053397 0.05697954 -0.01353631 0.0004348441 0.04045031 -0.01353384 -0.007053493 0.04045032 -0.01352597 0.0005740768 0.05681842 -0.01352344 -0.007192622 0.05681853 -0.01351837 -0.006 0.01683014 -0.01351837 -0.003 0.01683014 -0.01351837 4.8877e-14 0.01683014 -0.01350075 -0.0002539445 0.03987954 -0.01349872 -0.00636473 0.03987957 -0.01349059 0.0006608205 0.05664339 -0.01348801 -0.007279376 0.05664352 -0.01347183 0.0006831465 0.05655062 -0.01346924 -0.00730171 0.05655077 -0.01344023 -4.630957e-05 0.03994656 -0.01343807 -0.006572315 0.03994658 -0.01342991 0.0005740973 0.04057543 -0.01342735 -0.007192666 0.04057544 -0.01337425 0.0001395071 0.04001962 -0.01337196 -0.006758079 0.04001964 -0.013343 -0.006 0.02145246 -0.013343 4.884213e-14 0.02145246 -0.01334299 -0.003 0.02145246 -0.0133276 -0.003309246 0.05788792 -0.01332683 -0.002871265 0.0578805 -0.01332655 -0.003747227 0.0578805 -0.01332425 -0.002437976 0.05785824 -0.01332368 -0.004180514 0.05785824 -0.01332009 -0.002033485 0.0578232 -0.01331925 -0.004584956 0.0578232 -0.01331427 -0.001641596 0.05777467 -0.01331424 0.0006608735 0.04071143 -0.01331318 -0.004976798 0.05777468 -0.01331162 -0.007279359 0.04071143 -0.01330662 -0.003309358 0.0390624 -0.01330377 0.0002996742 0.04009765 -0.01330365 -0.001134086 0.05768659 -0.01330222 -0.005484279 0.05768661 -0.01330154 -0.002871171 0.03906776 -0.01330138 -0.006918183 0.04009766 -0.01330124 -0.003747541 0.03906777 -0.01329228 0.0006907654 0.04094415 -0.01328992 -0.0006680405 0.05757334 -0.01328965 -0.007309234 0.04094415 -0.01328819 -0.005950302 0.05757338 -0.01328598 -0.002437678 0.03908385 -0.0132854 -0.004181019 0.03908387 -0.0132731 -0.0002538244 0.05743493 -0.0132711 -0.006364501 0.05743497 -0.01326218 -4.588966e-05 0.05734525 -0.01326143 -0.002033371 0.03910916 -0.01326057 -0.004585272 0.03910918 -0.01326004 -0.006572448 0.05734529 -0.01325292 0.000683216 0.0407835 -0.0132503 -0.00730166 0.04078351 -0.01325026 0.0001401509 0.05724747 -0.013248 -0.006758499 0.05724752 -0.01323756 0.0002999665 0.05714339 -0.0132352 -0.006918297 0.05714346 -0.01322795 0.0004349454 0.04018156 -0.01322737 -0.001641653 0.0391442 -0.01322625 -0.004976929 0.03914422 -0.01322548 -0.007053391 0.04018157 -0.0132239 0.0004349652 0.05703148 -0.01322145 -0.007053287 0.05703157 -0.0132103 0.0006907927 0.05649428 -0.01320768 -0.007309207 0.05649438 -0.013204 0.0005741826 0.05686868 -0.01320146 -0.007192516 0.0568688 -0.01318234 0.0006609218 0.05669173 -0.01317975 -0.007279274 0.05669187 -0.01317086 0.0006832454 0.05659795 -0.01316825 -0.007301611 0.05659809 -0.01316546 -0.001134113 0.03920783 -0.01316401 -0.005484398 0.03920785 -0.01311783 0.0005741999 0.04030342 -0.01311527 -0.007192563 0.04030344 -0.0130858 -0.0006680321 0.03928964 -0.01308404 -0.005950397 0.03928966 -0.01307103 -0.006 0.05421407 -0.01307103 -0.003 0.05421407 -0.01307103 4.87879e-14 0.05421407 -0.01307103 1.597049e-13 0.05421407 -0.01301431 -0.006 0.02195531 -0.01301431 -0.003 0.02195531 -0.01301431 4.877682e-14 0.02195531 -0.01299811 0.0006609774 0.04043589 -0.0129955 -0.007279255 0.04043589 -0.01298839 -0.0002537761 0.03938963 -0.01298636 -0.006364562 0.03938965 -0.01297766 0.0006908692 0.05651752 -0.01297505 -0.007309131 0.05651762 -0.01293465 0.0006833206 0.04050609 -0.01293203 -0.007301555 0.0405061 -0.01292536 -4.614033e-05 0.0394543 -0.0129232 -0.006572146 0.03945432 -0.01292071 -0.003309112 0.05791936 -0.01292054 -0.002871131 0.0579119 -0.01292025 -0.003747093 0.0579119 -0.01291973 -0.002437843 0.05788951 -0.01291916 -0.004180381 0.05788951 -0.01291836 -0.002033353 0.05785426 -0.01291753 -0.004584824 0.05785426 -0.01291642 -0.001641465 0.05780543 -0.01291532 -0.004976667 0.05780545 -0.01291488 0.0006908895 0.04061941 -0.01291282 -0.001133958 0.05771682 -0.01291225 -0.00730911 0.04061941 -0.0129114 -0.005484151 0.05771684 -0.01290814 -0.000667915 0.05760288 -0.0129064 -0.005950176 0.05760292 -0.01290236 -0.0002537025 0.05746363 -0.01290035 -0.006364379 0.05746368 -0.0128986 -4.577015e-05 0.05737341 -0.01289645 -0.006572328 0.05737346 -0.01289448 0.0001402678 0.05727504 -0.01289222 -0.006758382 0.05727509 -0.01289009 0.0003000807 0.05717033 -0.01288772 -0.006918183 0.0571704 -0.01288535 0.0004350764 0.05705774 -0.01288289 -0.007053175 0.05705783 -0.01287844 0.0005742896 0.05689396 -0.01287589 -0.007192409 0.05689407 -0.01287091 0.0006610242 0.05671593 -0.0128683 -0.007279172 0.05671607 -0.01286691 0.0006833454 0.05662158 -0.01286429 -0.007301511 0.05662173 -0.01285664 0.0001396773 0.0395248 -0.01285435 -0.006757908 0.03952483 -0.01278323 0.0002998453 0.0396001 -0.01278084 -0.006918012 0.03960012 -0.01278002 -0.003309185 0.03854105 -0.01277492 -0.002870998 0.0385464 -0.01277463 -0.003747368 0.03854641 -0.01275932 -0.002437505 0.03856244 -0.01275874 -0.004180846 0.03856245 -0.01274307 0.0006909462 0.05652661 -0.01274046 -0.007309053 0.05652671 -0.0127347 -0.002033198 0.03858767 -0.01273384 -0.004585099 0.03858769 -0.01270428 0.0004351176 0.03968108 -0.01270181 -0.007053219 0.03968109 -0.01270054 -0.00164148 0.03862261 -0.01269943 -0.004976756 0.03862263 -0.01263846 -0.00113394 0.03868605 -0.01263701 -0.005484225 0.03868607 -0.01262769 -0.003 0.02241512 -0.01262767 -0.006 0.02241511 -0.01262767 4.869999e-14 0.02241511 -0.01258959 0.0005743735 0.03979868 -0.01258703 -0.007192389 0.03979869 -0.01256208 0.0006834456 0.05662212 -0.01255945 -0.007301411 0.05662227 -0.01255867 0.0006611269 0.05671658 -0.01255857 -0.0006678588 0.03876762 -0.01255682 -0.005950224 0.03876764 -0.01255605 -0.007279069 0.05671671 -0.01255223 0.0005743968 0.05689479 -0.01254967 -0.007192301 0.05689491 -0.01254628 0.0004351879 0.05705874 -0.01254381 -0.007053064 0.05705884 -0.01254218 0.0003001951 0.05717145 -0.01254186 0.0006910121 0.04027198 -0.0125398 -0.006918069 0.05717153 -0.01253924 -0.007308988 0.04027198 -0.01253835 0.0001403849 0.05727628 -0.01253608 -0.006758265 0.05727633 -0.01253474 -4.565054e-05 0.05737474 -0.0125326 -0.006572208 0.0573748 -0.01253142 -0.0002535805 0.05746507 -0.01252941 -0.006364257 0.05746511 -0.01252627 -0.0006677895 0.05760447 -0.01252453 -0.005950051 0.0576045 -0.01252201 -0.00113383 0.05771852 -0.01252058 -0.005484022 0.05771854 -0.01251865 -0.001641335 0.05780723 -0.01251755 -0.004976536 0.05780724 -0.01251676 -0.002033221 0.05785611 -0.01251592 -0.004584692 0.05785611 -0.01251536 -0.00243771 0.0578914 -0.01251479 -0.004180248 0.0578914 -0.01251441 -0.002870998 0.05791381 -0.01251412 -0.00374696 0.05791381 -0.012514 -0.003308979 0.05792128 -0.01246491 0.0006611527 0.03992651 -0.0124623 -0.00727908 0.03992651 -0.01246088 -0.0002536027 0.03886731 -0.01245885 -0.006364388 0.03886733 -0.01239882 0.0006834968 0.03999426 -0.01239768 -4.596688e-05 0.0389318 -0.0123962 -0.007301379 0.03999426 -0.01239551 -0.006571972 0.03893182 -0.01232876 0.0001398508 0.03900209 -0.01232648 -0.006757735 0.03900211 -0.01228458 -0.006 0.05404518 -0.01228458 -0.003 0.05404518 -0.01228458 4.863163e-14 0.05404518 -0.01228458 1.595769e-13 0.05404518 -0.01227818 -0.00330902 0.03806336 -0.01227324 -0.002870833 0.03806887 -0.01227295 -0.003747203 0.03806887 -0.01226807 0.0006911024 0.05650233 -0.01226545 -0.007308897 0.05650243 -0.01225847 0.0006835454 0.05660019 -0.01225815 -0.00243734 0.03808539 -0.01225756 -0.004180682 0.0380854 -0.01225583 -0.007301311 0.05660034 -0.01225515 0.0003000189 0.03907716 -0.01225276 -0.006917839 0.03907718 -0.01224801 0.000661229 0.05669426 -0.01224539 -0.007278967 0.05669439 -0.01223431 -0.002033034 0.03811137 -0.01223346 -0.004584934 0.03811139 -0.01222827 0.0005745034 0.05687174 -0.01222571 -0.007192195 0.05687185 -0.01221009 0.0004352984 0.05703502 -0.01220762 -0.007052953 0.05703512 -0.01220125 -0.001641316 0.03814736 -0.01220014 -0.004976592 0.03814738 -0.01219758 0.0003003084 0.05714727 -0.0121952 -0.006917955 0.05714735 -0.01218872 -0.006 0.02282524 -0.01218872 -0.003 0.02282524 -0.01218872 4.861277e-14 0.02282524 -0.01218594 0.0001405007 0.05725166 -0.01218366 -0.006758149 0.05725172 -0.01217597 0.0004352912 0.0391579 -0.01217498 -4.553228e-05 0.05734973 -0.01217349 -0.007053046 0.03915791 -0.01217283 -0.00657209 0.05734978 -0.01216493 -0.0002534601 0.05743968 -0.01216291 -0.006364137 0.05743973 -0.01214937 -0.0006676655 0.05757851 -0.01214763 -0.005949927 0.05757854 -0.01214115 -0.001133777 0.0382127 -0.01213971 -0.005484062 0.03821272 -0.0121366 -0.001133703 0.0576921 -0.01213517 -0.005483895 0.05769212 -0.01212662 -0.001641206 0.05778045 -0.01212553 -0.004976408 0.05778046 -0.01212109 -0.002033091 0.05782912 -0.01212025 -0.004584562 0.05782913 -0.01211705 -0.002437579 0.05786427 -0.01211648 -0.004180117 0.05786427 -0.01211443 -0.002870866 0.05788659 -0.01211414 -0.003746828 0.05788659 -0.01211346 -0.003308847 0.05789404 -0.01206383 -0.0006676961 0.03829671 -0.01206207 -0.005950062 0.03829673 -0.01206096 0.0005745472 0.03927515 -0.01205839 -0.007192215 0.03927517 -0.0120219 -0.006 0.04693152 -0.0120219 -0.003 0.04693152 -0.0120219 4.857948e-14 0.04693152 -0.0120219 1.594533e-13 0.04693152 -0.01201372 -0.006 0.04708832 -0.01201364 -0.006 0.04677473 -0.0119844 -0.006 0.04726536 -0.0119844 -0.003 0.04726536 -0.0119844 4.857203e-14 0.04726536 -0.0119844 1.594459e-13 0.04726536 -0.01198424 -0.006 0.04659771 -0.01198424 -0.003 0.04659771 -0.01198424 4.8572e-14 0.04659771 -0.01198424 1.594458e-13 0.04659771 -0.01197013 -0.00330892 0.03779255 -0.01196926 -0.0002534411 0.03839939 -0.01196723 -0.006364227 0.03839941 -0.01196398 -0.002803032 0.0378003 -0.01196364 -0.003814802 0.0378003 -0.01195795 0.0006836442 0.05655662 -0.0119553 -0.007301212 0.05655677 -0.0119486 -0.006 0.04739507 -0.01194838 -0.006 0.04646802 -0.01194519 -0.002304382 0.03782354 -0.01194452 -0.004313434 0.03782356 -0.01194104 0.0006613299 0.05664982 -0.01193841 -0.007278866 0.05664996 -0.01193592 0.0006613265 0.0394026 -0.01193331 -0.007278906 0.03940261 -0.01191481 -0.001833478 0.037861 -0.01191382 -0.004784272 0.03786102 -0.01190912 0.0005746083 0.05682567 -0.01190808 -4.580595e-05 0.03846581 -0.01190655 -0.00719209 0.05682578 -0.01190591 -0.006571812 0.03846582 -0.01188057 -0.006 0.02311954 -0.01188057 -0.003 0.02311954 -0.01188057 4.855154e-14 0.02311954 -0.01187974 0.000435407 0.05698745 -0.01187726 -0.007052845 0.05698754 -0.01187352 -0.006 0.0475824 -0.01187352 -0.003 0.0475824 -0.01187352 4.855e-14 0.0475824 -0.01187352 1.594238e-13 0.0475824 -0.01187321 -0.006 0.04628072 -0.01187321 -0.003 0.04628072 -0.01187321 4.854994e-14 0.04628072 -0.01187321 1.594238e-13 0.04628072 -0.01187248 -0.001382913 0.03791311 -0.01187119 -0.005234765 0.03791312 -0.01186965 0.0006836707 0.03947015 -0.01186702 -0.007301205 0.03947016 -0.01185952 0.0003004195 0.05709866 -0.01185714 -0.006917844 0.05709873 -0.01184137 0.000140011 0.0385382 -0.01184071 0.0001406142 0.05720209 -0.01183908 -0.006757575 0.03853822 -0.01183844 -0.006758036 0.05720214 -0.01183708 -0.001093112 0.03795664 -0.0118356 -0.005524525 0.03795667 -0.01182483 0.0006912478 0.03956362 -0.01182303 -4.541659e-05 0.05729926 -0.0118222 -0.007308752 0.03956362 -0.01182112 -0.006 0.04768157 -0.01182088 -0.006571975 0.0572993 -0.01182076 -0.006 0.04618157 -0.0118068 -0.0002533424 0.05738837 -0.01180478 -0.006364019 0.05738842 -0.01179621 -0.0008177131 0.03800688 -0.01179456 -0.00579988 0.0380069 -0.01178531 0.0006912611 0.05642144 -0.01178265 -0.007308739 0.05642153 -0.01178172 -0.0006675447 0.05752592 -0.01177997 -0.005949806 0.05752596 -0.0117701 0.0003001783 0.03861553 -0.01176772 -0.006917679 0.03861554 -0.01176115 -0.001133579 0.05763847 -0.01175972 -0.005483772 0.05763849 -0.01174988 -0.0005587732 0.03806381 -0.01174806 -0.006058772 0.03806384 -0.01174511 -0.00164108 0.057726 -0.01174401 -0.004976282 0.05772601 -0.01173624 -0.002032964 0.05777423 -0.0117354 -0.004584435 0.05777423 -0.01172979 -0.002437452 0.05780905 -0.01172922 -0.00417999 0.05780905 -0.01172564 -0.002870739 0.05783117 -0.01172535 -0.0037467 0.05783117 -0.01172416 -0.003308719 0.05783854 -0.01169809 -0.0003183502 0.03812745 -0.0116961 -0.006299145 0.03812747 -0.01169485 -0.006 0.04786681 -0.01169485 -0.003 0.04786681 -0.01169485 4.851449e-14 0.04786681 -0.01169485 1.593883e-13 0.04786681 -0.0116944 -0.006 0.04599639 -0.0116944 -0.003 0.04599639 -0.0116944 4.851441e-14 0.04599639 -0.0116944 1.593883e-13 0.04599639 -0.01169346 0.0004354498 0.03869868 -0.01169098 -0.007052887 0.0386987 -0.01166142 0.0006837416 0.0564932 -0.01165876 -0.007301115 0.05649335 -0.01164082 -9.85021e-05 0.03819778 -0.01163869 -0.00651894 0.0381978 -0.01163867 0.0006614292 0.05658516 -0.01163686 -0.006 0.04793531 -0.01163638 -0.006 0.04592792 -0.01163603 -0.007278767 0.05658529 -0.01161722 -0.006 0.02345452 -0.01161722 -0.003 0.02345452 -0.01161722 4.849921e-14 0.02345452 -0.01159574 0.0005747113 0.05675865 -0.01159316 -0.007191987 0.05675877 -0.01158212 0.0005747046 0.03881945 -0.01157956 -0.007192058 0.03881946 -0.01157809 9.871348e-05 0.0382748 -0.01157583 -0.0067161 0.03827483 -0.01155622 0.0004355133 0.05691827 -0.01155373 -0.007052738 0.05691836 -0.01152903 0.0003005281 0.057028 -0.01152664 -0.006917736 0.05702807 -0.01151634 -0.006 0.05380674 -0.01151634 -0.003 0.05380674 -0.01151634 4.847899e-14 0.05380674 -0.01151634 1.594504e-13 0.05380674 -0.01150989 0.0002712388 0.03835853 -0.01150752 -0.006888568 0.03835855 -0.01150374 0.000140725 0.05713004 -0.01150146 -0.006757925 0.0571301 -0.01147997 -4.530382e-05 0.05722591 -0.01147782 -0.006571862 0.05722596 -0.01146108 0.0006614826 0.03895072 -0.01145847 -0.00727875 0.03895072 -0.01145816 -0.0002532277 0.05731384 -0.0114574 -0.006 0.04810439 -0.0114574 -0.003 0.04810439 -0.0114574 4.846731e-14 0.04810439 -0.0114574 1.593412e-13 0.04810439 -0.01145684 -0.006 0.04575893 -0.01145684 -0.003 0.04575893 -0.01145684 4.846721e-14 0.04575893 -0.01145684 1.593411e-13 0.04575893 -0.01145614 -0.006363904 0.05731389 -0.01145406 -0.00730863 0.05633588 -0.01143621 0.0004170161 0.03844896 -0.01143375 -0.007034286 0.03844897 -0.01142446 -0.0006674272 0.05744955 -0.01142272 -0.005949688 0.05744958 -0.01140399 -0.006 0.02382344 -0.01140399 4.845684e-14 0.02382344 -0.01140398 -0.003 0.02382344 -0.01140387 -0.006 0.0481452 -0.01140329 -0.006 0.04571815 -0.01139692 0.0006838261 0.03902029 -0.01139685 -0.00113346 0.05756059 -0.01139541 -0.005483653 0.05756061 -0.01139429 -0.007301049 0.03902029 -0.01138406 0.0004983248 0.03851296 -0.01138155 -0.007115554 0.03851298 -0.01137532 -0.001640959 0.05764695 -0.01137422 -0.004976161 0.05764696 -0.01136955 0.0006838376 0.05641196 -0.01136688 -0.007301019 0.0564121 -0.01136342 -0.002032842 0.05769453 -0.01136258 -0.004584312 0.05769454 -0.01135479 -0.002437328 0.05772889 -0.01135422 -0.004179867 0.05772889 -0.01134925 -0.002870615 0.05775071 -0.01134897 -0.003746577 0.05775071 -0.01134731 -0.003308595 0.05775798 -0.01134608 0.0006914055 0.0563017 -0.01134155 0.0006615269 0.05650241 -0.0113389 -0.007278669 0.05650254 -0.01132948 0.0005662212 0.03857994 -0.01132692 -0.00718341 0.03857996 -0.0112887 0.0005748122 0.05667308 -0.01128612 -0.007191886 0.05667319 -0.01127246 0.0006200957 0.03864991 -0.01126987 -0.007237242 0.03864991 -0.01126969 0.0006914303 0.03903692 -0.01126706 -0.007308569 0.03903692 -0.01124517 -0.006 0.02421885 -0.01124517 -0.003 0.02421885 -0.01124517 4.842528e-14 0.02421885 -0.01124007 0.0004356173 0.05683009 -0.01123758 -0.007052634 0.05683018 -0.01121301 0.0006593385 0.03872284 -0.0112104 -0.007276443 0.03872285 -0.01120662 0.0003006341 0.05693803 -0.01120422 -0.00691763 0.0569381 -0.0111755 0.0001408329 0.05703841 -0.01117322 -0.006757817 0.05703847 -0.01117306 -0.006 0.04828319 -0.01117306 -0.003 0.04828319 -0.01117306 4.841081e-14 0.04828319 -0.01117306 1.592847e-13 0.04828319 -0.01117241 -0.006 0.04558027 -0.01117241 -0.003 0.04558027 -0.01117241 4.84107e-14 0.04558027 -0.01117241 1.592845e-13 0.04558027 -0.01115113 0.00068334 0.03879876 -0.0111485 -0.007300402 0.03879876 -0.01114626 -4.519413e-05 0.05713272 -0.0111441 -0.006571752 0.05713277 -0.01114398 -0.006 0.02463277 -0.01114398 -0.003 0.02463277 -0.01114398 4.840517e-14 0.02463277 -0.01113233 -0.006 0.04830205 -0.01113168 -0.006 0.04556142 -0.01112049 -0.007308521 0.05622527 -0.01111942 -0.0002531164 0.05721921 -0.0111174 -0.006363793 0.05721926 -0.01110245 -0.006 0.02505685 -0.01110245 -0.003 0.02505685 -0.01110245 4.839691e-14 0.02505685 -0.01108682 0.0006914904 0.03887765 -0.01108419 -0.007308509 0.03887765 -0.01108299 0.0006839318 0.05631491 -0.01108032 -0.007300924 0.05631504 -0.01107797 -0.0006673133 0.05735271 -0.01107622 -0.005949574 0.05735275 -0.0110503 0.0006616226 0.05640373 -0.01104764 -0.007278574 0.05640386 -0.01104402 -0.001133344 0.05746194 -0.01104258 -0.005483536 0.05746196 -0.01101756 -0.001640841 0.05754689 -0.01101646 -0.004976043 0.0575469 -0.01100294 -0.002032723 0.0575937 -0.0110021 -0.004584194 0.0575937 -0.01099235 -0.002437209 0.05762749 -0.01099178 -0.004179748 0.05762749 -0.01098861 0.0005749108 0.05657133 -0.01098601 -0.007191787 0.05657144 -0.01098557 -0.002870495 0.05764896 -0.01098528 -0.003746457 0.05764896 -0.01098321 -0.003308475 0.05765612 -0.01093182 0.0004357186 0.05672552 -0.01092933 -0.007052533 0.05672561 -0.010898 0.0006915528 0.05613758 -0.01089278 0.0003007373 0.05683152 -0.01089038 -0.006917527 0.05683158 -0.01085645 0.0001409377 0.05693009 -0.01085603 -0.006 0.04839419 -0.01085603 -0.003 0.04839419 -0.01085603 4.834782e-14 0.04839419 -0.01085603 1.592217e-13 0.04839419 -0.01085533 -0.006 0.04546942 -0.01085533 -0.003 0.04546942 -0.01085533 4.83477e-14 0.04546942 -0.01085533 1.592215e-13 0.04546942 -0.01085417 -0.006757712 0.05693015 -0.01083412 -0.006 0.04839903 -0.01083342 -0.006 0.04546458 -0.01082232 -4.508764e-05 0.0570227 -0.01082015 -0.006571646 0.05702275 -0.010791 -0.0002530085 0.05710764 -0.01078897 -0.006363685 0.05710769 -0.01078193 -0.00730841 0.05608971 -0.01077247 -0.006 0.05350066 -0.01077247 -0.003 0.05350066 -0.01077247 4.833119e-14 0.05350066 -0.01077247 1.593264e-13 0.05350066 -0.01075709 -0.003376335 0.03807006 -0.01075702 -0.003 0.03807253 -0.01075696 -0.003753061 0.03807503 -0.01075678 -0.002639702 0.03808183 -0.01075662 -0.004129597 0.03808768 -0.01075638 -0.002306462 0.03809667 -0.01075607 -0.004505361 0.03810829 -0.01075582 -0.00197302 0.03811802 -0.01075506 -0.001640148 0.03814657 -0.01075474 -0.005103581 0.03815868 -0.01075409 -0.001308615 0.038183 -0.01075294 -0.005629307 0.03822627 -0.01075288 -0.0009775926 0.03822857 -0.01075137 -0.0006483432 0.03828538 -0.01075122 -0.006 0.03829111 -0.01075017 -0.0004302895 0.03833078 -0.01074875 -0.0002135708 0.03838424 -0.01074718 1.592001e-13 0.03844785 -0.01074262 -0.0006672031 0.05723874 -0.01074087 -0.005949464 0.05723877 -0.01070662 0.0006840554 0.05616262 -0.01070394 -0.007300801 0.05616275 -0.010703 -0.001133232 0.057346 -0.01070156 -0.005483424 0.05734602 -0.01070112 -0.006 0.04017896 -0.01070112 -0.003 0.04017896 -0.01070112 4.831709e-14 0.04017896 -0.01070112 1.591767e-13 0.04017896 -0.01067214 -0.001640728 0.05742942 -0.01067104 -0.004975929 0.05742943 -0.01066843 0.0006617482 0.05624922 -0.01066576 -0.007278448 0.05624934 -0.0106551 -0.002032609 0.05747539 -0.01065425 -0.00458408 0.05747539 -0.01064275 -0.002437094 0.05750858 -0.01064218 -0.004179633 0.05750858 -0.01063485 -0.00287038 0.05752966 -0.01063456 -0.003746342 0.05752966 -0.01063212 -0.00330836 0.05753668 -0.01059634 0.0005750398 0.05641261 -0.01059374 -0.007191658 0.05641272 -0.01053 0.0004358507 0.05656293 -0.0105275 -0.007052401 0.05656302 -0.01052226 -0.006 0.04843188 -0.01052226 -0.003 0.04843188 -0.01052226 4.82815e-14 0.04843188 -0.01052226 3.060619e-13 0.04843188 -0.01052154 -0.006 0.04543188 -0.01052154 -0.003 0.04543188 -0.01052154 4.828138e-14 0.04543188 -0.01052154 3.060618e-13 0.04543188 -0.01050094 -0.003 0.01897286 -0.01050094 4.827743e-14 0.01897286 -0.01049275 -0.006 0.01912966 -0.01049268 -0.006 0.01881607 -0.01048438 0.0003008716 0.05666627 -0.01048198 -0.006917392 0.05666634 -0.01046344 -0.003 0.0193067 -0.01046344 4.826998e-14 0.0193067 -0.01046328 -0.003 0.01863905 -0.01046328 4.826995e-14 0.01863905 -0.01044194 0.000141074 0.05676237 -0.01044105 0.000691703 0.0559291 -0.01043965 -0.006757576 0.05676242 -0.01043838 -0.007308297 0.05592919 -0.01042764 -0.006 0.01943641 -0.01042742 -0.006 0.01850936 -0.01040206 -4.49495e-05 0.05685266 -0.0103999 -0.006571507 0.05685271 -0.01036548 -0.0002528686 0.05693547 -0.01036345 -0.006363545 0.05693551 -0.01035256 -0.003 0.01962374 -0.01035256 4.824794e-14 0.01962374 -0.01035225 -0.003 0.01832206 -0.01035225 4.824789e-14 0.01832206 -0.01034064 0.0006841758 0.0559884 -0.01033795 -0.007300681 0.05598853 -0.01030897 -0.0006670606 0.05706328 -0.01030722 -0.005949322 0.05706331 -0.01030015 -0.006 0.01972291 -0.0102998 -0.006 0.01822291 -0.01029766 0.0006618701 0.05607273 -0.01029498 -0.007278326 0.05607285 -0.0102627 -0.001133087 0.05716785 -0.01026126 -0.00548328 0.05716787 -0.01022667 -0.001640581 0.05724918 -0.01022556 -0.004975783 0.0572492 -0.01021654 0.0005751646 0.05623185 -0.01021393 -0.007191534 0.05623195 -0.01020677 -0.002032462 0.05729399 -0.01020593 -0.004583932 0.057294 -0.01019237 -0.002436946 0.05732635 -0.0101918 -0.004179484 0.05732635 -0.01018847 -0.006 0.04839435 -0.01018847 -0.003 0.04839435 -0.01018847 4.821517e-14 0.04839435 -0.01018847 3.059641e-13 0.04839435 -0.01018778 -0.006 0.04546957 -0.01018778 4.821505e-14 0.04546957 -0.01018777 -0.006 0.04546957 -0.01018777 -0.003 0.04546957 -0.01018777 3.059641e-13 0.04546957 -0.01018316 -0.002870232 0.0573469 -0.01018288 -0.003746193 0.0573469 -0.01018 -0.003308211 0.05735375 -0.01017389 -0.003 0.01990815 -0.01017389 4.821244e-14 0.01990815 -0.01017344 -0.003 0.01803773 -0.01017344 4.821236e-14 0.01803773 -0.01014189 0.0004359783 0.05637824 -0.01013938 -0.007052273 0.05637833 -0.01012545 0.0006918067 0.05576226 -0.01012277 -0.007308193 0.05576235 -0.01011589 -0.006 0.01997666 -0.01011542 -0.006 0.01796926 -0.01009056 0.000301001 0.05647888 -0.01008815 -0.006917263 0.05647894 -0.01005889 -0.006 0.05312939 -0.01005889 -0.003 0.05312939 -0.01005889 4.81894e-14 0.05312939 -0.01005889 1.592054e-13 0.05312939 -0.01004281 0.0001412052 0.05657247 -0.01004052 -0.006757445 0.05657252 -0.009997945 -4.481667e-05 0.05666039 -0.009995775 -0.006571374 0.05666044 -0.009984732 0.0006842928 0.05579499 -0.009982034 -0.007300563 0.05579511 -0.009956779 -0.0002527342 0.05674104 -0.009954747 -0.006363411 0.05674108 -0.009937447 0.0006619884 0.05587698 -0.009936433 -0.003 0.02014572 -0.009936433 4.816526e-14 0.02014572 -0.009935874 -0.003 0.01780027 -0.009935874 4.816516e-14 0.01780027 -0.009934769 -0.007278208 0.0558771 -0.009893213 -0.0006669239 0.0568655 -0.009891461 -0.005949185 0.05686554 -0.009882903 -0.006 0.02018653 -0.009882324 -0.006 0.01775949 -0.009871398 -0.006 0.04828349 -0.009871398 -0.003 0.04828349 -0.009871398 3.058696e-13 0.04828349 -0.009871391 -0.006 0.0482835 -0.009871391 4.815217e-14 0.0482835 -0.009870754 -0.006 0.04558058 -0.009870754 -0.003 0.04558058 -0.009870754 3.058696e-13 0.04558058 -0.009870747 -0.006 0.04558057 -0.009870747 4.815206e-14 0.04558057 -0.009848216 0.0005752857 0.05603168 -0.009845605 -0.007191412 0.05603179 -0.009841164 -0.001132948 0.05696734 -0.009839723 -0.005483141 0.05696736 -0.009838078 -0.006163515 0.03854512 -0.00981717 0.000691908 0.05558097 -0.009816318 -0.006363486 0.03860047 -0.009814489 -0.007308092 0.05558105 -0.009800632 -0.001640441 0.05704655 -0.00979953 -0.004975643 0.05704656 -0.009793847 -0.006539481 0.03865765 -0.009778263 -0.002032321 0.05709019 -0.009777422 -0.004583791 0.05709019 -0.0097719 8.410106e-05 0.0387192 -0.00976967 -0.006700255 0.0387192 -0.009766104 0.0004361018 0.05617402 -0.009763594 -0.00705215 0.0561741 -0.009762072 -0.002436805 0.0571217 -0.009761499 -0.004179343 0.0571217 -0.009751731 -0.00287009 0.05714171 -0.009751443 -0.003746052 0.05714171 -0.009749029 0.0002135231 0.03877767 -0.009748187 -0.003308069 0.05714838 -0.009746714 -0.006829663 0.03877767 -0.009724797 0.0003292091 0.03883959 -0.009722406 -0.006945333 0.03883959 -0.009709643 0.0003011262 0.05627186 -0.009707233 -0.006917138 0.05627193 -0.009683399 0.0004831345 0.03894534 -0.009680907 -0.007099231 0.03894534 -0.009661407 0.0005452865 0.0390015 -0.009658874 -0.007161368 0.0390015 -0.009657124 0.000141332 0.05636286 -0.009654828 -0.006757318 0.0563629 -0.009652091 -0.003 0.02032453 -0.009652091 4.810876e-14 0.02032453 -0.009651447 -0.003 0.0176216 -0.009651447 4.810865e-14 0.0176216 -0.009639133 0.0006844063 0.05558404 -0.009638551 0.0005970334 0.03905986 -0.009636429 -0.00730045 0.05558416 -0.009635983 -0.0072131 0.03905986 -0.009614831 0.0006379766 0.03912041 -0.009612237 -0.007254028 0.03912041 -0.009611368 -0.006 0.02034339 -0.009610714 -0.006 0.01760276 -0.009607773 -4.468841e-05 0.05644834 -0.009605601 -0.006571247 0.05644839 -0.009590249 0.0006677177 0.03918316 -0.009587821 0.0006621034 0.05566356 -0.009587635 -0.007283752 0.03918316 -0.009586965 -0.006 0.04810483 -0.009586965 4.809566e-14 0.04810483 -0.009586946 -0.006 0.04810485 -0.009586946 -0.003 0.04810485 -0.009586946 3.057848e-13 0.04810485 -0.009586406 -0.006 0.04575938 -0.009586406 4.809556e-14 0.04575938 -0.009586388 -0.006 0.04575936 -0.009586388 -0.003 0.04575936 -0.009586388 3.057848e-13 0.04575936 -0.009585136 -0.007278093 0.05566367 -0.009564803 0.0006858581 0.03924809 -0.009562496 -0.0002526046 0.05652675 -0.009562178 -0.007301876 0.03924809 -0.009560462 -0.006363281 0.05652679 -0.009538495 0.0006919994 0.03931522 -0.009535865 -0.007308 0.03931522 -0.009516213 0.0006920069 0.05538523 -0.00951353 -0.007307992 0.05538531 -0.009492584 -0.0006667922 0.05664776 -0.00949099 0.0005754032 0.05581359 -0.00949083 -0.005949053 0.05664779 -0.009488374 -0.007191295 0.05581369 -0.009435342 -0.001132815 0.05674677 -0.0094339 -0.005483007 0.0567468 -0.009401885 0.0004362215 0.05595162 -0.009399371 -0.00705203 0.05595171 -0.009390772 -0.001640307 0.05682378 -0.009389669 -0.004975508 0.0568238 -0.009381311 -0.006 0.05269588 -0.009381311 -0.003 0.05269588 -0.009381311 1.590882e-13 0.05269588 -0.00938131 -0.006 0.05269589 -0.00938131 4.805477e-14 0.05269589 -0.009366178 -0.002032185 0.05686621 -0.009365336 -0.004583656 0.05686622 -0.0093494 -0.006 0.04786737 -0.0093494 4.804846e-14 0.04786737 -0.009349378 -0.006 0.0478674 -0.009349378 -0.003 0.0478674 -0.009349378 3.05714e-13 0.0478674 -0.009348953 -0.006 0.04599695 -0.009348953 4.804838e-14 0.04599695 -0.009348931 -0.006 0.04599693 -0.009348931 -0.003 0.04599693 -0.009348931 3.057139e-13 0.04599693 -0.00934838 -0.002436669 0.05689685 -0.009347807 -0.004179207 0.05689685 -0.009346707 0.0006845025 0.05538676 -0.009343998 -0.007300354 0.05538689 -0.009340617 0.0003012475 0.05604651 -0.009338204 -0.006917017 0.05604657 -0.009337018 -0.002869953 0.05691631 -0.00933673 -0.003745915 0.05691631 -0.009335062 -0.003 0.02043553 -0.009335062 4.804577e-14 0.02043553 -0.009334365 -0.003 0.01751076 -0.009334365 4.804564e-14 0.01751076 -0.009333134 -0.003307933 0.05692279 -0.009313154 -0.006 0.02044037 -0.009312455 -0.006 0.01750592 -0.009291975 0.0006622006 0.05546397 -0.009289287 -0.007277996 0.05546408 -0.009283627 0.0001414548 0.05613476 -0.009281329 -0.006757195 0.05613481 -0.009230077 -4.456426e-05 0.05621766 -0.009227903 -0.006571122 0.0562177 -0.009222581 0.0006921034 0.05517503 -0.009219893 -0.007307896 0.05517511 -0.009188691 0.0005755025 0.05560964 -0.009186071 -0.007191196 0.05560974 -0.009180948 -0.0002524792 0.0562937 -0.009178912 -0.006363156 0.05629374 -0.009170604 -0.006 0.04758303 -0.009170604 -0.003 0.04758303 -0.009170604 3.056607e-13 0.04758303 -0.00917059 -0.006 0.04758305 -0.00917059 4.801293e-14 0.04758305 -0.009170293 -0.006 0.04628138 -0.009170293 -0.003 0.04628138 -0.009170293 3.056607e-13 0.04628138 -0.00917028 -0.006 0.04628136 -0.00917028 4.801287e-14 0.04628136 -0.009105091 -0.0006666648 0.05641106 -0.009103335 -0.005948926 0.05641109 -0.009093651 0.0004363228 0.05574366 -0.009091133 -0.007051929 0.05574374 -0.009063202 0.0006845957 0.05517699 -0.009060487 -0.007300261 0.0551771 -0.009059589 -0.006 0.04726601 -0.009059589 -0.003 0.04726601 -0.009059589 3.056276e-13 0.04726601 -0.009059561 -0.006 0.04726606 -0.009059561 4.799087e-14 0.04726606 -0.00905943 -0.006 0.04659845 -0.00905943 -0.003 0.04659845 -0.00905943 3.056276e-13 0.04659845 -0.009059402 -0.006 0.0465984 -0.009059402 4.799084e-14 0.0465984 -0.009042984 -0.001132686 0.05650708 -0.009041542 -0.005482879 0.0565071 -0.009028302 0.0003013501 0.05583579 -0.009025887 -0.006916914 0.05583585 -0.009021902 -0.006 0.04693224 -0.009021902 -0.003 0.04693224 -0.009021902 4.798339e-14 0.04693224 -0.009021902 3.056164e-13 0.04693224 -0.009005155 0.0006622949 0.05525175 -0.00900246 -0.007277901 0.05525185 -0.009001294 -0.006 0.02047322 -0.009001294 -0.003 0.02047322 -0.009001294 4.797945e-14 0.02047322 -0.009000579 -0.006 0.01747322 -0.009000579 -0.003 0.01747322 -0.009000579 4.797932e-14 0.01747322 -0.008994631 -0.001640176 0.05658176 -0.008993527 -0.004975378 0.05658178 -0.008970105 0.0006921865 0.05497762 -0.008967952 -0.002032054 0.05662291 -0.008967516 0.0001415587 0.05592147 -0.008967397 -0.007307813 0.05497768 -0.008967111 -0.004583525 0.05662292 -0.008965217 -0.006757091 0.05592151 -0.008948649 -0.002436538 0.05665263 -0.008948076 -0.004179076 0.05665263 -0.008936332 -0.002869822 0.0566715 -0.008936044 -0.003745784 0.0566715 -0.008932129 -0.003307801 0.05667779 -0.008910401 -4.445918e-05 0.05600196 -0.008908225 -0.006571017 0.056002 -0.008895617 0.0005755988 0.0553928 -0.008892993 -0.0071911 0.05539289 -0.008858003 -0.0002523731 0.05607579 -0.008855964 -0.00636305 0.05607583 -0.008794823 0.000436421 0.05552256 -0.008792301 -0.007051831 0.05552264 -0.008789303 0.0006846857 0.05495472 -0.008786583 -0.00730017 0.05495483 -0.008777098 -0.0006665571 0.05618973 -0.008775341 -0.005948818 0.05618976 -0.008745147 -0.006 0.05220361 -0.008745147 -0.006 0.05220362 -0.008745147 -0.003 0.05220361 -0.008745147 4.792837e-14 0.05220362 -0.008745147 1.589749e-13 0.05220361 -0.0087281 0.000662386 0.05502692 -0.008725519 0.0003014497 0.05561177 -0.008725401 -0.00727781 0.05502702 -0.008723425 0.0006922675 0.05476833 -0.0087231 -0.006916814 0.05561183 -0.008720696 -0.007307732 0.05476838 -0.008710861 -0.001132577 0.05628296 -0.008709418 -0.005482769 0.05628298 -0.008689419 4.791748e-14 0.02044052 -0.008688719 4.791736e-14 0.01750607 -0.008667509 -0.006 0.02043569 -0.008667504 -0.003 0.02043569 -0.008666812 -0.006 0.01751092 -0.008666807 -0.003 0.01751091 -0.008661055 0.0001416594 0.05569474 -0.008659296 -0.001640066 0.05635547 -0.008658753 -0.00675699 0.05569478 -0.008658193 -0.004975268 0.05635548 -0.008630848 -0.002031944 0.05639543 -0.008630006 -0.004583415 0.05639543 -0.008612606 0.0005756919 0.05516314 -0.008610267 -0.002436426 0.05642427 -0.008609978 -0.007191007 0.05516323 -0.008609694 -0.004178965 0.05642427 -0.008600484 -4.435731e-05 0.05577267 -0.008598306 -0.006570915 0.05577272 -0.008597137 -0.00286971 0.0564426 -0.008596849 -0.003745672 0.0564426 -0.008592665 -0.00330769 0.0564487 -0.008544915 -0.0002522701 0.05584416 -0.008542875 -0.006362947 0.0558442 -0.008525231 0.0006847725 0.05472091 -0.008522507 -0.007300084 0.05472102 -0.008506333 0.0004365159 0.05528847 -0.008503808 -0.007051736 0.05528854 -0.008482541 0.0006923468 0.05454717 -0.008479795 -0.007307653 0.05454721 -0.008461063 0.0006624737 0.05479049 -0.008459119 -0.0006664525 0.05595449 -0.008458361 -0.007277722 0.05479059 -0.00845736 -0.005948714 0.05595452 -0.008433263 0.0003015457 0.05537462 -0.008430841 -0.006916718 0.05537468 -0.008391159 4.785821e-14 0.02034368 -0.008390506 4.78581e-14 0.01760305 -0.00838888 -0.001132471 0.05604477 -0.008387436 -0.005482664 0.05604478 -0.008365295 0.0001417566 0.05545475 -0.008362992 -0.006756893 0.05545479 -0.008350433 -0.003 0.02032483 -0.008350427 -0.006 0.02032484 -0.008349789 -0.003 0.01762192 -0.008349782 -0.006 0.01762192 -0.008339978 0.0005757815 0.05492176 -0.008337346 -0.007190917 0.05492185 -0.008334202 -0.001639959 0.05611498 -0.008333097 -0.004975161 0.05611499 -0.008304038 -0.002031836 0.05615366 -0.008303196 -0.004583307 0.05615367 -0.008301434 -4.425901e-05 0.05553002 -0.008299254 -0.006570817 0.05553006 -0.008282219 -0.002436318 0.0561816 -0.008281646 -0.004178857 0.0561816 -0.008268303 -0.002869602 0.05619934 -0.008268015 -0.003745564 0.05619934 -0.008263568 -0.003307581 0.05620525 -0.008247453 0.000692424 0.05431414 -0.008244691 -0.007307576 0.05431417 -0.008242847 -0.0002521709 0.05559906 -0.008240805 -0.006362847 0.0555991 -0.008228559 0.0004366072 0.05504254 -0.008226032 -0.007051644 0.05504261 -0.008155477 -0.006 0.05165651 -0.008155477 -0.003 0.05165651 -0.008155477 4.781121e-14 0.05165651 -0.008155477 1.588662e-13 0.05165651 -0.008152391 -0.0006663517 0.05570562 -0.008151953 0.0003016382 0.05512556 -0.008150632 -0.005948613 0.05570564 -0.008149529 -0.006916625 0.05512562 -0.008119549 4.780425e-14 0.02018695 -0.008118971 4.780415e-14 0.01775991 -0.008080695 0.0001418502 0.05520278 -0.008078391 -0.0067568 0.05520282 -0.008078341 -0.001132369 0.0557928 -0.008076897 -0.005482562 0.05579282 -0.008066 -0.006 0.02014617 -0.008065982 -0.003 0.02014619 -0.008065441 -0.006 0.01780072 -0.008065423 -0.003 0.0178007 -0.008026754 0.0006849363 0.05422283 -0.008024022 -0.00729992 0.05422293 -0.008020699 -0.001639856 0.05586061 -0.008019594 -0.004975058 0.05586062 -0.008013744 -4.416445e-05 0.05527532 -0.008011563 -0.006570723 0.05527536 -0.007988901 -0.002031733 0.05589797 -0.00798806 -0.004583203 0.05589798 -0.007987284 0.0006879225 0.03969596 -0.007984658 -0.007302904 0.03969596 -0.007984475 0.0006743346 0.03964072 -0.007981857 -0.007289314 0.03964072 -0.007981744 0.0006520017 0.03958709 -0.00797914 -0.007266979 0.03958709 -0.007979091 0.0006211813 0.03953505 -0.007976508 -0.007236157 0.03953505 -0.007974021 0.0005351061 0.03943579 -0.007971496 -0.007150078 0.03943579 -0.007970452 0.0004508701 0.03936604 -0.007967981 -0.00706584 0.03936604 -0.007967058 0.0003503771 0.03929985 -0.007965903 -0.002436214 0.05592495 -0.00796533 -0.004178753 0.05592495 -0.007964653 -0.006965345 0.03929985 -0.007963792 0.0002326421 0.0392363 -0.007961686 0.0004366949 0.05478611 -0.007961464 -0.006847608 0.0392363 -0.007960707 9.992519e-05 0.03917641 -0.007959155 -0.007051557 0.05478617 -0.007958467 -0.006714889 0.03917641 -0.007957305 0.0006626393 0.05428713 -0.007954595 -0.007277557 0.05428723 -0.00795364 -0.006446839 0.03907964 -0.007952323 -0.0002520753 0.05534185 -0.007951238 -0.002869498 0.05594208 -0.00795095 -0.00374546 0.05594208 -0.00795028 -0.006362752 0.05534189 -0.007949405 -0.006139771 0.03899424 -0.007946253 -0.003307477 0.05594779 -0.007886458 4.775793e-14 0.01997719 -0.007885979 4.775785e-14 0.01796979 -0.007881799 0.000301727 0.05486598 -0.007879374 -0.006916537 0.05486604 -0.007857494 -0.0006662548 0.05544454 -0.007855733 -0.005948516 0.05544456 -0.007828434 -0.006 0.01990871 -0.007828413 -0.003 0.01990874 -0.007827989 -0.006 0.01803829 -0.007827967 -0.003 0.01803827 -0.007826253 0.0005759503 0.05440846 -0.007823615 -0.007190748 0.05440854 -0.007807492 0.00014194 0.05494027 -0.007805186 -0.00675671 0.0549403 -0.007794664 0.0006925728 0.05381246 -0.007791876 -0.007307426 0.05381248 -0.007779864 -0.001132271 0.05552855 -0.007778419 -0.005482463 0.05552857 -0.007737676 -4.40737e-05 0.05501005 -0.007735493 -0.006570632 0.05501009 -0.007719438 -0.001639757 0.0555939 -0.007718333 -0.004974959 0.05559391 -0.007705666 0.0004367791 0.05452008 -0.007703133 -0.007051473 0.05452015 -0.007702078 4.77213e-14 0.01972353 -0.00770172 4.772124e-14 0.01822353 -0.007686106 -0.002031633 0.05562991 -0.007685264 -0.004583104 0.05562991 -0.007673627 -0.0002519838 0.05507406 -0.007671582 -0.00636266 0.05507409 -0.007662001 -0.002436115 0.0556559 -0.007661427 -0.004178653 0.0556559 -0.007649639 -0.003 0.01962437 -0.007649625 -0.006 0.01962439 -0.007649328 -0.003 0.01832272 -0.007649315 -0.006 0.0183227 -0.007646632 -0.002869398 0.05567241 -0.007646344 -0.003745359 0.05567241 -0.007641413 -0.003307377 0.05567792 -0.007622756 0.0003018122 0.05459681 -0.007620328 -0.006916451 0.05459686 -0.007617011 -0.006 0.05105894 -0.007617011 -0.003 0.05105894 -0.007617011 1.587625e-13 0.05105894 -0.007617007 -0.006 0.05105894 -0.007617007 4.770422e-14 0.05105894 -0.007574742 -0.0006661618 0.05517285 -0.007574457 4.769594e-14 0.01943709 -0.007574236 4.769591e-14 0.01851004 -0.00757298 -0.005948423 0.05517287 -0.007567486 0.0006850873 0.05368917 -0.007564747 -0.007299769 0.05368926 -0.007545637 0.000142026 0.05466817 -0.007543329 -0.006756624 0.05466821 -0.007538625 -0.003 0.01930735 -0.007538596 -0.006 0.0193074 -0.007538465 -0.003 0.01863979 -0.007538436 -0.006 0.01863974 -0.007509195 4.768298e-14 0.01913037 -0.00750912 4.768297e-14 0.01881678 -0.007500937 -0.006 0.01897358 -0.007500937 -0.003 0.01897358 -0.007493794 -0.001132177 0.05525368 -0.007493577 0.0006627918 0.05374829 -0.007492348 -0.005482369 0.05525369 -0.007490861 -0.007277404 0.05374838 -0.007473178 -4.398676e-05 0.05473521 -0.007470994 -0.006570545 0.05473525 -0.007430787 -0.001639662 0.05531654 -0.007429681 -0.004974864 0.05531656 -0.007406706 -0.000251896 0.0547967 -0.00740466 -0.006362573 0.05479673 -0.007396033 -0.002031538 0.05535118 -0.007395191 -0.004583008 0.05535119 -0.0073709 -0.002436019 0.05537619 -0.007370327 -0.004178557 0.05537619 -0.007365059 0.000692714 0.0532633 -0.007362252 -0.007307285 0.05326331 -0.00735488 -0.002869302 0.05539208 -0.007354592 -0.003745264 0.05539208 -0.007354113 0.0005761055 0.05385986 -0.007351469 -0.007190593 0.05385993 -0.007349443 -0.003307281 0.05539737 -0.007304081 -0.0006660728 0.0548916 -0.007302319 -0.005948334 0.05489163 -0.007225785 0.0004369368 0.05396249 -0.007223248 -0.007051315 0.05396255 -0.007220073 -0.001132087 0.05496925 -0.007218626 -0.005482279 0.05496927 -0.007154685 -0.001639572 0.05502964 -0.00715358 -0.004974773 0.05502965 -0.007146618 0.0006852257 0.05312558 -0.007143873 -0.007299631 0.05312566 -0.007137554 0.0003019716 0.05403305 -0.007135122 -0.006916292 0.0540331 -0.007134051 -0.006 0.05041568 -0.007134051 -0.003 0.05041568 -0.007134051 1.586644e-13 0.05041568 -0.007134047 -0.006 0.05041568 -0.007134047 4.760826e-14 0.05041568 -0.007118621 -0.002031447 0.05506292 -0.007117779 -0.004582917 0.05506292 -0.007092541 -0.002435927 0.05508694 -0.007091969 -0.004178466 0.05508694 -0.007091535 0.0006928039 0.0528708 -0.007088719 -0.007307196 0.05287082 -0.00707592 -0.00286921 0.05510221 -0.007075632 -0.003745172 0.05510221 -0.007070282 -0.003307189 0.05510729 -0.007068998 0.0006629313 0.05317975 -0.007066276 -0.007277265 0.05317983 -0.007055486 0.0001421871 0.05409867 -0.007053176 -0.006756463 0.0540987 -0.006978379 -4.382412e-05 0.05416031 -0.006976192 -0.006570382 0.05416034 -0.006922529 0.0005762474 0.05328196 -0.006919881 -0.007190451 0.05328203 -0.006907643 -0.000251732 0.05421685 -0.006905594 -0.006362409 0.05421688 -0.006828315 0.0006928905 0.05245721 -0.006826749 -0.00243584 0.05478913 -0.006826177 -0.004178378 0.05478913 -0.006825494 -0.007307109 0.05245723 -0.006809575 -0.002869123 0.05480378 -0.006809288 -0.003745084 0.05480378 -0.006803754 -0.003307102 0.05480865 -0.006798437 -0.0006659067 0.05430412 -0.006796672 -0.005948168 0.05430414 -0.006787758 0.0004370808 0.053376 -0.006785217 -0.007051171 0.05337606 -0.006762136 0.000685352 0.05253714 -0.006759387 -0.007299504 0.05253721 -0.006710455 -0.006 0.04973186 -0.006710455 -0.003 0.04973186 -0.006710455 4.752409e-14 0.04973186 -0.006710455 1.585723e-13 0.04973186 -0.006709044 -0.001131919 0.05437551 -0.006707596 -0.005482111 0.05437553 -0.006695097 0.0003021171 0.05344065 -0.006692663 -0.006916147 0.05344069 -0.006681435 0.0006630587 0.05258659 -0.006678709 -0.007277137 0.05258667 -0.006639469 -0.001639402 0.05443105 -0.006638363 -0.004974604 0.05443105 -0.006608911 0.0001423339 0.05350077 -0.006606598 -0.006756316 0.0535008 -0.006601097 -0.002031276 0.05446164 -0.006600255 -0.004582747 0.05446165 -0.006575399 0.0006929736 0.0520225 -0.006573351 -0.002435757 0.05448373 -0.006572778 -0.004178295 0.05448373 -0.006572577 -0.007307026 0.05202253 -0.006555671 -0.002869039 0.05449777 -0.006555383 -0.003745001 0.05449777 -0.006549682 -0.003307018 0.05450245 -0.006529152 0.0005763767 0.05267991 -0.006527934 -4.367606e-05 0.05355725 -0.0065265 -0.007190321 0.05267997 -0.006525745 -0.006570234 0.05355728 -0.006453649 -0.0002515827 0.05360905 -0.006451597 -0.006362259 0.05360908 -0.00644185 0.0006930173 0.04019038 -0.00643922 -0.007306982 0.04019038 -0.006408872 0.0006868955 0.04012626 -0.006406246 -0.007300839 0.04012626 -0.006405737 0.0006854692 0.05191749 -0.006402984 -0.007299387 0.05191756 -0.006389032 0.0004372118 0.05276577 -0.006386487 -0.00705104 0.05276582 -0.006376966 0.000668774 0.04006423 -0.006374353 -0.007282696 0.04006423 -0.00634961 -0.006 0.04901295 -0.00634961 4.74524e-14 0.04901295 -0.006349607 -0.006 0.04901295 -0.006349607 -0.003 0.04901295 -0.006349607 1.584863e-13 0.04901295 -0.006346135 0.0006390511 0.0400043 -0.006343541 -0.007252953 0.0400043 -0.006338964 -0.0006657556 0.053689 -0.006337198 -0.005948017 0.05368902 -0.006332787 0.0006930534 0.0515667 -0.006329966 -0.007306946 0.05156673 -0.006322438 0.0006631767 0.05196243 -0.006319708 -0.00727702 0.05196249 -0.006316377 0.0005981255 0.03994647 -0.00631381 -0.007212008 0.03994647 -0.006292694 0.0003022493 0.05282479 -0.006290257 -0.006916015 0.05282483 -0.006287693 0.0005463955 0.03989073 -0.00628516 -0.007160259 0.03989073 -0.006260083 0.0004842598 0.03983708 -0.00625759 -0.007098105 0.03983708 -0.006245089 -0.001131766 0.05375442 -0.00624364 -0.005481959 0.05375443 -0.006208084 0.0003303651 0.03973607 -0.006205693 -0.006944177 0.03973607 -0.006203087 0.0001424673 0.05287968 -0.006200773 -0.006756183 0.05287971 -0.006177629 0.0002146967 0.03967693 -0.006175313 -0.006828488 0.03967693 -0.006172027 -0.001639249 0.0538053 -0.00617092 -0.00497445 0.05380531 -0.006165254 0.0005764963 0.05204721 -0.006162599 -0.007190202 0.05204727 -0.006148867 8.529116e-05 0.03962109 -0.006146637 -0.006699064 0.03962109 -0.006131734 -0.002031122 0.05383333 -0.006130891 -0.004582593 0.05383334 -0.006118898 -4.354162e-05 0.05293124 -0.006116707 -0.006570099 0.05293127 -0.006116455 -0.006538271 0.0395623 -0.006102602 -0.002435602 0.05385357 -0.006102029 -0.00417814 0.05385357 -0.006100479 0.0006931297 0.05108978 -0.006097662 -0.00730687 0.05108984 -0.006088422 -0.00636226 0.03950768 -0.006084041 -0.002868884 0.05386643 -0.006083753 -0.003744846 0.05386643 -0.006081996 0.0006855756 0.05128079 -0.006079238 -0.007299281 0.05128086 -0.006077757 -0.003306863 0.05387072 -0.006061298 -0.006162273 0.03945481 -0.006054391 -0.006 0.0482647 -0.006054391 4.739375e-14 0.0482647 -0.006054388 -0.006 0.0482647 -0.006054388 -0.003 0.0482647 -0.006054388 1.584068e-13 0.0482647 -0.006041667 -0.0002514473 0.05297853 -0.006039614 -0.006362124 0.05297857 -0.006020626 0.0004373329 0.05212522 -0.006018078 -0.007050919 0.05212527 -0.005996622 0.0006632838 0.05132166 -0.005993888 -0.007276912 0.05132172 -0.005928016 -0.006 0.03031717 -0.005928016 -0.003 0.03031717 -0.005928016 4.736874e-14 0.03031717 -0.005923708 -0.006 0.03172552 -0.005923708 -0.003 0.03172552 -0.005923708 4.736787e-14 0.03172552 -0.005922433 -0.0006656187 0.05305153 -0.005921188 0.0003023715 0.05217884 -0.005920667 -0.00594788 0.05305155 -0.005918749 -0.006915893 0.05217888 -0.005878474 0.0006932027 0.05059176 -0.005875665 -0.007306797 0.05059184 -0.005866222 -0.006 0.02891018 -0.005866222 -0.003 0.02891018 -0.005866222 4.735647e-14 0.02891018 -0.005835523 0.0005766047 0.05139876 -0.005832865 -0.007190094 0.05139881 -0.005828699 0.0001425904 0.05222871 -0.005827158 -0.006 0.04749308 -0.005827158 -0.003 0.04749308 -0.005827158 4.73486e-14 0.04749308 -0.005827158 1.583341e-13 0.04749308 -0.005826383 -0.00675606 0.05222874 -0.005824838 -0.001131628 0.05311126 -0.005823388 -0.005481821 0.05311127 -0.005784998 0.0006851069 0.05063203 -0.005782205 -0.00729861 0.05063211 -0.005748882 -0.001639109 0.05315771 -0.005747775 -0.004974311 0.05315772 -0.005741801 -4.341767e-05 0.05227556 -0.005739609 -0.006569976 0.05227559 -0.005738463 -0.006 0.02750763 -0.005738463 -0.003 0.02750763 -0.005738463 4.733109e-14 0.02750763 -0.005724778 -0.003377023 0.03922121 -0.005724699 -0.003 0.03922418 -0.005724614 -0.003754647 0.03922737 -0.005724378 -0.002619671 0.03923626 -0.005724199 -0.004131981 0.03924299 -0.005723796 -0.002238677 0.03925819 -0.005723525 -0.004508134 0.03926841 -0.005722929 -0.00185851 0.03929087 -0.005722296 -0.004977658 0.03931472 -0.005721751 -0.001480663 0.03933526 -0.00572021 -0.001103406 0.03939331 -0.005720103 -0.005538654 0.03939735 -0.005718223 -0.0007291911 0.0394682 -0.005717509 -0.006 0.03949523 -0.005715661 -0.0003594631 0.03956472 -0.005714086 -0.000177497 0.03962409 -0.005712271 1.581997e-13 0.03969245 -0.005706995 -0.002030983 0.0531833 -0.005706151 -0.004582453 0.05318331 -0.005695044 0.0006611595 0.05067078 -0.005692276 -0.007274576 0.05067085 -0.005687293 0.0004374425 0.05146969 -0.005684743 -0.007050809 0.05146973 -0.005676711 -0.002435462 0.05320179 -0.005676137 -0.004178 0.05320179 -0.005669732 -0.006 0.04670425 -0.005669732 -0.003 0.04670425 -0.005669732 1.582684e-13 0.04670425 -0.00566973 -0.006 0.04670425 -0.00566973 4.731732e-14 0.04670425 -0.005662086 -0.0002513226 0.05231853 -0.005660031 -0.006361999 0.05231856 -0.005657418 -0.002868744 0.05321352 -0.00565713 -0.003744706 0.05321352 -0.005650891 -0.003306723 0.05321743 -0.005611809 0.0006932903 0.0499401 -0.005609001 -0.007306709 0.04994017 -0.005608612 0.0006219701 0.05070802 -0.005605879 -0.007235305 0.05070808 -0.005585379 0.0003024818 0.05151846 -0.005583368 -0.006 0.04590451 -0.005583368 4.730017e-14 0.04590451 -0.005583366 -0.006 0.04590451 -0.005583366 -0.003 0.04590451 -0.005583366 1.582096e-13 0.04590451 -0.005582939 -0.006915782 0.05151849 -0.005568751 -0.006 0.04510026 -0.005568751 -0.003 0.04510026 -0.005568751 4.729727e-14 0.04510026 -0.005568751 1.581722e-13 0.04510026 -0.00554502 -0.006 0.02611263 -0.00554502 -0.003 0.02611263 -0.00554502 4.729266e-14 0.02611263 -0.005539019 -0.0006654927 0.05238485 -0.005537251 -0.005947754 0.05238487 -0.005525702 0.0005681484 0.05074373 -0.005523015 -0.007181406 0.05074379 -0.005490587 0.0001427015 0.0515638 -0.00548827 -0.006755949 0.05156383 -0.005438287 -0.001131501 0.05243912 -0.005436836 -0.005481694 0.05243913 -0.005401526 -4.330583e-05 0.05160641 -0.005399333 -0.006569864 0.05160643 -0.005389237 0.0006858038 0.04963295 -0.005386436 -0.007299047 0.04963302 -0.005370451 0.0004190461 0.0508106 -0.005367879 -0.007032161 0.05081065 -0.005365468 0.0006933713 0.04928043 -0.005362659 -0.007306628 0.0492805 -0.005359891 -0.001638982 0.05248132 -0.005358784 -0.004974183 0.05248133 -0.005319826 -0.0002512101 0.05164548 -0.005317771 -0.006361887 0.0516455 -0.005316659 -0.002030854 0.05250458 -0.005315816 -0.004582325 0.05250458 -0.005300535 0.0006635145 0.04966598 -0.005297756 -0.007276671 0.04966604 -0.00528632 -0.006 0.02472824 -0.00528632 -0.003 0.02472824 -0.00528632 4.724127e-14 0.02472824 -0.005285405 -0.002435333 0.05252137 -0.005284832 -0.004177872 0.05252137 -0.005265497 -0.002868615 0.05253203 -0.005265209 -0.003744577 0.05253203 -0.00526326 0.0002733434 0.05085676 -0.005260797 -0.006886364 0.05085681 -0.005258764 -0.003306594 0.05253559 -0.005193697 -0.0006653792 0.05170579 -0.005191929 -0.00594764 0.05170581 -0.005163997 0.0001008901 0.05089951 -0.005163798 0.0006934376 0.04868303 -0.005161659 -0.006713825 0.05089955 -0.005160988 -0.007306562 0.04868309 -0.005133157 0.0005768428 0.04972828 -0.005130449 -0.007189837 0.04972834 -0.005090459 -0.001131387 0.05175514 -0.005089009 -0.005481579 0.05175515 -0.005072661 -9.625629e-05 0.05093883 -0.005070465 -0.006516602 0.05093887 -0.005039741 0.0006859186 0.04861674 -0.005036937 -0.007298932 0.0486168 -0.005010115 -0.001638867 0.05179352 -0.005009007 -0.004974068 0.05179352 -0.004989255 -0.0003160383 0.05097473 -0.004987214 -0.006296752 0.05097476 -0.004981555 0.0006934975 0.04807941 -0.004979149 0.0004376909 0.04978561 -0.004978744 -0.007306502 0.04807946 -0.004976547 -0.007050537 0.04978566 -0.00496581 -0.002030739 0.05181466 -0.004964966 -0.00458221 0.05181467 -0.004962933 -0.006 0.02335752 -0.004962933 -0.003 0.02335752 -0.004962933 4.717702e-14 0.02335752 -0.004949463 0.0005769032 0.04921603 -0.004949456 0.0006636299 0.04864514 -0.004946754 -0.007189777 0.04921609 -0.004946674 -0.007276556 0.0486452 -0.00493378 -0.002435218 0.05182993 -0.004933207 -0.004177756 0.05182993 -0.004913778 -0.0005563986 0.05100722 -0.004913379 -0.002868499 0.05183963 -0.004913091 -0.003744461 0.05183963 -0.004911905 -0.006056334 0.05100724 -0.004906482 -0.003306478 0.05184286 -0.004893528 0.0006935263 0.04062795 -0.004890898 -0.007306473 0.04062795 -0.004873382 0.0003029104 0.04982497 -0.004870886 -0.006915666 0.04982502 -0.004851843 0.0006935401 0.047596 -0.004849031 -0.007306459 0.04759605 -0.004846231 -0.0008152797 0.05103628 -0.004844537 -0.005797402 0.0510363 -0.004843444 0.0006859831 0.04794961 -0.004840639 -0.007298868 0.04794966 -0.004829719 0.0006935472 0.04070633 -0.00482155 0.000685421 0.04055598 -0.004818925 -0.007298321 0.04055598 -0.004794061 0.0004377518 0.04926946 -0.004791458 -0.007050476 0.04926951 -0.004791329 -0.00730644 0.0407612 -0.004779092 0.0005769591 0.04869873 -0.004776382 -0.007189721 0.04869878 -0.004774996 0.0001433666 0.04986158 -0.004772622 -0.006756043 0.04986162 -0.004752283 0.0006614637 0.04048673 -0.004752164 0.0006636947 0.04797463 -0.004749674 -0.007274318 0.04048673 -0.004749381 -0.007276491 0.04797468 -0.004746843 0.0006935745 0.04084995 -0.004739869 -0.007306424 0.04085921 -0.004736326 0.0006935781 0.04710902 -0.00473493 -0.001380374 0.05108416 -0.004733625 -0.005232232 0.05108417 -0.004733513 -0.007306421 0.04710906 -0.00470376 0.0006935887 0.0409525 -0.004687821 0.0006690527 0.04060491 -0.004687336 0.0003029715 0.04930615 -0.004685727 0.000622264 0.0404202 -0.004684839 -0.006915605 0.04930619 -0.004683144 -0.007235075 0.0404202 -0.004682346 -4.280134e-05 0.04989605 -0.004680097 -0.006569776 0.04989609 -0.004676059 -0.007278521 0.04059843 -0.004673168 0.0006860391 0.04727504 -0.004673041 -0.001830848 0.05111076 -0.004672046 -0.00478174 0.05111077 -0.004670361 -0.007298812 0.04727509 -0.004661838 -0.007306398 0.04106784 -0.004635892 0.000693611 0.04661869 -0.004635871 0.000693611 0.0411645 -0.004633194 -0.007306388 0.04116449 -0.004633079 -0.007306388 0.04661873 -0.004628498 -0.002301669 0.05112988 -0.004627823 -0.004310918 0.05112989 -0.004623219 0.0006690739 0.04070689 -0.004622338 0.0004378082 0.04874802 -0.004621882 0.0005684314 0.04035638 -0.004619733 -0.00705042 0.04874807 -0.004619335 -0.0071812 0.04035638 -0.004610701 -0.0072785 0.04070153 -0.004600775 -0.002800299 0.05114175 -0.004600436 -0.003812265 0.05114175 -0.004597362 -0.0002509173 0.04992767 -0.004595253 -0.006361564 0.04992771 -0.00459511 0.0006936244 0.0413256 -0.004592422 -0.007306375 0.04132558 -0.004591418 -0.003306375 0.05114571 -0.00458806 0.000143428 0.04934027 -0.004585685 -0.006755982 0.04934031 -0.004580945 0.000663751 0.04729633 -0.004579922 0.0005770246 0.04802184 -0.00457816 -0.007276435 0.04729637 -0.00457721 -0.007189656 0.04802188 -0.004575572 -0.006 0.02200349 -0.004575572 -0.003 0.02200349 -0.004575572 4.710006e-14 0.02200349 -0.004574542 -0.007281828 0.04079881 -0.004566845 0.0006657522 0.04079421 -0.004560749 0.0005005756 0.04029527 -0.004558246 -0.007113304 0.04029527 -0.004554991 0.000597635 0.04051081 -0.004551442 0.0006936388 0.04612538 -0.004548629 -0.007306361 0.04612541 -0.004538131 0.0006855053 0.04113728 -0.004537014 -0.007281816 0.040891 -0.004535461 -0.007298211 0.04113727 -0.004535439 -0.007197455 0.04049877 -0.004533504 0.0006936446 0.04165324 -0.004531312 0.0006860857 0.04659361 -0.004530794 -0.007306355 0.04165322 -0.004529094 0.0006657646 0.04088699 -0.004528503 -0.007298765 0.04659364 -0.004517434 -0.006 -0.00214308 -0.004517434 -0.003 -0.00214308 -0.004517434 4.708864e-14 -0.00214308 -0.004514684 0.0003030283 0.04878188 -0.004512186 -0.006915548 0.04878192 -0.004502327 0.0004193064 0.04023688 -0.004499877 -0.007031996 0.04023688 -0.004498776 -0.007281803 0.04100466 -0.004494572 -4.273962e-05 0.0493724 -0.004492322 -0.006569714 0.04937244 -0.004490711 0.0006657773 0.0410012 -0.00448391 0.000693661 0.04562945 -0.004481097 -0.007306338 0.04562947 -0.004479406 0.0005976598 0.04062911 -0.004471566 0.000693665 0.0421493 -0.004468822 -0.007306334 0.04214928 -0.004466318 -0.0006650625 0.04997641 -0.004464499 -0.005947295 0.04997644 -0.00445845 -0.00719743 0.04061916 -0.004444073 0.0006615484 0.04111109 -0.004441421 -0.007274185 0.04111108 -0.004438246 0.0006637979 0.04661082 -0.004435459 -0.007276388 0.04661085 -0.004434464 0.0006936772 0.04513139 -0.004432961 0.0006936777 0.04263997 -0.004431654 0.0004825373 0.04042345 -0.004431652 -0.007306322 0.04513141 -0.004430184 -0.007306322 0.04263995 -0.004424933 -0.007210318 0.0407321 -0.00442144 0.0004378742 0.04806527 -0.004420286 0.0006861222 0.04590622 -0.004419779 0.0002735859 0.04015439 -0.004418834 -0.007050354 0.04806531 -0.004417476 -0.007298728 0.04590625 -0.004417426 -0.006886221 0.04015439 -0.004414544 0.0001434851 0.04881337 -0.004412168 -0.006755925 0.0488134 -0.004410279 0.0006936852 0.04313165 -0.004408818 -0.0002508553 0.04940187 -0.004408354 0.0005847842 0.04072356 -0.00440747 -0.007306314 0.04313164 -0.004406923 0.0005770814 0.04733649 -0.004406708 -0.006361502 0.04940191 -0.004405654 -0.00706719 0.04040678 -0.004404694 0.000693687 0.04463181 -0.00440421 -0.007189599 0.04733653 -0.004401882 -0.007306313 0.04463182 -0.004394073 0.0006936905 0.04413144 -0.00439322 -0.00728174 0.04142331 -0.004391263 -0.007306309 0.04413144 -0.004384864 0.0006658096 0.04142118 -0.004384158 -0.007210304 0.04083276 -0.004367164 0.0005847977 0.04082531 -0.004365938 -0.007281731 0.04157587 -0.004359057 -0.001131045 0.05001628 -0.004357561 -0.005481212 0.05001631 -0.004357532 0.0006658185 0.04157404 -0.004353699 0.00062235 0.04108592 -0.004351085 0.0003778846 0.04036638 -0.004351074 -0.00723492 0.04108591 -0.004345874 0.0004825655 0.0405569 -0.004343812 -0.007210291 0.04095441 -0.004343334 0.0001011144 0.04007801 -0.004342772 0.0006861477 0.04521392 -0.004341094 -0.0067137 0.04007801 -0.004339961 -0.007298703 0.04521393 -0.004326548 0.000584811 0.04094798 -0.004326515 0.0006638346 0.04591908 -0.004323727 -0.007276351 0.04591911 -0.004320243 -4.268232e-05 0.04884301 -0.004318052 -0.006943768 0.04034468 -0.004317991 -0.006569656 0.04884304 -0.004317929 -0.007067161 0.04054313 -0.0043126 0.0003030947 0.0480951 -0.004310101 -0.006915482 0.04809513 -0.004308568 0.0006855883 0.0431282 -0.004305771 -0.007298123 0.0431282 -0.004304803 -0.007281711 0.04203239 -0.004298357 0.0006861623 0.04434344 -0.004296475 0.0006861629 0.04382224 -0.004296307 0.0006658387 0.0420312 -0.004295545 -0.007298688 0.04434344 -0.004293664 -0.007298688 0.04382224 -0.004286053 -0.007095134 0.04067016 -0.004276589 -0.0006650001 0.0494473 -0.004275582 -0.001638499 0.0500473 -0.004275154 0.0002545839 0.04031261 -0.004274769 -0.005947232 0.04944732 -0.004274437 -0.00497368 0.05004732 -0.004272991 -9.605038e-05 0.04000774 -0.004270881 -0.006516489 0.04000774 -0.004267008 0.0005685197 0.04106179 -0.004264421 -0.007181026 0.04106178 -0.004262636 0.0005771289 0.0466433 -0.004262036 0.0004546096 0.04065835 -0.004259921 -0.007189551 0.04664333 -0.004258509 -0.007281696 0.04257948 -0.004258391 0.0003775743 0.0405096 -0.004249972 0.0006658539 0.04257876 -0.004248471 0.0006638603 0.04522208 -0.004246803 0.0004379316 0.04737344 -0.004245682 -0.007276326 0.0452221 -0.004244195 -0.007050296 0.04737347 -0.004242263 -0.007095119 0.04077869 -0.004236181 -0.00679791 0.04028664 -0.004233743 -0.0002507978 0.0488702 -0.00423276 -0.007210202 0.04139222 -0.004231632 -0.006361444 0.04887024 -0.004229588 -0.00202998 0.05006438 -0.004228712 -0.004582161 0.0500644 -0.004226134 -0.006 -0.002671884 -0.004226134 4.703076e-14 -0.002671884 -0.004222822 -0.006943359 0.04049166 -0.004217672 0.0004546242 0.04076838 -0.004214874 0.0005848453 0.04138826 -0.004213213 -0.003 -0.002692366 -0.004211357 0.0001435519 0.04812284 -0.00421069 0.0006616402 0.04312489 -0.00420898 -0.006755858 0.04812287 -0.004208753 -0.0003158509 0.03994358 -0.004207916 -0.007274083 0.04312489 -0.004206787 -0.006296646 0.03994358 -0.004204737 -0.007210193 0.04154914 -0.004203733 0.0006638749 0.04434479 -0.004201827 0.0006638755 0.04382127 -0.004200944 -0.007276311 0.04434479 -0.004199959 -0.007095105 0.04090775 -0.004199037 -0.00727631 0.04382127 -0.004196323 -0.002434048 0.05007672 -0.004195725 -0.004178066 0.05007673 -0.004195191 -0.006990221 0.04062964 -0.004193842 9.177585e-05 0.04025504 -0.004186757 0.0005848545 0.04154573 -0.004175962 0.0002538268 0.04046503 -0.004175089 -0.00286769 0.05008457 -0.004174994 0.0004546382 0.04089885 -0.004174788 -0.003744404 0.05008457 -0.004168358 -0.001130982 0.04948446 -0.004167911 -0.003306044 0.05008719 -0.004166862 -0.005481149 0.04948449 -0.004163079 0.0003310082 0.04061425 -0.004155507 -0.006620127 0.04022944 -0.004150618 -0.0005562297 0.03988553 -0.004149574 0.000577166 0.04594334 -0.004149182 -0.006989892 0.04074323 -0.00414881 -0.006056229 0.03988553 -0.004146858 -0.007189514 0.04594336 -0.004142293 -0.007210172 0.04201493 -0.004136839 0.0003031524 0.04739881 -0.004134338 -0.006915424 0.04739884 -0.004133955 -0.006797 0.04044357 -0.004125089 -0.006 0.02066913 -0.004125089 -0.003 0.02066913 -0.004125089 4.701056e-14 0.02066913 -0.004124146 0.0005848751 0.04201271 -0.004118624 -9.240218e-05 0.04020179 -0.004116646 0.0006224504 0.04312171 -0.004116329 0.0003306935 0.04072979 -0.004116017 -4.261521e-05 0.04814896 -0.004113904 -0.007234806 0.04312171 -0.004113764 -0.006569589 0.04814898 -0.004109589 -0.006866599 0.04059145 -0.004105383 -0.006989614 0.04087707 -0.004104677 0.0004194016 0.04101659 -0.004102191 -0.007031789 0.04101658 -0.004101054 0.0004379795 0.04667318 -0.004100363 -0.0006649422 0.04891212 -0.004098588 -0.0008151289 0.03983359 -0.004098542 -0.005947175 0.04891214 -0.004098445 -0.007050249 0.0466732 -0.004096951 -0.005797296 0.03983359 -0.004095397 -0.007210156 0.042569 -0.004088185 9.135803e-05 0.04041758 -0.004084129 -0.001638437 0.04951337 -0.004083805 -0.007094994 0.04136336 -0.004082983 -0.004973618 0.04951339 -0.004081297 -0.006420562 0.04017681 -0.004077174 0.0005848905 0.04256767 -0.004072039 0.0003304142 0.04086548 -0.004070587 0.0001848895 0.04057303 -0.004070529 0.000577192 0.04523749 -0.004067812 -0.007189488 0.04523751 -0.004061503 -0.006865854 0.04070981 -0.004057942 0.0004546765 0.04135786 -0.004055094 -0.007094985 0.04152431 -0.004052665 -0.001090491 0.03978776 -0.004051208 -0.005521904 0.03978776 -0.004046862 -0.006619594 0.04039643 -0.004037719 -0.002029917 0.04952929 -0.004036843 -0.004582098 0.0495293 -0.00403455 0.00014361 0.04742241 -0.004034339 -0.006989568 0.04112146 -0.004033967 -0.0003474589 0.04014186 -0.004032171 -0.0067558 0.04742244 -0.0040291 0.000454686 0.04151959 -0.004028564 -0.0002507304 0.04817291 -0.004026452 -0.006361377 0.04817294 -0.004026434 0.0005686284 0.04311866 -0.004025183 0.0005772069 0.04434734 -0.004023734 -0.0071809 0.04311866 -0.004023231 0.0005772076 0.04381946 -0.004022465 -0.007189474 0.04434734 -0.004021625 0.0001841391 0.04069374 -0.004020513 -0.007189473 0.04381945 -0.004018248 -0.006703936 0.0405507 -0.00401631 -0.006865229 0.04084818 -0.004012847 -0.001380258 0.03974804 -0.004011581 -0.00523211 0.03974804 -0.004006972 -9.236547e-05 0.04037369 -0.004004154 -0.002433985 0.04954079 -0.004003556 -0.004178003 0.04954079 -0.004000188 0.0003305261 0.04111257 -0.003992599 0.0002736882 0.04098539 -0.003991435 -0.007094964 0.04199872 -0.003991191 -0.001130924 0.04894641 -0.003990211 -0.006885993 0.04098538 -0.003990086 0.0003032007 0.0466937 -0.003989694 -0.005481091 0.04894643 -0.003987584 -0.006915376 0.04669372 -0.003986768 0.0004380171 0.04596566 -0.003985927 -0.006989552 0.04134439 -0.003984158 -0.007050211 0.04596568 -0.003982729 -0.002867627 0.0495481 -0.003982429 -0.003744341 0.04954811 -0.003979739 7.404638e-06 0.04053255 -0.003975843 0.0001834716 0.0408343 -0.003975487 -0.00330598 0.04955054 -0.003968429 -0.006703502 0.04067434 -0.003968428 -0.006030209 0.04009675 -0.003966731 -0.006420524 0.04035305 -0.00396521 0.000454707 0.04199564 -0.003965161 -0.001830772 0.03970051 -0.003964191 -0.004781566 0.03970051 -0.003958649 -0.0006295374 0.04008856 -0.003956764 -0.006989542 0.041508 -0.003951398 0.0003305421 0.04133723 -0.00394398 -0.007094948 0.04255928 -0.003943098 -0.006865255 0.04109926 -0.003938224 -4.255677e-05 0.04744463 -0.003935971 -0.006569531 0.04744466 -0.003933767 -0.006519976 0.04051301 -0.00393083 -0.002301631 0.03966634 -0.00393017 -0.004310684 0.03966634 -0.003929047 6.985963e-06 0.04065849 -0.003922163 -0.006703136 0.04081763 -0.003922065 0.0003305518 0.04150185 -0.003917649 0.0004547226 0.04255743 -0.003915093 -0.0003481332 0.04032404 -0.003909452 -0.002800265 0.03964512 -0.00390912 -0.003812036 0.03964512 -0.003906803 0.0004380434 0.04525167 -0.00390623 -0.001638378 0.04897309 -0.003905084 -0.004973559 0.04897311 -0.003904191 -0.007050185 0.04525168 -0.003902215 -0.003306148 0.03963805 -0.003901656 0.0001837013 0.04108862 -0.003896136 -0.0001917911 0.04049531 -0.00389374 -0.006865239 0.04132652 -0.003893716 -0.0006648743 0.04820984 -0.003892307 -0.006989521 0.04198806 -0.003891894 -0.005947106 0.04820986 -0.003891611 -0.0009409584 0.04004113 -0.003888811 0.0001012253 0.0409565 -0.003886863 0.0001436585 0.04671278 -0.003886539 -0.006713454 0.04095649 -0.003884484 -0.006755752 0.0467128 -0.003882329 -0.006519958 0.04064151 -0.003882205 6.613842e-06 0.04080396 -0.003874959 0.0003032385 0.04598098 -0.003874808 -0.005589713 0.04003031 -0.003873286 -0.006 -0.003161886 -0.003873286 4.696066e-14 -0.003161886 -0.003872457 -0.006915338 0.045981 -0.003865197 0.000438057 0.04452985 -0.003864151 -0.006865229 0.04149264 -0.003862586 -0.007050171 0.04452985 -0.003859417 -0.002029858 0.04898777 -0.003858902 0.0004380591 0.04381778 -0.003858541 -0.004582039 0.04898779 -0.00385751 0.0004195267 0.04311295 -0.003857306 0.0003305731 0.04198405 -0.00385629 -0.007050169 0.04381778 -0.003854922 -0.007031641 0.04311294 -0.003851845 0.0001837177 0.04131796 -0.003849868 -0.0002506716 0.04746501 -0.003847755 -0.006361318 0.04746503 -0.003846559 -0.006703089 0.04107577 -0.003844517 -0.006030169 0.04028687 -0.003844484 -0.006989505 0.04255289 -0.003843836 -0.000191774 0.04062606 -0.003842548 -0.003 -0.003199191 -0.003838338 -0.006264182 0.04047043 -0.003835058 -0.006519943 0.04078937 -0.003834238 -0.001273746 0.04000056 -0.003833378 -0.000631058 0.04027988 -0.003825562 -0.002433926 0.04899838 -0.003824963 -0.004177944 0.04899839 -0.003822052 0.0001837275 0.04148528 -0.003809345 0.0003305888 0.04255047 -0.003805624 6.763404e-06 0.04106528 -0.003803952 -0.002867568 0.04900514 -0.003803651 -0.003744282 0.04900514 -0.003800436 -0.005108403 0.0399775 -0.003798942 -0.006865208 0.04197803 -0.003796647 -0.003305922 0.04900739 -0.003796201 -0.006703073 0.04130762 -0.003796005 -0.0001917582 0.04077603 -0.003794361 0.000303265 0.04526141 -0.003793313 -9.592988e-05 0.04092992 -0.003791858 -0.006915312 0.04526142 -0.003791173 -0.006516229 0.04092992 -0.003789659 -4.250795e-05 0.04673075 -0.003787405 -0.006569482 0.04673077 -0.003784713 -0.006263829 0.04060429 -0.003783342 -0.001130856 0.04824006 -0.003781844 -0.005481023 0.04824007 -0.003770955 0.0001436966 0.04599524 -0.003768694 -0.0005820649 0.04043855 -0.003768574 -0.006755713 0.04599525 -0.003766161 -0.006703063 0.04147638 -0.003761033 -0.0009417563 0.04024081 -0.003757285 -0.004726249 0.03994684 -0.003757245 -0.006519803 0.04105403 -0.003756482 0.000183749 0.04197322 -0.003754819 6.780108e-06 0.04129917 -0.003753501 -0.005981245 0.04043256 -0.003752409 0.0003032788 0.04453299 -0.003750773 -0.006865191 0.04254686 -0.003749905 -0.006915298 0.04453299 -0.003749058 -0.001983791 0.03994037 -0.003746047 0.0003032808 0.04381664 -0.003743542 -0.006915296 0.04381664 -0.003743143 -0.005589669 0.04023196 -0.003740881 0.000273825 0.043109 -0.003738398 -0.00688583 0.043109 -0.003735951 -0.006263399 0.04075721 -0.003724958 -0.004330322 0.03992384 -0.003717226 -0.0001917149 0.0410438 -0.003713631 -0.0005820468 0.04057651 -0.003713628 -0.0006648151 0.04749643 -0.003711805 -0.005947047 0.04749644 -0.003708147 0.0001837649 0.04254398 -0.003706105 -0.0003157197 0.04090566 -0.00370596 -0.006519786 0.04129012 -0.003704114 -0.006296375 0.04090565 -0.0037019 -0.002738822 0.03990714 -0.003700497 -0.0002506225 0.04674723 -0.003700155 -0.006703041 0.04196741 -0.0036991 -0.001273701 0.04020737 -0.003698383 -0.006361269 0.04674725 -0.003697946 -0.005980492 0.04057121 -0.003697447 -0.001638309 0.04826356 -0.0036963 -0.004973491 0.04826357 -0.00369277 -0.003512894 0.03990084 -0.003689769 0.0001437233 0.04527046 -0.003687388 -0.006755687 0.04527047 -0.003678414 -0.005670462 0.04039904 -0.003673014 -4.246962e-05 0.04600866 -0.003670759 -0.006569444 0.04600867 -0.003665505 -0.0001916979 0.04128188 -0.003664007 -0.0005820305 0.04073327 -0.003662906 -0.001022496 0.04039145 -0.003662607 -0.005108357 0.04018831 -0.003658217 6.811874e-06 0.04196267 -0.003655799 -0.0062636 0.04102934 -0.003651621 -0.006703025 0.04254049 -0.003650119 -0.002029789 0.0482765 -0.003649242 -0.00458197 0.0482765 -0.003647877 -0.00597957 0.04072862 -0.003647493 0.0001437372 0.04453591 -0.003645112 -0.006755673 0.04453592 -0.003641069 0.0001437392 0.04381557 -0.003638688 -0.006755671 0.04381557 -0.003632878 0.0001013732 0.04310535 -0.003630519 -0.006713278 0.04310535 -0.00362719 -0.0005560869 0.0408837 -0.003625359 -0.00605595 0.0408837 -0.003621342 -0.005670048 0.04054199 -0.003615891 -0.002433857 0.04828584 -0.003615878 -0.004726202 0.04016297 -0.003615293 -0.004177876 0.04828585 -0.003614178 -0.005338434 0.04037035 -0.003612479 -0.006 0.01935738 -0.003612479 -0.003 0.01935738 -0.003612479 4.690871e-14 0.01935738 -0.003609519 6.827891e-06 0.04253765 -0.003608762 -0.006519754 0.04195758 -0.003606896 -0.001983744 0.04015762 -0.003605551 -0.001022477 0.04053539 -0.003603463 -0.006263583 0.04127025 -0.003602114 -0.001130796 0.04752213 -0.003600616 -0.005480963 0.04752214 -0.003594044 -0.002867499 0.04829179 -0.003593744 -0.003744213 0.04829179 -0.003591275 -4.244276e-05 0.04527898 -0.003589019 -0.006569417 0.04527899 -0.003586662 -0.003305853 0.04829378 -0.003583177 -0.000250584 0.04602097 -0.003581944 -0.0005819743 0.04101093 -0.003581062 -0.00636123 0.04602098 -0.003580867 -0.004330275 0.04014396 -0.003578775 -0.001503754 0.04035401 -0.003570359 -0.005669544 0.04070345 -0.003567764 -0.0001916658 0.04195295 -0.003565631 -0.005980182 0.04100739 -0.003563013 -0.0006647656 0.04677263 -0.00356119 -0.005946998 0.04677265 -0.003559888 -0.006519738 0.0425346 -0.003556567 -0.0008149739 0.04086406 -0.003555858 -0.002738774 0.04013015 -0.003555797 -0.005338414 0.04051698 -0.003554909 -0.005797011 0.04086405 -0.003554438 -0.00102246 0.04069779 -0.003548695 -4.242877e-05 0.04453866 -0.003546438 -0.006569403 0.04453867 -0.003545995 -0.003512846 0.04012495 -0.003542213 -4.242666e-05 0.04381456 -0.003539956 -0.006569401 0.04381456 -0.003533503 -9.577119e-05 0.04310199 -0.003531283 -0.006516041 0.04310199 -0.003529891 -0.001885877 0.04033227 -0.003528824 -0.0005819569 0.04125543 -0.003519598 -0.001503734 0.04050271 -0.00351873 -0.0001916496 0.04253182 -0.003518704 -0.004628329 0.04032768 -0.003515333 -0.00163825 0.04754212 -0.003514185 -0.004973431 0.04754213 -0.003512359 -0.005980164 0.04125258 -0.003504954 -0.006263551 0.04194642 -0.003504017 -0.005338398 0.0406819 -0.00350093 -0.0002505569 0.0452868 -0.003498814 -0.006361203 0.04528681 -0.003493192 -0.002281781 0.04031596 -0.003486061 -0.005669798 0.04098802 -0.003469656 -0.001885857 0.04048373 -0.003469651 -0.00102239 0.04098365 -0.003467517 -0.002029729 0.04755313 -0.003467302 -0.001503717 0.04066959 -0.00346664 -0.004581911 0.04755314 -0.003466099 -0.003873265 0.04030412 -0.003463946 -0.006 -0.003605758 -0.003463946 4.687933e-14 -0.003605758 -0.003458246 -0.004628309 0.04047973 -0.003458071 -0.0002505429 0.04454119 -0.003456354 -0.003099187 0.04029966 -0.003455955 -0.006361189 0.04454119 -0.003455695 -0.006263535 0.0425279 -0.003451535 -0.0002505407 0.04381364 -0.003450484 -0.001130746 0.04679342 -0.003449419 -0.006361187 0.04381364 -0.003448984 -0.005480914 0.04679343 -0.003444653 -0.0006647267 0.04603994 -0.003442828 -0.005946959 0.04603996 -0.003442755 -0.0003155509 0.04309892 -0.00344069 -0.006296177 0.04309892 -0.003440201 -0.001380078 0.0408317 -0.003438919 -0.005231822 0.0408317 -0.003432937 -0.002433797 0.04756108 -0.003432338 -0.004177815 0.04756108 -0.003432163 -0.002281761 0.0404695 -0.003431964 -0.00566978 0.04123699 -0.003429338 -0.0005819241 0.0419381 -0.003417976 -0.005338238 0.04097143 -0.003416672 -0.00188584 0.04065321 -0.003415368 -0.001022372 0.04123348 -0.003412686 -0.005980131 0.0419365 -0.003411283 -0.003 -0.003655564 -0.003410866 -0.002867439 0.04756614 -0.003410565 -0.003744153 0.04756614 -0.003405118 -0.004628292 0.04064976 -0.003404494 -0.003873245 0.04045916 -0.003403408 -0.003305792 0.04756783 -0.003394532 -0.003099167 0.04045527 -0.003380347 -0.001503632 0.04096198 -0.003379792 -0.0005819079 0.04252291 -0.003378665 -0.002281744 0.04064093 -0.003375589 -0.001829807 0.04081375 -0.003374607 -0.004782045 0.04081375 -0.003363173 -0.00533822 0.04122364 -0.003363085 -0.005980115 0.04252195 -0.003362911 -0.0016382 0.04680959 -0.003361763 -0.004973381 0.04680959 -0.003361622 -0.0006646994 0.04529885 -0.003360636 -0.0005559085 0.04309615 -0.003359797 -0.005946932 0.04529886 -0.003358738 -0.006055743 0.04309615 -0.003350621 -0.003873227 0.04063201 -0.003340518 -0.003099149 0.04062865 -0.003331271 -0.001130707 0.04605547 -0.003331263 -0.005669747 0.04192774 -0.003329771 -0.005480874 0.04605548 -0.003329057 -0.002299827 0.04080083 -0.00332846 -0.001885743 0.04094939 -0.003328387 -0.004311991 0.04080083 -0.003325141 -0.001503614 0.04121603 -0.003318333 -0.0006646852 0.04454508 -0.003316618 -0.004628137 0.04094673 -0.003316508 -0.005946918 0.04454508 -0.003314659 -0.002029679 0.04681849 -0.003314435 -0.001022339 0.04192577 -0.003313782 -0.00458186 0.04681849 -0.003311716 -0.000664683 0.04381222 -0.003309891 -0.005946915 0.04381222 -0.00329999 -0.002799218 0.04079279 -0.003299653 -0.003812578 0.04079279 -0.003290189 -0.003305895 0.0407901 -0.003289507 -0.002281636 0.04093995 -0.003287146 -0.0008147866 0.04309366 -0.003285429 -0.005796797 0.04309366 -0.003281359 -0.005669731 0.0425167 -0.003279765 -0.002433746 0.04682492 -0.003279166 -0.004177765 0.04682492 -0.003272717 -0.001885725 0.0412059 -0.003264464 -0.001022322 0.04251551 -0.003261591 -0.005338187 0.04192024 -0.003260767 -0.003873082 0.04093308 -0.003260762 -0.004628118 0.04120376 -0.003257494 -0.002867388 0.04682901 -0.003257193 -0.003744102 0.04682901 -0.003250413 -0.00309902 0.0409305 -0.003249969 -0.003305742 0.04683038 -0.0032476 -0.00113068 0.04530872 -0.0032461 -0.005480847 0.04530872 -0.003243036 -0.00163816 0.04606755 -0.003241888 -0.004973341 0.04606755 -0.003233362 -0.002281617 0.0411983 -0.003223058 -0.00150358 0.04191597 -0.003211429 -0.00533817 0.0425122 -0.003204329 -0.003873064 0.04119278 -0.003203959 -0.001130665 0.04454826 -0.003202459 -0.005480833 0.04454826 -0.003197274 -0.001130663 0.04381105 -0.003195774 -0.00548083 0.04381105 -0.00319442 -0.00202964 0.0460742 -0.003193866 -0.003099002 0.0411907 -0.003193542 -0.00458182 0.0460742 -0.003172748 -0.001503564 0.04250963 -0.003169966 -0.001885691 0.04191027 -0.003166056 -0.001379875 0.04308957 -0.00316473 -0.005231596 0.04308957 -0.003159262 -0.002433707 0.046079 -0.003158867 -0.001638132 0.04531639 -0.003158663 -0.004177725 0.046079 -0.00315787 -0.004628084 0.04190907 -0.003157718 -0.004973313 0.04531639 -0.003136823 -0.002867349 0.04608206 -0.003136522 -0.003744063 0.04608206 -0.00313011 -0.002281584 0.04190601 -0.003129242 -0.003305702 0.04608308 -0.00311946 -0.001885675 0.04250622 -0.003114952 -0.001638118 0.04455074 -0.003113803 -0.004973299 0.04455074 -0.003109977 -0.002029612 0.04532061 -0.003109099 -0.004581793 0.04532061 -0.003108215 -0.001638116 0.04381015 -0.003107323 -0.004628068 0.0425055 -0.003107066 -0.004973297 0.04381015 -0.003100713 -0.00387303 0.0419029 -0.003098733 -0.001830311 0.0430873 -0.003097718 -0.004781097 0.0430873 -0.003090112 -0.003098968 0.04190174 -0.003079457 -0.002281567 0.04250366 -0.003074621 -0.002433679 0.04532366 -0.003074021 -0.004177698 0.04532367 -0.003065911 -0.002029598 0.0445521 -0.003065033 -0.004581779 0.0445521 -0.003059145 -0.002029595 0.04380965 -0.003058267 -0.004581776 0.04380965 -0.003052056 -0.002867321 0.0453256 -0.003051754 -0.003744035 0.04532561 -0.003050281 -0.002301092 0.04308567 -0.003049953 -0.003873013 0.0425018 -0.00304959 -0.004310271 0.04308567 -0.003044433 -0.003305674 0.04532625 -0.003039312 -0.003098951 0.0425011 -0.00303887 -0.006 0.01807114 -0.00303887 -0.003 0.01807114 -0.00303887 4.679474e-14 0.01807114 -0.003030446 -0.002433665 0.04455308 -0.003029847 -0.004177683 0.04455308 -0.00302366 -0.002433662 0.04380929 -0.00302306 -0.004177681 0.04380929 -0.003020126 -0.00279975 0.04308465 -0.003019778 -0.003811585 0.04308465 -0.003009958 -0.003305663 0.04308431 -0.003007812 -0.002867306 0.04455371 -0.00300751 -0.00374402 0.04455371 -0.003004059 -0.006 -0.003996979 -0.003004059 4.678795e-14 -0.003996979 -0.003001012 -0.002867304 0.04380906 -0.003000711 -0.003744018 0.04380906 -0.003000166 -0.00330566 0.04455392 -0.002993362 -0.003305658 0.04380899 -0.002926221 -0.003 -0.004054286 -0.002797484 0.004542478 0.0001181337 -0.002795518 0.003 0.000158369 -0.002785918 0.003 -0.0002809683 -0.002785601 0.004542593 -0.0002816795 -0.002752165 0.004542565 0.0005145337 -0.002736361 0.003 0.0005938112 -0.002717259 0.00454247 -0.0006756099 -0.002707694 0.003 -0.0007133185 -0.002650669 0.004542536 0.0009018618 -0.002645684 0.004616889 0.0004671242 -0.002609808 0.003 0.001014561 -0.00259344 0.004542575 -0.001055053 -0.002562742 0.003 -0.001128052 -0.002500345 -0.006 -0.004329868 -0.002500345 4.668787e-14 -0.004329868 -0.002495697 0.004542507 0.001269305 -0.002458684 0.004752984 -8.003956e-05 -0.002427672 0.004604412 0.001195546 -0.002418943 0.003 0.001410269 -0.002416519 0.004542521 -0.001414197 -0.00239501 -0.003 -0.004389069 -0.002354675 0.003 -0.001515005 -0.002289101 0.004542584 0.001612146 -0.002239454 0.004819237 0.0006746784 -0.00223698 0.004827635 -0.0006260735 -0.002191283 0.004542481 -0.001743022 -0.002168505 0.003 0.001771248 -0.002088662 0.003 -0.001864692 -0.002051307 0.004737362 0.001406921 -0.00203661 0.004542463 0.001921514 -0.002019626 0.004971684 0.0001442879 -0.001983701 0.00483979 -0.00116327 -0.001960174 -0.006 -0.004599623 -0.001960174 4.658053e-14 -0.004599623 -0.001921514 0.004542463 -0.00203661 -0.0018647 0.003 0.002088654 -0.001826028 -0.003 -0.004654634 -0.001823614 0.004966132 0.0009082242 -0.001771291 0.005059601 -0.0003881393 -0.001771261 0.003 -0.002168507 -0.001743022 0.004542481 0.002191283 -0.001702421 0.004789276 -0.001684048 -0.00167205 0.004818073 0.001638559 -0.001612146 0.004542584 -0.002289101 -0.001582737 0.004542463 0.00230975 -0.00157018 0.00513045 0.0003967074 -0.001515018 0.003 0.002354678 -0.0015 -0.006 -3.576431e-07 -0.0015 -0.003 -3.576431e-07 -0.0015 4.648907e-14 -3.576431e-07 -0.001497953 0.005081747 -0.0009150878 -0.001497599 -0.013 8.484052e-05 -0.001497599 0.003 8.484052e-05 -0.001478961 -0.013 -0.0002505776 -0.001478961 0.003 -0.0002505776 -0.0014625 -0.006 0.0003334784 -0.0014625 -0.003 0.0003334784 -0.0014625 4.648162e-14 0.0003334784 -0.001462341 -0.006 -0.0003341757 -0.001462341 -0.003 -0.0003341757 -0.001462341 4.648159e-14 -0.0003341757 -0.001441198 -0.013 0.0004160077 -0.001441198 0.003 0.0004160077 -0.001410257 0.003 -0.002418937 -0.001404578 0.005055308 0.001164158 -0.001397112 0.004676807 -0.002181054 -0.001391441 -0.006 -0.004802354 -0.001391441 4.646753e-14 -0.004802354 -0.001386115 -0.013 -0.0005733612 -0.001386115 0.003 -0.0005733612 -0.001351622 -0.006 0.0006505203 -0.001351622 -0.003 0.0006505203 -0.001351622 4.645959e-14 0.0006505203 -0.001351312 -0.006 -0.0006511647 -0.001351312 -0.003 -0.0006511647 -0.001351312 4.645953e-14 -0.0006511647 -0.001312492 -0.013 0.0007262401 -0.001312492 0.003 0.0007262401 -0.001309696 0.005195808 -0.0005337824 -0.001295753 0.004845299 0.001886886 -0.001294582 0.005227997 -0.000120409 -0.001269305 0.004542507 -0.002495697 -0.001228249 -0.003 -0.004846793 -0.001223744 -0.013 -0.000867382 -0.001223744 0.003 -0.000867382 -0.001203472 0.005037809 -0.00142912 -0.001174897 0.004542463 0.002541578 -0.001172948 -0.006 0.0009349293 -0.001172948 -0.003 0.0009349293 -0.001172948 4.642408e-14 0.0009349293 -0.001172502 -0.006 -0.0009354885 -0.001172502 -0.003 -0.0009354885 -0.001172502 4.642401e-14 -0.0009354885 -0.00112804 0.003 0.002562735 -0.001117952 -0.013 0.001000041 -0.001117952 0.003 0.001000041 -0.00111728 0.005226833 0.000673324 -0.001028729 0.005195808 0.000970538 -0.001014491 0.003 -0.002609769 -0.001000049 -0.013 -0.001117952 -0.001000049 0.003 -0.001117952 -0.0009888132 0.00508539 0.00143853 -0.0009705381 0.005195808 -0.001028729 -0.0009354959 -0.006 0.001172503 -0.0009354959 -0.003 0.001172503 -0.0009354959 4.63769e-14 0.001172503 -0.0009349366 -0.006 -0.001172949 -0.0009349366 -0.003 -0.001172949 -0.0009349366 4.637681e-14 -0.001172949 -0.0009282237 0.00481862 0.002148069 -0.0009018618 0.004542536 -0.002650669 -0.0008977274 0.005256593 0.0007793627 -0.0008920029 0.004928408 -0.001922979 -0.0008673894 -0.013 0.001223745 -0.0008673894 0.003 0.001223745 -0.0008601054 0.005320274 -0.0002257042 -0.0008142115 0.005330227 0.0001729862 -0.0008024453 -0.006 -0.004935119 -0.0008024453 4.63505e-14 -0.004935119 -0.0007838784 0.005203845 0.001143945 -0.0007793626 0.005256593 -0.0008977274 -0.000734077 0.004542463 0.00270206 -0.0007262296 -0.013 -0.001312487 -0.0007262296 0.003 -0.001312487 -0.0007132543 0.003 0.002707647 -0.0006927162 0.005218233 -0.001142268 -0.0006645256 0.003841155 -9.16848e-05 -0.0006645256 0.005354795 -9.168482e-05 -0.0006511546 -0.006 0.001351306 -0.0006511546 -0.003 0.001351306 -0.0006511546 4.63204e-14 0.001351306 -0.0006505101 -0.006 -0.001351617 -0.0006505101 -0.003 -0.001351617 -0.0006505101 4.632029e-14 -0.001351617 -0.0006412254 0.00535816 -7.398901e-05 -0.0006114982 0.00372 -4.532463e-05 -0.0006110996 -0.003 -0.004962515 -0.0005937054 0.003 -0.002736293 -0.0005866315 0.005354795 0.0003253682 -0.0005866314 0.003841155 0.000325368 -0.0005827348 0.005055912 0.001727108 -0.0005751321 0.004738447 0.002418078 -0.0005733514 -0.013 0.001386109 -0.0005733514 0.003 0.001386109 -0.0005679436 0.004755088 -0.002389696 -0.0005557219 0.005368826 4.397067e-05 -0.00055419 0.00372 4.786265e-05 -0.0005539126 0.00372 0.0002629924 -0.0005359302 0.005367602 0.0001888374 -0.0005341045 0.00372 0.0001554018 -0.0005337823 0.005195808 0.001309696 -0.0005145337 0.004542565 -0.002752165 -0.0004159549 -0.013 -0.001441166 -0.0004159549 0.003 -0.001441166 -0.0003749427 0.005111059 -0.001632586 -0.0003341249 -0.006 0.001462306 -0.0003341249 -0.003 0.001462306 -0.0003341249 4.625741e-14 0.001462306 -0.0003334275 -0.006 -0.001462465 -0.0003334275 -0.003 -0.001462465 -0.0003334275 4.625729e-14 -0.001462465 -0.0003253686 0.003841157 -0.0005866318 -0.000325368 0.005354795 -0.0005866314 -0.0002808709 0.003 0.002785839 -0.0002726506 0.004542463 0.002786694 -0.0002629924 0.00372 -0.0005539126 -0.0002505289 -0.013 0.001478923 -0.0002505289 0.003 0.001478923 -0.000241927 0.004606018 0.002692747 -0.0002290206 0.005227486 0.001281768 -0.0002257044 0.005320274 0.0008601056 -0.0002017697 -0.006 -0.004995963 -0.0002017697 4.623115e-14 -0.004995963 -0.000192609 0.00496733 0.002025437 -0.0001888371 0.005367602 -0.0005359302 -0.0001780366 0.005327764 -0.0008279178 -0.000158369 0.003 -0.002795518 -0.0001583685 0.004542469 -0.00279551 -0.0001554018 0.00372 -0.0005341045 -9.168513e-05 0.003841156 0.000664526 -9.168513e-05 0.005354795 0.000664526 -8.484052e-05 -0.013 -0.001497599 -8.484052e-05 0.003 -0.001497599 -7.398938e-05 0.00535816 0.0006412258 -5.187681e-05 0.004937388 -0.002099861 -4.786265e-05 0.00372 -0.00055419 -4.532453e-05 0.00372 0.0006114981 -4.397053e-05 0.005368826 -0.0005557219 -3.576431e-07 -0.006 0.0015 -3.576431e-07 -0.003 0.0015 -3.576431e-07 4.619109e-14 0.0015 3.576431e-07 -0.006 -0.0015 3.576431e-07 -0.003 -0.0015 3.576431e-07 4.619096e-14 -0.0015 1.568718e-05 -0.003 -0.004999975 4.397006e-05 0.005368826 0.0005557221 4.532463e-05 0.00372 -0.0006114982 4.786273e-05 0.00372 0.00055419 7.398906e-05 0.00535816 -0.0006412255 8.174733e-05 0.004542557 -0.002798667 8.484052e-05 -0.013 0.001497599 8.484052e-05 0.003 0.001497599 9.168485e-05 0.005354795 -0.0006645256 9.168503e-05 0.003841156 -0.0006645259 0.0001279263 0.005330919 0.000818336 0.0001460902 0.005221942 -0.001314356 0.0001554018 0.00372 0.0005341045 0.000158369 0.003 0.002795518 0.000158369 0.004542463 0.002795518 0.0001755446 0.004821011 0.002328915 0.0001888366 0.005367602 0.0005359301 0.0001926328 0.005131745 0.001604207 0.0002257042 0.005320274 -0.0008601053 0.0002505289 -0.013 -0.001478923 0.0002505289 0.003 -0.001478923 0.0002629924 0.00372 0.0005539126 0.0002719213 0.004699671 -0.002537496 0.0003039181 0.003 -0.002783457 0.0003253675 0.005354795 0.0005866311 0.0003253686 0.003841157 0.0005866318 0.0003334275 -0.006 0.001462465 0.0003334275 4.612477e-14 0.001462465 0.0003334327 -0.003 0.001462471 0.0003341249 -0.006 -0.001462306 0.0003341249 4.612465e-14 -0.001462306 0.0003341301 -0.003 -0.001462312 0.0004018444 -0.006 -0.004983948 0.0004018444 4.611121e-14 -0.004983948 0.0004159549 -0.013 0.001441166 0.0004159549 0.003 0.001441166 0.000468155 0.005048058 -0.001782242 0.0004801388 0.004542544 -0.002758404 0.0005160451 0.004619212 0.002632859 0.0005337823 0.005195808 -0.001309696 0.0005341045 0.00372 -0.0001554018 0.0005359302 0.005367602 -0.0001888377 0.0005453387 0.004542463 0.002746381 0.0005539126 0.00372 -0.0002629924 0.00055419 0.00372 -4.786264e-05 0.0005557218 0.005368826 -4.397084e-05 0.0005733514 -0.013 -0.001386109 0.0005733514 0.003 -0.001386109 0.0005751556 0.005229371 0.001160332 0.0005866315 0.003841156 -0.0003253682 0.0005866318 0.005354795 -0.0003253686 0.0005905384 0.004973601 0.00193221 0.0006114982 0.00372 4.532463e-05 0.0006163361 0.003 0.002731324 0.0006412253 0.00535816 7.398898e-05 0.0006422266 -0.003 -0.004958583 0.0006505033 -0.003 0.001351608 0.0006505101 -0.006 0.001351617 0.0006505101 4.606177e-14 0.001351617 0.0006511478 -0.003 -0.001351298 0.0006511546 -0.006 -0.001351306 0.0006511546 4.606165e-14 -0.001351306 0.0006645256 0.005354795 9.168481e-05 0.0006645259 0.003841155 9.168501e-05 0.0007262296 -0.013 0.001312487 0.0007262296 0.003 0.001312487 0.000757915 0.003 -0.002695471 0.0007793625 0.005256593 0.0008977273 0.0007836116 0.004808566 -0.002224972 0.0007838784 0.005203845 -0.001143945 0.0008313901 0.005328506 -0.0001364762 0.0008601053 0.005320274 0.0002257041 0.0008671989 0.004542498 -0.002662269 0.0008673894 -0.013 -0.001223745 0.0008673894 0.003 -0.001223745 0.0008977275 0.005256593 -0.0007793628 0.0009349366 -0.006 0.001172949 0.0009349366 4.600525e-14 0.001172949 0.0009349551 -0.003 0.00117297 0.0009354959 -0.006 -0.001172503 0.0009354959 4.600515e-14 -0.001172503 0.0009355143 -0.003 -0.001172524 0.0009585561 0.004755494 0.002260717 0.0009705379 0.005195808 0.001028729 0.0009841274 0.00508539 -0.00144174 0.0009962073 0.004542463 0.002616786 0.0009971966 0.005061635 0.001508231 0.0009996184 -0.006 -0.004899194 0.0009996184 4.599243e-14 -0.004899194 0.001000049 -0.013 0.001117952 0.001000049 0.003 0.001117952 0.001028729 0.005195808 -0.0009705381 0.001057491 0.003 0.002592627 0.001117952 -0.013 -0.001000041 0.001117952 0.003 -0.001000041 0.001167977 0.005222693 -0.0006143792 0.001172502 -0.006 0.0009354885 0.001172502 4.595805e-14 0.0009354885 0.001172524 -0.003 0.0009355143 0.001172948 -0.006 -0.0009349293 0.001172948 4.595797e-14 -0.0009349293 0.00117297 -0.003 -0.0009349551 0.001191238 0.003 -0.00253396 0.001223744 -0.013 0.000867382 0.001223744 0.003 0.000867382 0.00123785 0.004542588 -0.002511313 0.001258638 -0.003 -0.004838991 0.001291308 0.004845299 -0.001889932 0.001309696 0.005195808 0.0005337823 0.001310561 0.005219705 0.0002299461 0.001312492 -0.013 -0.0007262401 0.001312492 0.003 -0.0007262401 0.001351298 -0.003 0.0006511478 0.001351312 -0.006 0.0006511647 0.001351312 4.592252e-14 0.0006511647 0.001351608 -0.003 -0.0006505033 0.001351622 -0.006 -0.0006505203 0.001351622 4.592247e-14 -0.0006505203 0.001386115 -0.013 0.0005733612 0.001386115 0.003 0.0005733612 0.001387537 0.004830298 0.001856664 0.001389779 0.005083868 0.001062964 0.001419111 0.004542463 0.002413736 0.001441198 -0.013 -0.0004160077 0.001441198 0.003 -0.0004160077 0.001462312 -0.003 0.0003341301 0.001462341 -0.006 0.0003341757 0.001462341 4.590046e-14 0.0003341757 0.001462471 -0.003 -0.0003334327 0.0014625 -0.006 -0.0003334784 0.0014625 4.590043e-14 -0.0003334784 0.001469801 0.003 0.002383209 0.001478961 -0.013 0.0002505776 0.001478961 0.003 0.0002505776 0.001488079 0.005048808 -0.00108361 0.001497599 -0.013 -8.484052e-05 0.001497599 0.003 -8.484052e-05 0.0015 -0.006 3.576432e-07 0.0015 -0.003 3.576431e-07 0.0015 -0.003 3.576432e-07 0.0015 4.589298e-14 3.576431e-07 0.001582737 0.004542463 -0.00230975 0.001582859 -0.006 -0.00474291 0.001582859 4.587654e-14 -0.00474291 0.001592067 0.003 -0.002303329 0.001653064 0.005112549 -0.0002434336 0.001762745 0.005039989 0.0006026924 0.001787176 0.004809303 -0.001537546 0.001796932 0.004842567 0.001426404 0.001802179 0.004542463 0.00214293 0.001842018 0.003 0.002108784 0.001855199 -0.003 -0.004643085 0.001938994 0.004542463 -0.002019976 0.001949469 0.003 -0.002009868 0.001972233 0.004938876 -0.0007133773 0.002110829 0.004930614 0.0001339139 0.002134658 0.004542463 0.00181197 0.00214308 -0.006 -0.004517434 0.00214308 4.576523e-14 -0.004517434 0.00216399 0.003 0.001776837 0.002180964 0.004792129 0.0009760109 0.002249025 0.004542463 -0.001667899 0.002253694 0.003 -0.001661584 0.002263564 0.004701135 -0.001173252 0.002407215 0.004542463 0.001430145 0.002422503 -0.003 -0.004373954 0.002426933 0.003 0.001396422 0.002429119 0.00475729 -0.0003367548 0.002495923 0.004542463 -0.001269003 0.002496444 0.003 -0.001267977 0.002534211 0.004679696 0.0005118408 0.002612199 0.004542463 0.001008175 0.002623677 0.003 0.0009779166 0.002671098 0.003 -0.0008397819 0.002672094 -0.006 -0.004226174 0.002672094 4.566011e-14 -0.004226174 0.002672758 0.004542463 -0.0008344843 0.002743855 0.004542463 0.0005579043 0.002748853 0.003 0.0005327361 0.002772892 0.003 -0.0003886801 0.002774566 0.004542463 -0.0003765408 0.002798489 0.004542463 9.197264e-05 0.002799048 0.003 7.302396e-05 0.002951603 -0.003 -0.004035844 0.00316208 -0.006 -0.003873318 0.00316208 4.556275e-14 -0.003873318 0.003434154 -0.003 -0.003634087 0.00360586 -0.006 -0.003463957 0.00360586 4.547457e-14 -0.003463957 0.003862547 -0.003 -0.003175017 0.003996997 -0.006 -0.003004059 0.003996997 4.539685e-14 -0.003004059 0.004230024 -0.003 -0.002665876 0.004329847 -0.006 -0.002500349 0.004329847 4.533071e-14 -0.002500349 0.004517434 -0.006 0.00214308 0.004517434 -0.003 0.00214308 0.004517434 4.529341e-14 0.00214308 0.004530792 -0.003 -0.002114692 0.004599605 -0.006 -0.001960189 0.004599605 4.52771e-14 -0.001960189 0.004742722 -0.006 0.00158296 0.004742722 4.524865e-14 0.00158296 0.004750412 -0.003 0.001559997 0.004760107 -0.003 -0.001530158 0.004802358 -0.006 -0.001391463 0.004802358 4.523682e-14 -0.001391463 0.004899024 -0.006 0.0009997169 0.004899024 4.52176e-14 0.0009997169 0.004908473 -0.003 0.0009523113 0.004914351 -0.003 -0.0009214926 0.004935133 -0.006 -0.0008024611 0.004935133 4.521043e-14 -0.0008024611 0.004983863 -0.006 0.0004019001 0.004983863 4.520074e-14 0.0004019001 0.004989124 -0.003 0.0003296073 0.004991094 -0.003 -0.0002982948 0.004995949 -0.006 -0.0002017583 0.004995949 4.519835e-14 -0.0002017583</float_array>
          <technique_common>
            <accessor count="3921" source="#cubeverts-array0-array" stride="3">
              <param type="float" name="X"/>
              <param type="float" name="Y"/>
              <param type="float" name="Z"/>
            </accessor>
          </technique_common>
        </source>
        <source id="cubenormals-array0">
          <float_array count="25428" id="cubenormals-array0-array">0.9936967 0 0.112102 0.9437815 0 0.3305699 0.9437815 0 0.3305699 0.8465129 0 0.5323682 0.8465129 0 0.5323682 0.7069504 0 0.7072631 0.7069504 0 0.7072631 0.5319275 0 0.8467898 0.5319275 0 0.8467898 0.3300034 0 0.9439797 0.3300034 0 0.9439797 0.1117481 0 0.9937366 0.1117481 0 0.9937366 0.9936967 0 0.112102 0.99375 0 -0.1116286 0.99375 0 -0.1116286 0.9439387 0 -0.3301205 0.9439387 0 -0.3301205 0.8467671 0 -0.5319637 0.8467671 0 -0.5319637 0.7072878 0 -0.7069257 0.7072878 0 -0.7069257 0.5323297 0 -0.8465371 0.5323297 0 -0.8465371 0.3304557 0 -0.9438215 0.3304557 0 -0.9438215 0.1122215 0 -0.9936833 0.1122215 0 -0.9936833 0.9936959 0 0.112109 0.9437811 0 0.330571 0.9437811 0 0.330571 0.8465183 0 0.5323597 0.8465183 0 0.5323597 0.7069477 0 0.7072657 0.7069477 0 0.7072657 0.5319333 0 0.8467862 0.5319333 0 0.8467862 0.3299817 0 0.9439873 0.3299817 0 0.9439873 0.1117583 0 0.9937354 0.1117583 0 0.9937354 0.9936959 0 0.112109 0.9937501 0 -0.1116285 0.9937501 0 -0.1116285 0.9439363 0 -0.3301278 0.9439363 0 -0.3301278 0.8467739 0 -0.5319531 0.8467739 0 -0.5319531 0.7072743 0 -0.7069393 0.7072743 0 -0.7069393 0.5323443 0 -0.8465279 0.5323443 0 -0.8465279 0.3304563 0 -0.9438213 0.3304563 0 -0.9438213 0.1122129 0 -0.9936842 0.1122129 0 -0.9936842 0.9936958 0 0.1121096 0.9437811 0 0.330571 0.9437811 0 0.330571 0.8465167 0 0.5323623 0.8465167 0 0.5323623 0.7069591 0 0.7072544 0.7069591 0 0.7072544 0.5319092 0 0.8468014 0.5319092 0 0.8468014 0.3300047 0 0.9439794 0.3300047 0 0.9439794 0.1117624 0 0.993735 0.1117624 0 0.993735 0.9936958 0 0.1121096 0.9937502 0 -0.1116273 0.9937502 0 -0.1116273 0.9439363 0 -0.3301278 0.9439363 0 -0.3301278 0.8467723 0 -0.5319557 0.8467723 0 -0.5319557 0.7072999 0 -0.7069137 0.7072999 0 -0.7069137 0.5323306 0 -0.8465365 0.5323306 0 -0.8465365 0.3304554 0 -0.9438217 0.3304554 0 -0.9438217 0.1122064 0 -0.9936849 0.1122064 0 -0.9936849 -0 -1 -0 0 -1 0 0 -1 0 0 -1 0 0 -1 0 0 -1 0 0 -1 0 0 -1 0 -0 -1 0 0 -1 0 0 -1 0 0 -1 0 -0 -1 0 0 -1 -0 0 -1 0 0 -1 0 0 -1 0 0 -1 0 0 -1 0 0 -1 0 0 -1 0 0 -1 0 0 -1 0 0 -1 0 0 -1 0 0 -1 0 0 -1 0 0 -1 0 0 -1 0 0 -1 0 0 -1 0 0 -1 0 0 -1 0 0 -1 0 0 -1 0 0 -1 0 0 -1 0 0 -1 0 0 -1 0 0 -1 0 0 -1 0 0 -1 0 0 -1 0 0 -1 0 0 -1 0 0 -1 0 0 -1 0 0 -1 0 0 -1 0 0 -1 0 -0 -1 0 0 -1 0 0 -1 0 0 -1 0 0 -1 0 0 -1 0 0 -1 0 0 -1 0 0 -1 0 -0 -1 0 0 -1 0 0 -1 0 0 -1 0 0 -1 0 0 -1 0 0 -1 0 0 -1 0 0 -1 0 0 -1 0 0 -1 0 0 -1 0 0 -1 0 0 -1 0 0 -1 0 0 -1 0 0 -1 0 0 -1 0 0 -1 0 0 -1 0 0 -1 0 0 -1 0 0 -1 0 0 -1 0 0 -1 0 -0 -1 0 0 -1 0 0 -1 0 0 -1 0 0 -1 0 0 -1 0 0 -1 0 0 -1 0 0 -1 0 0 -1 0 0 -1 0 0 -1 0 0 -1 0 0 -1 0 0 -1 0 0 -1 0 0 -1 0 0 -1 0 -0 -1 0 0 -1 0 0 -1 0 0 -1 0 0 -1 0 0 -1 0 0 -1 0 0 -1 0 0 -1 0 0 -1 0 0 -1 0 0 -1 0 0 -1 0 0 -1 0 0 -1 0 0 -1 0 0 -1 0 0 -1 0 0 -1 0 0 -1 0 0 -1 0 0 -1 0 0 -1 0 0 -1 0 0 -1 0 0 -1 0 0 -1 0 0 -1 0 0 -1 0 0 -1 0 0 -1 0 0 -1 0 0 -1 0 0 -1 0 0 -1 0 0 -1 0 0 -1 0 0 -1 0 0 -1 0 0 -1 0 0 -1 0 -0 -1 0 0 -1 -0 0 -1 0 0 -1 0 0 -1 0 0 -1 -0 0 -1 0 0 -1 0 -0 -1 0 0 -1 0 0 -1 0 0 -1 0 0 -1 -0 -0 -1 0 0 -1 -0 0 -1 0 0 -1 0 0 -1 -0 0 -1 0 0 -1 0 0 -1 0 0 -1 0 0 -1 0 0 -1 0 0 -1 0 0 -1 0 -0 -1 0 0 -1 0 -0 -1 0 0 -1 0 -0 -1 0 0 -1 0 -0 -1 0 0 -1 0 0 -1 0 0 -1 0 0 -1 0 0 -1 0 0 -1 0 0 -1 0 0 -1 0 0 -1 0 0 -1 0 0 -1 0 0 -1 0 0 -1 0 0 -1 0 0 -1 0 0 -1 0 0 -1 0 0 -1 0 0 -1 0 0 -1 0 0 -1 0 0 -1 0 0 -1 0 0 -1 0 0 -1 0 0 -1 0 0 -1 0 0 -1 0 0 -1 0 0 -1 0 0 -1 0 0 -1 0 0 -1 0 0 -1 0 0 -1 0 0 -1 0 0 -1 0 0 -1 0 0 -1 0 -0 -1 0 0 -1 0 -0 -1 0 0 -1 0 0 -1 0 0 -1 0 -0.9936967 1.129907e-05 -0.112102 -0.9438047 1.413672e-05 -0.3305038 -0.9437815 6.292536e-06 -0.3305699 -0.8465971 6.972778e-06 -0.5322341 -0.8465129 -1.075851e-05 -0.5323682 -0.7069384 -1.123937e-05 -0.7072751 -0.7069504 -9.342042e-06 -0.7072631 -0.5318294 -9.242383e-06 -0.8468515 -0.5319275 3.73023e-06 -0.8467898 -0.3300541 3.560791e-06 -0.943962 -0.3300034 -2.450996e-06 -0.9439797 -0.1117289 -2.168619e-06 -0.9937387 -0.1117481 0 -0.9937366 -0.9936854 0 -0.1122023 -0.99375 0 0.1116286 -0.9937387 1.129679e-05 0.1117288 -0.9439388 1.414203e-05 0.3301205 -0.943962 6.266242e-06 0.3300541 -0.8467671 6.95954e-06 0.5319637 -0.8468515 -1.079864e-05 0.5318294 -0.7072878 -1.128108e-05 0.7069257 -0.7072751 -9.271826e-06 0.7069384 -0.5323297 -9.177895e-06 0.8465371 -0.5322341 3.460295e-06 0.8465971 -0.3304557 3.261249e-06 0.9438215 -0.3305038 -2.451044e-06 0.9438047 -0.1122215 -2.169365e-06 0.9936833 -0.1122023 0 0.9936854 -0.3300476 0.001450863 -0.9439631 -0.499795 -0.001342478 -0.8661427 -0.5318298 0.002009701 -0.8468489 -0.6689264 -0.001844773 -0.7433264 -0.70693 0.002460077 -0.7072793 -0.8088859 -0.002235067 -0.5879614 -0.8465958 0.002793676 -0.5322291 -0.9134365 -0.002514763 -0.4069734 -0.943801 0.00302014 -0.3305007 -0.9781007 -0.002682313 -0.2081148 -0.9936806 0.003128794 -0.1122016 -0.9999962 -0.002740135 -0.0002387301 -0.9937342 0.003128927 0.1117257 -0.9781983 -0.002682612 0.2076558 -0.9439573 0.003019347 0.3300537 -0.9136354 -0.002514631 0.4065268 -0.8468442 0.002794862 0.5318336 -0.8091578 -0.002234017 0.5875872 -0.7072771 0.00246039 0.7069321 -0.669292 -0.001844432 0.7429973 -0.5322462 0.00201017 0.8465872 -0.5002138 -0.001342746 0.8659009 -0.3304909 0.001450816 0.943808 -0.3088134 -0.0007247092 -0.9511224 -0.1117346 0.0007835194 -0.9937378 -0.1042827 0 -0.9945477 -0.3092643 -0.000724317 0.9509758 -0.1047509 0.0008396516 0.9944981 -0.112206 0 0.993685 -0.9936969 1.132949e-05 -0.1121002 -0.9438052 1.446415e-05 -0.3305022 -0.9437811 6.29991e-06 -0.330571 -0.8466007 7.151598e-06 -0.5322286 -0.8465115 -1.160525e-05 -0.5323704 -0.7069307 -1.236358e-05 -0.7072828 -0.7069521 -8.990834e-06 -0.7072616 -0.5318296 -8.765418e-06 -0.8468514 -0.5319293 4.414159e-06 -0.8467888 -0.3300421 4.335368e-06 -0.9439663 -0.3300055 0 -0.943979 -0.1117402 -0 -0.9937374 -0.1117402 0 -0.9937374 -0.9936855 0 -0.1122007 -0.9937501 0 0.1116285 -0.9937391 1.100845e-05 0.1117262 -0.943938 1.415907e-05 0.3301227 -0.943962 6.000076e-06 0.330054 -0.8467717 6.881448e-06 0.5319566 -0.8468497 -9.574988e-06 0.5318322 -0.7072785 -9.66584e-06 0.706935 -0.7072728 -8.765357e-06 0.7069407 -0.5323456 -8.597408e-06 0.846527 -0.532246 4.584109e-06 0.8465898 -0.3304518 4.440781e-06 0.9438229 -0.330499 -1.153442e-06 0.9438064 -0.1122102 -3.923771e-07 0.9936845 -0.1122067 0 0.9936849 0.03271782 0 0.9994646 0.03270835 2.541771e-06 0.999465 0.1218213 2.52419e-06 0.992552 0.1218306 0 0.9925508 0.2099608 0 0.9777098 0.2099608 0 0.9777098 0.2964243 0 0.9550563 0.2964243 0 0.9550563 0.3805165 0 0.9247742 0.3805165 0 0.9247742 0.4615558 0 0.8871112 0.4615558 0 0.8871112 0.5389223 0 0.8423554 0.5389296 -2.31353e-06 0.8423508 0.6119817 -2.205835e-06 0.7908719 0.6119841 -3.01693e-06 0.79087 0.6801577 -2.796424e-06 0.7330658 0.6801501 0 0.7330729 0.7428872 0 0.6694167 0.7428898 -1.062712e-06 0.6694137 0.7996932 -1.14397e-06 0.6004089 0.7996929 -1.016862e-06 0.6004093 0.8501117 -1.080973e-06 0.5266023 0.8501096 0 0.5266058 0.893735 0 0.4485955 0.8937336 8.523307e-07 0.4485983 0.9302157 8.871228e-07 0.3670132 0.9302157 8.871228e-07 0.3670132 0.9592694 9.148306e-07 0.2824928 0.9592704 0 0.2824895 0.9806615 0 0.1957119 0.9806619 -6.23488e-07 0.1957096 0.9942198 -6.321079e-07 0.1073639 0.9942193 6.321076e-07 0.1073686 0.9998349 6.356779e-07 0.01817168 0.9998349 0 0.01816931 0.9996481 0 -0.02653002 0.9996481 0 -0.02653002 0.9732801 0 0.2296211 0.961431 0 0.2750465 0.961431 0 0.2750465 0.9474629 0 0.3198655 0.9474629 0 0.3198655 0.9314074 0 0.3639785 0.9314074 0 0.3639785 0.9132978 0 0.4072925 0.9132978 0 0.4072925 0.9732801 0 0.2296211 0.9829844 -0 0.1836893 0.9829844 0 0.1836893 0.9905219 -0 0.1373545 0.9905219 0 0.1373545 0.9958769 -0 0.09071494 0.9958769 0 0.09071494 0.999037 -0 0.04387719 0.999037 0 0.04387719 0.9999952 0 -0.003059043 0.9999952 0 -0.003059043 0.9034867 0 0.4286159 0.9034867 0 0.4286159 0.9677977 -0.0009295204 0.2517273 0.9900793 0.000898156 0.1405066 0.9917158 -0.001356077 0.1284442 0.9997988 0.001270932 0.02001709 0.9999936 -0.001719189 0.003137875 0.9949128 0.001631254 -0.1007261 0.9925009 -0.002026013 -0.1222206 0.9755194 0.001967457 -0.2199049 0.9693565 -0.002295416 -0.2456478 0.9419299 0.002258817 -0.3358018 0.9309237 -0.00254476 -0.3652048 0.8946375 0.002489058 -0.4467857 0.8778101 -0.002779379 -0.4790007 0.8343009 0.00265768 -0.551303 0.8108541 -0.002989294 -0.5852407 0.7617534 0.002779722 -0.6478611 0.7311091 -0.003154683 -0.6822532 0.6780249 0.002876766 -0.7350333 0.639834 -0.003256081 -0.7685062 0.5843742 0.002962982 -0.8114789 0.53847 -0.003290756 -0.8426383 0.4823011 0.003025739 -0.8760003 0.4286149 -0.003288963 -0.9034813 0.3733687 0.003025943 -0.9276781 0.3119982 -0.003290594 -0.950077 0.2588256 0.002963349 -0.9659195 0.1904603 -0.003255766 -0.9816895 0.1403789 0.002876838 -0.9900936 0.06592097 -0.003154609 -0.9978199 0.01990086 0.002779625 -0.9997981 -0.05965894 -0.002989435 -0.9982143 -0.1007765 0.002657671 -0.9949056 -0.1842974 -0.002779387 -0.9828666 -0.2198918 0.002488965 -0.9755211 -0.3060312 -0.002544938 -0.9520181 -0.3357652 0.002258495 -0.941943 -0.4229366 -0.002295623 -0.9061563 -0.4467753 0.001967656 -0.8946441 -0.5331736 -0.002025796 -0.8460034 -0.5513462 0.00163134 -0.8342749 -0.6350029 -0.001719119 -0.7725079 -0.6479527 0.001271033 -0.7616795 -0.726817 -0.001356031 -0.6868299 -0.7351234 0.0008980175 -0.6779327 -0.8071686 -0.0009296248 -0.5903203 0.9277668 0 0.3731605 0.9286168 -0.0004597304 0.37104 0.9659165 0.000494594 0.2588537 -0.8747905 0 -0.4845014 -0.8758953 -0.0004782713 -0.4825011 -0.8114978 0.0004944722 -0.5843553 -0.9034867 -0 -0.4286161 -0.9034867 0 -0.4286161 -0.9276192 -0 -0.3735274 -0.9276016 9.436051e-06 -0.3735711 -0.9656969 9.823577e-06 -0.259672 -0.9657137 -3.069921e-06 -0.2596098 -0.9898751 -3.146728e-06 -0.141941 -0.9898776 -6.608146e-06 -0.1419238 -0.9997549 -6.674084e-06 -0.02213903 -0.9997538 3.495945e-06 -0.0221898 -0.9951967 3.48001e-06 0.09789533 -0.9951984 6.954812e-06 0.09787807 -0.9762762 7.205674e-06 0.2165289 -0.9762754 6.517342e-06 0.2165322 -0.9432709 6.297012e-06 0.3320242 -0.9432654 2.99856e-06 0.3320398 -0.896643 2.850352e-06 0.4427542 -0.8966298 -3.13534e-06 0.4427809 -0.8370435 -2.926979e-06 0.5471362 -0.8370516 0 0.547124 -0.7653698 0 0.6435907 -0.7653928 7.155381e-06 0.6435634 -0.6827117 6.880387e-06 0.7306879 -0.6826866 0 0.7307113 -0.9279443 0 0.3727189 -0.9713942 0 0.2374727 -0.9713942 0 0.2374727 -0.9952392 0 0.09746262 -0.9952392 0 0.09746262 -0.927952 -2.949163e-06 0.3726996 -0.8657882 -2.752266e-06 0.5004106 -0.8657784 0 0.5004274 -0.7861452 0 0.6180419 -0.7861452 0 0.6180419 -0.6906692 0 0.7231709 -0.6906692 0 0.7231709 -0.999648 0 0.02652995 -0.999648 0 0.02652995 -0.7256175 -0 -0.6880983 -0.7256175 0 -0.6880983 1.986943e-13 1 6.540117e-18 1.987015e-13 1 5.037356e-18 1.987392e-13 1 5.501041e-18 1.986052e-13 1 3.165355e-18 1.986858e-13 1 6.610648e-18 1.986823e-13 1 6.767102e-18 1.986957e-13 1 5.775677e-18 1.98732e-13 1 6.269747e-18 1.986789e-13 1 5.921557e-18 1.985845e-13 1 5.711769e-18 1.986976e-13 1 5.583391e-18 1.987064e-13 1 7.20185e-18 1.986801e-13 1 2.90252e-18 1.98701e-13 1 5.880266e-18 1.986922e-13 1 4.793503e-18 1.98727e-13 1 8.601235e-18 1.986834e-13 1 4.373751e-18 1.986362e-13 1 1.36502e-19 1.986983e-13 1 5.46208e-18 1.986997e-13 1 1.392218e-17 1.986977e-13 1 5.355308e-18 1.986616e-13 1 1.060757e-17 1.987092e-13 1 4.222927e-18 1.986799e-13 1 8.566897e-18 1.987244e-13 1 1.135782e-18 1.986743e-13 1 1.066077e-17 1.98715e-13 1 1.790248e-18 1.987056e-13 1 4.144645e-18 1.986927e-13 1 6.204002e-18 1.986996e-13 1 4.922356e-18 1.986957e-13 1 6.269238e-18 1.987091e-13 1 -9.797568e-19 1.986936e-13 1 1.17268e-17 1.98695e-13 1 1.003812e-17 1.986979e-13 1 3.680117e-18 1.986615e-13 1 1.062476e-17 1.987008e-13 1 5.075256e-18 1.987017e-13 1 4.927069e-18 1.987027e-13 1 4.691233e-18 1.986897e-13 1 8.361213e-18 1.986995e-13 1 4.508936e-18 1.986969e-13 1 6.033834e-18 1.986968e-13 1 6.119555e-18 1.986977e-13 1 4.106288e-18 1.986987e-13 1 4.99008e-18 1.98693e-13 1 3.957793e-18 1.986786e-13 1 2.406219e-18 1.987683e-13 1 7.472859e-18 1.986094e-13 1 3.135152e-18 1.986988e-13 1 4.698485e-18 1.98679e-13 1 1.783747e-17 1.98712e-13 1 -6.966944e-18 1.986787e-13 1 2.136575e-17 1.987211e-13 1 -1.939613e-17 1.986777e-13 1 2.763354e-17 1.986978e-13 1 3.06248e-18 1.986994e-13 1 7.561949e-19 1.986808e-13 1 3.016714e-17 1.986931e-13 1 8.060236e-18 1.986513e-13 1 9.603135e-17 1.986993e-13 1 3.09365e-18 1.98694e-13 1 1.399193e-17 1.987002e-13 1 -6.658529e-18 1.986841e-13 1 6.378756e-18 1.986894e-13 1 6.496624e-18 1.987127e-13 1 4.156381e-18 1.986898e-13 1 9.477673e-18 1.987073e-13 1 2.882074e-18 1.986968e-13 1 8.497841e-18 1.986894e-13 1 1.413275e-17 1.986972e-13 1 6.154113e-18 1.986977e-13 1 5.484973e-18 1.986983e-13 1 5.922858e-18 1.98671e-13 1 -5.786775e-18 1.987179e-13 1 1.348424e-17 1.986847e-13 1 4.439823e-19 1.987101e-13 1 9.729458e-18 1.986844e-13 1 8.794023e-19 1.98689e-13 1 2.327e-18 1.987042e-13 1 7.34926e-18 1.986958e-13 1 8.570398e-18 1.987017e-13 1 -1.29814e-18 1.986977e-13 1 7.060818e-18 1.986974e-13 1 8.022462e-18 1.986942e-13 1 1.988452e-17 1.987039e-13 1 -2.807958e-17 1.986973e-13 1 1.241529e-17 1.98698e-13 1 6.504256e-18 1.986478e-13 1 8.332044e-20 1.986941e-13 1 4.366299e-18 1.987092e-13 1 4.896961e-18 1.986918e-13 1 5.634435e-18 1.987045e-13 1 -3.710496e-18 1.986989e-13 1 7.74402e-18 1.986986e-13 1 8.750746e-18 1.986992e-13 1 4.032023e-18 1.986993e-13 1 5.365577e-18 1.986996e-13 1 6.755099e-18 1.987031e-13 1 1.514007e-17 1.98692e-13 1 -2.672893e-18 1.986981e-13 1 4.348105e-18 1.987037e-13 1 9.063281e-18 1.986945e-13 1 3.389253e-18 1.98695e-13 1 3.605806e-18 1.987004e-13 1 5.423877e-18 1.987052e-13 1 6.600623e-18 1.986927e-13 1 4.279327e-18 1.987238e-13 1 8.691536e-18 1.987312e-13 1 9.528727e-18 1.986893e-13 1 5.394447e-18 1.986977e-13 1 5.473201e-18 1.987321e-13 1 5.499978e-18 1.986727e-13 1 6.201805e-18 1.986961e-13 1 7.77301e-18 1.986965e-13 1 7.232518e-18 1.987012e-13 1 -2.787217e-18 1.986974e-13 1 7.621306e-18 1.987014e-13 1 -7.57514e-18 1.98697e-13 1 1.499632e-17 1.986915e-13 1 4.740599e-17 -1.085252e-10 1 -9.686574e-11 8.397485e-11 1 7.297132e-11 -1.108542e-10 1 -6.553458e-11 -2.364325e-12 1 -5.123461e-13 1.9876e-13 1 1.89598e-17 1.986975e-13 1 7.04633e-18 1.987018e-13 1 7.76879e-18 1.986829e-13 1 5.189211e-18 1.986845e-13 1 5.337051e-18 1.986938e-13 1 5.605922e-18 -2.348471e-12 1 -2.873649e-13 -1.057626e-11 1 1.493012e-10 -1.077325e-12 1 3.038026e-10 -1.173706e-10 1 -3.790429e-10 9.860447e-12 1 9.993573e-12 9.476895e-12 1 9.458575e-12 -3.647144e-11 1 -3.175494e-11 1.038683e-10 1 6.050187e-11 -1.024584e-10 1 -4.606698e-11 5.142342e-11 1 1.914092e-11 -7.21935e-12 1 -1.856912e-12 1.986987e-13 1 5.571369e-18 1.987056e-13 1 6.57216e-18 1.986875e-13 1 5.904369e-18 1.986952e-13 1 4.796511e-18 1.987023e-13 1 5.239119e-18 1.986938e-13 1 5.151455e-18 1.987391e-13 1 3.78958e-18 1.986327e-13 1 9.895758e-18 1.986516e-13 1 8.485001e-18 1.986871e-13 1 6.493242e-18 1.986921e-13 1 6.181334e-18 1.987135e-13 1 4.203136e-18 1.986945e-13 1 6.847176e-18 1.986985e-13 1 1.610674e-19 1.986989e-13 1 5.800812e-18 1.986817e-13 1 7.983912e-18 1.987019e-13 1 5.169002e-18 1.986938e-13 1 5.878127e-18 1.987181e-13 1 6.783909e-18 1.987067e-13 1 7.442437e-18 1.986756e-13 1 3.854198e-18 1.987123e-13 1 4.562295e-18 1.987031e-13 1 5.19792e-18 3.025197e-13 1 9.925959e-15 1.079772e-12 1 -1.071772e-14 7.74729e-13 1 7.975994e-14 2.231278e-11 1 -4.918012e-13 1.019986e-10 1 -7.118361e-11 -1.763233e-10 1 -8.610417e-11 -5.115273e-10 1 8.11646e-11 1.986775e-13 1 5.894013e-18 1.986874e-13 1 5.899408e-18 1.986867e-13 1 5.908055e-18 1.987013e-13 1 5.870229e-18 1.987006e-13 1 5.879594e-18 1.986761e-13 1 5.942764e-18 1.986905e-13 1 5.772812e-18 2.110519e-12 1 -8.899443e-12 2.108273e-12 1 -8.899418e-12 -4.425125e-11 1 3.885624e-12 -1.298114e-12 1 3.406368e-12 -2.22369e-11 1 9.180995e-12 -2.640629e-11 1 2.015867e-11 1.977827e-13 1 -1.022222e-13 3.912115e-13 1 -1.073596e-13 -1.193885e-13 1 4.408538e-14 3.906235e-11 1 -9.956908e-13 1.528273e-11 1 2.01001e-11 1.970156e-13 1 -2.229758e-13 -3.863228e-10 1 1.004292e-11 -8.356837e-11 1 -7.975592e-11 -1.768413e-11 1 -8.150437e-11 -5.624773e-11 1 -4.729336e-11 9.86063e-14 1 -1.022259e-13 8.145845e-10 1 -2.173441e-11 1.769999e-10 1 1.673825e-10 -7.197912e-11 1 1.739906e-10 5.447055e-11 1 6.181286e-11 6.063638e-13 1 3.815936e-14 5.030139e-13 1 4.09043e-14 4.833124e-13 1 4.674807e-14 -7.634482e-11 1 2.085624e-12 -3.825229e-11 1 -3.170768e-11 9.491991e-14 1 9.243706e-14 3.734485e-13 1 8.50394e-14 4.596286e-13 1 5.947784e-14 3.638503e-11 1 -8.938842e-13 2.518539e-11 1 9.041679e-12 4.928416e-13 1 -9.792439e-15 5.148794e-10 1 -1.367154e-11 1.122676e-10 1 1.057439e-10 -1.302379e-10 1 1.1218e-10 -1.581867e-11 1 1.067507e-11 9.521184e-14 1 9.245534e-14 1.436221e-09 1 -3.805079e-11 3.116893e-10 1 2.955017e-10 1.9869e-13 1 5.193879e-18 1.98704e-13 1 4.965942e-18 1.986939e-13 1 6.654205e-18 1.98715e-13 1 4.573437e-18 1.986984e-13 1 5.025827e-18 1.986961e-13 1 5.457291e-18 -0.7229913 -0 -0.6908572 -0.7229913 -0 -0.6908572 -0.9696967 -0 -0.244312 -0.9696967 -0 -0.244312 -0.9640295 0 0.2657951 -0.9640295 0 0.2657951 -0.7073404 0 0.7068731 -0.7073404 0 0.7068731 -0.2666753 0 0.9637864 -0.2666753 0 0.9637864 -0.8989535 -0 -0.438044 -0.8989535 -0 -0.438044 -0.98763 0 0.1568029 -0.98763 0 0.1568029 -0.7191336 0 0.6948718 -0.7191336 0 0.6948718 -0.4768459 0 0.8789869 -0.4768459 0 0.8789869 -0.5228072 -0 -0.852451 -0.5228072 0 -0.852451 -0.5227988 -0 -0.8524561 -0.5227988 0 -0.8524561 -0.4768383 0 0.878991 -0.4768383 0 0.878991 -0.6881171 0 0.7255997 -0.6881171 0 0.7255997 -0.9587191 0 0.2843549 -0.9587191 0 0.2843549 -0.972455 0 -0.2330907 -0.972455 0 -0.2330907 -0.7256082 0 -0.6881081 -0.7256082 0 -0.6881081 -0.6881171 0 0.7255997 -0.6881171 0 0.7255997 -0.9587132 0 0.284375 -0.9587132 0 0.284375 -0.972461 0 -0.2330657 -0.972461 0 -0.2330657 -0.7255907 0 -0.6881265 -0.7255907 0 -0.6881265 -0.4768428 0 0.8789886 -0.4768428 0 0.8789886 -0.5227903 -0 -0.8524613 -0.5227903 0 -0.8524613 -0.5227897 -0 -0.8524617 -0.5227897 0 -0.8524617 -0.4768564 0 0.8789812 -0.4768564 0 0.8789812 -0.6880783 0 0.7256364 -0.6880783 0 0.7256364 -0.9587191 0 0.2843549 -0.9587191 0 0.2843549 -0.972455 0 -0.2330907 -0.972455 0 -0.2330907 -0.7256477 0 -0.6880665 -0.7256477 0 -0.6880665 -0.6881171 0 0.7255997 -0.6881171 0 0.7255997 -0.9587132 0 0.284375 -0.9587132 0 0.284375 -0.972459 0 -0.233074 -0.972459 0 -0.233074 -0.7255558 0 -0.6881633 -0.7255558 0 -0.6881633 -0.4768519 0 0.8789837 -0.4768519 0 0.8789837 -0.5227982 -0 -0.8524565 -0.5227982 0 -0.8524565 -0.5227897 -0 -0.8524617 -0.5227897 0 -0.8524617 -0.4768564 0 0.8789812 -0.4768564 0 0.8789812 -0.6881171 0 0.7255997 -0.6881171 0 0.7255997 -0.9587106 0 0.2843834 -0.9587106 0 0.2843834 -0.9724589 0 -0.2330744 -0.9724589 0 -0.2330744 -0.7255953 0 -0.6881217 -0.7255953 0 -0.6881217 -0.6880589 0 0.7256549 -0.6880589 0 0.7256549 -0.9587221 0 0.2843449 -0.9587221 0 0.2843449 -0.972455 0 -0.2330907 -0.972455 0 -0.2330907 -0.7255953 0 -0.6881217 -0.7255953 0 -0.6881217 -0.4768435 0 0.8789883 -0.4768435 0 0.8789883 -0.5228024 -0 -0.8524539 -0.5228024 0 -0.8524539 -0.5227988 -0 -0.8524561 -0.5227988 0 -0.8524561 -0.4768519 0 0.8789837 -0.4768519 0 0.8789837 -0.6881171 0 0.7255997 -0.6881171 0 0.7255997 -0.9587191 0 0.2843549 -0.9587191 0 0.2843549 -0.972455 0 -0.2330907 -0.972455 0 -0.2330907 -0.7256082 0 -0.6881081 -0.7256082 0 -0.6881081 -0.6880783 0 0.7256364 -0.6880783 0 0.7256364 -0.9587191 0 0.2843549 -0.9587191 0 0.2843549 -0.972455 0 -0.2330907 -0.972455 0 -0.2330907 -0.7255907 0 -0.6881265 -0.7255907 0 -0.6881265 -0.4768428 0 0.8789886 -0.4768428 0 0.8789886 -0.5228031 -0 -0.8524535 -0.5228031 0 -0.8524535 0.3299814 -0.001447468 0.9439863 0.499795 0.001347056 0.8661427 0.5319322 -0.002015963 0.8467845 0.6689349 0.001836005 0.7433187 0.7069457 -0.002469871 0.7072636 0.8088761 0.002224018 0.587975 0.8465149 -0.002794414 0.5323576 0.9134427 0.002520106 0.4069595 0.9437769 -0.00300924 0.3305695 0.978101 0.002694819 0.2081137 0.9936911 -0.003122948 0.1121084 0.9999962 0.002741804 0.0002250449 0.9937453 -0.003121422 -0.111628 0.9782035 0.002695875 -0.2076309 0.9439319 -0.003009439 -0.3301263 0.9136226 0.002521559 -0.4065556 0.8467706 -0.002791531 -0.531951 0.8091661 0.002225749 -0.5875757 0.7072721 -0.00247004 -0.7069371 0.6692834 0.001834938 -0.7430049 0.5323433 -0.002016742 -0.8465262 0.5002138 0.001346453 -0.8659009 0.3304559 -0.001447739 -0.9438203 0.3088143 0.0007212028 0.9511221 0.1042763 -0.0008426326 0.994548 0.1117583 0 0.9937354 0.3092634 0.000723917 -0.9509761 0.1122129 -0.0007839793 -0.993684 0.104757 0 -0.9944978 0.9936967 0 0.112102 0.9437815 0 0.3305699 0.9437815 0 0.3305699 0.8465129 0 0.5323682 0.8465129 0 0.5323682 0.7069504 0 0.7072631 0.7069504 0 0.7072631 0.5319275 0 0.8467898 0.5319275 0 0.8467898 0.3300034 0 0.9439797 0.3300034 0 0.9439797 0.1117481 0 0.9937366 0.1117481 0 0.9937366 0.9936967 0 0.112102 0.99375 0 -0.1116286 0.99375 0 -0.1116286 0.9439387 0 -0.3301205 0.9439387 0 -0.3301205 0.8467671 0 -0.5319637 0.8467671 0 -0.5319637 0.7072878 0 -0.7069257 0.7072878 0 -0.7069257 0.5323297 0 -0.8465371 0.5323297 0 -0.8465371 0.3304557 0 -0.9438215 0.3304557 0 -0.9438215 0.1122215 0 -0.9936833 0.1122215 0 -0.9936833 0.3300043 -0.001450423 0.9439784 0.4997996 0.0013439 0.86614 0.5319081 -0.002016063 0.8467997 0.6689439 0.001836747 0.7433106 0.706957 -0.002469391 0.7072523 0.8088719 0.002223806 0.5879807 0.8465134 -0.002794865 0.5323602 0.9134436 0.002519928 0.4069575 0.9437769 -0.003009329 0.3305695 0.9781007 0.002694584 0.2081149 0.993691 -0.003123226 0.112109 0.9999962 0.002740056 0.0002524137 0.9937453 -0.003124657 -0.1116267 0.9781969 0.002694694 -0.2076625 0.9439319 -0.00300902 -0.3301263 0.913635 0.002520021 -0.4065277 0.8467689 -0.002793927 -0.5319535 0.8091578 0.002224361 -0.5875873 0.7072977 -0.002469188 -0.7069116 0.669311 0.001835979 -0.7429801 0.5323296 -0.002016935 -0.8465348 0.500189 0.001347298 -0.8659152 0.3304551 -0.001446912 -0.9438207 0.3088134 0.0007206879 0.9511224 0.104275 -0.0008432412 0.9945481 0.1117624 0 0.993735 0.309256 0.0007253616 -0.9509786 0.1122063 -0.0007826577 -0.9936846 0.104763 0 -0.9944972 0 1 0 0 1 -0 0 1 0 0 1 -0 0 1 0 0 1 0 0 1 0 0 1 0 0 1 0 0 1 0 0 1 0 0 1 0 0 1 0 0 1 0 0 1 0 0 1 0 0 1 0 0 1 0 0 1 0 0 1 0 0 1 0 0 1 0 0 1 0 0 1 0 0 1 0 0 1 0 0 1 0 0 1 0 0 1 0 0 1 0 0 1 0 0 1 0 0 1 0 0 1 0 0 1 0 0 1 0 0 1 0 0 1 0 0 1 0 0 1 -0 0 1 0 0 1 0 0 1 0 0 1 0 0 1 0 0 1 0 0 1 0 0 1 0 0 1 0 0 1 0 0 1 0 0 1 0 0 1 0 0 1 0 0 1 0 0 1 0 0 1 0 0 1 0 0 1 0 0 1 0 0 1 0 0 1 0 0 1 0 0 1 0 0 1 0 0 1 0 0 1 0 0 1 0 0 1 0 0 1 0 0 1 0 0 1 0 0 1 0 0 1 0 0 1 0 0 1 0 0 1 -0 0 1 0 0 1 0 0 1 0 0 1 -0 -0 1 0 0 1 0 0 1 0 0 1 0 0 1 0 0 1 0 0 1 0 0 1 0 0 1 0 0 1 0 0 1 0 0 1 0 0 1 0 0 1 0 0 1 0 0 1 0 0 1 0 0 1 0 0 1 0 0 1 0 0 1 0 0 1 0 0 1 0 0 1 -0 0 1 0 0 1 0 0 1 0 0 1 0 0 1 0 0 1 0 0 1 0 0 1 0 0 1 0 0 1 0 0 1 0 0 1 0 0 1 0 0 1 0 0 1 0 0 1 0 0 1 0 0 1 0 0 1 0 0 1 0 0 1 0 0 1 0 0 1 0 0 1 0 0 1 0 0 1 -0 0 1 0 0 1 0 0 1 0 0 1 0 0 1 0 0 1 0 0 1 0 0 1 0 0 1 0 0 1 0 0 1 0 0 1 0 0 1 0 0 1 -0 0 1 0 0 1 0 0 1 0 0 1 0 0 1 0 0 1 0 0 1 0 0 1 0 0 1 0 0 1 0 0 1 0 0 1 0 0 1 0 0 1 0 0 1 0 0 1 0 0 1 0 -0 1 0 0 1 0 -0 1 0 0 1 0 -0 1 0 0 1 -0 0 1 0 0 1 0 0 1 -0 0 1 0 0 1 0 0 1 0 0 1 0 0 1 0 -0 1 0 0 1 0 -0 1 0 -0 1 0 0 1 0 -0 1 0 -0 1 0 0 1 0 -0 1 0 0 1 0 -0 1 0 -0 1 0 0 1 0 -0 1 0 0 1 0 -0 1 0 -0 1 0 0 1 0 -0 1 0 0 1 0 -0 1 0 -0 1 0 0 1 0 -0 1 0 0 1 0 -0 1 0 -0 1 0 0 1 0 -0 1 0 0 1 0 -0 1 0 -0 1 0 0 1 0 -0 1 0 0 1 0 -0 1 0 -0 1 0 0 1 0 -0 1 0 0 1 0 0 1 0 0 1 0 -0 1 0 0 1 0 -0 1 0 -0.9936854 -1.133105e-05 -0.1122022 -0.943782 -1.446502e-05 -0.3305685 -0.9438052 -6.602607e-06 -0.3305022 -0.8465115 -7.421202e-06 -0.5323704 -0.8465991 1.099821e-05 -0.5322312 -0.7069477 1.168913e-05 -0.7072657 -0.7069321 9.216454e-06 -0.7072814 -0.5319333 9.134937e-06 -0.8467862 -0.5318309 -4.414096e-06 -0.8468506 -0.330007 -4.335337e-06 -0.9439785 -0.330048 5.2496e-07 -0.9439641 -0.1117362 1.775999e-07 -0.9937379 -0.1117346 0 -0.9937381 -0.9936968 0 -0.1121016 -0.9937391 0 0.1117262 -0.9937506 -1.148009e-05 0.1116243 -0.9439616 -1.460829e-05 0.3300552 -0.9439372 -6.299966e-06 0.3301253 -0.8468475 -7.150198e-06 0.5318357 -0.8467681 9.571716e-06 0.5319622 -0.7072793 9.665841e-06 0.7069343 -0.7072821 9.216426e-06 0.7069315 -0.5322472 9.135454e-06 0.846589 -0.5323253 -1.18673e-06 0.8465399 -0.3304913 -7.354225e-07 0.943809 -0.3304554 3.526768e-06 0.9438217 -0.112206 3.337186e-06 0.993685 -0.1122357 0 0.9936816 -0.9936854 -1.130049e-05 -0.1122023 -0.9437815 -1.41375e-05 -0.3305699 -0.9438047 -6.292121e-06 -0.3305038 -0.8465129 -6.97314e-06 -0.5323682 -0.8465971 1.075797e-05 -0.5322341 -0.7069504 1.123936e-05 -0.7072631 -0.7069384 9.342067e-06 -0.7072751 -0.5319275 9.242556e-06 -0.8467898 -0.5318294 -3.73017e-06 -0.8468515 -0.3300034 -3.560729e-06 -0.9439797 -0.3300541 2.447346e-06 -0.943962 -0.1117481 2.168648e-06 -0.9937366 -0.1117288 0 -0.9937387 -0.9936967 0 -0.112102 -0.9937387 0 0.1117288 -0.99375 -1.129537e-05 0.1116286 -0.943962 -1.414124e-05 0.3300541 -0.9439387 -6.262956e-06 0.3301205 -0.8468515 -6.959169e-06 0.5318294 -0.8467671 1.080289e-05 0.5319637 -0.7072751 1.12811e-05 0.7069384 -0.7072878 9.271804e-06 0.7069257 -0.5322341 9.177731e-06 0.8465971 -0.5323297 -3.460355e-06 0.8465371 -0.3305038 -3.261313e-06 0.9438047 -0.3304557 2.447298e-06 0.9438215 -0.1122023 2.169335e-06 0.9936854 -0.1122215 0 0.9936833 -0.9936855 -1.133105e-05 -0.1122007 -0.9437811 -1.446505e-05 -0.330571 -0.9438052 -6.303161e-06 -0.3305022 -0.8465115 -7.152103e-06 -0.5323704 -0.8466007 1.160444e-05 -0.5322286 -0.7069521 1.236352e-05 -0.7072616 -0.7069307 8.990995e-06 -0.7072828 -0.5319293 8.765654e-06 -0.8467888 -0.5318296 -4.414086e-06 -0.8468514 -0.3300055 -4.335336e-06 -0.943979 -0.3300421 0 -0.9439663 -0.1117402 -0 -0.9937374 -0.1117402 0 -0.9937374 -0.9936969 0 -0.1121002 -0.9937391 0 0.1117262 -0.9937501 -1.100694e-05 0.1116285 -0.943962 -1.415815e-05 0.330054 -0.943938 -6.0005e-06 0.3301227 -0.8468497 -6.88098e-06 0.5318322 -0.8467717 9.571692e-06 0.5319566 -0.7072728 9.665835e-06 0.7069407 -0.7072785 8.765428e-06 0.706935 -0.532246 8.597205e-06 0.8465898 -0.5323456 -4.580488e-06 0.846527 -0.330499 -4.440838e-06 0.9438064 -0.3304518 1.157093e-06 0.9438229 -0.1122067 3.92365e-07 0.9936849 -0.1122102 0 0.9936845 0.03270835 0 0.999465 0.03271782 -2.54177e-06 0.9994646 0.1218306 -2.524187e-06 0.9925508 0.1218213 0 0.992552 0.2099608 0 0.9777098 0.2099608 0 0.9777098 0.2964243 0 0.9550563 0.2964243 0 0.9550563 0.3805165 0 0.9247742 0.3805165 0 0.9247742 0.4615558 0 0.8871112 0.4615558 0 0.8871112 0.5389296 0 0.8423508 0.5389223 2.313539e-06 0.8423554 0.6119841 2.205831e-06 0.79087 0.6119817 3.016937e-06 0.7908719 0.6801501 2.796451e-06 0.7330729 0.6801577 0 0.7330658 0.7428898 0 0.6694137 0.7428872 1.062709e-06 0.6694167 0.7996929 1.14397e-06 0.6004093 0.7996932 1.016862e-06 0.6004089 0.8501096 1.08097e-06 0.5266058 0.8501117 0 0.5266023 0.8937336 0 0.4485983 0.893735 -8.523321e-07 0.4485955 0.9302157 -8.871228e-07 0.3670132 0.9302157 -8.871228e-07 0.3670132 0.9592704 -9.148315e-07 0.2824895 0.9592694 0 0.2824928 0.9806619 0 0.1957096 0.9806615 6.234878e-07 0.1957119 0.9942193 6.321076e-07 0.1073686 0.9942198 -6.321079e-07 0.1073639 0.9998349 -6.356779e-07 0.01816931 0.9998349 0 0.01817168 0.9996481 0 -0.02653002 0.9996481 0 -0.02653002 0.9732801 0 0.2296211 0.961431 0 0.2750465 0.961431 0 0.2750465 0.9474629 0 0.3198655 0.9474629 0 0.3198655 0.9314074 0 0.3639785 0.9314074 0 0.3639785 0.9132978 0 0.4072925 0.9132978 0 0.4072925 0.9732801 0 0.2296211 0.9829844 -0 0.1836893 0.9829844 0 0.1836893 0.9905219 -0 0.1373545 0.9905219 0 0.1373545 0.9958769 -0 0.09071494 0.9958769 0 0.09071494 0.999037 -0 0.04387719 0.999037 0 0.04387719 0.9999952 0 -0.003059043 0.9999952 0 -0.003059043 0.9034867 0 0.4286159 0.9034867 0 0.4286159 0.9677977 0.0009295204 0.2517273 0.9900793 -0.0008981546 0.1405066 0.9917158 0.001356077 0.1284442 0.9997988 -0.001270932 0.02001709 0.9999936 0.001719189 0.003137875 0.9949128 -0.001631254 -0.1007261 0.9925009 0.002026013 -0.1222206 0.9755194 -0.001967457 -0.2199049 0.9693565 0.002295416 -0.2456478 0.9419299 -0.002258814 -0.3358018 0.9309237 0.00254476 -0.3652048 0.8946375 -0.00248906 -0.4467857 0.8778101 0.002779379 -0.4790007 0.8343009 -0.00265768 -0.551303 0.8108541 0.002989294 -0.5852407 0.7617534 -0.002779724 -0.6478611 0.7311091 0.003154683 -0.6822532 0.6780249 -0.002876765 -0.7350333 0.639834 0.003256081 -0.7685062 0.5843742 -0.002962982 -0.8114789 0.53847 0.003290756 -0.8426383 0.4823011 -0.003025739 -0.8760003 0.4286149 0.003288963 -0.9034813 0.3733687 -0.003025943 -0.9276781 0.3119982 0.003290592 -0.950077 0.2588256 -0.002963349 -0.9659195 0.1904603 0.003255766 -0.9816895 0.1403789 -0.002876838 -0.9900936 0.06592097 0.003154609 -0.9978199 0.01990086 -0.002779625 -0.9997981 -0.05965894 0.002989435 -0.9982143 -0.1007765 -0.002657671 -0.9949056 -0.1842974 0.002779389 -0.9828666 -0.2198918 -0.002488965 -0.9755211 -0.3060312 0.002544939 -0.9520181 -0.3357652 -0.002258495 -0.941943 -0.4229366 0.002295621 -0.9061563 -0.4467753 -0.001967656 -0.8946441 -0.5331736 0.0020258 -0.8460034 -0.5513462 -0.00163134 -0.8342749 -0.6350029 0.00171912 -0.7725079 -0.6479527 -0.001271033 -0.7616795 -0.726817 0.001356026 -0.6868299 -0.7351234 -0.0008980175 -0.6779327 -0.8071686 0.0009296282 -0.5903203 0.9286169 0 0.3710401 0.9277667 0.0004781397 0.3731604 0.9659165 -0.000494594 0.2588537 -0.8758953 0 -0.4825011 -0.8747904 0.0004598567 -0.4845014 -0.8114978 -0.0004944722 -0.5843553 -0.9034867 -0 -0.4286161 -0.9034867 0 -0.4286161 -0.9276016 -0 -0.3735711 -0.9276192 -9.43623e-06 -0.3735274 -0.9657137 -9.823747e-06 -0.2596098 -0.9656969 3.069868e-06 -0.259672 -0.9898776 3.146736e-06 -0.1419238 -0.9898751 6.608129e-06 -0.141941 -0.9997538 6.674077e-06 -0.0221898 -0.9997549 -3.495949e-06 -0.02213903 -0.9951984 -3.480016e-06 0.09787807 -0.9951967 -6.954856e-06 0.09789533 -0.9762754 -7.205679e-06 0.2165322 -0.9762762 -6.517347e-06 0.2165289 -0.9432654 -6.296976e-06 0.3320398 -0.9432709 -2.998577e-06 0.3320242 -0.8966298 -2.850309e-06 0.4427809 -0.896643 3.135387e-06 0.4427542 -0.8370516 2.927007e-06 0.547124 -0.8370435 0 0.5471362 -0.7653928 0 0.6435634 -0.7653698 -7.155315e-06 0.6435907 -0.6826866 -6.880294e-06 0.7307113 -0.6827117 0 0.7306879 -0.927952 0 0.3726996 -0.9713942 0 0.2374727 -0.9713942 0 0.2374727 -0.9952392 0 0.09746262 -0.9952392 0 0.09746262 -0.9279443 2.949138e-06 0.3727189 -0.8657784 2.752236e-06 0.5004274 -0.8657882 0 0.5004106 -0.7861452 0 0.6180419 -0.7861452 0 0.6180419 -0.6906692 0 0.7231709 -0.6906692 0 0.7231709 -0.999648 0 0.02652995 -0.999648 0 0.02652995 -0.7256175 -0 -0.6880983 -0.7256175 0 -0.6880983 0 -1 0 0 -1 0 0 -1 0 0 -1 0 0 -1 0 0 -1 0 0 -1 0 0 -1 0 0 -1 0 -0 -1 0 0 -1 0 0 -1 0 0 -1 0 -0 -1 0 0 -1 -0 0 -1 0 0 -1 0 0 -1 0 0 -1 0 0 -1 0 0 -1 0 0 -1 0 0 -1 0 0 -1 0 0 -1 0 0 -1 0 0 -1 0 0 -1 0 0 -1 0 0 -1 0 0 -1 0 0 -1 0 0 -1 0 0 -1 0 0 -1 0 0 -1 0 0 -1 0 0 -1 0 0 -1 0 0 -1 0 0 -1 0 0 -1 0 0 -1 0 0 -1 0 0 -1 0 0 -1 0 0 -1 0 0 -1 0 0 -1 0 0 -1 0 0 -1 0 0 -1 0 0 -1 0 0 -1 0 0 -1 0 0 -1 0 0 -1 0 0 -1 0 0 -1 0 0 -1 0 0 -1 0 0 -1 0 0 -1 0 0 -1 0 0 -1 0 0 -1 0 0 -1 0 0 -1 0 0 -1 0 -0 -1 0 0 -1 -0 0 -1 0 0 -1 0 0 -1 0 0 -1 0 0 -1 0 0 -1 0 0 -1 0 0 -1 0 0 -1 0 0 -1 0 0 -1 0 0 -1 0 0 -1 0 0 -1 0 0 -1 0 -0 -1 0 0 -1 0 0 -1 0 0 -1 0 0 -1 0 0 -1 0 0 -1 0 0 -1 0 0 -1 0 -0 -1 0 0 -1 0 0 -1 0 0 -1 0 0 -1 0 0 -1 0 0 -1 0 0 -1 -0 0 -1 0 0 -1 0 0 -1 0 0 -1 0 0 -1 0 0 -1 0 0 -1 0 0 -1 0 0 -1 0 0 -1 0 0 -1 0 0 -1 0 0 -1 0 0 -1 0 0 -1 0 -0 -1 0 0 -1 -0 0 -1 0 0 -1 0 0 -1 0 0 -1 0 0 -1 0 0 -1 0 0 -1 0 0 -1 0 0 -1 0 0 -1 0 0 -1 0 0 -1 0 0 -1 0 0 -1 0 0 -1 0 0 -1 0 0 -1 0 0 -1 0 0 -1 0 0 -1 0 0 -1 0 0 -1 0 0 -1 0 0 -1 -0 0 -1 0 0 -1 0 -0 -1 0 0 -1 0 0 -1 0 0 -1 0 0 -1 -0 -0 -1 0 0 -1 -0 0 -1 0 -0 -1 0 0 -1 0 0 -1 0 0 -1 0 0 -1 0 -0 -1 0 0 -1 0 0 -1 0 -0 -1 0 0 -1 0 0 -1 0 0 -1 0 0 -1 0 0 -1 0 0 -1 0 0 -1 0 0 -1 0 0 -1 0 0 -1 0 0 -1 0 0 -1 0 -0 -1 0 0 -1 0 -0 -1 0 0 -1 0 -0 -1 0 0 -1 0 -0 -1 0 0 -1 0 0 -1 0 0 -1 0 0 -1 0 0 -1 0 0 -1 0 0 -1 0 0 -1 0 0 -1 0 0 -1 0 0 -1 0 0 -1 0 0 -1 0 0 -1 0 0 -1 0 0 -1 0 0 -1 0 0 -1 0 0 -1 0 0 -1 0 0 -1 0 0 -1 0 0 -1 0 0 -1 0 0 -1 0 0 -1 0 0 -1 0 0 -1 0 0 -1 0 0 -1 0 0 -1 0 0 -1 0 0 -1 0 0 -1 0 0 -1 0 0 -1 0 -0 -1 0 0 -1 0 -0 -1 0 0 -1 0 0 -1 0 0 -1 0 -0.7229913 -0 -0.6908572 -0.7229913 -0 -0.6908572 -0.9696967 -0 -0.244312 -0.9696967 -0 -0.244312 -0.9640295 0 0.2657951 -0.9640295 0 0.2657951 -0.7073404 0 0.7068731 -0.7073404 0 0.7068731 -0.2666753 0 0.9637864 -0.2666753 0 0.9637864 -0.8989535 -0 -0.438044 -0.8989535 -0 -0.438044 -0.98763 0 0.1568029 -0.98763 0 0.1568029 -0.7191336 0 0.6948718 -0.7191336 0 0.6948718 -0.4768459 0 0.8789869 -0.4768459 0 0.8789869 -0.5228072 -0 -0.852451 -0.5228072 0 -0.852451 -0.5227988 -0 -0.8524561 -0.5227988 0 -0.8524561 -0.4768383 0 0.878991 -0.4768383 0 0.878991 -0.6881171 0 0.7255997 -0.6881171 0 0.7255997 -0.9587191 0 0.2843549 -0.9587191 0 0.2843549 -0.972455 0 -0.2330907 -0.972455 0 -0.2330907 -0.7256082 0 -0.6881081 -0.7256082 0 -0.6881081 -0.6881171 0 0.7255997 -0.6881171 0 0.7255997 -0.9587132 0 0.284375 -0.9587132 0 0.284375 -0.972461 0 -0.2330657 -0.972461 0 -0.2330657 -0.7255907 0 -0.6881265 -0.7255907 0 -0.6881265 -0.4768428 0 0.8789886 -0.4768428 0 0.8789886 -0.5227903 -0 -0.8524613 -0.5227903 0 -0.8524613 -0.5227897 -0 -0.8524617 -0.5227897 0 -0.8524617 -0.4768564 0 0.8789812 -0.4768564 0 0.8789812 -0.6880783 0 0.7256364 -0.6880783 0 0.7256364 -0.9587191 0 0.2843549 -0.9587191 0 0.2843549 -0.972455 0 -0.2330907 -0.972455 0 -0.2330907 -0.7256477 0 -0.6880665 -0.7256477 0 -0.6880665 -0.6881171 0 0.7255997 -0.6881171 0 0.7255997 -0.9587132 0 0.284375 -0.9587132 0 0.284375 -0.972459 0 -0.233074 -0.972459 0 -0.233074 -0.7255558 0 -0.6881633 -0.7255558 0 -0.6881633 -0.4768519 0 0.8789837 -0.4768519 0 0.8789837 -0.5227982 -0 -0.8524565 -0.5227982 0 -0.8524565 -0.5227897 -0 -0.8524617 -0.5227897 0 -0.8524617 -0.4768564 0 0.8789812 -0.4768564 0 0.8789812 -0.6881171 0 0.7255997 -0.6881171 0 0.7255997 -0.9587106 0 0.2843834 -0.9587106 0 0.2843834 -0.9724589 0 -0.2330744 -0.9724589 0 -0.2330744 -0.7255953 0 -0.6881217 -0.7255953 0 -0.6881217 -0.6880589 0 0.7256549 -0.6880589 0 0.7256549 -0.9587221 0 0.2843449 -0.9587221 0 0.2843449 -0.972455 0 -0.2330907 -0.972455 0 -0.2330907 -0.7255953 0 -0.6881217 -0.7255953 0 -0.6881217 -0.4768435 0 0.8789883 -0.4768435 0 0.8789883 -0.5228024 -0 -0.8524539 -0.5228024 0 -0.8524539 -0.5227988 -0 -0.8524561 -0.5227988 0 -0.8524561 -0.4768519 0 0.8789837 -0.4768519 0 0.8789837 -0.6881171 0 0.7255997 -0.6881171 0 0.7255997 -0.9587191 0 0.2843549 -0.9587191 0 0.2843549 -0.972455 0 -0.2330907 -0.972455 0 -0.2330907 -0.7256082 0 -0.6881081 -0.7256082 0 -0.6881081 -0.6880783 0 0.7256364 -0.6880783 0 0.7256364 -0.9587191 0 0.2843549 -0.9587191 0 0.2843549 -0.972455 0 -0.2330907 -0.972455 0 -0.2330907 -0.7255907 0 -0.6881265 -0.7255907 0 -0.6881265 -0.4768428 0 0.8789886 -0.4768428 0 0.8789886 -0.5228031 -0 -0.8524535 -0.5228031 0 -0.8524535 -0.05560183 0 0.998453 -0.05560183 0 0.998453 -0.2763143 0 0.9610673 -0.2763143 0 0.9610673 -0.4833881 0 0.8754062 -0.4833881 0 0.8754062 -0.6659948 0 0.7459564 -0.6659948 0 0.7459564 -0.8151842 0 0.5792018 -0.8151842 0 0.5792018 -0.9236652 0 0.3832006 -0.9236652 0 0.3832006 -0.9858053 0 0.1678923 -0.9858053 0 0.1678923 -0.9984598 0 -0.05548093 -0.9984598 0 -0.05548093 -0.9610331 0 -0.2764332 -0.9610331 0 -0.2764332 -0.8753855 0 -0.4834255 -0.8753855 0 -0.4834255 -0.7459794 0 -0.6659691 -0.7459794 0 -0.6659691 -0.5791659 0 -0.8152097 -0.5791659 0 -0.8152097 -0.3830875 0 -0.9237121 -0.3830875 0 -0.9237121 -0.1680108 0 -0.9857852 -0.1680108 0 -0.9857852 -0.3420879 0.002496845 0.9396647 -0.4735416 -0.002304306 0.8807684 -0.4941684 0.003626552 0.8693586 -0.7224041 -0.005588278 0.6914486 -0.7747186 0.004648388 0.6322892 -0.8216156 -0.005440771 0.5700159 -0.8565003 0.004548021 0.5161265 -0.9006881 -0.005116099 0.4344362 -0.9213954 0.003984587 0.3886061 -0.9576116 -0.004322944 0.2880302 -0.9673351 0.003116635 0.253482 -0.9908924 -0.003233562 0.1346174 -0.9935268 0.001696544 0.1135856 -0.9439988 -0.003172678 -0.3299337 -0.8970556 0.003060406 -0.4419071 -0.8807403 -0.004361557 -0.4735793 -0.825008 0.003854549 -0.565108 -0.7958761 -0.00519301 -0.6054372 -0.7363386 0.004381239 -0.6765992 -0.6914665 -0.005584653 -0.722387 -0.6322891 0.004654792 -0.7747185 -0.5699767 -0.005440986 -0.8216428 -0.5161265 0.004540684 -0.8565004 -0.4343237 -0.005135945 -0.9007422 -0.3886062 0.00394371 -0.9213955 -0.2879471 -0.00436689 -0.9576364 -0.02203008 0 0.9997572 -0.0204678 -0.0004450921 0.9997904 -0.1779531 0.0004029321 0.9840389 -0.1804087 0.001127305 0.9835911 -0.329817 -0.0010329 0.9440444 -0.6054628 -0.003400262 0.7958663 -0.5943642 -0.006619178 0.8041688 -0.6765991 0.004380987 0.7363386 -0.9997597 -0.001844107 -0.02184567 -0.9995586 0.0001917733 -0.02970825 -0.9840239 0.0001201941 -0.1780367 -0.9852807 -0.001930948 -0.1709332 -0.950664 0.001688788 -0.3102177 -0.1208077 5.103113e-06 -0.9926759 -0.1348014 -0.003276743 -0.9908673 -0.2534821 0.00305664 -0.9673352 0.05560183 0 -0.998453 0.05560183 0 -0.998453 0.2763143 0 -0.9610673 0.2763143 0 -0.9610673 0.4833881 0 -0.8754062 0.4833881 0 -0.8754062 0.6659948 0 -0.7459564 0.6659948 0 -0.7459564 0.8151842 0 -0.5792018 0.8151842 0 -0.5792018 0.9236652 0 -0.3832006 0.9236652 0 -0.3832006 0.9858053 0 -0.1678923 0.9858053 0 -0.1678923 0.9984598 -0 0.05548093 0.9984598 -0 0.05548093 0.9610331 -0 0.2764332 0.9610331 -0 0.2764332 0.8753855 -0 0.4834255 0.8753855 -0 0.4834255 0.7459794 -0 0.6659691 0.7459794 -0 0.6659691 0.5791659 -0 0.8152097 0.5791659 -0 0.8152097 0.3830875 -0 0.9237121 0.3830875 -0 0.9237121 0.1680108 -0 0.9857852 0.1680108 -0 0.9857852 0 -1 0 0 -1 -0 0 -1 0 0 -1 -0 0 -1 0 0 -1 -0 0 -1 0 0 -1 -0 0 -1 0 0 -1 -0 0 -1 0 0 -1 -0 0 -1 0 0 -1 -0 0 -1 0 0 -1 -0 0 -1 0 0 -1 -0 0 -1 0 0 -1 -0 0 -1 0 0 -1 -0 0 -1 0 0 -1 -0 0 -1 0 0 -1 -0 0 -1 0 0 -1 0 0 -1 0 0 -1 0 0 -1 0 0 -1 0 0 -1 0 0 -1 0 -0 -1 0 0 -1 0 0 -1 0 0 -1 0 0 -1 0 0 -1 0 0 -1 0 0 -1 0 0 -1 0 0 -1 0 0 -1 0 0 -1 0 0 -1 0 0 -1 0 -0 -1 0 0 -1 0 0 -1 0 0 -1 0 0 -1 0 0 -1 0 0 -1 -0 0 -1 -0 0 -1 0 0 -1 -0 0 -1 -0 0 -1 0 0 -1 -0 0 -1 -0 0 -1 0 0 -1 -0 0 -1 0 0 -1 -0 0 -1 -0 0 -1 0 0 -1 -0 0 -1 0 0 -1 -0 0 -1 -0 0 -1 0 0 -1 0 0 -1 0 0 -1 -0 0 -1 0 0 -1 0 0 -1 -0 0 -1 0 0 -1 -0 0 -1 0 0 -1 0 0 -1 -0 0 -1 0 0 -1 -0 0 -1 0 0 -1 0 0 -1 -0 0 -1 0 0 -1 0 0 -1 0 0 -1 0 0.1902597 -0.005790909 -0.9817168 0.241047 0.003812082 -0.970506 0.3492513 -0.004574874 -0.9370179 0.3771887 0.002199422 -0.9261338 0.6345854 -0.0007551326 -0.7728524 0.7504982 0.0007658651 -0.660872 0.7531372 -0.0004136502 -0.6578634 0.9761676 0.0006485638 -0.217017 0.998399 -0.0006383649 -0.0565602 0.9986984 0.0009883038 -0.05099538 0.9940914 -0.0009732422 0.1085427 0.9931945 0.001317941 0.1164597 0.9626676 -0.001297416 0.2706831 0.9598112 0.001636914 0.2806419 0.9049839 -0.001611615 0.4254428 0.8994837 0.001945389 0.4369498 0.8226167 -0.001915351 0.5685931 0.813908 0.002244188 0.5809896 0.7178078 -0.002208315 0.6962378 0.7054836 0.002532129 0.7087217 0.5934212 -0.002491116 0.8048882 0.5772572 0.002809781 0.8165576 0.4528478 -0.002763529 0.8915836 0.4328263 0.00307725 0.9014721 0.2999202 -0.003025331 0.9539595 0.02608071 5.09049e-06 -0.9996598 -0.01314107 -0.01175134 -0.9998446 0.1005506 0.004671946 -0.994921 0.4987207 -0.002344564 -0.8667595 0.5045781 -0.000542002 -0.8633659 0.631006 0.0005873524 -0.7757778 0.8511461 0.0004272634 -0.5249287 0.8503011 -6.291149e-05 -0.5262966 0.9259381 6.149542e-05 -0.3776754 0.9262346 0.0002977494 -0.3769474 0.9754724 -0.0002938636 -0.2201216 0.1259672 0 0.9920344 0.1388137 -0.003277754 0.9903131 0.2762474 0.003333486 0.9610808 0.3223682 0.8596522 -0.3963292 0.2580315 0.8596289 -0.4409736 -0.5249825 0.8399114 0.1376302 -0.189696 0.8728477 -0.4496136 -0.4631496 0.8412514 0.2789057 -0.4082273 0.8497782 0.3335078 -0.1632789 0.9641669 -0.2090986 -0.3196153 0.8637354 0.3896243 -0.3505648 0.8553318 0.3814601 0.2290519 0.8671936 -0.4421657 0.1961224 0.8539052 -0.4820601 0.151999 0.9492447 -0.2753741 0.3938951 0.8511981 -0.3468552 -0.1781718 0.8536576 0.4894114 0.4583016 0.8423138 -0.2836672 -0.09819996 0.8388782 0.5353879 0.515076 0.8494611 -0.1145093 0.5368856 0.8413029 0.06295398 0.4925788 0.8698875 0.02572313 0.5178711 0.8419507 0.1514218 0.4854426 0.8592594 0.161303 0.4746075 0.849466 0.2305541 0.4242258 0.8659936 0.2647407 0.3000343 0.8543146 0.4244126 0.2563194 0.8645845 0.4321967 0.2311347 0.845478 0.4813975 0.1532549 0.8550593 0.495365 0.1513437 0.8365749 0.5265334 -0.3867226 0.850962 -0.3554001 -0.4575595 0.8672838 -0.1961076 -0.4916744 0.855915 -0.1602053 -0.5107719 0.8588289 0.0390523 -0.5522296 0.8313119 0.06295223 0.1238881 0.8580544 -0.4983919 0.1659465 0.985645 -0.03107384 0.1656737 0.9856945 -0.03096277 0.494489 0.8455665 -0.201241 0.4661048 0.8710418 -0.1550238 0.525672 0.8502638 -0.02684178 0.4920806 0.8704639 0.0122208 -0.2425137 0.9558092 -0.1661805 -0.3168295 0.9402322 -0.1248299 -0.3007159 0.9516236 -0.06310688 -0.2229213 0.9724914 -0.06757619 -0.1988111 0.9793054 0.03788054 -0.1963744 0.9803237 -0.02006191 -0.1486678 0.9888572 0.007710905 -0.1522406 0.949102 0.2757317 -0.1441665 0.9432312 0.2992172 -0.07019809 0.9482777 0.3095833 -0.08161837 0.97351 0.2135811 0.04174839 0.9896145 0.1375503 0.08801132 0.980443 0.176027 0.09291216 0.9803743 0.1738781 0.155123 0.9629838 0.2204519 0.1663912 0.951947 0.2571203 0.2306275 0.9403009 0.2502902 0.2417545 0.9560917 0.1656603 -0.2527378 0.8593206 0.4446252 -0.2530448 0.859614 0.4438831 -0.3031248 0.8601189 0.410257 0.06937931 0.834655 0.5463858 0.02129356 0.8852948 0.4645424 -0.01141782 0.8299465 0.5577261 -0.09406283 0.9778982 -0.1867277 -0.09649935 0.9809128 -0.1688134 -0.04211449 0.9897316 -0.1365936 -0.02696363 0.9903261 -0.1361143 -0.01380421 0.9896984 -0.142501 -0.008620711 0.9887477 -0.1493438 0.004669523 0.9853095 -0.1707139 0.001247407 0.9773168 -0.211779 -0.06203117 0.8569791 -0.5116044 -0.1352507 0.8459045 -0.5159001 -0.1947726 0.867644 -0.4574469 -0.1983468 0.8670309 -0.4570734 -0.2605033 0.8948283 -0.3625197 -0.260503 0.8948283 -0.3625197 -0.3201295 0.9106439 -0.2612368 -0.3201301 0.9106438 -0.2612365 -0.3752647 0.9136518 -0.1562584 -0.3752654 0.9136516 -0.1562582 -0.4251336 0.9038005 -0.04905125 -0.4251319 0.9038013 -0.04905189 -0.4690306 0.8812165 0.05888578 -0.4690314 0.8812162 0.05888601 -0.5063362 0.8462003 0.1660376 -0.4390054 0.8864479 0.1465753 -0.5168878 0.8278129 0.218066 0.05498589 0.8374093 -0.5438035 -0.007041512 0.8591321 -0.5117055 -0.0239086 0.8709554 -0.49078 -0.03280839 0.8713169 -0.4896228 -0.09472185 0.9099756 -0.4036981 -0.09472182 0.9099756 -0.4036981 -0.1585305 0.9381496 -0.3078042 -0.1585311 0.9381496 -0.307804 -0.1849727 0.9461318 -0.265744 -0.2520005 0.9412494 -0.2248228 -0.2195196 0.9484336 0.2286587 -0.2165143 0.9404302 0.262131 -0.2631199 0.9483157 0.1773839 -0.2094328 0.9641348 0.1630398 -0.1783414 0.9794326 0.09437186 -0.1699537 0.980795 0.09569253 -0.1353727 0.9898793 0.04258169 0.1382847 0.989524 -0.04146666 0.1339794 0.9908519 -0.01618196 0.1980204 0.9796774 0.03194169 0.2180049 0.9736207 -0.06735499 0.2165538 0.9732166 0.07716145 0.3518387 0.864306 0.3594227 0.3569967 0.8625161 0.3586353 0.4195452 0.8569083 0.2994828 -0.3253469 0.8576519 -0.3982242 -0.3333639 0.8545917 -0.3981726 -0.2840502 0.8347631 -0.4716842 -0.4007248 0.8655539 -0.3003933 -0.4222669 0.8590517 -0.2893457 -0.4589527 0.8591787 -0.2262177 -0.5020493 0.8605327 -0.0861978 -0.5005705 0.8613018 -0.08711167 -0.5342726 0.8451676 -0.01563643 -0.3332116 0.942852 0.0002706728 -0.3332125 0.9428517 0.0002709477 -0.3831347 0.9177081 0.1049746 -0.3831354 0.9177078 0.1049748 -0.4276784 0.8796166 0.2082443 -0.4276769 0.8796175 0.208244 -0.4545419 0.8466123 0.2768382 -0.05496974 0.9674327 -0.2470876 -0.0549695 0.9674327 -0.2470876 0.00937219 0.9394095 -0.3426689 0.009371693 0.9394096 -0.3426688 0.07358306 0.8981764 -0.4334338 0.07358208 0.8981764 -0.4334336 0.1208378 0.859172 -0.4972139 -0.2398635 0.9692473 0.05500143 -0.2398615 0.9692478 0.05500097 -0.2959021 0.9423739 0.1561192 -0.2959006 0.9423745 0.1561189 -0.3477936 0.9022053 0.2550788 -0.3477951 0.9022046 0.255079 -0.3879321 0.8582133 0.3361228 0.1767377 0.9129128 -0.3679049 0.1767369 0.912913 -0.3679048 0.1385902 0.9395791 -0.3130235 0.06768855 0.9495294 -0.3062878 0.06823275 0.9725453 -0.2224862 -0.1341038 0.9908014 0.01813169 -0.1656737 0.9856945 0.03096286 -0.2679199 0.9136159 0.3058186 -0.2679195 0.9136156 0.3058195 -0.1892828 0.9136734 0.3596843 -0.1892836 0.9136743 0.359682 0.2022174 0.9490866 -0.2415425 0.2408882 0.9396429 -0.2429899 0.2782898 0.9129874 -0.2983434 0.2782917 0.9129868 -0.2983437 0.3296586 0.8662567 -0.3753992 0.2610985 0.9495447 -0.1737595 0.2170436 0.9633594 -0.1575781 0.1785486 0.9796987 -0.09116443 0.1758834 0.9801503 -0.09148996 0.0267366 0.9905616 0.1344355 0.01142321 0.9901876 0.1392771 0.00488899 0.9891878 0.1465727 0.06265341 0.9746115 0.2149582 -0.03030637 0.9802479 0.1954373 0.2492909 0.9676561 -0.03867428 0.2492907 0.9676561 -0.03867424 0.3151977 0.9396346 -0.1331814 0.3151971 0.9396347 -0.1331813 0.376676 0.8983985 -0.2258215 0.3766741 0.8983993 -0.2258212 0.4165503 0.8620328 -0.2887655 0.0344017 0.9694492 0.2428681 0.03440307 0.9694491 0.2428679 -0.03961201 0.942562 0.3316739 -0.03961266 0.942562 0.3316739 -0.1130988 0.9023777 0.4158402 -0.1130988 0.9023777 0.4158401 -0.1788362 0.8545522 0.4876044 0.6516214 0.7560617 0.06132047 0.2721208 0.953495 0.1296048 0.3433494 0.9385184 0.03597552 0.3433506 0.938518 0.03597534 0.4097412 0.9103466 -0.05814659 0.4097427 0.910346 -0.05814684 0.46773 0.8715263 -0.1472088 0.1191873 0.9431838 0.310159 0.1191886 0.9431837 0.3101589 0.03961818 0.9180183 0.3945538 0.03961676 0.9180185 0.3945538 -0.04054546 0.8799019 0.4734223 -0.04054521 0.8799019 0.4734223 -0.09902313 0.8440335 0.5270691 0.4312517 0.8953373 0.1113232 0.4312551 0.8953359 0.1113227 0.3583377 0.9111421 0.2035045 0.3583368 0.9111424 0.2035047 0.2803672 0.9141336 0.292838 0.2803671 0.9141336 0.292838 0.1984268 0.904259 0.3780774 0.1984251 0.9042593 0.3780775 0.1136619 0.8816448 0.4580211 0.1136628 0.8816447 0.4580211 0.02726099 0.8465928 0.5315426 0.824912 -1.253954e-05 0.5652612 0.8249105 -4.542337e-08 0.5652633 0.5652629 2.089869e-06 -0.8249108 0.5652632 0 -0.8249106 -0.5652616 -1.01013e-05 0.8249117 -0.5652633 3.881925e-08 0.8249106 0.8249103 -3.483119e-06 0.5652637 0.8249108 0 0.565263 -0.8249104 -2.438183e-06 -0.5652634 -0.8249108 0 -0.565263 -0.8249107 6.604201e-09 -0.5652631 -0.8249103 -2.473324e-07 -0.5652637 -0.565263 3.483121e-07 0.8249107 -0.5652631 -2.517446e-08 0.8249107 0.5652608 -1.428111e-05 -0.8249122 0.5652633 5.447436e-08 -0.8249106 0.4895319 0.5000001 -0.7143937 0.4895323 0.5000002 -0.7143934 0.489532 0.5000008 -0.7143933 0.4895321 0.4999999 -0.7143938 0.4895285 0.4999985 -0.7143972 0.9374481 -1.106491e-08 0.3481251 0.8937086 0.01043304 0.4485264 0.9834682 -0.002584614 0.1810622 0.9907932 0.003844196 -0.1353295 0.9830012 0.0004799156 -0.1835985 0.8096938 -0.0006329641 -0.5868523 0.8517958 0.006291253 -0.5238363 0.6050829 -0.002950821 -0.7961571 0.6581922 -7.411497e-09 -0.7528499 0.7143942 0.4999985 0.4895328 0.7143942 0.4999987 0.4895328 0.7143934 0.5000001 0.4895323 0.7143937 0.5000001 0.4895321 -0.3481245 -7.755114e-08 0.9374483 -0.4485265 0.01043312 0.8937086 -0.1810622 -0.002584581 0.9834682 0.1353296 0.003844174 0.9907932 0.1835985 0.0004798997 0.9830012 0.5868531 -0.000633017 0.8096932 0.5238363 0.006291297 0.8517957 0.7961559 -0.002950755 0.6050844 0.7528503 -4.065457e-08 0.6581919 -0.4895319 0.5000002 0.7143938 -0.4895321 0.5000001 0.7143936 -0.489532 0.5000002 0.7143937 -0.4895324 0.4999989 0.7143943 -0.4895332 0.4999975 0.7143946 0.3481234 -1.524595e-07 -0.9374487 0.4485265 0.01043319 -0.8937087 0.1810622 -0.002584598 -0.9834682 -0.1353321 0.003844111 -0.9907928 -0.1835987 0.0004799802 -0.9830012 -0.5868539 -0.0006330984 -0.8096926 -0.523836 0.006291361 -0.8517959 -0.7961571 -0.002950875 -0.6050828 -0.7528495 -0 -0.6581927 -0.9374475 8.861515e-08 -0.3481267 -0.8937089 0.01043293 -0.448526 -0.9834682 -0.002584648 -0.1810622 -0.9907933 0.00384421 0.1353289 -0.9830012 0.0004798995 0.1835985 -0.8096943 -0.0006329288 0.5868516 -0.8517957 0.006291199 0.5238363 -0.6050814 -0.002950896 0.7961581 -0.6581918 -2.953725e-08 0.7528504 -0.7143936 0.5000001 -0.4895322 -0.7143933 0.5000005 -0.4895322 -0.7143938 0.4999987 -0.4895331 -0.7143933 0.4999999 -0.4895328 0 1 0 -0 1 0 0 1 0 0 1 0 0 1 0 0 1 0 -0 1 0 -0 1 0 0 1 0 0 1 0 0 1 0 -0 1 0 0 1 0 -0 1 0 -0.1117624 -0 -0.993735 -0.1117624 -0 -0.993735 -0.3300047 -0 -0.9439794 -0.3300047 -0 -0.9439794 -0.5319092 -0 -0.8468014 -0.5319092 -0 -0.8468014 -0.7069591 -0 -0.7072544 -0.7069591 -0 -0.7072544 -0.8465167 -0 -0.5323623 -0.8465167 -0 -0.5323623 -0.9437811 -0 -0.330571 -0.9437811 -0 -0.330571 -0.9936958 -0 -0.1121096 -0.9936958 -0 -0.1121096 -0.9937502 0 0.1116273 -0.9937502 0 0.1116273 -0.9439363 0 0.3301278 -0.9439363 0 0.3301278 -0.8467723 0 0.5319557 -0.8467723 0 0.5319557 -0.7072999 0 0.7069137 -0.7072999 0 0.7069137 -0.5323306 0 0.8465365 -0.5323306 0 0.8465365 -0.3304554 0 0.9438217 -0.3304554 0 0.9438217 -0.1122064 0 0.9936849 -0.1122064 0 0.9936849 -0.1558489 -0.971335 -0.1794979 -0.3367447 -0.8587393 -0.3862253 -0.4614721 -0.7126182 -0.5284115 -0.3722947 -0.7623848 0.5293071 -0.5120949 -0.624904 -0.5892826 -0.5562143 -0.530733 -0.6394905 -0.4754641 -0.4497551 0.7560782 -0.6073081 -0.3816019 -0.6968191 -0.5138739 -0.2727803 0.8133416 -0.5277249 -0.3195492 0.7870164 -0.5073067 -0.2092397 0.8359776 -0.5364043 -0.01993191 0.8437258 -0.6580018 0.01953375 -0.7527629 -0.6481279 0.1472999 -0.7471499 -0.6471506 0.1899512 -0.7383187 -0.5074864 0.2089161 0.8359496 -0.5472232 0.172234 0.819074 -0.5140428 0.2724717 0.8133382 -0.5406026 0.2378376 0.8069586 -0.4932392 0.380998 0.7820203 -0.4793211 0.5297506 0.6997254 -0.4964696 0.4921265 0.715073 -0.4412692 0.6239229 0.6449819 -0.4619629 0.7122581 -0.5284682 -0.3721149 0.7489113 0.5483269 -0.4407163 0.6406086 0.6288003 -0.3372884 0.8585424 -0.3861884 -0.290472 0.8581125 0.4234017 -0.3727962 0.7621241 0.5293298 -0.1346882 0.9711185 0.1969467 -0.2520548 0.899064 0.3579836 -0.05371903 0.9968118 0.05899584 -0.05086377 0.9973897 0.05125094 -0.06051584 0.9967592 0.05299773 -0.05807217 0.9973072 0.04478725 -0.06457736 0.9968431 0.04618917 -0.06373938 0.997215 0.03872452 -0.07116296 0.9966453 0.04042277 -0.06711307 0.9972029 0.0328978 -0.07431072 0.9966975 0.03273942 -0.07830545 0.996683 0.02216271 -0.07515683 0.997076 0.01381323 -0.07770698 0.9969147 0.01107105 -0.07344283 0.9972519 0.009743406 -0.07925835 0.9968283 0.007186073 -0.07440337 0.9972114 0.005783036 -0.07902004 0.9968651 0.003964804 -0.07843808 0.996919 3.885309e-05 -0.07704236 0.9970278 0.0002517288 -0.07089261 0.9971947 -0.02402034 -0.07504101 0.9967487 -0.02933939 -0.0461318 -0.9971505 0.05968978 -0.05307954 -0.9968449 0.05901421 -0.05021295 -0.9974229 0.05124549 -0.05985733 -0.9967994 0.05299069 -0.0574158 -0.9973451 0.04478975 -0.06392136 -0.9968853 0.04619211 -0.06308241 -0.9972568 0.03872238 -0.07050486 -0.9966921 0.04042042 -0.06726661 -0.9971417 0.03440372 -0.07450007 -0.9971253 0.01381125 -0.07704882 -0.9969659 0.01107059 -0.07278561 -0.9973 0.009743273 -0.07860368 -0.9968801 0.007185028 -0.07375342 -0.9972597 0.005783574 -0.07644957 -0.9970734 -3.16051e-07 -0.07681763 -0.9970451 -1.533639e-05 -0.07738358 -0.9970013 9.96806e-05 -0.07638545 -0.9970784 0.0002518984 -0.06582715 -0.9973469 -0.03107838 -0.07024223 -0.9968364 -0.03719359 -0.0442443 -0.9969481 -0.06431887 -0.2805735 -0.9220169 -0.2667645 -0.4275275 -0.7856306 -0.4472191 -0.7665404 -0.642196 1.556825e-05 -0.7653702 -0.6435902 -0.0001687839 -0.7626766 -0.6467798 0.0004650638 -0.7677605 -0.6407302 0.002913684 -0.7718247 -0.6358308 -0.002409612 -0.7556893 -0.6545677 -0.02179142 -0.7664788 -0.641346 -0.03443021 -0.9170691 -0.3987283 -0.0002306682 -0.917245 -0.3983234 2.139123e-05 -0.9171876 -0.3984557 3.664656e-05 -0.9177565 -0.3971432 0.000592991 -0.5225641 -0.3229017 0.7890888 -0.633374 -0.3230535 -0.7031884 -0.6533976 0.2286251 -0.7216662 -0.5288697 0.3224946 0.7850439 -0.9173304 0.3981265 -0.0002306952 -0.9175062 0.3977215 2.138931e-05 -0.9174585 0.3978315 3.406592e-05 -0.9180282 0.3965147 0.0005920646 -0.7670222 0.6416205 1.557879e-05 -0.7658368 0.6430351 -0.0001713603 -0.7631142 0.6462634 0.0004698463 -0.7681876 0.6402181 0.002915591 -0.772249 0.6353154 -0.002408932 -0.7561236 0.6540658 -0.02179545 -0.4112402 0.7859925 -0.4616246 -0.2492632 0.9213903 0.2981741 -0.2562695 0.9228114 -0.2876542 -0.07565109 0.9971264 -0.003990516 -0.08012915 0.9967821 -0.002173936 -0.07615345 0.9970961 -0.0003092121 -0.07550179 -0.9971456 -0.0003056706 -0.07948552 -0.9968337 -0.002173763 -0.07499405 -0.997176 -0.00399536 -0.04679124 -0.9969677 -0.06217775 -0.04571497 -0.9972863 -0.05770762 -0.04648702 -0.99721 -0.05840483 -0.05167106 -0.9968806 -0.05965915 -0.04944924 -0.9970999 -0.05784911 -0.05413764 -0.9969043 -0.05701764 -0.04829748 -0.9974679 -0.05220368 -0.05455062 -0.9969724 -0.05541078 -0.05374645 -0.9970533 -0.05473737 -0.05238553 -0.9970894 -0.05539291 -0.05175976 -0.9971493 -0.05490093 -0.05112662 -0.99691 -0.05963708 -0.05198054 -0.9968404 -0.06005979 -0.04745174 0.9969359 -0.06218619 -0.04628345 0.9972817 -0.05733296 -0.04688083 0.9971949 -0.0583477 -0.05149434 0.9969014 -0.05946424 -0.05066713 0.9970444 -0.05775343 -0.05363004 0.9969196 -0.05722819 -0.05138602 0.9972474 -0.05345237 -0.05492857 0.9969594 -0.05526915 -0.05449539 0.9970151 -0.05469077 -0.05293159 0.9970578 -0.05544408 -0.05243813 0.9971216 -0.05475956 -0.05185016 0.9969012 -0.05915761 -0.05236932 0.9968061 -0.06029138 -0.2899201 -0.858281 0.4234384 -0.2651547 -0.8995488 0.3471382 -0.2208593 -0.9226767 0.316052 -0.1292198 -0.973177 0.1903387 -0.1363499 -0.9711599 0.1955948 -0.04581127 -0.9966168 0.06823682 -0.04334799 -0.9968136 0.0669589 -0.3716231 -0.7491306 0.5483608 -0.449455 -0.6239237 0.6393038 -0.4316178 -0.6405041 0.6351854 -0.4880132 -0.5298051 0.6936495 -0.4703112 -0.547942 0.6917854 -0.4961403 -0.4925109 0.7150369 -0.5282704 -0.4683208 0.7082414 -0.9167472 -0.3994664 0.001088885 -0.9167494 -0.3994513 -0.003051655 -0.9167915 -0.3993551 -0.002997129 -0.9160044 -0.3990122 -0.04153538 -0.9160718 -0.3988705 -0.04140859 -0.9123232 -0.3986874 -0.09335337 -0.9121971 -0.3989305 -0.09354699 -0.900711 -0.3991111 -0.1715518 -0.9006407 -0.3992308 -0.1716425 -0.881642 -0.3993017 -0.2515263 -0.8817496 -0.3991376 -0.2514095 -0.8532596 -0.3987946 -0.3360222 -0.8533351 -0.3986753 -0.3359719 -0.8116598 -0.398651 -0.4269494 -0.8115914 -0.3987522 -0.4269851 -0.760503 -0.3988079 -0.5124328 -0.7604995 -0.3988128 -0.5124342 -0.7070308 -0.3988762 -0.5839565 -0.7069923 -0.3989276 -0.5839682 -0.6538531 -0.3989968 -0.6428668 -0.6537741 -0.3990977 -0.6428844 -0.5984251 -0.3990597 -0.6947221 -0.5984877 -0.3989814 -0.6947131 -0.5536672 -0.3990405 -0.730903 -0.5537561 -0.3989531 -0.7308834 -0.5230168 -0.3990229 -0.7531495 -0.5228933 -0.3992007 -0.753141 -0.5341539 -0.3990765 -0.7452635 -0.5341422 -0.3991022 -0.745258 -0.5715271 -0.3991362 -0.7169709 -0.5715747 -0.3990431 -0.7169846 -0.6022872 -0.3991995 -0.6912959 -0.6023368 -0.3991338 -0.6912905 -0.6336185 -0.3990687 -0.6627758 -0.6335267 -0.3992351 -0.6627634 -0.6450269 -0.3992468 -0.6515691 -0.6450282 -0.3992445 -0.6515693 -0.6320433 -0.3992053 -0.664196 -0.6320497 -0.399194 -0.6641968 -0.6087266 -0.399168 -0.6856507 -0.5864189 -0.4500818 -0.6734533 -0.9114903 -0.4113051 0.003691724 -0.9253938 -0.3782627 0.02374268 -0.9167291 -0.3991323 0.01735721 -0.9157583 -0.3991209 0.0457082 -0.915694 -0.3992751 0.04565044 -0.9130751 -0.3992846 0.08285886 -0.9130407 -0.3993702 0.0828256 -0.9075053 -0.399332 0.1302616 -0.9075443 -0.39923 0.1303029 -0.8977205 -0.3991286 0.1865325 -0.8977876 -0.3989407 0.1866116 -0.8869587 -0.3990966 0.2324354 -0.8869445 -0.3991575 0.2323848 -0.8767679 -0.3991762 0.2682093 -0.876757 -0.3992306 0.2681642 -0.8626091 -0.399235 0.3106718 -0.8626043 -0.3992645 0.3106474 -0.8383111 -0.3990333 0.371493 -0.8383377 -0.3989057 0.37157 -0.8051265 -0.3990536 0.4387797 -0.8051223 -0.3991297 0.4387183 -0.7782544 -0.3992917 0.4846506 -0.7782575 -0.3993009 0.4846381 -0.7442259 -0.3989974 0.5356574 -0.7442236 -0.3989063 0.5357285 -0.687881 -0.3987961 0.6064499 -0.6878772 -0.3987538 0.606482 -0.6154392 -0.3986605 0.6799296 -0.6154382 -0.3986541 0.6799344 -0.5482594 -0.3989777 0.7350023 -0.5483087 -0.3990468 0.7349281 -0.5020873 -0.3988967 0.7673263 -0.4929807 -0.381309 0.7820317 -0.6322671 -0.2730232 -0.7250494 -0.6489645 -0.2383795 -0.7225096 -0.6445974 -0.22913 -0.729379 -0.6477413 -0.172672 -0.7420349 -0.6641675 -0.1902345 -0.7229747 -0.6383889 -0.1241189 -0.7596407 -0.6652931 -0.1475975 -0.7318471 -0.6474486 -0.08727141 -0.7570958 -0.6633813 -0.1022298 -0.7412654 -0.6536061 -0.05199672 -0.7550467 -0.6619115 -0.06023167 -0.7471582 -0.6576867 -0.01732356 -0.7530924 -0.6601146 -0.01997413 -0.7508993 -0.5247815 -0.1476009 0.8383425 -0.5604828 -0.1021268 0.821845 -0.5054609 -0.1237662 0.853927 -0.5719841 -0.06010536 0.8180596 -0.4951757 -0.0868648 0.8644395 -0.5406503 -0.01725811 0.8410704 -0.5406515 0.01956933 0.841019 -0.5357682 0.01687398 0.8441965 -0.5454088 0.05982138 0.8360327 -0.5285684 0.05149734 0.8473272 -0.5509089 0.1018014 0.8283331 -0.5182081 0.08670595 0.850848 -0.5590004 0.1470876 0.816017 -0.5030192 0.1233956 0.8554211 -0.6612347 0.05153473 -0.7484068 -0.6355815 0.08677591 -0.7671415 -0.6755665 0.0597039 -0.7348778 -0.6393944 0.1236891 -0.7588648 -0.6683792 0.101735 -0.7368305 -0.6324487 0.2725621 -0.7250645 -0.6335731 0.319314 -0.7047154 -0.6306095 0.3226791 -0.7058398 -0.6000761 0.3986573 -0.6935281 -0.6161669 0.3810291 -0.689315 -0.5780965 0.4679595 -0.6684446 -0.5955889 0.449452 -0.6657827 -0.5467354 0.5486512 -0.6325047 -0.5652434 0.5301626 -0.6320026 -0.5019643 0.6411915 -0.5804355 -0.5205792 0.6243784 -0.5823648 -0.9117578 0.4107117 0.003693374 -0.9214395 0.3881303 0.0174393 -0.9168362 0.3985705 0.0235163 -0.916016 0.3985352 0.04565565 -0.9159531 0.3986745 0.04570176 -0.91334 0.3986855 0.08282509 -0.9132944 0.3987834 0.08285543 -0.9077541 0.3987502 0.1303103 -0.9078241 0.3986042 0.1302693 -0.8979838 0.3985118 0.1865834 -0.8980598 0.3983582 0.186546 -0.8872255 0.398522 0.2324027 -0.887192 0.3985771 0.2324363 -0.8770362 0.3986008 0.2681883 -0.8770251 0.3986184 0.2681984 -0.8628945 0.3986315 0.3106542 -0.8628651 0.3986765 0.3106781 -0.8385623 0.3984613 0.37154 -0.8386246 0.3983549 0.3715133 -0.8054034 0.398524 0.4387528 -0.805386 0.3985486 0.4387623 -0.7785592 0.3987264 0.4846265 -0.778533 0.3987508 0.4846485 -0.7444624 0.3984684 0.5357226 -0.7445181 0.3983922 0.5357018 -0.6881409 0.39832 0.6064679 -0.6881527 0.398304 0.606465 -0.6157119 0.3982572 0.6799192 -0.6156942 0.3982808 0.6799214 -0.5485256 0.3986494 0.7349818 -0.5485059 0.3986652 0.7349879 -0.5023487 0.3985452 0.7673379 -0.4757724 0.4494444 0.756069 -0.1951596 0.9732277 0.1214105 -0.1885744 0.9761654 0.1074281 -0.2020138 0.9731908 0.1099547 -0.2104854 0.9731631 0.09300365 -0.2104042 0.9731822 0.09298698 -0.2163306 0.9732133 0.07782644 -0.2163457 0.97321 0.07782688 -0.2213397 0.9731715 0.06281754 -0.221387 0.9731603 0.06282295 -0.2253491 0.9731619 0.04662252 -0.2252287 0.9731901 0.04661561 -0.2276381 0.9732025 0.03252355 -0.2275431 0.9732246 0.03252406 -0.2288916 0.9732295 0.02081005 -0.2289728 0.9732105 0.02080542 -0.2296295 0.9732095 0.01155317 -0.2297208 0.973188 0.01154423 -0.2299124 0.9731938 0.005849482 -0.2298838 0.9732005 0.005855874 -0.2299414 0.9732033 0.001538783 -0.2298759 0.9732187 0.001546549 -0.2298721 0.9732208 -0.0001639267 -0.2298725 0.9732207 -0.0001639621 -0.2298725 0.9732208 -4.581301e-05 -0.2299173 0.9732102 -4.736601e-05 -0.2299202 0.9732092 0.0007535025 -0.2297209 0.9732562 0.0007779934 -0.2298327 0.9732101 -0.006251743 -0.2301944 0.973124 -0.006344464 -0.2290605 0.9731164 -0.02399531 -0.2288821 0.9731609 -0.02389301 -0.2259267 0.9731826 -0.04327505 -0.2258486 0.9732031 -0.0432208 -0.2212014 0.9732175 -0.06259077 -0.2212986 0.9731902 -0.06267155 -0.2142985 0.9731472 -0.08402734 -0.2143815 0.9731231 -0.08409505 -0.2037869 0.9731241 -0.1072402 -0.2037071 0.9731497 -0.1071588 -0.1909522 0.9731628 -0.128419 -0.1909576 0.9731608 -0.1284259 -0.1774918 0.9731763 -0.1463712 -0.1774841 0.9731796 -0.1463591 -0.1639996 0.9731947 -0.1612339 -0.1639415 0.973223 -0.1611218 -0.1503559 0.9732243 -0.1738604 -0.1503963 0.9732009 -0.1739568 -0.1392314 0.9732184 -0.1829223 -0.1392472 0.9732031 -0.1829917 -0.1311536 0.973218 -0.1887997 -0.1311027 0.9732498 -0.1886714 -0.1341134 0.9732286 -0.1866539 -0.1340977 0.9732358 -0.186627 -0.1435215 0.9732356 -0.1794824 -0.1435655 0.9732161 -0.1795533 -0.151181 0.9732357 -0.1730799 -0.1511879 0.9732323 -0.173093 -0.1589516 0.9732189 -0.1660703 -0.1588892 0.9732438 -0.1659843 -0.1618532 0.9732442 -0.1630932 -0.1618732 0.9732364 -0.1631197 -0.1586013 0.973232 -0.1663281 -0.1585923 0.9732358 -0.1663152 -0.1527943 0.9732348 -0.1716621 -0.1564932 0.971232 -0.1794946 -0.04676689 0.9971221 0.05966996 -0.04644351 0.9965913 0.06818299 -0.04396655 0.9967906 0.06689752 -0.0707453 0.9972203 0.02338092 -0.07353971 0.9969434 0.02637737 -0.06939291 0.997197 0.02797934 -0.07442266 0.997026 0.02001336 -0.07556976 0.997 0.01673444 -0.08012278 0.9966478 0.01653225 -0.07734716 0.9970043 -1.536026e-05 -0.07772339 0.9969749 -5.525926e-05 -0.07720729 0.9970151 -3.104904e-05 -0.0772512 0.9970115 0.0005154143 -0.07666697 0.9970565 0.0005846477 -0.07755132 0.9969864 0.001967381 -0.0745253 0.9972153 0.002777594 -0.07596298 0.9968803 -0.02143261 -0.07041435 0.9974273 -0.01344395 -0.07945069 0.9966691 -0.01839069 -0.07350806 0.997265 -0.007676301 -0.07875075 0.9968426 -0.01015549 -0.06870804 0.9971666 -0.03062424 -0.0715872 0.9966422 -0.03974349 -0.06687876 0.9971443 -0.03507657 -0.06473044 0.9969369 -0.04389689 -0.06389067 0.9970379 -0.04281897 -0.05968922 0.9970244 -0.04878 -0.06000886 0.9969794 -0.04930581 -0.05532426 0.9970623 -0.05297017 -0.05621477 0.9968997 -0.05505203 -0.0491851 0.9971958 -0.0564041 -0.04938859 0.9971603 -0.05685116 -0.04631115 0.9969329 -0.0630872 -0.04396921 0.9973786 -0.05746771 -0.04509223 0.996818 -0.06573064 -0.04398049 0.9970444 -0.06299362 -0.0444534 0.9970509 -0.06255697 -0.04244586 0.9973695 -0.05875823 -0.07513211 -0.996943 0.02144656 -0.06972114 -0.9972352 0.02570715 -0.0681392 -0.9973708 0.02466561 -0.07314238 -0.9967812 0.03282349 -0.07225385 -0.9968689 0.03212052 -0.0735425 -0.9970779 0.02066593 -0.07529093 -0.9970385 0.01566873 -0.08321781 -0.9963581 0.01858459 -0.07837223 -0.9969163 0.003964906 -0.0701598 -0.9975341 0.001796387 -0.07751156 -0.9969872 0.002914529 -0.07597403 -0.9971097 0.0005106495 -0.07661333 -0.9970607 0.0005888816 -0.0765616 -0.9970649 -5.467922e-05 -0.07613669 -0.9970974 -8.93311e-05 -0.07438768 -0.9967977 -0.02934229 -0.07023116 -0.9972417 -0.02401341 -0.07529422 -0.996931 -0.02142972 -0.07210512 -0.9972549 -0.0168377 -0.07679944 -0.9969369 -0.01479026 -0.07392934 -0.9972171 -0.009616818 -0.07706875 -0.9969927 -0.008121501 -0.04385869 -0.997144 -0.06148287 -0.04865646 -0.9968981 -0.06186181 -0.0444058 -0.9972759 -0.05889725 -0.0538559 -0.9967409 -0.06005813 -0.04835754 -0.9972351 -0.05642509 -0.05660538 -0.9968895 -0.05483814 -0.05399199 -0.997107 -0.05350259 -0.06024525 -0.9969992 -0.04861157 -0.05650597 -0.9972976 -0.04695215 -0.0681469 -0.9967467 -0.04303585 -0.05858436 -0.9974931 -0.03968917 -0.0429442 -0.9970593 -0.06347052 -0.04176217 -0.9974006 -0.05871848 -0.04180296 -0.9973964 -0.05876196 -0.20135 -0.9733293 0.1099467 -0.1879229 -0.9762916 0.1074228 -0.1945006 -0.9733629 0.1213847 -0.1862089 -0.9733163 0.1340958 -0.1862454 -0.9733025 0.1341453 -0.1721757 -0.9732865 0.1518846 -0.1722144 -0.9732695 0.1519493 -0.1539789 -0.9732533 0.170495 -0.153962 -0.9732624 0.1704579 -0.1521362 -0.973342 -0.1716388 -0.1579316 -0.9733468 -0.1662938 -0.1579509 -0.973341 -0.1663087 -0.161218 -0.9733476 -0.1631048 -0.1612039 -0.9733518 -0.163094 -0.158237 -0.9733495 -0.1659878 -0.1583061 -0.9733288 -0.166043 -0.1505321 -0.9733374 -0.1730735 -0.1505417 -0.9733347 -0.1730803 -0.1429328 -0.9733105 -0.179546 -0.1428743 -0.9733298 -0.1794882 -0.1334568 -0.9733235 -0.1866297 -0.1334562 -0.9733237 -0.186629 -0.1304231 -0.973343 -0.1886617 -0.1305276 -0.9733106 -0.1887565 -0.1386197 -0.9733003 -0.1829508 -0.1385392 -0.97332 -0.1829072 -0.1497421 -0.9733098 -0.1739117 -0.1496999 -0.9733209 -0.1738862 -0.1632839 -0.973329 -0.1611489 -0.1633605 -0.9733099 -0.1611872 -0.1768205 -0.9733034 -0.1463385 -0.1768524 -0.9732957 -0.1463512 -0.1903073 -0.9732886 -0.1284227 -0.1903003 -0.9732903 -0.1284207 -0.2030429 -0.973286 -0.1071822 -0.2031188 -0.9732686 -0.1071955 -0.2137135 -0.9732738 -0.08405242 -0.2136417 -0.9732898 -0.08404782 -0.2206652 -0.9733373 -0.06262101 -0.2205255 -0.9733677 -0.06264087 -0.2251775 -0.9733574 -0.04324997 -0.2252824 -0.9733341 -0.04322578 -0.2282178 -0.9733148 -0.02397685 -0.2284006 -0.9732734 -0.0239181 -0.2295345 -0.9732804 -0.006260569 -0.2291899 -0.9733612 -0.006329169 -0.2290774 -0.973408 0.000753005 -0.2292502 -0.9733673 0.0007754256 -0.2292472 -0.9733682 -4.576869e-05 -0.2292162 -0.9733756 -4.682839e-05 -0.2292162 -0.9733755 -0.0001637021 -0.2292158 -0.9733757 -0.0001637366 -0.2292196 -0.9733735 0.001535792 -0.2292885 -0.9733573 0.00154491 -0.2292311 -0.9733545 0.005852882 -0.2292375 -0.9733529 0.005854656 -0.2290457 -0.9733471 0.01155572 -0.2289696 -0.9733652 0.01154043 -0.2283115 -0.9733657 0.02081181 -0.2282786 -0.9733736 0.0208038 -0.2269304 -0.9733681 0.03251422 -0.22701 -0.9733488 0.03253794 -0.2246047 -0.9733349 0.04660437 -0.2246964 -0.9733121 0.04663798 -0.2207366 -0.9733078 0.06282774 -0.2206995 -0.9733173 0.06281028 -0.215702 -0.9733526 0.07782889 -0.2156777 -0.9733595 0.07780992 -0.2097553 -0.9733244 0.092965 -0.2098147 -0.9733074 0.09300843 -0.4225359 -0.8995395 0.1108695 -0.4085174 -0.9053266 0.1161781 -0.4175556 -0.8996022 0.1279188 -0.4108299 -0.8996024 0.1481029 -0.410823 -0.8996071 0.1480931 -0.3995026 -0.8994913 0.1769553 -0.3995903 -0.8994324 0.1770561 -0.3835326 -0.8995082 0.2092553 -0.3834967 -0.8995402 0.2091837 -0.3705359 -0.8996208 0.2310534 -0.3705338 -0.8996292 0.231024 -0.3546771 -0.8994769 0.2552361 -0.354706 -0.8994429 0.2553156 -0.3279283 -0.899393 0.2890593 -0.3279527 -0.899354 0.2891527 -0.2932975 -0.8993077 0.3243796 -0.2932931 -0.8993199 0.32435 -0.2908909 -0.8995816 -0.3257844 -0.3009308 -0.8995848 -0.3165246 -0.3009603 -0.8995694 -0.3165402 -0.3071726 -0.8995897 -0.3104568 -0.3071322 -0.8996111 -0.3104346 -0.3015093 -0.8996046 -0.3159172 -0.3016474 -0.8995308 -0.3159956 -0.2868313 -0.8995631 -0.3294145 -0.2867998 -0.8995776 -0.3294025 -0.2723023 -0.8994994 -0.3416903 -0.272216 -0.89955 -0.3416261 -0.2543115 -0.8995333 -0.3551978 -0.2543266 -0.8995236 -0.3552116 -0.2486123 -0.8995894 -0.3590694 -0.2488327 -0.8994809 -0.3591883 -0.2640727 -0.8994433 -0.3482347 -0.2639122 -0.8995 -0.3482101 -0.2852929 -0.8994625 -0.3310213 -0.2851468 -0.8995225 -0.3309841 -0.3111013 -0.8995448 -0.3066516 -0.3113066 -0.8994617 -0.3066868 -0.3368465 -0.8994304 -0.2784947 -0.3368436 -0.8994317 -0.2784945 -0.3624365 -0.8994013 -0.2443708 -0.3624395 -0.8994001 -0.2443708 -0.3867 -0.8993791 -0.2039126 -0.3868961 -0.8992996 -0.2038909 -0.4069953 -0.8993095 -0.1599921 -0.4067962 -0.8993916 -0.1600366 -0.4202142 -0.8995517 -0.1192762 -0.4199852 -0.8996429 -0.1193939 -0.4288895 -0.8996064 -0.08223213 -0.4290658 -0.8995324 -0.08212192 -0.4346259 -0.8994619 -0.04548227 -0.4349707 -0.8993081 -0.04522441 -0.4371064 -0.8993289 -0.01206158 -0.4364811 -0.8996287 -0.01234727 -0.4363186 -0.899791 0.001474672 -0.436684 -0.8996136 0.001578436 -0.4366791 -0.8996173 -8.890005e-05 -0.4365964 -0.8996575 -9.516531e-05 -0.4365964 -0.8996574 -0.0003118754 -0.4365768 -0.899667 -0.0003154851 -0.4365816 -0.8996598 0.002939332 -0.4367211 -0.899592 0.00297889 -0.4366085 -0.8995826 0.01114291 -0.436643 -0.8995656 0.01116294 -0.4362724 -0.8995463 0.02197186 -0.4361203 -0.8996215 0.02191355 -0.4348665 -0.8996238 0.03960234 -0.4347632 -0.8996756 0.03955797 -0.4321862 -0.8996574 0.06190213 -0.4323142 -0.8995914 0.06196498 -0.4277256 -0.8995447 0.08871434 -0.4278885 -0.899458 0.08880682 -0.4307428 -0.7630268 -0.4819241 -0.4454723 -0.7630298 -0.4683375 -0.4454681 -0.7630333 -0.4683357 -0.4546585 -0.7630699 -0.4593582 -0.4546268 -0.7630976 -0.4593437 -0.4463617 -0.7630864 -0.4673975 -0.446514 -0.7629536 -0.4674689 -0.4245521 -0.7630171 -0.4874018 -0.4245434 -0.7630233 -0.4873995 -0.4030249 -0.7628797 -0.5055546 -0.4029237 -0.7629759 -0.5054901 -0.3764629 -0.7629467 -0.5255358 -0.3764943 -0.7629137 -0.5255613 -0.3682022 -0.7630354 -0.531229 -0.3684183 -0.7628684 -0.5313189 -0.3907058 -0.7627971 -0.5152568 -0.3905364 -0.7628896 -0.5152483 -0.4221474 -0.7628209 -0.4897915 -0.4219996 -0.762917 -0.4897692 -0.4606081 -0.7629529 -0.4535891 -0.4608182 -0.762817 -0.4536042 -0.4984803 -0.762753 -0.4119772 -0.4985252 -0.7627239 -0.4119769 -0.5363423 -0.7626643 -0.3614971 -0.5363438 -0.7626633 -0.361497 -0.5722923 -0.7626159 -0.3014938 -0.5724409 -0.7625163 -0.3014635 -0.6020578 -0.762536 -0.2367812 -0.601905 -0.7626413 -0.2368302 -0.6218385 -0.7629454 -0.1767237 -0.6215699 -0.7631244 -0.1768955 -0.6348164 -0.7630556 -0.121467 -0.6350038 -0.7629225 -0.1213239 -0.6431953 -0.762778 -0.06685498 -0.6435226 -0.7625278 -0.06655893 -0.646652 -0.7625659 -0.01828787 -0.6460502 -0.7630675 -0.01863147 -0.6459475 -0.7633783 0.002334153 -0.6462736 -0.7631019 0.002452909 -0.6462695 -0.7631091 -0.0001406807 -0.6462506 -0.7631252 -0.0001425149 -0.6462506 -0.7631251 -0.0004670051 -0.6461843 -0.7631813 -0.0004826661 -0.6461855 -0.7631678 0.004406298 -0.6463453 -0.763032 0.004463839 -0.6461709 -0.7630141 0.01651558 -0.6462079 -0.762982 0.01654277 -0.6456476 -0.7629465 0.03243237 -0.6454677 -0.7631023 0.03234715 -0.6436129 -0.7631088 0.05854308 -0.6435285 -0.7631835 0.05849892 -0.639687 -0.7631505 0.09166159 -0.6398305 -0.76302 0.09174585 -0.6329953 -0.7629334 0.1313372 -0.6331701 -0.7627683 0.1314541 -0.6253372 -0.7629195 0.1640342 -0.6253022 -0.7629597 0.163981 -0.6180909 -0.7629747 0.1892961 -0.6180443 -0.7630318 0.1892191 -0.6080796 -0.7630336 0.2191324 -0.6080576 -0.7630626 0.2190924 -0.5911766 -0.7628481 0.2618642 -0.5912479 -0.7627594 0.2619619 -0.567611 -0.7629035 0.3095095 -0.5675986 -0.7629258 0.309477 -0.5484899 -0.7630785 0.3418625 -0.5484918 -0.7631147 0.3417787 -0.5248514 -0.7628309 0.3776508 -0.5248777 -0.7627626 0.3777519 -0.4852259 -0.762671 0.427655 -0.4852488 -0.7625786 0.4277936 -0.434046 -0.7624932 0.4798002 -0.4340435 -0.7625216 0.4797572 -0.7682419 -0.6401594 -0.0005738368 -0.7767209 -0.6298221 0.005363566 -0.766925 -0.6417294 0.003056124 -0.7666905 -0.6417169 0.01962524 -0.7667224 -0.6416781 0.01964788 -0.7660475 -0.6416367 0.03838569 -0.7659374 -0.6417712 0.0383351 -0.7637414 -0.6417788 0.06941861 -0.7636375 -0.6419082 0.06936592 -0.7590532 -0.6418681 0.108829 -0.759169 -0.6417198 0.108895 -0.751017 -0.6416136 0.1559025 -0.7511623 -0.6414204 0.1559968 -0.7419584 -0.6415979 0.1945499 -0.7419354 -0.6416348 0.1945165 -0.7334001 -0.6416537 0.2245104 -0.7333576 -0.6417255 0.2244439 -0.7215346 -0.6417276 0.259949 -0.7215285 -0.6417387 0.2599385 -0.7013903 -0.6414844 0.310724 -0.7014407 -0.6413972 0.3107901 -0.6734869 -0.6415654 0.3671637 -0.67347 -0.6416067 0.3671227 -0.6508881 -0.6417868 0.4055296 -0.6508882 -0.6417881 0.4055276 -0.6226982 -0.6414528 0.4480905 -0.6227208 -0.641377 0.4481676 -0.5756197 -0.641263 0.5073891 -0.575628 -0.6412224 0.507431 -0.5149175 -0.6411236 0.5690522 -0.5149184 -0.6411148 0.5690615 -0.5098191 -0.641743 -0.5729315 -0.5285931 -0.6417612 -0.5556365 -0.5286368 -0.6417084 -0.5556559 -0.5395263 -0.6417524 -0.545037 -0.5395205 -0.6417593 -0.5450343 -0.5297646 -0.6417471 -0.5545359 -0.5298712 -0.6416152 -0.5545868 -0.5038 -0.6416899 -0.5782903 -0.5037928 -0.6416972 -0.5782884 -0.4781935 -0.6415273 -0.5998114 -0.4781029 -0.6416495 -0.599753 -0.4467413 -0.6416144 -0.6235008 -0.4467797 -0.6415571 -0.6235322 -0.4370841 -0.6417003 -0.6302207 -0.4372531 -0.6415129 -0.6302943 -0.4634713 -0.6414306 -0.61136 -0.4633306 -0.6415428 -0.6113489 -0.5008064 -0.6414661 -0.5811318 -0.5007049 -0.641562 -0.5811134 -0.5466817 -0.6416028 -0.5380381 -0.546818 -0.641475 -0.5380519 -0.5914356 -0.641397 -0.4886858 -0.5914629 -0.6413713 -0.4886865 -0.6362874 -0.6413023 -0.4288002 -0.6362997 -0.6412907 -0.4287995 -0.67897 -0.6412328 -0.3575195 -0.6791407 -0.641068 -0.3574907 -0.7141814 -0.6410918 -0.2809738 -0.7139935 -0.6412777 -0.2810269 -0.7377139 -0.6416467 -0.2099234 -0.7375462 -0.6418069 -0.2100224 -0.7533125 -0.6417239 -0.1439126 -0.7534582 -0.6415759 -0.1438091 -0.7631441 -0.6413912 -0.07892109 -0.7633832 -0.6411313 -0.07871987 -0.5553685 -0.5491337 -0.6245142 -0.5760655 -0.5491548 -0.6054565 -0.5760753 -0.5491408 -0.6054599 -0.5879425 -0.5491855 -0.5939015 -0.5879186 -0.5492207 -0.5938926 -0.5773275 -0.5492075 -0.6042053 -0.5774586 -0.5490161 -0.6042539 -0.5490161 -0.5490927 -0.6301419 -0.5489771 -0.5491378 -0.6301363 -0.5210499 -0.5489617 -0.6535657 -0.5209569 -0.5491092 -0.6535161 -0.4868251 -0.5490744 -0.6793516 -0.4868456 -0.5490383 -0.6793662 -0.4763828 -0.5491825 -0.686628 -0.4765712 -0.5489456 -0.6866868 -0.5049337 -0.5488617 -0.6661777 -0.5047927 -0.548987 -0.6661814 -0.5456485 -0.5489113 -0.6332172 -0.5455232 -0.5490465 -0.6332081 -0.5957541 -0.5490896 -0.586155 -0.595911 -0.5489202 -0.5861542 -0.6444423 -0.5488385 -0.5324193 -0.6445031 -0.548772 -0.5324145 -0.6933047 -0.5486987 -0.4671812 -0.6932992 -0.548705 -0.4671822 -0.7398304 -0.5486433 -0.3894117 -0.7398972 -0.5485663 -0.3893933 -0.7780031 -0.548591 -0.3062011 -0.7779147 -0.5486968 -0.3062361 -0.8038222 -0.549075 -0.228881 -0.8036449 -0.5492799 -0.2290116 -0.8208762 -0.5491971 -0.1566679 -0.8209853 -0.5490613 -0.1565725 -0.8314994 -0.5488694 -0.08573896 -0.8317241 -0.5485649 -0.08550721 -0.8351257 -0.5487787 -0.03751129 -0.8350233 -0.5489258 -0.03763797 -0.8356125 -0.5493131 -0.002608465 -0.8355526 -0.549404 -0.002656456 -0.8355468 -0.549419 0.0005094074 -0.8356196 -0.5493082 0.0005240773 -0.8356199 -0.5493079 1.697025e-05 -0.8356199 -0.549308 1.697224e-05 -0.8356155 -0.5493048 0.003329727 -0.8357223 -0.5491421 0.003361237 -0.8354641 -0.5491281 0.02140787 -0.8354725 -0.5491148 0.02141547 -0.8347295 -0.5490732 0.04177576 -0.8346229 -0.5492398 0.04171508 -0.8322327 -0.5492489 0.07559228 -0.8321769 -0.5493384 0.07555761 -0.8271621 -0.549297 0.118641 -0.8272374 -0.5491723 0.1186929 -0.8183237 -0.5490615 0.1699341 -0.8184484 -0.548846 0.1700307 -0.8084851 -0.5490252 0.2119512 -0.808452 -0.5490978 0.2118895 -0.7991595 -0.5491183 0.2445676 -0.7991385 -0.5491676 0.244525 -0.7862489 -0.5491717 0.2832368 -0.7862317 -0.5492163 0.2831979 -0.7642078 -0.5489541 0.338579 -0.7642663 -0.5488145 0.3386734 -0.7338884 -0.5489835 0.400031 -0.7338781 -0.5490232 0.3999956 -0.7092991 -0.5492079 0.4418884 -0.7093056 -0.5492585 0.4418153 -0.678459 -0.5489156 0.4882469 -0.678475 -0.5488179 0.4883345 -0.6271571 -0.5487015 0.5528116 -0.6271649 -0.54861 0.5528934 -0.5610405 -0.5485073 0.6199785 -0.5610408 -0.5485593 0.6199321 -0.5868905 -0.4685037 -0.6603514 -0.608988 -0.4685266 -0.6400128 -0.6090147 -0.4684836 -0.6400189 -0.6215461 -0.4685261 -0.6278247 -0.6214771 -0.4686409 -0.6278073 -0.6103532 -0.4686286 -0.6386363 -0.6104628 -0.4684481 -0.6386639 -0.580345 -0.4685203 -0.6660994 -0.5803598 -0.4685017 -0.6660996 -0.5507756 -0.4683341 -0.6908758 -0.5507132 -0.4684451 -0.6908503 -0.5146637 -0.4684076 -0.7181334 -0.5146812 -0.4683724 -0.7181438 -0.5037361 -0.4685086 -0.7257753 -0.5038854 -0.4683054 -0.7258027 -0.5336703 -0.4682276 -0.7042435 -0.5335559 -0.4683355 -0.7042585 -0.5767398 -0.4682688 -0.6693994 -0.5766554 -0.4683678 -0.6694027 -0.6298896 -0.4684108 -0.6195405 -0.6299948 -0.468286 -0.6195279 -0.6812506 -0.4682097 -0.562741 -0.6812626 -0.4681951 -0.5627386 -0.73282 -0.4681318 -0.4937888 -0.7328063 -0.4681492 -0.4937928 -0.7820044 -0.4680906 -0.411534 -0.7821132 -0.4679469 -0.4114907 -0.8223251 -0.4679713 -0.3237043 -0.8222499 -0.4680758 -0.3237441 -0.8496717 -0.468441 -0.2421176 -0.8495432 -0.4686137 -0.2422346 -0.8678051 -0.4685358 -0.1654945 -0.8678874 -0.4684146 -0.1654058 -0.8789776 -0.4682235 -0.09036119 -0.8791364 -0.4679643 -0.09015921 -0.882745 -0.4681647 -0.03978734 -0.8826718 -0.4682931 -0.03990002 -0.8833728 -0.4686626 -0.002808499 -0.8832958 -0.4688072 -0.002887626 -0.8832924 -0.4688221 0.0005539791 -0.8833572 -0.4687 0.0005707646 -0.8833575 -0.4686998 1.79394e-05 -0.8833725 -0.4686715 2.060129e-05 -0.8833669 -0.4686685 0.003552684 -0.8834342 -0.4685413 0.003578146 -0.883158 -0.468529 0.02263699 -0.8831786 -0.4684891 0.02266056 -0.8823888 -0.46845 0.04410052 -0.8823044 -0.4686144 0.04403992 -0.8797798 -0.4686228 0.07987649 -0.8797264 -0.4687302 0.07983498 -0.8744079 -0.4686914 0.1254557 -0.8744912 -0.468517 0.1255269 -0.8650417 -0.4684119 0.1797027 -0.8651026 -0.4682774 0.1797606 -0.854628 -0.4684475 0.2239819 -0.8546228 -0.4684634 0.2239687 -0.8448128 -0.4684813 0.2584896 -0.8447939 -0.4685441 0.2584368 -0.8311681 -0.4685476 0.2993703 -0.831164 -0.4685637 0.2993567 -0.8078067 -0.4683149 0.3579517 -0.807828 -0.4682439 0.3579967 -0.7757763 -0.4684033 0.4228115 -0.7757739 -0.4684192 0.4227981 -0.7498559 -0.4685934 0.4670506 -0.7498666 -0.468637 0.4669897 -0.7171404 -0.4683069 0.5161379 -0.7171435 -0.4682506 0.5161846 -0.6628702 -0.4681368 0.5843381 -0.6628688 -0.4680328 0.5844229 -0.593039 -0.4679256 0.6552482 -0.5930429 -0.4679646 0.655217 -0.6316322 -0.3197359 -0.7062646 -0.6531835 -0.319741 -0.6863796 -0.653196 -0.3197237 -0.6863758 -0.6666095 -0.3197588 -0.6733395 -0.6665995 -0.3197735 -0.6733425 -0.6547636 -0.3197631 -0.6848621 -0.6548355 -0.3196612 -0.684841 -0.6224383 -0.3197157 -0.7143896 -0.6224557 -0.3196999 -0.7143815 -0.590665 -0.3195652 -0.7409406 -0.5905944 -0.3196711 -0.7409511 -0.5520127 -0.3196394 -0.7701381 -0.5520274 -0.3196136 -0.7701382 -0.5404752 -0.3197191 -0.7782457 -0.5406386 -0.3195586 -0.7781981 -0.5721955 -0.3195009 -0.7553221 -0.5720451 -0.3195961 -0.7553958 -0.6184422 -0.3195507 -0.7179252 -0.6183584 -0.3196229 -0.7179651 -0.6756737 -0.319661 -0.6642905 -0.6758038 -0.3195427 -0.6642151 -0.7306262 -0.3194839 -0.6034198 -0.7306384 -0.3194718 -0.6034113 -0.7858707 -0.3194238 -0.5295053 -0.7858745 -0.3194197 -0.529502 -0.8386818 -0.3193769 -0.4411477 -0.8387432 -0.3193025 -0.4410847 -0.8817399 -0.319326 -0.3472258 -0.8816825 -0.319405 -0.3472989 -0.9111649 -0.3197022 -0.2599402 -0.9110669 -0.3198321 -0.2601237 -0.9307631 -0.3197738 -0.1772699 -0.9308236 -0.3196763 -0.1771284 -0.9426585 -0.3195177 -0.09645429 -0.9427502 -0.3193307 -0.09617721 -0.9466194 -0.319483 -0.04292214 -0.9465823 -0.319573 -0.04307088 -0.947457 -0.3198676 -0.003153884 -0.9474238 -0.3199649 -0.003256948 -0.9474241 -0.3199785 0.001125328 -0.9474611 -0.3198689 0.001169249 -0.9474617 -0.3198692 3.785433e-05 -0.9474631 -0.3198653 3.851865e-05 -0.947463 -0.3198652 -0.0002383122 -0.9474617 -0.3198691 -0.0002398545 -0.9473095 -0.3198174 0.01793561 -0.9473433 -0.3197136 0.01799411 -0.9463422 -0.3197044 0.04717677 -0.9463055 -0.3198246 0.0470959 -0.9435997 -0.3198329 0.08559497 -0.9435811 -0.3198996 0.08554967 -0.9378452 -0.3198686 0.1346491 -0.9378742 -0.3197495 0.1347304 -0.927704 -0.3196629 0.1928236 -0.9277298 -0.3195354 0.1929105 -0.9165933 -0.3196672 0.2401448 -0.916594 -0.3196939 0.2401071 -0.9060839 -0.319709 0.2771246 -0.9060874 -0.3197557 0.2770597 -0.8914574 -0.3197578 0.3210273 -0.8914617 -0.3197895 0.3209843 -0.8662848 -0.3195905 0.3839433 -0.8662816 -0.3195082 0.384019 -0.8320412 -0.3196295 0.4533701 -0.8320495 -0.3196574 0.453335 -0.8042983 -0.3197944 0.500835 -0.8043144 -0.3198105 0.500799 -0.7690509 -0.319549 0.5535785 -0.7690291 -0.3194963 0.5536392 -0.7108155 -0.319397 0.6266792 -0.7107871 -0.3193401 0.6267403 -0.6359685 -0.3192519 0.7025826 -0.635994 -0.3192946 0.70254 -0.566646 -0.3195698 0.7594653 -0.5666533 -0.3195745 0.7594578 -0.5404301 -0.2382231 0.8069603 -0.5808873 -0.2382499 0.778336 -0.5808168 -0.2382076 0.7784016 -0.6518583 -0.2379982 0.7200261 -0.651856 -0.2379949 0.7200292 -0.7284753 -0.2380706 0.6423753 -0.7284997 -0.2381115 0.6423326 -0.7881807 -0.2381963 0.5674801 -0.7882063 -0.2382458 0.5674238 -0.824448 -0.2384543 0.5132493 -0.8244225 -0.2384316 0.513301 -0.8528389 -0.2383268 0.464614 -0.8528301 -0.2383052 0.4646411 -0.8878728 -0.2382115 0.3936205 -0.887879 -0.2382555 0.39358 -0.9137354 -0.2384156 0.3290069 -0.9137375 -0.2384244 0.3289946 -0.9287322 -0.2384226 0.2839209 -0.9287257 -0.2383863 0.2839729 -0.9394892 -0.2383751 0.2460435 -0.9394845 -0.2383393 0.2460959 -0.9508535 -0.2382376 0.1977892 -0.9508415 -0.2383506 0.1977102 -0.9612865 -0.2384197 0.1381463 -0.9612744 -0.2385025 0.1380876 -0.9671736 -0.2385285 0.08763111 -0.9671881 -0.2384495 0.08768734 -0.969959 -0.2384432 0.04821278 -0.9699767 -0.2383589 0.04827258 -0.9709992 -0.2383662 0.01849676 -0.9709779 -0.2384569 0.01844252 -0.9711431 -0.2384975 -0.0002523813 -0.9711469 -0.2384817 -0.0002458505 -0.9711469 -0.2384818 3.892662e-05 -0.9711477 -0.2384787 3.948153e-05 -0.971147 -0.2384786 0.001241142 -0.9711226 -0.2385781 0.001198376 -0.97112 -0.2385672 -0.003414449 -0.9711368 -0.2384999 -0.003338271 -0.97019 -0.2382674 -0.04427224 -0.9702139 -0.2381934 -0.04414495 -0.9662526 -0.2380729 -0.09837267 -0.9662018 -0.2381988 -0.09856677 -0.954094 -0.2383258 -0.1813986 -0.9540434 -0.2384197 -0.1815413 -0.9337904 -0.2384649 -0.2667771 -0.9338607 -0.2383617 -0.2666233 -0.9036263 -0.2381237 -0.356029 -0.9036773 -0.2380457 -0.3559513 -0.8596844 -0.2380243 -0.4519812 -0.8596265 -0.2381003 -0.4520514 -0.8054724 -0.2381305 -0.5426859 -0.8054717 -0.2381313 -0.5426866 -0.748876 -0.2381638 -0.6184359 -0.7488681 -0.2381718 -0.6184422 -0.6927637 -0.2382147 -0.6806852 -0.6926619 -0.2383097 -0.6807554 -0.6337298 -0.2382768 -0.7359421 -0.6338239 -0.2381943 -0.7358877 -0.5862876 -0.2382254 -0.7742839 -0.5863509 -0.2381854 -0.7742481 -0.5542491 -0.2382272 -0.7975309 -0.5541319 -0.2383426 -0.797578 -0.5658383 -0.238262 -0.7893404 -0.5658225 -0.2382905 -0.789343 -0.6053267 -0.2383195 -0.7594626 -0.6053685 -0.2382548 -0.7594496 -0.6379824 -0.2383644 -0.7322301 -0.6380187 -0.2383318 -0.732209 -0.6712627 -0.2382912 -0.7018715 -0.6711837 -0.2384078 -0.7019075 -0.683251 -0.238417 -0.6901635 -0.6832718 -0.2383846 -0.6901539 -0.6695383 -0.2383565 -0.7034947 -0.6695232 -0.238378 -0.7035016 -0.5470788 -0.1725943 0.8190946 -0.589156 -0.1726237 0.7893645 -0.5891464 -0.1726183 0.7893728 -0.6611164 -0.1724675 0.7301918 -0.6611012 -0.1724476 0.7302103 -0.7387706 -0.1725103 0.6515045 -0.7387999 -0.1725537 0.6514598 -0.7993558 -0.1726209 0.5755279 -0.7993627 -0.1726325 0.5755149 -0.8361741 -0.1727916 0.5205341 -0.836174 -0.1727914 0.5205346 -0.8649583 -0.1727147 0.4711865 -0.8649526 -0.1727032 0.4712011 -0.9004493 -0.1726389 0.3992327 -0.9004593 -0.1726844 0.3991905 -0.9267241 -0.1728056 0.3336473 -0.9267182 -0.1727873 0.3336734 -0.9419406 -0.1727881 0.2879099 -0.9419335 -0.1727611 0.2879497 -0.9528397 -0.1727536 0.2495048 -0.9528357 -0.172735 0.249533 -0.9643291 -0.1726607 0.2006432 -0.9643267 -0.172739 0.2005871 -0.9749367 -0.172793 0.140147 -0.9749324 -0.1728518 0.1401039 -0.9809291 -0.1728712 0.08884574 -0.9809335 -0.1728307 0.0888758 -0.9837406 -0.1728249 0.04884724 -0.9837499 -0.1727577 0.04889721 -0.984784 -0.172763 0.01879961 -0.9847734 -0.1728281 0.01875864 -0.9849465 -0.1728589 -0.0002556882 -0.9849465 -0.1728594 -0.0002558839 -0.9849465 -0.1728594 4.004132e-05 -0.984946 -0.1728625 3.944154e-05 -0.9849452 -0.1728624 0.001284309 -0.9849353 -0.1729185 0.001258765 -0.9849312 -0.1729102 -0.00354694 -0.9849438 -0.17284 -0.003463065 -0.9839532 -0.1726671 -0.04496907 -0.9839633 -0.1726281 -0.0448995 -0.9799545 -0.1725403 -0.09959494 -0.9799191 -0.1726447 -0.09976167 -0.9676499 -0.1727408 -0.1838861 -0.9676254 -0.172792 -0.183967 -0.9470343 -0.1728237 -0.2706621 -0.9470733 -0.1727617 -0.2705654 -0.9164048 -0.17258 -0.3611348 -0.916442 -0.1725184 -0.3610697 -0.8718946 -0.1724972 -0.4583062 -0.8718513 -0.1725575 -0.4583659 -0.8168865 -0.1725772 -0.5503757 -0.8168949 -0.1725672 -0.5503664 -0.7595173 -0.1725874 -0.6271739 -0.7594996 -0.172606 -0.6271901 -0.7026477 -0.1726356 -0.6902775 -0.7025926 -0.1726879 -0.6903205 -0.6426934 -0.1726573 -0.7464146 -0.6427426 -0.1726138 -0.7463822 -0.5945646 -0.1726311 -0.785297 -0.5946224 -0.172595 -0.7852613 -0.5622102 -0.1726237 -0.8087773 -0.5621184 -0.1727135 -0.808822 -0.5738853 -0.1726546 -0.8005285 -0.5738819 -0.1726611 -0.8005297 -0.6139023 -0.1726858 -0.770262 -0.6139427 -0.172622 -0.7702441 -0.6470598 -0.1727068 -0.742621 -0.6470591 -0.1727074 -0.7426215 -0.6808422 -0.1726792 -0.7117835 -0.680793 -0.1727537 -0.7118126 -0.6929616 -0.1727611 -0.6999699 -0.6929743 -0.1727408 -0.6999623 -0.6790625 -0.1727184 -0.7134721 -0.6790588 -0.1727241 -0.7134743 -0.9922355 -0.1243662 0.001302406 -0.9922363 -0.1243663 4.033639e-05 -0.9922394 -0.1243425 4.381313e-05 -0.9922393 -0.1243425 -0.000257589 -0.9922393 -0.1243425 -0.0002575956 -0.9920614 -0.1243202 0.01893822 -0.9920635 -0.1243023 0.01894675 -0.991024 -0.124298 0.04920806 -0.9910191 -0.1243489 0.04917942 -0.9881933 -0.1243518 0.08950224 -0.9881909 -0.1243829 0.08948486 -0.9821408 -0.1243683 0.1411802 -0.9821443 -0.1242942 0.1412212 -0.9714464 -0.1242546 0.2021207 -0.971447 -0.1242151 0.202142 -0.9598867 -0.1242696 0.2513457 -0.9598876 -0.124275 0.2513395 -0.9489119 -0.1242797 0.2900357 -0.9489151 -0.1242945 0.2900193 -0.9335846 -0.1242934 0.3361114 -0.9335877 -0.1243055 0.3360983 -0.9070982 -0.1242148 0.4021733 -0.907094 -0.1241899 0.4021906 -0.8713558 -0.1242355 0.4746626 -0.8713579 -0.1242412 0.4746572 -0.842365 -0.1242939 0.5243779 -0.8423807 -0.1243107 0.5243488 -0.8052612 -0.1241921 0.5797679 -0.8052421 -0.1241499 0.5798034 -0.744225 -0.1240924 0.6563003 -0.744226 -0.1240942 0.656299 -0.6659992 -0.1240418 0.7355669 -0.6660092 -0.1240593 0.7355549 -0.5935173 -0.1241632 0.7951859 -0.5935276 -0.124171 0.795177 -0.9922324 -0.1243911 0.001293765 -0.9922275 -0.1243849 -0.003590707 -0.99223 -0.1243655 -0.003573106 -0.9912137 -0.1242381 -0.04538953 -0.9912261 -0.1241716 -0.04530073 -0.9871975 -0.1241068 -0.1001937 -0.9871699 -0.1242181 -0.1003266 -0.9748049 -0.1242901 -0.1852224 -0.9747992 -0.1243063 -0.1852415 -0.9540302 -0.124328 -0.2727069 -0.954048 -0.1242894 -0.272662 -0.9231598 -0.1241529 -0.3638157 -0.9231716 -0.1241267 -0.363795 -0.8783311 -0.1241091 -0.4616615 -0.878321 -0.1241281 -0.4616756 -0.8229192 -0.1241367 -0.5544313 -0.8229204 -0.1241347 -0.5544299 -0.7651342 -0.124144 -0.6317895 -0.7651289 -0.1241513 -0.6317944 -0.7078711 -0.1241644 -0.6953428 -0.7078429 -0.1242003 -0.6953652 -0.6474475 -0.124173 -0.7519261 -0.6474525 -0.124167 -0.7519228 -0.5988924 -0.1241755 -0.7911437 -0.5989705 -0.12411 -0.7910948 -0.5664318 -0.1241277 -0.814707 -0.5663698 -0.1242083 -0.8147377 -0.5781404 -0.1241666 -0.8064343 -0.5781364 -0.1241764 -0.8064357 -0.6184384 -0.1241978 -0.7759567 -0.6184522 -0.124169 -0.7759503 -0.6518487 -0.1242336 -0.7481038 -0.6518515 -0.1242303 -0.7481018 -0.6858956 -0.124213 -0.7170205 -0.6858782 -0.1242478 -0.7170311 -0.6980919 -0.1242547 -0.7051443 -0.6980973 -0.1242432 -0.7051409 -0.6841013 -0.1242259 -0.7187304 -0.6840901 -0.124248 -0.7187372 -0.9961675 -0.08745597 0.001326133 -0.9961684 -0.08745608 4.398675e-05 -0.9961684 -0.08745608 4.398594e-05 -0.9961683 -0.08745606 -0.0002586153 -0.9961684 -0.08745608 -0.0002586223 -0.9959881 -0.08744026 0.01902143 -0.9959915 -0.08739789 0.01904207 -0.9949494 -0.08739524 0.04937389 -0.994947 -0.08743477 0.04935124 -0.9921107 -0.08743776 0.08983866 -0.9921101 -0.08745481 0.08982901 -0.9860287 -0.08744336 0.141778 -0.9860289 -0.08743285 0.1417839 -0.9752831 -0.0874024 0.2029376 -0.9752818 -0.08734929 0.2029665 -0.9636871 -0.08738523 0.2523311 -0.9636939 -0.08741751 0.252294 -0.9526708 -0.0874196 0.2911634 -0.952672 -0.08742448 0.291158 -0.9372844 -0.08742213 0.3374247 -0.9372876 -0.08743339 0.3374126 -0.9106775 -0.0873675 0.4037741 -0.9106687 -0.08732576 0.4038028 -0.8748077 -0.08735529 0.4765297 -0.8748123 -0.08736642 0.4765192 -0.8457206 -0.0874 0.5264199 -0.8457367 -0.08741641 0.5263913 -0.8084243 -0.08732797 0.5820858 -0.8084168 -0.08731282 0.5820984 -0.7471672 -0.0872682 0.658882 -0.7471434 -0.08722469 0.6589146 -0.6686456 -0.08717977 0.738453 -0.6686406 -0.08717164 0.7384584 -0.5958844 -0.08723781 0.7983178 -0.5959399 -0.08727854 0.7982719 -0.996163 -0.08750835 0.001307561 -0.9961575 -0.08750393 -0.003649881 -0.9961619 -0.08745552 -0.003604955 -0.9951325 -0.08736514 -0.04559121 -0.9951351 -0.08734834 -0.04556845 -0.9910941 -0.08730236 -0.1005526 -0.991088 -0.08733102 -0.1005873 -0.9786749 -0.08737854 -0.1859044 -0.9786621 -0.08741874 -0.1859529 -0.9577953 -0.08743119 -0.2738324 -0.9578125 -0.08739111 -0.2737846 -0.9268002 -0.08729254 -0.3652689 -0.9268101 -0.08726874 -0.3652495 -0.8818119 -0.08724838 -0.4634601 -0.8818001 -0.08727207 -0.4634784 -0.8261861 -0.08727278 -0.5565967 -0.8261718 -0.08729693 -0.5566143 -0.7681466 -0.08729906 -0.6342946 -0.7681617 -0.08727712 -0.6342794 -0.7107031 -0.08728319 -0.6980565 -0.7106726 -0.08732287 -0.6980826 -0.6499853 -0.08729742 -0.7549161 -0.6500155 -0.08726107 -0.7548943 -0.6012711 -0.08726123 -0.7942661 -0.6012691 -0.08726285 -0.7942674 -0.5687034 -0.08727191 -0.8178998 -0.5686749 -0.08730921 -0.8179156 -0.5804367 -0.08728099 -0.8096143 -0.5804333 -0.08728975 -0.8096157 -0.620882 -0.08730927 -0.7790267 -0.6208928 -0.08728614 -0.7790207 -0.6544279 -0.08733483 -0.7510638 -0.6544353 -0.08732614 -0.7510583 -0.6886366 -0.08731686 -0.71983 -0.6886122 -0.08736736 -0.7198474 -0.7008573 -0.08737334 -0.7079301 -0.7008601 -0.08736717 -0.7079281 -0.6868044 -0.08735331 -0.7215739 -0.6868139 -0.08733403 -0.7215674 -0.5435873 -0.05192336 0.8377451 -0.5974178 -0.05196838 0.8002445 -0.5974219 -0.05197117 0.8002412 -0.6703033 -0.05194128 0.7402673 -0.6702965 -0.05193111 0.7402742 -0.7489918 -0.05196979 0.660538 -0.7489934 -0.05197246 0.660536 -0.810414 -0.0520077 0.5835447 -0.8104213 -0.05202091 0.5835333 -0.8478552 -0.05207978 0.5276638 -0.8478386 -0.05206426 0.5276922 -0.8769849 -0.05204609 0.4776909 -0.8769829 -0.05204189 0.477695 -0.9129211 -0.05203123 0.4048058 -0.9129241 -0.0520426 0.4047977 -0.9396141 -0.05208723 0.338249 -0.9396149 -0.05208968 0.3382462 -0.9550395 -0.05209289 0.2918662 -0.9550367 -0.05208379 0.291877 -0.9660787 -0.05208278 0.2529415 -0.9660841 -0.05210318 0.2529167 -0.9776936 -0.05208273 0.203476 -0.9776948 -0.05209994 0.2034662 -0.9884733 -0.05211826 0.1421413 -0.9884737 -0.05213113 0.1421337 -0.9945727 -0.05213857 0.09003647 -0.9945727 -0.05211452 0.09005094 -0.9974157 -0.0521136 0.0494573 -0.9974163 -0.05208757 0.04947313 -0.9984596 -0.05208959 0.01910842 -0.998458 -0.05212701 0.01908902 -0.9986399 -0.05213651 -0.0002592684 -0.9986398 -0.0521365 -0.0002592639 -0.9986399 -0.05213651 4.339483e-05 -0.9986401 -0.05213212 4.409508e-05 -0.9986393 -0.05213208 0.001331311 -0.998639 -0.05213707 0.001329424 -0.9986333 -0.0521345 -0.003661634 -0.9986335 -0.05213179 -0.003658951 -0.9975963 -0.05207763 -0.04571301 -0.997597 -0.05207113 -0.04570366 -0.9935471 -0.05204307 -0.1007758 -0.9935436 -0.05206175 -0.1007999 -0.981107 -0.05209054 -0.1863213 -0.9810975 -0.05212241 -0.1863623 -0.9601583 -0.05212847 -0.2745515 -0.9601724 -0.05209484 -0.2745087 -0.929088 -0.05202955 -0.3661808 -0.9290938 -0.05201524 -0.3661682 -0.8839955 -0.05199884 -0.4645945 -0.8839923 -0.05200529 -0.4645999 -0.8282236 -0.05199916 -0.5579801 -0.8282329 -0.05198367 -0.5579677 -0.7700748 -0.05197558 -0.6358329 -0.7700517 -0.0520087 -0.6358581 -0.7124751 -0.052005 -0.6997676 -0.7124657 -0.05201691 -0.6997763 -0.6516017 -0.05199438 -0.7567772 -0.6516004 -0.05199599 -0.7567783 -0.6027363 -0.05199005 -0.796245 -0.6027654 -0.0519666 -0.7962245 -0.5701275 -0.05196796 -0.819911 -0.5701177 -0.05198043 -0.819917 -0.5818881 -0.05196488 -0.811607 -0.5818802 -0.05198515 -0.8116114 -0.6224104 -0.0520018 -0.7809617 -0.622427 -0.05196632 -0.7809507 -0.6560477 -0.05200045 -0.7529258 -0.6560562 -0.05199085 -0.7529191 -0.690366 -0.05199072 -0.7215897 -0.6903467 -0.05203024 -0.7216054 -0.7025926 -0.05203504 -0.7096874 -0.7026014 -0.05201558 -0.7096799 -0.6885233 -0.05200524 -0.7233471 -0.6885123 -0.05202764 -0.7233561 -0.6931675 -0.01733427 0.7205681 -0.6708468 -0.0330168 0.7408606 -0.6486943 -0.01730606 0.7608523 -0.5981442 -0.01728551 0.801202 -0.5981508 -0.01728995 0.801197 -0.9998409 -0.01745161 -0.003682807 -0.9998468 -0.01745254 0.001332921 -0.9998472 -0.01743492 0.001339646 -0.9998479 -0.01743494 4.344745e-05 -0.9998481 -0.01743059 4.414798e-05 -0.999848 -0.01743058 -0.0002595821 -0.9998479 -0.01743493 -0.0002611857 -0.9996651 -0.01743175 0.01913124 -0.999665 -0.01743839 0.01912777 -0.998621 -0.01743765 0.04951653 -0.9986212 -0.01744739 0.04951059 -0.9957758 -0.01744701 0.09014434 -0.9957757 -0.0174428 0.09014688 -0.9896683 -0.0174377 0.1423115 -0.9896669 -0.01741647 0.142324 -0.9788746 -0.01740739 0.2037194 -0.9788746 -0.0174075 0.2037193 -0.9672458 -0.01741188 0.2532441 -0.967244 -0.01740616 0.253251 -0.956194 -0.017403 0.2922156 -0.9562002 -0.01742106 0.2921944 -0.9407499 -0.01741628 0.3386537 -0.9407521 -0.01742198 0.3386473 -0.9140229 -0.01740236 0.4052892 -0.9140209 -0.01739567 0.4052939 -0.8780448 -0.01739301 0.4782622 -0.878041 -0.01738538 0.4782697 -0.8488824 -0.01738409 0.5282958 -0.8488798 -0.01738177 0.5283 -0.8113939 -0.01735608 0.584242 -0.8113964 -0.01736052 0.5842383 -0.7498976 -0.01733481 0.6613268 -0.7498969 -0.01733377 0.6613276 -0.9998413 -0.01743482 -0.003666062 -0.9987989 -0.01741664 -0.0457973 -0.9988007 -0.01739612 -0.04576762 -0.9947503 -0.01738475 -0.100845 -0.9947444 -0.01742408 -0.1008961 -0.9822909 -0.01742992 -0.1865503 -0.982292 -0.01742526 -0.1865442 -0.9613158 -0.01742213 -0.2748971 -0.9613208 -0.01740928 -0.2748805 -0.9302108 -0.01738115 -0.3666139 -0.9302091 -0.01738589 -0.3666182 -0.8850705 -0.01737047 -0.4651327 -0.8850617 -0.01738934 -0.4651488 -0.8292146 -0.01737455 -0.5586602 -0.8292242 -0.01735782 -0.5586466 -0.7710097 -0.01734278 -0.6365872 -0.7710056 -0.01734893 -0.636592 -0.7133435 -0.01733507 -0.7006001 -0.7133389 -0.01734118 -0.7006047 -0.6523703 -0.01731938 -0.7577025 -0.6523933 -0.01729189 -0.7576833 -0.6034883 -0.01727918 -0.7971846 -0.6034694 -0.0172946 -0.7971986 -0.5708185 -0.01728797 -0.8208941 -0.5708213 -0.01728435 -0.8208923 -0.5825952 -0.01728196 -0.8125787 -0.5825959 -0.01728017 -0.8125783 -0.6231672 -0.01729462 -0.7818974 -0.6231673 -0.01729417 -0.7818973 -0.6568603 -0.01731296 -0.7538136 -0.6568443 -0.01733116 -0.753827 -0.6912019 -0.01733777 -0.7224537 -0.6912031 -0.01733535 -0.7224526 -0.7034475 -0.0173397 -0.7105356 -0.7034456 -0.01734421 -0.7105374 -0.6893587 -0.01733815 -0.7242127 -0.6893587 -0.01733829 -0.7242128 -0.693179 0.01685677 0.7205683 -0.6480551 0.04803124 0.7600773 -0.6711266 0.01682768 0.7411517 -0.5981624 0.01686881 0.8011973 -0.5981576 0.01687199 0.8012009 -0.6601589 0.01688904 -0.7509361 -0.6893699 0.01688216 -0.7242128 -0.6893608 0.01686162 -0.724222 -0.703459 0.01685864 -0.7105359 -0.7034534 0.01684505 -0.7105417 -0.6912136 0.01684889 -0.7224541 -0.6912125 0.01684648 -0.7224552 -0.6568717 0.01686253 -0.7538138 -0.6568738 0.01686513 -0.7538118 -0.6231787 0.01686822 -0.7818977 -0.6231788 0.01686867 -0.7818974 -0.5826066 0.01688058 -0.812579 -0.5825998 0.0168613 -0.8125843 -0.5708303 0.01687158 -0.8208948 -0.5708594 0.01691025 -0.8208737 -0.6034994 0.01689525 -0.7971845 -0.6034808 0.01687986 -0.7971988 -0.6523818 0.01686024 -0.7577029 -0.6523935 0.01687455 -0.7576925 -0.7133549 0.01685697 -0.7006003 -0.7133479 0.01684753 -0.7006076 -0.7710211 0.01682202 -0.6365873 -0.7710065 0.01679921 -0.6366057 -0.8292266 0.01677654 -0.5586607 -0.8292357 0.01679322 -0.5586467 -0.885082 0.01677231 -0.4651327 -0.8850875 0.01678482 -0.4651218 -0.930222 0.01677036 -0.366614 -0.9302172 0.01675609 -0.3666269 -0.9613274 0.01676607 -0.2748971 -0.9613345 0.01678607 -0.2748712 -0.9823022 0.01677531 -0.1865503 -0.9822983 0.01675857 -0.1865722 -0.9947612 0.01674419 -0.100845 -0.9947592 0.01672653 -0.100868 -0.9988105 0.01673524 -0.04579726 -0.9988114 0.01675144 -0.04577385 -0.9998526 0.0167689 -0.003682851 -0.9998527 0.01676829 -0.003683457 -0.9998585 0.01676922 0.001339661 -0.9998584 0.01677335 0.001341236 -0.9998593 0.01677336 4.414846e-05 -0.9998598 0.01674726 3.994399e-05 -0.9998597 0.01674725 -0.0002611889 -0.9998596 0.01675161 -0.0002595847 -0.9996767 0.01674854 0.01912775 -0.9996766 0.01675522 0.01913123 -0.998633 0.01675519 0.04951066 -0.9986326 0.01676489 0.04951656 -0.9957873 0.01676646 0.09014689 -0.9957877 0.01676224 0.09014437 -0.9896781 0.01676132 0.142324 -0.9896781 0.01676159 0.1423242 -0.9788858 0.01675964 0.2037193 -0.9788858 0.01675974 0.2037194 -0.9672552 0.01677182 0.2532509 -0.9672641 0.0167451 0.2532187 -0.9562122 0.01674951 0.2921947 -0.9562074 0.01676247 0.2922098 -0.9407639 0.01676742 0.3386475 -0.9407542 0.01679065 0.3386734 -0.9140323 0.01678697 0.405294 -0.9140409 0.01676045 0.4052756 -0.8780526 0.01678044 0.47827 -0.87805 0.01678522 0.4782745 -0.8488914 0.01680389 0.5283002 -0.8488886 0.01680624 0.5283045 -0.811408 0.01680389 0.5842385 -0.8114089 0.01680239 0.5842372 -0.7499084 0.01681898 0.6613278 -0.7499076 0.01682026 0.6613287 -0.9986751 0.05144178 0.001329429 -0.998676 0.05144183 3.989714e-05 -0.9986747 0.05146813 4.40966e-05 -0.9986747 0.05146812 -0.0002592768 -0.9986748 0.05146374 -0.0002608734 -0.9984925 0.05145434 0.01910836 -0.9984945 0.05142148 0.01909139 -0.9974517 0.05142019 0.04945743 -0.9974496 0.05144607 0.04947303 -0.9946087 0.05144891 0.09003659 -0.9946066 0.05146869 0.0900483 -0.9885058 0.05146531 0.142154 -0.9885108 0.05142698 0.142132 -0.977729 0.05141455 0.2034763 -0.977731 0.05140268 0.2034698 -0.9661202 0.05143122 0.2529162 -0.966113 0.05145094 0.2529396 -0.9550757 0.05145806 0.2918605 -0.955069 0.05147454 0.2918794 -0.9396405 0.05148127 0.3382684 -0.9396586 0.05144073 0.3382239 -0.912962 0.05141515 0.4047922 -0.9129565 0.05143104 0.4048029 -0.8770124 0.05146765 0.4777031 -0.8770135 0.05146578 0.4777014 -0.8478851 0.05150146 0.5276726 -0.8478929 0.0514947 0.5276607 -0.810452 0.05146234 0.5835401 -0.8104545 0.05145859 0.5835371 -0.7490248 0.05146284 0.6605403 -0.7490402 0.0514404 0.6605246 -0.6703389 0.05145474 0.7402691 -0.6703372 0.05145686 0.7402703 -0.5974551 0.05153563 0.8002446 -0.5974352 0.05154864 0.8002587 -0.9986737 0.0514688 0.001339647 -0.9986681 0.05146623 -0.003658964 -0.998669 0.05144587 -0.003679097 -0.9976322 0.05139245 -0.04570376 -0.997632 0.05138171 -0.04571923 -0.9935805 0.05135638 -0.1007979 -0.9935836 0.05139496 -0.1007477 -0.9811344 0.05143063 -0.1863606 -0.9811361 0.05143926 -0.1863493 -0.9602041 0.05145758 -0.2745182 -0.960198 0.05143845 -0.274543 -0.9291304 0.05139702 -0.3661627 -0.9291211 0.05136671 -0.3661903 -0.884032 0.05137966 -0.4645939 -0.8840442 0.05140957 -0.4645676 -0.8282465 0.05144104 -0.5579979 -0.8282572 0.05146206 -0.5579799 -0.7701154 0.05149362 -0.6358228 -0.770098 0.05146525 -0.6358462 -0.7125016 0.05149729 -0.6997783 -0.7125077 0.051506 -0.6997713 -0.6516241 0.05152398 -0.75679 -0.6516263 0.05152659 -0.7567881 -0.6027998 0.05155161 -0.7962253 -0.6027722 0.05152805 -0.7962478 -0.5701534 0.05155014 -0.8199193 -0.5701882 0.05159796 -0.8198921 -0.581915 0.05157506 -0.8116125 -0.5819148 0.0515742 -0.8116128 -0.6224518 0.05156448 -0.7809576 -0.6224458 0.05154968 -0.7809634 -0.6561093 0.05156126 -0.7529023 -0.6561003 0.05155017 -0.752911 -0.6903807 0.05152705 -0.7216089 -0.6903969 0.05156565 -0.7215908 -0.7026298 0.05156286 -0.7096848 -0.7026237 0.05154663 -0.7096921 -0.6885549 0.05154574 -0.72335 -0.6885487 0.05153107 -0.7233568 -0.9962266 0.08678064 0.001307644 -0.9962274 0.08678076 4.398881e-05 -0.9962275 0.0867805 4.395121e-05 -0.9962274 0.08678048 -0.0002602346 -0.996227 0.08678541 -0.000258544 -0.9960464 0.08676969 0.01904437 -0.9960504 0.08672674 0.01902359 -0.9950092 0.08672486 0.0493514 -0.9950051 0.08676017 0.04937132 -0.9921708 0.08676507 0.0898267 -0.9921679 0.0867865 0.08983855 -0.9860868 0.08677909 0.1417818 -0.9860929 0.08674243 0.1417622 -0.9753375 0.08671997 0.2029693 -0.9753429 0.08669225 0.2029552 -0.9637492 0.086736 0.2523177 -0.9637473 0.08674113 0.2523234 -0.9527325 0.08675081 0.2911617 -0.9527314 0.08675341 0.2911645 -0.9373576 0.08676136 0.3373916 -0.9373426 0.086794 0.3374248 -0.9107223 0.0867452 0.4038071 -0.9107375 0.08670396 0.4037817 -0.8748689 0.08675607 0.4765268 -0.8748713 0.08675186 0.4765231 -0.8458178 0.08680568 0.5263621 -0.8457782 0.08684059 0.5264199 -0.8084724 0.08677632 0.5821015 -0.8084947 0.08674105 0.5820758 -0.7472117 0.08673464 0.6589019 -0.747203 0.08674753 0.6589101 -0.6687021 0.08675469 0.7384518 -0.6687019 0.08675504 0.738452 -0.5959765 0.08686974 0.7982892 -0.5959843 0.08686447 0.798284 -0.996222 0.08683282 0.001326134 -0.9962167 0.08682846 -0.003605153 -0.9962208 0.08678018 -0.003649923 -0.9951926 0.08669061 -0.04556809 -0.995193 0.08667342 -0.04559143 -0.9911495 0.08663002 -0.1005877 -0.9911506 0.08666045 -0.1005502 -0.9787243 0.08671792 -0.1859539 -0.9787305 0.08675991 -0.1859018 -0.9578701 0.08678924 -0.2737747 -0.9578555 0.08673374 -0.2738434 -0.9268643 0.08665324 -0.3652585 -0.9268627 0.08664656 -0.3652644 -0.8818654 0.08665805 -0.4634692 -0.8818722 0.08667743 -0.4634527 -0.8262318 0.0867152 -0.5566161 -0.8262252 0.0867004 -0.5566283 -0.7682148 0.08674055 -0.6342887 -0.7682344 0.08677603 -0.6342601 -0.7107463 0.08681896 -0.6980703 -0.7107588 0.08683832 -0.6980552 -0.6500488 0.08685371 -0.7549126 -0.6500331 0.0868318 -0.7549286 -0.6013418 0.08686515 -0.794256 -0.6013289 0.08685329 -0.7942671 -0.5687347 0.08688402 -0.8179193 -0.5687594 0.08692137 -0.8178981 -0.5804943 0.08688538 -0.8096156 -0.5804946 0.08688658 -0.8096151 -0.620941 0.08687935 -0.7790278 -0.6209327 0.08685614 -0.779037 -0.6544946 0.08688284 -0.751058 -0.6545047 0.08689641 -0.7510476 -0.688685 0.0868651 -0.7198385 -0.6886911 0.08688182 -0.7198306 -0.700919 0.08687934 -0.7079298 -0.7009126 0.08686 -0.7079385 -0.6868652 0.08685561 -0.7215763 -0.6868711 0.08687157 -0.7215688 -0.9923193 0.1236967 0.001293673 -0.9923201 0.1236968 4.376137e-05 -0.9923229 0.1236734 4.033991e-05 -0.992323 0.1236734 -0.0002574939 -0.9923236 0.1236682 -0.0002591986 -0.9921454 0.123646 0.01894873 -0.9921484 0.1236241 0.01893836 -0.9911103 0.1236206 0.04917749 -0.9911019 0.1236759 0.04920795 -0.988279 0.1236807 0.08948529 -0.9882728 0.1237167 0.08950462 -0.9822212 0.123706 0.1412039 -0.9822316 0.123654 0.1411769 -0.9715196 0.1236205 0.2021571 -0.971535 0.1235539 0.2021245 -0.9599746 0.1236147 0.2513325 -0.9599695 0.1236272 0.2513459 -0.9490002 0.1236391 0.2900206 -0.9489834 0.1236767 0.2900594 -0.9336702 0.1236853 0.3360983 -0.9336748 0.1236754 0.3360885 -0.9071722 0.1236022 0.4021955 -0.9071798 0.123583 0.4021841 -0.8714457 0.1236496 0.4746506 -0.8714415 0.1236567 0.4746565 -0.8424654 0.1237291 0.5243503 -0.8424517 0.123741 0.5243694 -0.8053302 0.1236468 0.5797887 -0.8053431 0.123627 0.5797748 -0.7442834 0.1236128 0.6563247 -0.7443098 0.1235748 0.6563019 -0.6660946 0.123573 0.7355594 -0.6660814 0.123591 0.7355685 -0.5936556 0.1237421 0.7951484 -0.5936079 0.1237744 0.7951789 -0.9923161 0.1237223 0.001302511 -0.9923112 0.1237161 -0.003572858 -0.9923137 0.123696 -0.003591029 -0.9913014 0.1235698 -0.04530067 -0.9913055 0.1235035 -0.04538949 -0.9872675 0.1234406 -0.1003258 -0.9872674 0.1235498 -0.1001924 -0.9748844 0.123629 -0.1852465 -0.9748864 0.1236485 -0.1852224 -0.9541284 0.1236844 -0.2726556 -0.9541205 0.1236488 -0.2726995 -0.9232515 0.1235336 -0.3637942 -0.9232435 0.1234967 -0.3638267 -0.8784072 0.1235066 -0.4616782 -0.8784173 0.1235387 -0.4616506 -0.8230112 0.1235852 -0.5544178 -0.8230038 0.1235671 -0.554433 -0.7652046 0.1236131 -0.6318083 -0.7652109 0.1236252 -0.6317983 -0.7079292 0.1236798 -0.6953701 -0.7079636 0.1237364 -0.6953251 -0.647539 0.1237479 -0.7519173 -0.6475097 0.1237048 -0.7519496 -0.5990244 0.1237444 -0.7911113 -0.598994 0.1237154 -0.7911388 -0.5664679 0.1237548 -0.8147385 -0.5665086 0.1238199 -0.8147003 -0.5782199 0.1237705 -0.8064382 -0.5782243 0.1237876 -0.8064324 -0.6185322 0.1237819 -0.7759484 -0.6185157 0.1237307 -0.7759697 -0.651935 0.1237738 -0.7481048 -0.6519342 0.1237728 -0.7481056 -0.6859729 0.1237336 -0.7170295 -0.6859881 0.1237801 -0.7170069 -0.6981742 0.1237788 -0.7051464 -0.6981747 0.1237804 -0.7051458 -0.6841717 0.1237719 -0.7187418 -0.6841748 0.1237814 -0.718737 -0.6578259 0.1722844 -0.7332007 -0.6791736 0.1722727 -0.7134742 -0.6791669 0.172257 -0.7134843 -0.6930743 0.17227 -0.6999793 -0.6930843 0.1722964 -0.6999629 -0.6809555 0.1722969 -0.7117679 -0.6809233 0.1722208 -0.7118169 -0.6471739 0.1722705 -0.742623 -0.6471791 0.1722763 -0.742617 -0.6140231 0.1722129 -0.7702715 -0.6140496 0.1722765 -0.7702363 -0.5739987 0.172278 -0.8005283 -0.5739909 0.1722538 -0.8005393 -0.5623277 0.1723198 -0.8087605 -0.5622502 0.1722255 -0.8088344 -0.5946593 0.1721762 -0.7853252 -0.5947318 0.1722285 -0.7852588 -0.6428187 0.1721786 -0.7464172 -0.6428617 0.1722264 -0.7463691 -0.7027558 0.172215 -0.6902726 -0.7027038 0.1721502 -0.6903417 -0.7596216 0.1720862 -0.6271852 -0.7596197 0.1720834 -0.6271884 -0.8170104 0.172026 -0.5503645 -0.8170054 0.1720168 -0.5503748 -0.8720022 0.1719602 -0.4583032 -0.8719791 0.1719038 -0.4583682 -0.9165313 0.1718966 -0.3611398 -0.9165476 0.1719551 -0.3610706 -0.9471635 0.1721169 -0.2706608 -0.9471821 0.1721814 -0.2705542 -0.9677575 0.1721344 -0.1838891 -0.9677505 0.1720834 -0.1839735 -0.9800537 0.1719781 -0.099591 -0.9800544 0.171892 -0.09973206 -0.9840738 0.1719783 -0.04496972 -0.9840701 0.1720183 -0.04489828 -0.9850574 0.1721899 -0.003546632 -0.9850492 0.1722381 -0.003489186 -0.9850531 0.1722463 0.001284158 -0.9850628 0.1721908 0.001258928 -0.9850636 0.1721909 4.004443e-05 -0.9850636 0.1721909 4.004582e-05 -0.9850636 0.1721909 -0.0002573027 -0.9850605 0.1722089 -0.000249392 -0.9848865 0.1721781 0.01879945 -0.9849014 0.1720979 0.01874952 -0.9838687 0.1720936 0.04884806 -0.9838544 0.1721611 0.04889707 -0.9810524 0.1721686 0.08884919 -0.9810435 0.1722059 0.08887564 -0.9750441 0.1721902 0.1401416 -0.9750596 0.1721335 0.1401028 -0.9644315 0.1720877 0.2006432 -0.9644571 0.1720056 0.2005902 -0.9529598 0.172088 0.2495063 -0.9529462 0.1721126 0.2495413 -0.9420534 0.1721281 0.2879363 -0.9420397 0.1721508 0.2879674 -0.9268517 0.1721606 0.3336266 -0.926847 0.1721675 0.3336358 -0.9005562 0.1720627 0.3992405 -0.9005815 0.1720156 0.3992035 -0.8650813 0.1721064 0.4711834 -0.865055 0.1721392 0.4712195 -0.8362939 0.1722341 0.5205265 -0.836293 0.1722347 0.5205278 -0.7994655 0.1720995 0.5755317 -0.7994878 0.1720741 0.5755082 -0.738882 0.1720439 0.6515016 -0.7389172 0.1720062 0.6514715 -0.6612334 0.1719961 0.730197 -0.6612145 0.1720152 0.7302097 -0.5892809 0.172214 0.7893607 -0.5892379 0.1722357 0.7893881 -0.6440644 0.2378954 -0.7270398 -0.6696891 0.2379041 -0.7035041 -0.6696916 0.2379114 -0.7034993 -0.6834119 0.2379307 -0.6901718 -0.6834169 0.2379474 -0.6901611 -0.6714095 0.2379465 -0.7018481 -0.6713704 0.2378318 -0.7019243 -0.6381533 0.2378939 -0.7322342 -0.6381678 0.2379123 -0.7322156 -0.6054977 0.2378248 -0.7594814 -0.6055202 0.2378912 -0.7594426 -0.5659875 0.2378895 -0.7893458 -0.5659844 0.2378776 -0.7893516 -0.5543976 0.2379657 -0.7975059 -0.5543082 0.2378446 -0.7976041 -0.5864514 0.2377822 -0.7742961 -0.5865188 0.2378345 -0.7742289 -0.6339098 0.237773 -0.7359499 -0.6339636 0.2378389 -0.7358823 -0.6928957 0.2378331 -0.6806841 -0.6928404 0.2377562 -0.6807673 -0.7490348 0.2376775 -0.6184305 -0.7490204 0.2376533 -0.6184573 -0.8056276 0.2375838 -0.5426952 -0.8056329 0.2375949 -0.5426826 -0.859828 0.2375284 -0.451969 -0.8598028 0.237452 -0.452057 -0.9038 0.2374472 -0.3560399 -0.9038157 0.2375256 -0.3559478 -0.9339746 0.2377443 -0.2667755 -0.9339957 0.2378457 -0.266611 -0.9542286 0.237786 -0.1813985 -0.9542234 0.2376957 -0.1815447 -0.9663828 0.2375582 -0.09833863 -0.9663947 0.237413 -0.09857067 -0.9703701 0.2375332 -0.04427205 -0.9703578 0.237607 -0.04414472 -0.9712989 0.2378374 -0.00344048 -0.971276 0.2379321 -0.003333662 -0.9712784 0.2379428 0.001241312 -0.9713039 0.2378386 0.00119667 -0.9713047 0.2378388 3.94862e-05 -0.9713047 0.2378388 3.948791e-05 -0.9713046 0.2378388 -0.0002459089 -0.9713046 0.2378388 -0.0002458904 -0.9711387 0.2377982 0.01848702 -0.9711578 0.2377236 0.01844306 -0.9701371 0.2377173 0.04821429 -0.9701136 0.2378013 0.04827182 -0.9673506 0.2378094 0.08763316 -0.9673321 0.2378696 0.08767326 -0.9614291 0.2378469 0.138141 -0.9614568 0.2377653 0.1380889 -0.9509886 0.2377015 0.1977844 -0.9510239 0.2376074 0.1977279 -0.939653 0.237717 0.2460546 -0.9396425 0.2377344 0.2460779 -0.9288972 0.2377528 0.283943 -0.928871 0.2377931 0.283995 -0.9139079 0.2378047 0.32897 -0.9138926 0.2378264 0.3289967 -0.8880131 0.2376851 0.3936223 -0.8880534 0.2376164 0.3935728 -0.8529926 0.2377317 0.4646367 -0.8529822 0.2377442 0.4646495 -0.8246186 0.2378679 0.5132475 -0.8245901 0.2378863 0.5132847 -0.7883397 0.2377004 0.5674671 -0.7883763 0.2376604 0.5674331 -0.7286232 0.2376159 0.6423761 -0.7286678 0.2375696 0.6423425 -0.652019 0.2375456 0.7200301 -0.6520008 0.2375635 0.7200406 -0.5810295 0.237819 0.7783617 -0.5809941 0.2378369 0.7783825 -0.5243869 0.3191624 0.7894008 -0.5667986 0.3191994 0.7595071 -0.5668954 0.3191503 0.7594555 -0.6361936 0.3188298 0.7025706 -0.6362051 0.3188188 0.702565 -0.7110518 0.3188565 0.6266865 -0.7109844 0.3189235 0.6267288 -0.7692717 0.3189839 0.5535976 -0.7692291 0.3190283 0.5536312 -0.8045244 0.3192678 0.5008079 -0.8045416 0.3192568 0.5007871 -0.832235 0.3191018 0.4533863 -0.832269 0.3190635 0.4533507 -0.8665321 0.3189161 0.3839462 -0.8664789 0.3189973 0.3839986 -0.8916651 0.3191825 0.321023 -0.891686 0.3191552 0.3209922 -0.9062786 0.3191439 0.2771397 -0.9063095 0.3191006 0.2770882 -0.9167953 0.3190789 0.2401563 -0.9168282 0.3190299 0.2400956 -0.9279708 0.3188894 0.1928204 -0.9278933 0.319059 0.1929129 -0.9380906 0.3191397 0.1346696 -0.9380518 0.3192312 0.1347233 -0.943794 0.3192606 0.08558955 -0.9438255 0.3191805 0.08554017 -0.9465222 0.3191707 0.04717764 -0.9465678 0.3190472 0.0470988 -0.9475666 0.3190551 0.01793428 -0.947529 0.319163 0.01799378 -0.9476823 0.319215 -0.0002383348 -0.9476837 0.3192109 -0.0002399107 -0.9476836 0.319211 3.519335e-05 -0.947677 0.3192307 3.852735e-05 -0.9476764 0.3192304 0.001125495 -0.947641 0.3193355 0.001167472 -0.9476409 0.3193222 -0.00315414 -0.9476721 0.319229 -0.003252528 -0.9468049 0.3189377 -0.04288595 -0.9468344 0.3188248 -0.04307326 -0.9429414 0.3186693 -0.09649605 -0.9429042 0.3188774 -0.09617173 -0.9310166 0.3190468 -0.1772491 -0.9310133 0.3191261 -0.1771234 -0.9113451 0.3192033 -0.2599217 -0.9113312 0.3190706 -0.2601333 -0.8819354 0.3187926 -0.3472194 -0.8819271 0.3187099 -0.3473162 -0.8389235 0.3187117 -0.4411693 -0.8389423 0.3187938 -0.4410742 -0.7860798 0.3188741 -0.5295262 -0.7860887 0.3188986 -0.5294981 -0.7308481 0.318984 -0.6034155 -0.7308437 0.3189752 -0.6034254 -0.6759197 0.3190691 -0.6643249 -0.6759958 0.3191922 -0.6641881 -0.6186402 0.319196 -0.7179124 -0.6185836 0.319117 -0.7179964 -0.5723931 0.3191939 -0.7553022 -0.5722937 0.319109 -0.7554134 -0.5407257 0.3191856 -0.7782907 -0.5408235 0.3193398 -0.7781594 -0.5522295 0.3192283 -0.7701532 -0.5522351 0.3192596 -0.7701362 -0.590853 0.3192656 -0.7409198 -0.590829 0.3191678 -0.7409811 -0.6226756 0.3192832 -0.7143762 -0.622664 0.3192656 -0.7143942 -0.6549993 0.3191904 -0.6849041 -0.6550311 0.3193233 -0.6848115 -0.6668184 0.3193257 -0.6733381 -0.666811 0.3192897 -0.6733625 -0.6534046 0.3192636 -0.6863915 -0.6534129 0.3192956 -0.6863686 -0.9170183 0.3988436 0.001089042 -0.9170207 0.3988288 -0.002973294 -0.9170808 0.3986897 -0.003052322 -0.9162973 0.398349 -0.04143983 -0.9163246 0.3982798 -0.04150397 -0.9125599 0.3980979 -0.09355441 -0.9124908 0.398298 -0.0933769 -0.9009678 0.3984842 -0.1716602 -0.9009259 0.3986418 -0.1715148 -0.8819398 0.3987278 -0.2513929 -0.8819668 0.3985787 -0.2515345 -0.8535429 0.3982574 -0.3359399 -0.8535665 0.3981235 -0.3360389 -0.811888 0.3981226 -0.4270086 -0.8118785 0.3982243 -0.4269316 -0.7607599 0.3983134 -0.5124362 -0.7607599 0.3982953 -0.5124502 -0.7072872 0.3983884 -0.583979 -0.7072911 0.3984363 -0.5839416 -0.6540772 0.3985409 -0.6429216 -0.6540932 0.39864 -0.6428438 -0.5987211 0.398636 -0.6947104 -0.5987095 0.3985856 -0.6947492 -0.5540129 0.3986735 -0.7308414 -0.5539601 0.398566 -0.73094 -0.5232117 0.3986551 -0.7532089 -0.5232469 0.3988331 -0.7530902 -0.5344172 0.3987021 -0.7452751 -0.5344166 0.398713 -0.7452696 -0.5718133 0.3987244 -0.7169716 -0.5718156 0.3986519 -0.7170102 -0.6025847 0.3987872 -0.6912745 -0.6025812 0.3987682 -0.6912886 -0.6338299 0.3986826 -0.662806 -0.6338232 0.3988193 -0.6627302 -0.6452962 0.3988236 -0.6515617 -0.6452982 0.398794 -0.6515777 -0.6323105 0.3987634 -0.6642071 -0.6323102 0.3987741 -0.6642011 -0.5285969 0.4679041 0.7082733 -0.5933718 0.4675059 0.6552466 -0.5933776 0.4674988 0.6552464 -0.6632354 0.4675558 0.5843889 -0.6631453 0.4676673 0.5844018 -0.7174898 0.4677486 0.5161585 -0.7174125 0.467845 0.5161787 -0.7501293 0.4681532 0.4670531 -0.7502058 0.4680864 0.4669973 -0.7760756 0.4678953 0.4228246 -0.7761221 0.467836 0.4228048 -0.8081845 0.4676552 0.3579614 -0.8081116 0.4677643 0.3579837 -0.8314691 0.4679998 0.2993917 -0.8314964 0.4679627 0.2993737 -0.8451071 0.4679504 0.2584888 -0.845164 0.4678708 0.2584467 -0.8549559 0.4678458 0.2239884 -0.8549604 0.4678393 0.2239847 -0.8654473 0.467661 0.1797058 -0.8653429 0.4678393 0.1797442 -0.8748071 0.4679386 0.1254832 -0.8747324 0.4680693 0.1255168 -0.8800554 0.4681054 0.07987399 -0.8801152 0.4679984 0.07984287 -0.8826339 0.4679883 0.04409457 -0.8827242 0.4678229 0.04404242 -0.883512 0.467861 0.02264307 -0.8834951 0.4678919 0.02266041 -0.8837723 0.467904 0.003545926 -0.8836811 0.4680756 0.003579545 -0.8836868 0.4680786 2.058693e-05 -0.8836867 0.4680788 2.059761e-05 -0.8836864 0.468079 0.0005550854 -0.8836292 0.4681871 0.0005698639 -0.8836326 0.4681725 -0.00281265 -0.8836831 0.4680768 -0.002865141 -0.8829852 0.4677095 -0.03981035 -0.8830516 0.4675734 -0.03993503 -0.8794302 0.4673708 -0.09037127 -0.8793176 0.4676266 -0.09014364 -0.8681833 0.4678277 -0.1655148 -0.8681388 0.4679506 -0.1654 -0.8498962 0.4680488 -0.2420884 -0.8499466 0.4678656 -0.2422656 -0.8225909 0.4675146 -0.3236886 -0.8226143 0.4674267 -0.3237561 -0.7823958 0.4674256 -0.4115461 -0.7823794 0.4675161 -0.4114742 -0.7331383 0.4676062 -0.4938143 -0.733138 0.4676091 -0.493812 -0.6815794 0.4677089 -0.5627592 -0.6815795 0.4677435 -0.5627304 -0.6302435 0.4678524 -0.6196026 -0.6302561 0.4679983 -0.6194795 -0.5770181 0.4679942 -0.6693515 -0.5769956 0.467853 -0.6694698 -0.533954 0.4679492 -0.7042134 -0.5339184 0.4678643 -0.7042969 -0.5041004 0.4679599 -0.7258763 -0.5041315 0.4681973 -0.7257016 -0.5149803 0.4680548 -0.7181365 -0.5149785 0.4680693 -0.7181283 -0.5510426 0.4680803 -0.6908349 -0.5510548 0.4679569 -0.6909088 -0.58068 0.4681057 -0.666099 -0.5806783 0.4680887 -0.6661124 -0.6107504 0.4679966 -0.63872 -0.6107304 0.4681567 -0.6386217 -0.6218247 0.4681617 -0.6278206 -0.6218291 0.4681315 -0.6278389 -0.6093128 0.4680963 -0.6400186 -0.6093131 0.4680932 -0.6400207 -0.4798927 0.5480191 0.6851118 -0.5613861 0.5481948 0.619942 -0.5614403 0.5481338 0.6199469 -0.6275594 0.5481899 0.5528627 -0.6274928 0.548264 0.5528647 -0.6788791 0.5483479 0.4883009 -0.6788139 0.5484202 0.4883102 -0.7096853 0.5487437 0.4418452 -0.7096816 0.5487466 0.4418475 -0.7342244 0.5485443 0.400017 -0.7342398 0.5485272 0.4000124 -0.7646319 0.5483359 0.3386235 -0.7645807 0.5484014 0.338633 -0.7866203 0.5486487 0.283219 -0.7866074 0.5486639 0.2832255 -0.7994766 0.5486526 0.2445762 -0.7995391 0.5485774 0.2445405 -0.8088154 0.548551 0.2119187 -0.8088462 0.5485131 0.2118991 -0.8188096 0.548326 0.1699689 -0.8187113 0.5484651 0.1699941 -0.8276418 0.5485702 0.1186586 -0.8275274 0.5487346 0.1186964 -0.8325464 0.5487739 0.07559 -0.8326106 0.5486798 0.07556474 -0.834996 0.5486692 0.04175746 -0.8350862 0.548535 0.04171745 -0.8358268 0.5485756 0.0214067 -0.8358107 0.5485996 0.02141967 -0.8360695 0.5486135 0.003330374 -0.8359869 0.5487393 0.003354063 -0.8359914 0.5487425 1.698027e-05 -0.8359733 0.5487701 1.947231e-05 -0.835973 0.5487704 0.0005147428 -0.8359215 0.5488488 0.0005250576 -0.8359273 0.548834 -0.002607679 -0.835993 0.5487337 -0.002660891 -0.8354065 0.5483487 -0.03754406 -0.8354899 0.5482132 -0.0376674 -0.8320763 0.5479965 -0.0857259 -0.831925 0.5482634 -0.08548601 -0.8213574 0.5484698 -0.1566939 -0.8212934 0.5486013 -0.1565688 -0.8040799 0.5486985 -0.2288785 -0.8041475 0.5485291 -0.2290472 -0.7783206 0.5481653 -0.3061566 -0.7783781 0.5480163 -0.3062773 -0.7402619 0.5480144 -0.3894773 -0.7402145 0.5481759 -0.3893401 -0.6936486 0.5482698 -0.4671743 -0.6936532 0.5482461 -0.4671953 -0.6448379 0.5483523 -0.5324416 -0.6448321 0.5484098 -0.5323893 -0.5962059 0.5485229 -0.5862262 -0.5962046 0.5486549 -0.5861041 -0.5459687 0.5486501 -0.6331677 -0.54596 0.5485251 -0.6332833 -0.5052372 0.5486267 -0.6661413 -0.5052037 0.5485258 -0.6662497 -0.4768499 0.5486242 -0.6867501 -0.4768583 0.5488061 -0.6865989 -0.4872215 0.5486558 -0.6794057 -0.4872074 0.5487261 -0.679359 -0.5213615 0.5487386 -0.6535044 -0.5213932 0.5485706 -0.6536203 -0.5493699 0.5487283 -0.6301506 -0.5493699 0.548737 -0.6301432 -0.5777772 0.548642 -0.6042892 -0.5777344 0.5488342 -0.6041555 -0.5882843 0.5488399 -0.5938826 -0.5883058 0.5487508 -0.5939435 -0.5764434 0.5487138 -0.6054966 -0.5764266 0.5487956 -0.6054386 -0.7687086 0.639599 -0.0005690806 -0.7739381 0.6332537 0.003082723 -0.767363 0.6411911 0.005297767 -0.7671473 0.6411699 0.01964655 -0.7671821 0.641129 0.01962439 -0.7665091 0.6410886 0.03833022 -0.7663568 0.6412675 0.03838244 -0.7641672 0.6412762 0.0693775 -0.7640888 0.6413672 0.06940072 -0.7595009 0.641329 0.1088828 -0.7596033 0.6412118 0.1088584 -0.7514324 0.6411099 0.1559733 -0.751625 0.6408918 0.1559409 -0.7424182 0.6410782 0.19451 -0.7423661 0.6411307 0.1945354 -0.7338441 0.6411551 0.2244841 -0.7337834 0.6412154 0.2245103 -0.7219861 0.6412267 0.2599315 -0.7219552 0.6412569 0.2599429 -0.7017971 0.6410139 0.3107766 -0.7019043 0.6409009 0.3107673 -0.6739454 0.6410909 0.3671513 -0.6738963 0.6411373 0.3671603 -0.6513533 0.6413336 0.4055 -0.6512848 0.6413819 0.4055333 -0.6230731 0.6410623 0.4481284 -0.623176 0.640965 0.4481245 -0.5760188 0.6408826 0.507417 -0.5760995 0.6408055 0.5074226 -0.5153646 0.6407481 0.5690704 -0.5153332 0.6407788 0.5690644 -0.7669289 0.640806 -0.03446454 -0.7638159 0.6405889 -0.07893853 -0.7636036 0.6408753 -0.07866672 -0.753863 0.6410696 -0.1439457 -0.7537622 0.641223 -0.1437898 -0.7380074 0.641324 -0.2098775 -0.7381189 0.6411262 -0.21009 -0.7144855 0.6407744 -0.280925 -0.7145684 0.6406218 -0.2810615 -0.6795171 0.6406158 -0.3575862 -0.6794604 0.6407443 -0.3574637 -0.6367451 0.6408324 -0.4288234 -0.6367432 0.6408379 -0.428818 -0.5919039 0.6409352 -0.4887246 -0.5918965 0.6409679 -0.4886907 -0.5472021 0.6410742 -0.5381392 -0.5471833 0.6412242 -0.5379795 -0.5011812 0.641215 -0.5810858 -0.5011842 0.6411291 -0.581178 -0.4638303 0.6412321 -0.6112959 -0.4638003 0.6411088 -0.6114482 -0.4376047 0.6412067 -0.6303619 -0.4375935 0.6414242 -0.6301483 -0.4471885 0.6412758 -0.6235285 -0.4471805 0.6413019 -0.6235074 -0.4785564 0.641317 -0.5997468 -0.4785875 0.6412137 -0.5998324 -0.5042134 0.6413677 -0.5782875 -0.5042155 0.6413504 -0.5783046 -0.5302687 0.6412598 -0.5546178 -0.5302202 0.6413996 -0.5545026 -0.5399463 0.6414052 -0.5450297 -0.539954 0.6413843 -0.5450466 -0.52906 0.641348 -0.5556691 -0.5290657 0.6413308 -0.5556836 -0.4396563 0.7627804 -0.474203 -0.4459763 0.7627401 -0.4683299 -0.4459942 0.7627 -0.4683779 -0.4551864 0.7627311 -0.4593981 -0.4551627 0.7627774 -0.4593447 -0.4469258 0.7627721 -0.4673715 -0.4469978 0.7626231 -0.4675458 -0.4250771 0.7626992 -0.4874417 -0.4250723 0.7627286 -0.4873998 -0.4035039 0.7625987 -0.5055965 -0.4034609 0.762701 -0.5054764 -0.3769822 0.7626902 -0.5255359 -0.3769986 0.7626517 -0.5255802 -0.3688187 0.7627775 -0.5311716 -0.3688275 0.7626025 -0.5314167 -0.3911107 0.7625195 -0.5153604 -0.391146 0.7626066 -0.5152049 -0.4225909 0.7625179 -0.489881 -0.4225902 0.762632 -0.489704 -0.4612148 0.7626369 -0.4535041 -0.4612331 0.7625018 -0.4537125 -0.499008 0.7624162 -0.4119618 -0.4990183 0.7623795 -0.4120174 -0.5368604 0.7622955 -0.3615058 -0.5368508 0.7623175 -0.3614736 -0.5728349 0.7622424 -0.3014077 -0.5729051 0.762124 -0.3015737 -0.6025348 0.7621287 -0.2368789 -0.6024581 0.7622318 -0.2367423 -0.6222923 0.762523 -0.1769493 -0.6221591 0.7626958 -0.1766722 -0.6353825 0.7626096 -0.1213085 -0.6354946 0.7624861 -0.1214969 -0.6437588 0.7623315 -0.06652343 -0.6440232 0.762076 -0.06688948 -0.6471614 0.7621248 -0.01865264 -0.6465562 0.7626477 -0.01826094 -0.6464516 0.7629511 0.002453261 -0.6468052 0.7626519 0.00232761 -0.6468011 0.7626587 -0.0001447095 -0.6467319 0.7627174 -0.0001379683 -0.6467319 0.7627173 -0.0004787177 -0.646705 0.7627401 -0.0004723209 -0.646706 0.7627264 0.004464232 -0.646875 0.7625833 0.004405931 -0.6466995 0.7625655 0.0165406 -0.6467336 0.7625371 0.01651814 -0.6461755 0.7625026 0.0323596 -0.6459924 0.7626548 0.03242475 -0.6441459 0.7626623 0.05849991 -0.644033 0.762755 0.05853489 -0.6401863 0.762723 0.09173434 -0.6403707 0.7625738 0.09168793 -0.6335124 0.7624897 0.1314207 -0.6336962 0.7623428 0.1313871 -0.6258619 0.7624993 0.1639866 -0.6257921 0.762549 0.1640225 -0.6186071 0.7625683 0.1892483 -0.6185543 0.7626051 0.1892724 -0.6086155 0.7626132 0.2191081 -0.6085526 0.7626563 0.219133 -0.5916629 0.76245 0.2619257 -0.5918104 0.762341 0.2619097 -0.5681527 0.7625007 0.3095081 -0.5680936 0.7625397 0.3095206 -0.549037 0.7627035 0.3418216 -0.5489917 0.7627254 0.3418451 -0.5253444 0.7624565 0.3777214 -0.52543 0.7624004 0.3777154 -0.4856906 0.7623346 0.4277271 -0.4858214 0.7622486 0.4277321 -0.4345675 0.762198 0.4797971 -0.4345327 0.7622213 0.4797917 -0.4181661 0.8993189 0.1279168 -0.411438 0.8993234 0.1481089 -0.4114189 0.8993312 0.1481141 -0.4000864 0.8992218 0.1770051 -0.4001958 0.8991737 0.1770029 -0.384129 0.8992618 0.2092205 -0.3840855 0.8992792 0.2092252 -0.3711612 0.8993677 0.2310351 -0.3711005 0.8993863 0.2310598 -0.3552394 0.8992425 0.2552799 -0.3553603 0.899194 0.255283 -0.3285093 0.8991619 0.2891185 -0.3286134 0.8991195 0.2891321 -0.2939218 0.8990979 0.3243962 -0.2938719 0.8991188 0.3243837 -0.3039138 0.899361 -0.3143024 -0.3015233 0.8993867 -0.3165236 -0.3015336 0.8993754 -0.3165457 -0.3077539 0.8993918 -0.3104542 -0.3077363 0.8994092 -0.3104214 -0.3021306 0.8994066 -0.3158872 -0.3021982 0.8993372 -0.3160202 -0.2874125 0.8993791 -0.3294105 -0.2874134 0.8993773 -0.3294146 -0.2728856 0.8993087 -0.341727 -0.2728413 0.8993603 -0.3416264 -0.2549198 0.8993556 -0.3552119 -0.2549221 0.8993527 -0.3552173 -0.2492986 0.8994216 -0.3590142 -0.2493336 0.8993095 -0.3592702 -0.2645721 0.8992634 -0.34832 -0.2645952 0.8993308 -0.3481286 -0.2858186 0.8992795 -0.331065 -0.2858059 0.8993291 -0.3309415 -0.3117883 0.8993312 -0.3065801 -0.3118238 0.8992547 -0.3067686 -0.3374345 0.8992082 -0.2785006 -0.3374408 0.8991989 -0.2785229 -0.363056 0.899152 -0.2443687 -0.3630615 0.899146 -0.2443825 -0.3873698 0.8991065 -0.2038429 -0.387441 0.8990458 -0.2039759 -0.4075327 0.8990478 -0.1600946 -0.4074293 0.8991213 -0.1599445 -0.4207613 0.8992733 -0.1194463 -0.4206167 0.8993728 -0.1192067 -0.4295062 0.899325 -0.08209091 -0.4296452 0.8992412 -0.0822814 -0.4352717 0.899164 -0.04519494 -0.4355368 0.8990203 -0.04549845 -0.4376751 0.8990483 -0.01235788 -0.4370991 0.8993325 -0.01205572 -0.4369377 0.8994904 0.001571937 -0.4372633 0.8993323 0.001482025 -0.4372588 0.8993358 -9.32722e-05 -0.4372173 0.8993559 -9.011158e-05 -0.4372173 0.8993559 -0.0003192277 -0.4371789 0.8993745 -0.0003120665 -0.4371836 0.8993673 0.002976846 -0.4373048 0.8993086 0.002944216 -0.4371915 0.8992992 0.01116303 -0.4372253 0.8992829 0.01114559 -0.436856 0.8992644 0.02192108 -0.4367067 0.8993358 0.02196166 -0.4354589 0.8993387 0.03956654 -0.435366 0.8993828 0.03958773 -0.4327868 0.8993654 0.0619481 -0.4329216 0.899302 0.0619247 -0.4283138 0.8992584 0.088778 -0.4285201 0.8991624 0.08875576 -0.4231524 0.8992488 0.1108768 -0.4091388 0.905045 0.1161848 -0.1320233 0.9731333 0.1886305 -0.1546008 0.9731581 0.1704759 -0.1546107 0.9731554 0.1704817 -0.1728553 0.9731601 0.1519226 -0.1728096 0.9731714 0.1519025 -0.1869001 0.9731785 0.1341338 -0.1868675 0.9731863 0.1341232 -0.1105523 -0.9710885 0.2115779 -0.2379638 -0.8578946 0.4554011 -0.3097818 -0.7486061 0.5861945 0.5886165 -0.7625833 0.2683234 -0.3636341 -0.6235648 0.6920529 -0.3945884 -0.5294495 0.7509881 -0.4139811 -0.3194257 0.8524007 -0.4324235 -0.3324054 0.8381627 -0.4298939 -0.3804595 0.8188051 -0.4728448 -0.2725609 0.837931 0.8776567 -0.2725901 0.3942251 -0.4807841 -0.2090709 0.8515492 -0.4587113 -0.2342737 0.8571464 0.8941778 -0.2090137 0.3959284 0.8829479 -0.2378317 0.4047703 0.911721 -0.01946495 0.4103485 -0.481443 0.01956445 0.876259 -0.4796538 0.1470904 0.8650414 -0.4588496 0.2339945 0.8571485 -0.4809124 0.2087647 0.8515518 0.8940332 0.2096341 0.3959269 0.8954166 0.1727969 0.4103295 -0.4730211 0.2722781 0.8379235 0.8774672 0.2732005 0.3942244 0.8827863 0.2384323 0.4047694 0.8431287 0.3818084 0.3786243 0.8617731 0.3197857 0.3938074 0.7731977 0.5309961 0.3467108 0.7122669 0.6251262 0.3192071 -0.3102687 0.7484267 0.5861663 0.6041416 0.7499232 0.269496 0.4671677 0.8588986 0.2098753 0.5880174 0.7630631 0.2682727 0.2167107 0.9713809 0.09724033 0.05111334 0.9971199 0.05602927 0.0115633 0.9974116 0.07096764 0.01068283 0.9970546 0.07594802 0.06815314 -0.9971276 0.0330404 0.0518993 -0.9970713 0.05617287 0.01224817 -0.9973904 0.07115096 0.01136673 -0.997033 0.07613125 -0.1546328 -0.9214026 0.3565191 -0.4466934 -0.3224211 0.8345716 0.8598709 0.3234072 0.395006 -0.4142006 0.3191809 0.8523858 -0.4469247 0.3221396 0.8345564 0.3436988 0.9229096 0.1735194 -0.02013692 -0.9972187 0.07175913 -0.02796711 -0.9968231 0.07457654 -0.02763602 -0.9971407 0.07033241 -0.03664732 -0.9968708 0.07004003 -0.03684882 -0.9967964 0.07098828 0.4679153 -0.8584719 0.2099553 0.3946085 -0.8992985 0.1885376 0.3508236 -0.9227998 0.1592587 0.2101112 -0.9731605 0.09387217 0.2171527 -0.9711634 0.09841988 0.0733005 -0.9967793 0.0325301 0.07329832 -0.9967794 0.03252859 0.6047692 -0.7493978 0.2695499 0.7106436 -0.6245158 0.3239841 0.7007551 -0.641239 0.3126576 0.7712856 -0.5303457 0.3519261 0.7634382 -0.5487972 0.3405641 0.812516 -0.449656 0.3709814 0.8069323 -0.4681144 0.3601794 0.8410322 -0.3811463 0.3839172 0.8373898 -0.3986519 0.373972 0.8610229 -0.3228045 0.3929844 0.8614519 -0.3192019 0.3949819 0.4380086 -0.3987953 0.8056741 0.4781004 -0.3987819 0.7825555 0.4781181 -0.3987567 0.7825575 0.5130219 -0.3987762 0.7601224 0.5130264 -0.3987704 0.7601224 0.5454885 -0.3987793 0.7371685 0.5455013 -0.3987627 0.737168 0.5779086 -0.3987654 0.7120448 0.5778909 -0.3987885 0.7120463 0.6079574 -0.398778 0.6865594 0.6079609 -0.3987734 0.686559 0.6354603 -0.3987629 0.6611947 0.6354687 -0.3987519 0.6611933 0.6608362 -0.3987465 0.6358434 0.6608355 -0.3987473 0.6358435 0.6951865 -0.3985776 0.5982069 0.695167 -0.3986137 0.5982056 0.7348146 -0.3986306 0.5487632 0.7348027 -0.3986526 0.5487633 0.7677791 -0.3986586 0.5015841 0.7677719 -0.3986718 0.5015846 0.7950243 -0.3986712 0.4571626 0.7950298 -0.398661 0.4571619 0.8174957 -0.3986778 0.4156401 0.8174957 -0.3986778 0.4156401 0.4379869 -0.3988266 0.8056704 0.394047 -0.3988342 0.8280448 0.394099 -0.3987579 0.8280568 0.3440938 -0.3987523 0.8500565 0.3440771 -0.3987773 0.8500515 0.2950833 -0.3988594 0.8682379 0.2949943 -0.3989682 0.8682182 0.2468301 -0.3989795 0.883114 0.2467275 -0.3991081 0.8830845 0.1918086 -0.3991049 0.8966186 0.1918167 -0.3990944 0.8966215 0.1301753 -0.3990457 0.9076436 0.1303223 -0.3988481 0.9077093 0.06348186 -0.3987524 0.9148588 0.06376591 -0.398351 0.9150138 -0.003406273 -0.3982927 0.917252 -0.003253987 -0.3980656 0.9173512 -0.07069171 -0.3981359 0.9145985 -0.07072206 -0.3981838 0.9145753 -0.1396277 -0.3983792 0.9065309 -0.1398547 -0.3987587 0.9063289 -0.2247342 -0.398757 0.8890936 -0.2249421 -0.3992962 0.888799 -0.3266352 -0.3990863 0.8567612 -0.3265347 -0.3987629 0.8569499 -0.4208361 -0.3984645 0.8149374 -0.4154946 -0.4488276 0.7911498 -0.4627165 -0.1724094 0.8695795 -0.4950163 -0.1237627 0.8600243 -0.4588401 -0.147199 0.876241 -0.4892749 -0.08702654 0.8677767 -0.4685083 -0.1019785 0.8775536 -0.4851766 -0.05178987 0.8728811 -0.4746833 -0.06005852 0.8781052 -0.4818523 -0.01722933 0.876083 -0.4789081 -0.01988345 0.8776398 0.9027935 -0.147264 0.4040758 0.9031581 -0.1017682 0.4170717 0.908814 -0.123647 0.3984575 0.9047322 -0.05972045 0.4217739 0.9141532 -0.08672088 0.3959839 0.9111343 -0.01678625 0.4117676 0.9110771 0.02006672 0.4117472 0.9118527 0.01738493 0.4101492 0.9087479 0.06035712 0.4129579 0.9117137 0.05205188 0.4075155 0.9045115 0.1023837 0.4139766 0.9107507 0.08735742 0.403611 0.8975857 0.14784 0.415311 0.908981 0.1242321 0.3978944 -0.4761631 0.05150392 0.8778473 -0.5028899 0.08661318 0.8599999 -0.4582473 0.05968201 0.8868187 -0.4937551 0.1234537 0.8607933 -0.462563 0.1016212 0.8807432 -0.4326473 0.3321449 0.8381504 -0.4289196 0.3980278 0.8109265 -0.4226626 0.3799673 0.8227887 -0.4134298 0.4673909 0.7814228 -0.4079817 0.448287 0.7953551 -0.391271 0.548038 0.7392979 -0.3872418 0.5289007 0.7551873 -0.359033 0.6405144 0.6788495 -0.3568295 0.6230591 0.6960388 0.4778236 0.3991149 0.7825548 0.5127555 0.3991572 0.7601022 0.5127501 0.3991387 0.7601155 0.5452334 0.3991689 0.7371463 0.5452358 0.3991781 0.7371396 0.5776168 0.3992016 0.7120372 0.5776162 0.3991994 0.7120389 0.6076887 0.3992087 0.686547 0.6076908 0.3992197 0.6865388 0.6351817 0.3992269 0.6611823 0.6351816 0.399226 0.6611831 0.6605577 0.3992367 0.635825 0.6605577 0.3992365 0.6358252 0.6949009 0.3990884 0.5981982 0.6948991 0.399104 0.59819 0.7345378 0.399147 0.5487585 0.7345344 0.3991691 0.5487471 0.7675058 0.3991967 0.5015745 0.7675059 0.3991958 0.5015749 0.7947547 0.3992146 0.457157 0.7947546 0.3992156 0.4571566 0.8172183 0.3992471 0.4156392 0.8172178 0.3992493 0.4156383 0.8346065 0.3992867 0.379476 0.8146006 0.4503132 0.3655734 0.4778333 0.3991543 0.7825287 0.4377216 0.3991419 0.8056585 0.4377299 0.3991717 0.8056391 0.3938197 0.3991514 0.8280001 0.3937957 0.3990735 0.8280491 0.3438011 0.399037 0.8500413 0.3438018 0.3990388 0.8500403 0.2947508 0.3990874 0.8682461 0.2948096 0.3991965 0.868176 0.2464828 0.3991755 0.8831224 0.2465496 0.3992936 0.8830504 0.1915692 0.3992573 0.8966019 0.1915472 0.3992203 0.896623 0.1300292 0.3991337 0.9076259 0.1299142 0.3989482 0.9077239 0.06346466 0.3988122 0.9148339 0.06325992 0.3984954 0.9149862 -0.00348695 0.3983944 0.9172076 -0.003687437 0.3980969 0.917336 -0.07096733 0.3981196 0.9145843 -0.07093444 0.3981664 0.9145664 -0.1401633 0.3983132 0.9064772 -0.1399006 0.3986714 0.9063603 -0.2252608 0.3986158 0.8890236 -0.2249287 0.39917 0.888859 -0.326748 0.3989009 0.8568045 -0.3269241 0.3986163 0.8568696 -0.2385154 0.8577594 0.4553672 -0.1873398 0.8993757 0.3950028 -0.1765506 0.9223266 0.3437202 -0.107313 0.9731293 0.2037233 -0.1093615 0.9709958 0.2126199 -0.03725303 0.9968584 0.0698968 -0.03747136 0.9967777 0.07092463 0.06727199 0.9971912 0.03292766 0.07238885 0.9968495 0.03241901 0.07237314 0.996851 0.03240816 0.06407592 0.9971029 0.04098856 0.06688216 0.9970118 0.0386565 0.06908531 0.996793 0.04038447 0.06452522 0.9973711 0.03297563 0.07605813 0.9962741 0.04065852 0.06190524 0.996644 0.05355772 0.05549294 0.9975886 0.04168495 0.06771082 0.9962842 0.05322599 0.05838209 0.9975569 0.0383605 0.07736044 0.9955323 0.05413851 0.05419581 0.997317 0.04921007 0.0582662 0.9965495 0.05911136 0.05711176 0.9967114 0.05748534 0.02943041 0.9968577 0.07354295 0.03057977 0.9974213 0.06492716 0.03238659 0.9969001 0.07170346 0.03565167 0.9971687 0.06620892 0.03686426 0.9968408 0.07035299 0.03846633 0.9972367 0.063556 0.04079149 0.9967181 0.06992232 0.04096562 0.9972839 0.06120896 0.043521 0.9967751 0.06741861 0.04361587 0.9972816 0.05939025 0.04615724 0.9968214 0.0649352 0.04627114 0.9972771 0.05742262 0.04940764 0.9967511 0.0636088 0.04833599 0.9973178 0.05496208 0.05262265 0.9966623 0.06240972 0.01607879 0.996924 0.0767069 0.019425 0.9972894 0.07096799 0.01945978 0.9971724 0.07258482 0.0246222 0.9969786 0.07367039 0.02487586 0.9973196 0.06881151 -0.02031819 0.9967486 0.07796927 -0.01153498 0.9973906 0.07126714 -0.01444389 0.9968435 0.07806738 -0.006153318 0.9971693 0.07493699 -0.008422023 0.9966763 0.08102813 -0.0004568372 0.997361 0.07260013 -0.003625432 0.9963642 0.08511846 0.004689074 0.9975739 0.06945742 0.003589998 0.9970521 0.07664369 -0.020742 0.9972179 0.07159699 -0.03013465 0.9967296 0.07498043 -0.02697009 0.9971665 0.0702249 0.06494731 -0.9970409 0.04112474 0.06744636 -0.9969584 0.0390513 0.06953668 -0.9967848 0.03980748 0.06681888 -0.9971373 0.03539084 0.07205316 -0.9967337 0.03647155 0.06273396 -0.9965842 0.05370621 0.05817034 -0.9972805 0.04525106 0.06570324 -0.9966441 0.04882095 0.06207362 -0.9971433 0.04303486 0.06820424 -0.9966852 0.04434808 0.05500333 -0.9972661 0.0493463 0.05875095 -0.996559 0.05846944 0.05730594 -0.9967003 0.05748532 0.01677106 -0.9968979 0.07689761 0.0192629 -0.997173 0.07262833 0.02126651 -0.9969401 0.07522176 0.02417324 -0.9971178 0.0719149 0.02510478 -0.9970058 0.07313889 0.02892648 -0.997026 0.07143051 0.02957366 -0.9969455 0.07228486 0.03259914 -0.9970792 0.06906829 0.03391337 -0.996931 0.07055783 0.03587957 -0.9970908 0.06725049 0.0379391 -0.9968809 0.06920288 0.03882257 -0.9970998 0.06545857 0.04160324 -0.996843 0.06762598 0.0416851 -0.9971055 0.06358282 0.04430586 -0.9968885 0.06519436 0.04435075 -0.9971212 0.06150021 0.04696167 -0.9969066 0.06302258 0.04701275 -0.9971083 0.05970651 0.04985154 -0.9968907 0.06102343 0.04946813 -0.9970948 0.05792125 0.05256912 -0.9968723 0.05900803 -0.01971127 -0.9967469 0.07814787 -0.01286141 -0.9972544 0.07292601 -0.01186008 -0.9969198 0.07752622 -0.007245759 -0.9970978 0.07578494 -0.005828388 -0.9968445 0.07916418 -0.002603071 -0.9971231 0.07575327 0.0001858547 -0.9968455 0.07936575 0.004015628 -0.9973853 0.0721544 0.005865947 -0.9970391 0.07667217 -0.1047781 -0.9731852 0.2047734 -0.08126958 -0.9732159 0.2150487 -0.08124278 -0.9732653 0.2148355 -0.05671398 -0.9732972 0.2224321 -0.05671934 -0.9731978 0.2228651 -0.03539674 -0.9732086 0.2271829 -0.03535423 -0.9731473 0.227452 -0.01753831 -0.9731199 0.2296302 -0.0175254 -0.9731073 0.2296843 -8.844401e-05 -0.9730909 0.2304216 -0.000151526 -0.9731374 0.230225 0.01690298 -0.9731358 0.2296106 0.01679769 -0.9731988 0.229351 0.03330749 -0.9732038 0.2275195 0.03322585 -0.9732451 0.2273541 0.04835429 -0.9732477 0.2246127 0.04835711 -0.9732464 0.2246175 0.06191247 -0.9732462 0.2212662 0.06196417 -0.9732252 0.2213438 0.07403094 -0.9732241 0.2176102 0.0740586 -0.9732139 0.2176471 0.0865249 -0.973201 0.2130569 0.0865342 -0.9731974 0.2130698 0.09910609 -0.9731962 0.2075262 0.09909767 -0.9731993 0.2075158 0.1100602 -0.9731966 0.2019286 0.1100405 -0.9732033 0.2019069 0.1200389 -0.9732003 0.1961424 0.1200789 -0.9731873 0.1961822 0.1288458 -0.9731897 0.1905273 0.128864 -0.9731842 0.1905428 0.1370313 -0.9731846 0.184754 0.1370193 -0.9731882 0.1847447 0.1451318 -0.9731873 0.1784468 0.1451226 -0.9731898 0.1784403 0.1526536 -0.9731872 0.1720567 0.1526602 -0.9731854 0.172061 0.1628477 -0.9731514 0.1626566 0.1628302 -0.9731564 0.1626434 0.174575 -0.9731571 0.1499626 0.1745775 -0.9731565 0.1499642 0.1845123 -0.9731575 0.1375487 0.1844878 -0.9731641 0.1375353 0.1927355 -0.9731636 0.1257202 0.1927259 -0.9731662 0.1257157 0.1995466 -0.973165 0.1145897 0.1995544 -0.9731632 0.1145929 0.2051798 -0.9731652 0.1041671 0.2051831 -0.9731643 0.1041683 -0.19877 -0.8991804 0.3898273 -0.1549833 -0.8992736 0.4090075 -0.1550281 -0.8994437 0.4086163 -0.1080222 -0.899562 0.423225 -0.1078583 -0.8992504 0.4239285 -0.06748147 -0.8992873 0.4321209 -0.06724571 -0.8990692 0.4326114 -0.03363223 -0.8989818 0.4366929 -0.03360225 -0.8989577 0.4367447 -0.0006027102 -0.8989118 0.4381293 -0.0008279699 -0.8990715 0.4378011 0.03166636 -0.8990783 0.436641 0.03134612 -0.8992825 0.4362434 0.06292958 -0.8993123 0.4327554 0.06273277 -0.8994271 0.4325454 0.09168296 -0.8994453 0.4273084 0.09165727 -0.8994592 0.4272845 0.1175138 -0.8994642 0.4208974 0.1176383 -0.8994002 0.4209993 0.1405337 -0.8994008 0.4139184 0.1406641 -0.8993368 0.4140133 0.1642924 -0.899298 0.4053036 0.1642905 -0.8992991 0.405302 0.1882025 -0.8993011 0.3947624 0.1881691 -0.899319 0.3947376 0.209029 -0.8993149 0.3841088 0.2090343 -0.8993122 0.3841123 0.2280746 -0.8993068 0.3731343 0.2281221 -0.8992832 0.3731622 0.2447914 -0.8992947 0.3624173 0.2448049 -0.8992885 0.3624235 0.2603274 -0.8992934 0.351427 0.2603124 -0.8993 0.351421 0.2757489 -0.8993012 0.3394408 0.2757413 -0.8993044 0.3394382 0.2900725 -0.899299 0.3272907 0.2900744 -0.8992982 0.3272913 0.3094237 -0.8991891 0.3093801 0.3094195 -0.8991911 0.3093779 0.3317634 -0.8992 0.2852587 0.3317416 -0.899211 0.2852491 0.3506436 -0.8992195 0.261636 0.3506133 -0.8992345 0.2616252 0.3663062 -0.8992373 0.2391483 0.3663085 -0.8992362 0.2391489 0.379285 -0.8992373 0.21798 0.3792852 -0.8992371 0.21798 0.3899902 -0.899246 0.1981517 0.3899806 -0.8992506 0.1981501 0.4483041 -0.762623 0.4662936 0.4459694 -0.7759662 0.4460804 0.4661819 -0.7626245 0.4484175 0.4905248 -0.7624644 0.42194 0.4905181 -0.76247 0.4219376 0.5184806 -0.7624887 0.3870257 0.5184299 -0.7625304 0.3870116 0.5416608 -0.762537 0.3537524 0.5416517 -0.7625443 0.3537505 0.5608541 -0.7625465 0.3224365 0.5608721 -0.7625322 0.3224393 0.5767115 -0.7625502 0.2931232 0.5767115 -0.7625501 0.2931232 -0.2944281 -0.7623447 0.5763183 -0.2296495 -0.76254 0.604809 -0.2297342 -0.7628447 0.6043924 -0.1595373 -0.7630669 0.6263199 -0.1592918 -0.762507 0.6270639 -0.09954705 -0.7625595 0.6392131 -0.09922317 -0.7621565 0.6397439 -0.04986213 -0.7619913 0.6456648 -0.04983198 -0.7619578 0.6457067 -0.001413515 -0.7618832 0.6477129 -0.001680348 -0.7621516 0.6473963 0.04621143 -0.7621826 0.6457106 0.04578678 -0.7625735 0.6452791 0.09265473 -0.7626448 0.6401469 0.09240914 -0.7628542 0.6399329 0.135423 -0.7628953 0.6321798 0.1354302 -0.7628895 0.6321853 0.1738153 -0.7629012 0.6227118 0.1739666 -0.7627854 0.6228114 0.2078573 -0.7627864 0.6123335 0.2080096 -0.7626745 0.6124212 0.2428437 -0.7626044 0.5995511 0.2428435 -0.7626045 0.599551 0.2781937 -0.7626122 0.5839784 0.2781198 -0.7626732 0.5839341 0.3090223 -0.7626687 0.5681916 0.3090589 -0.7626395 0.568211 0.3372406 -0.7626314 0.551962 0.3372829 -0.7625985 0.5519816 0.3619361 -0.7626214 0.5361071 0.3619723 -0.7625958 0.5361192 0.3849107 -0.762607 0.5198791 0.3848958 -0.7626175 0.5198748 0.4077365 -0.7626219 0.5021541 0.4077263 -0.762629 0.5021517 0.428932 -0.7626211 0.4841761 0.4289171 -0.7626312 0.4841733 -0.3508948 -0.6409216 0.6827096 -0.2727236 -0.6412144 0.7172627 -0.2727839 -0.6415762 0.7169162 -0.1888854 -0.6418267 0.7432232 -0.1887051 -0.6411858 0.7438221 -0.1176929 -0.6412272 0.7582717 -0.1174663 -0.6407998 0.7586681 -0.05917099 -0.6406003 0.7655913 -0.05914734 -0.6405607 0.7656263 -0.002079695 -0.6404769 0.7679746 -0.002290065 -0.640794 0.7677094 0.05424799 -0.6408413 0.7657543 0.05392219 -0.6412884 0.7654029 0.1095685 -0.641382 0.7593575 0.1094051 -0.6415884 0.7592067 0.1605838 -0.6416397 0.7500076 0.1605529 -0.6416763 0.7499828 0.2062538 -0.641688 0.7387123 0.2063663 -0.6415616 0.7387906 0.2466185 -0.6415609 0.7263463 0.2467638 -0.6414045 0.7264351 0.2879722 -0.6413205 0.711182 0.2879574 -0.6413392 0.7111713 0.3298495 -0.6413487 0.6927273 0.3298332 -0.6413681 0.6927171 0.3665272 -0.6413633 0.674026 0.3665003 -0.6413943 0.6740111 0.3999703 -0.6413835 0.6547144 0.4000631 -0.6412794 0.6547598 0.4292905 -0.6413067 0.6359524 0.4292859 -0.6413113 0.6359507 0.4564934 -0.6413249 0.6166979 0.4564742 -0.6413442 0.6166919 0.483575 -0.6413493 0.5956728 0.4835652 -0.6413591 0.5956703 0.5087159 -0.6413496 0.5743508 0.5087084 -0.6413571 0.5743492 0.5317098 -0.6413471 0.5531352 0.5316944 -0.6413623 0.5531325 0.552914 -0.6413572 0.5319276 0.5529554 -0.641317 0.5319331 0.5817657 -0.6411288 0.5005023 0.5817228 -0.6411802 0.5004864 0.6148964 -0.6412018 0.4590891 0.6148822 -0.6412182 0.4590849 0.6424441 -0.6412277 0.419634 0.6424326 -0.6412409 0.4196314 0.6652198 -0.6412438 0.3824774 0.6652394 -0.6412215 0.3824807 0.6840326 -0.6412437 0.3477151 0.6840082 -0.6412713 0.3477123 -0.3826789 -0.548554 0.7434012 -0.2973123 -0.5488648 0.7812508 -0.2973848 -0.5491987 0.7809885 -0.2055071 -0.5494522 0.8098575 -0.2052992 -0.5487883 0.8103602 -0.1279545 -0.5488189 0.8260905 -0.1277243 -0.548393 0.8264088 -0.06446837 -0.5481843 0.8338692 -0.06443721 -0.5481319 0.8339061 -0.002544276 -0.5480502 0.8364415 -0.00273125 -0.5483395 0.8362514 0.05871598 -0.5483951 0.8341553 0.05840861 -0.548835 0.8338876 0.1191719 -0.5489368 0.8273249 0.1189775 -0.5491962 0.8271807 0.1748837 -0.5492496 0.8171539 0.1748733 -0.5492627 0.8171474 0.2247689 -0.5492715 0.8048477 0.2248717 -0.5491473 0.8049037 0.268761 -0.5491397 0.7913363 0.2688679 -0.5490153 0.7913862 0.3136657 -0.5489269 0.7747859 0.3136891 -0.5488945 0.7747993 0.3593064 -0.5489054 0.7547196 0.3592506 -0.5489797 0.7546922 0.3992467 -0.5489727 0.7343234 0.399292 -0.5489143 0.7343426 0.4357832 -0.548903 0.7133012 0.4357787 -0.5489087 0.7132995 0.4676245 -0.548934 0.6928194 0.4676821 -0.5488677 0.6928331 0.4972836 -0.5488809 0.6718919 0.4972632 -0.5489042 0.6718881 0.5267978 -0.5489091 0.648986 0.5267868 -0.5489216 0.6489844 0.5541898 -0.5489116 0.6257553 0.554184 -0.5489182 0.6257547 0.5792393 -0.5489082 0.6026454 0.5792572 -0.5488882 0.6026465 0.6023858 -0.5488843 0.579532 0.6023606 -0.5489125 0.5795314 0.6337165 -0.5487199 0.5452614 0.6337197 -0.5487152 0.5452623 0.6698623 -0.5487382 0.5001709 0.6698228 -0.5487938 0.5001628 0.6998619 -0.5488019 0.4571759 0.6998581 -0.5488073 0.4571753 0.724691 -0.5488091 0.4166909 0.7247041 -0.5487911 0.416692 0.7451782 -0.5488122 0.378833 0.7451653 -0.5488302 0.3788326 -0.4049412 -0.4678814 0.7855632 -0.314475 -0.468192 0.8257734 -0.3145533 -0.4684824 0.8255789 -0.2169712 -0.4687154 0.8562881 -0.2167758 -0.4681628 0.8566398 -0.1350024 -0.4681751 0.873262 -0.1347647 -0.4677598 0.8735212 -0.06813891 -0.4675541 0.8813344 -0.06812502 -0.4675315 0.8813474 -0.002924024 -0.4674571 0.8840109 -0.003107392 -0.4677354 0.8838631 0.06171921 -0.4677927 0.8816805 0.06145814 -0.4681643 0.8815017 0.1257602 -0.4682656 0.8745923 0.1255803 -0.4685069 0.8744889 0.1848372 -0.4685592 0.8638793 0.1848401 -0.4685555 0.8638807 0.2376739 -0.4685599 0.85086 0.2377617 -0.4684516 0.8508952 0.2841734 -0.4684424 0.8365449 0.284271 -0.4683254 0.8365771 0.3315616 -0.4682411 0.8190343 0.3315477 -0.4682611 0.8190285 0.3797445 -0.4682668 0.7978222 0.3797356 -0.4682795 0.797819 0.4220519 -0.4682727 0.7762684 0.4220264 -0.4683079 0.7762611 0.4606146 -0.4682944 0.7540123 0.4607021 -0.4681758 0.7540325 0.494352 -0.4681995 0.732397 0.494336 -0.4682193 0.7323952 0.5256284 -0.4682304 0.7102641 0.5256062 -0.4682575 0.7102626 0.5568367 -0.4682609 0.68605 0.5568385 -0.4682587 0.6860501 0.5858024 -0.4682481 0.6614978 0.5857926 -0.46826 0.661498 0.6122937 -0.4682488 0.6370553 0.6122885 -0.4682552 0.6370557 0.6367291 -0.4682491 0.6126328 0.6367397 -0.4682361 0.6126317 0.6698559 -0.4680512 0.5763862 0.669856 -0.468051 0.5763863 0.7080559 -0.4680721 0.5287394 0.7080253 -0.4681219 0.5287362 0.7397912 -0.4681286 0.4832852 0.739797 -0.4681193 0.4832855 0.7660508 -0.4681213 0.4404868 0.7660518 -0.4681196 0.4404868 0.7876967 -0.4681395 0.4004738 0.787694 -0.4681439 0.4004739 -0.3636389 -0.3195939 0.8750008 -0.3356599 -0.3350882 0.8803683 -0.3109952 -0.3199638 0.894933 -0.2322264 -0.3197178 0.9186139 -0.2318549 -0.3192615 0.9188663 -0.1442928 -0.3192464 0.9366223 -0.1439727 -0.3189699 0.9367658 -0.07307216 -0.3187968 0.9450022 -0.07301562 -0.3187492 0.9450226 -0.003550473 -0.3186863 0.9478536 -0.003815371 -0.3189029 0.9477798 0.06557756 -0.3189529 0.9454992 0.06522133 -0.3192358 0.9454283 0.1345058 -0.3193201 0.9380527 0.1342586 -0.3195112 0.938023 0.1981939 -0.3195511 0.9266101 0.1982094 -0.3195393 0.9266109 0.2550426 -0.3195368 0.9126059 0.2551395 -0.3194645 0.9126041 0.3048997 -0.3194508 0.8972108 0.3050475 -0.3193417 0.8971995 0.3555512 -0.3192686 0.8784366 0.3555323 -0.3192866 0.8784377 0.4071858 -0.3192889 0.8557186 0.4071572 -0.3193161 0.8557221 0.452606 -0.3193067 0.8325809 0.4526268 -0.3192871 0.8325772 0.4940528 -0.3192726 0.8086883 0.4940811 -0.3192457 0.8086817 0.5301332 -0.31926 0.7855138 0.5301669 -0.319231 0.7855029 0.5636961 -0.3192368 0.761797 0.5636757 -0.3192545 0.7618045 0.5971718 -0.3192548 0.7358412 0.5971729 -0.3192538 0.7358407 0.6282457 -0.3192433 0.7095005 0.6282384 -0.31925 0.7095041 0.6566674 -0.3192393 0.683282 0.6566584 -0.3192476 0.6832867 0.6828806 -0.3192409 0.657084 0.6828785 -0.3192428 0.6570851 0.7183515 -0.3190945 0.6181826 0.7183471 -0.3191014 0.6181842 0.7593206 -0.3191138 0.5670967 0.7593103 -0.3191301 0.5671013 0.7933939 -0.3191339 0.5183433 0.7933905 -0.3191396 0.5183451 0.8215576 -0.3191387 0.4724337 0.8215643 -0.3191274 0.4724296 0.8447807 -0.3191414 0.4295281 0.8447675 -0.3191642 0.429537 -0.2639859 -0.238567 0.9345573 -0.2367523 -0.252519 0.9381804 -0.2103933 -0.2381758 0.9481598 -0.1475732 -0.2379456 0.9600021 -0.1472904 -0.2377148 0.9601027 -0.07485764 -0.23757 0.9684817 -0.07482899 -0.2375471 0.9684896 -0.003939605 -0.2374933 0.9713812 -0.004150244 -0.2376583 0.9713399 0.06682067 -0.2376966 0.9690384 0.06650541 -0.2379377 0.9690009 0.1375853 -0.2380028 0.9614702 0.1374173 -0.2381282 0.9614631 0.203129 -0.2381548 0.9497479 0.2031013 -0.2381751 0.9497486 0.2614734 -0.2381689 0.9353648 0.2616053 -0.238073 0.9353523 0.3126219 -0.2380556 0.9195635 0.3127073 -0.237994 0.9195504 0.3643702 -0.2379322 0.9003459 0.3643677 -0.2379345 0.9003463 0.4172872 -0.2379321 0.8770745 0.417269 -0.2379491 0.8770785 0.4638866 -0.2379388 0.853343 0.4638678 -0.2379565 0.8533484 0.5063679 -0.2379414 0.8288398 0.5064232 -0.2378887 0.8288211 0.543357 -0.2378968 0.8050889 0.5433542 -0.2378993 0.8050901 0.5777063 -0.2379009 0.7808064 0.5777124 -0.2378955 0.7808034 0.6120406 -0.2378931 0.754197 0.6120174 -0.2379139 0.7542093 0.6438792 -0.2379027 0.7272015 0.6438886 -0.2378941 0.7271959 0.6730115 -0.2378833 0.7003335 0.673013 -0.2378819 0.7003325 0.6998867 -0.2378747 0.6734791 0.6998823 -0.237879 0.6734823 0.7362253 -0.2377605 0.6335948 0.7362207 -0.2377681 0.6335972 0.7782158 -0.2377747 0.581243 0.7782032 -0.2377964 0.581251 0.8131449 -0.237796 0.5312705 0.8131426 -0.2378002 0.5312722 0.8420184 -0.2377968 0.4842083 0.8420213 -0.2377912 0.4842059 0.8658115 -0.2377997 0.4402521 0.8658094 -0.2378035 0.4402539 -0.4239654 -0.2414472 0.8729013 -0.3743583 -0.220413 0.9007074 -0.3984085 -0.2466017 0.8834355 -0.3193569 -0.231579 0.9189028 -0.3280117 -0.2384335 0.9140885 0.895533 -0.1721924 0.4103296 0.8780628 -0.1721732 0.4464998 0.878065 -0.1721685 0.4464973 0.8539389 -0.1721643 0.491068 0.8539363 -0.1721696 0.4910707 0.8246508 -0.1721748 0.5388014 0.8246479 -0.1721803 0.538804 0.789198 -0.1721841 0.5895076 0.7892158 -0.1721511 0.5894934 0.7466316 -0.1721491 0.6425776 0.7466324 -0.1721477 0.6425771 0.7098054 -0.172239 0.6830154 0.709784 -0.1722595 0.6830325 0.6825224 -0.1722677 0.7102726 0.6825342 -0.1722567 0.7102638 0.6529858 -0.1722673 0.7375184 0.6529983 -0.1722559 0.7375101 0.6206853 -0.1722667 0.7649012 0.6206757 -0.1722754 0.7649071 0.5858588 -0.1722804 0.7918894 0.5858827 -0.1722596 0.7918763 0.5510619 -0.1722611 0.8164907 0.5510346 -0.1722844 0.8165042 0.5135906 -0.1722819 0.8405614 0.5135775 -0.1722943 0.8405669 0.4704294 -0.1723093 0.8654512 0.4704247 -0.1723137 0.8654528 0.4231547 -0.1723256 0.889519 0.4231635 -0.1723174 0.8895164 0.3694808 -0.1723238 0.9131202 0.3695119 -0.172295 0.9131131 0.3172109 -0.1723463 0.9325631 0.3171166 -0.1724127 0.9325829 0.2653657 -0.1724307 0.9486035 0.2652917 -0.1724832 0.9486147 0.2059628 -0.1724939 0.9632368 0.2059632 -0.1724936 0.9632367 0.1392277 -0.1724778 0.9751241 0.139347 -0.1723913 0.9751224 0.067188 -0.1723471 0.9827422 0.06742668 -0.1721705 0.9827569 -0.004373868 -0.1721447 0.985062 -0.004231681 -0.1720374 0.9850813 -0.07590038 -0.1720801 0.9821546 -0.07590728 -0.1720853 0.9821531 -0.1491552 -0.1722009 0.973704 -0.1493891 -0.1723831 0.973636 -0.2131295 -0.1725623 0.9616642 -0.2133939 -0.1727001 0.9615808 -0.2675496 -0.1727449 0.9479327 -0.2677642 -0.1728589 0.9478514 -0.332765 -0.1727636 0.9270491 -0.3326973 -0.1727128 0.927083 -0.4051752 -0.1725726 0.8978038 -0.4049701 -0.1724056 0.8979285 0.4738917 -0.1238069 0.8718363 0.5173642 -0.1237922 0.8467643 0.5173724 -0.123782 0.8467608 0.5551111 -0.1237805 0.8225145 0.5551031 -0.1237895 0.8225185 0.5901667 -0.1237849 0.7977346 0.5901701 -0.123781 0.7977327 0.6252502 -0.1237742 0.7705466 0.6252424 -0.1237835 0.7705515 0.6577896 -0.1237722 0.7429626 0.6577944 -0.1237662 0.7429591 0.687546 -0.1237559 0.7155174 0.6875521 -0.1237482 0.7155128 0.7150285 -0.1237402 0.6880571 0.7150265 -0.1237427 0.6880587 0.7521214 -0.1236729 0.6473164 0.7521123 -0.1236942 0.6473228 0.7950054 -0.1236902 0.5938578 0.7950048 -0.1236914 0.5938582 0.8307194 -0.1236858 0.5427771 0.8307176 -0.1236904 0.5427788 0.8602226 -0.1236838 0.494691 0.8602248 -0.1236779 0.4946888 0.8845268 -0.1236789 0.4497951 0.8845238 -0.1236879 0.4497988 0.4738851 -0.123815 0.8718387 0.4262428 -0.1238278 0.8960936 0.4262631 -0.1238029 0.8960873 0.3722171 -0.1238121 0.9198505 0.3721904 -0.1238451 0.9198569 0.3195563 -0.1238862 0.9394339 0.3195332 -0.1239078 0.9394388 0.2673512 -0.1239252 0.9555972 0.2673077 -0.1239662 0.955604 0.207461 -0.1239795 0.9703551 0.2074684 -0.1239726 0.9703544 0.1401674 -0.1239683 0.9823365 0.1402408 -0.1238974 0.9823349 0.06755018 -0.1238694 0.9899966 0.06766815 -0.1237531 0.9900031 -0.004530624 -0.1237397 0.9923044 -0.004422502 -0.1236309 0.9923184 -0.07645346 -0.1236703 0.9893737 -0.07647431 -0.1236916 0.9893695 -0.1501261 -0.1237823 0.9808874 -0.1502658 -0.1239269 0.9808477 -0.2145627 -0.1240655 0.9687985 -0.2147164 -0.124172 0.9687509 -0.2694775 -0.1242108 0.9549626 -0.2695432 -0.1242572 0.9549381 -0.3352494 -0.1241938 0.9339078 -0.3352443 -0.1241887 0.9339103 -0.4083198 -0.1240933 0.9043649 -0.4081883 -0.1239505 0.9044439 0.743269 -0.08682785 0.6633341 0.7537989 -0.1042682 0.6487799 0.7666911 -0.08681231 0.6361197 0.7981312 -0.0867691 0.5962027 0.798129 -0.08677503 0.5962049 0.8339852 -0.08676881 0.5449219 0.8339794 -0.08678512 0.5449282 0.8636072 -0.08677765 0.4966409 0.8636085 -0.08677361 0.4966393 0.8880039 -0.08677181 0.4515747 0.8880061 -0.08676488 0.4515717 0.3208243 -0.08696561 0.9431376 0.3736726 -0.08692951 0.9234782 0.3736763 -0.08692504 0.9234771 0.4279132 -0.08691236 0.8996313 0.4278958 -0.08693396 0.8996376 0.475749 -0.08691993 0.8752759 0.475756 -0.08691118 0.8752729 0.519401 -0.08689635 0.850101 0.519407 -0.08688868 0.850098 0.557282 -0.0868838 0.8257651 0.5572951 -0.08686877 0.8257578 0.5924881 -0.08686252 0.8008825 0.5924813 -0.08687045 0.8008867 0.6276993 -0.08686246 0.7735946 0.6276997 -0.08686191 0.7735943 0.6603795 -0.0868513 0.7458926 0.6603798 -0.08685078 0.7458923 0.6902538 -0.08684083 0.7183372 0.6902552 -0.08683906 0.7183361 0.7178371 -0.086831 0.6907751 0.7178344 -0.08683468 0.6907776 0.3208056 -0.08698307 0.9431425 0.2684259 -0.08700179 0.9593635 0.2683944 -0.08703132 0.9593696 0.2082765 -0.08704732 0.9741887 0.2082686 -0.08705479 0.9741897 0.1406503 -0.08705771 0.9862244 0.1407093 -0.08700134 0.9862208 0.06772649 -0.08698868 0.9939045 0.06780458 -0.08691266 0.9939058 -0.004623357 -0.08691094 0.9962054 -0.004560756 -0.08684898 0.9962111 -0.07675876 -0.08688245 0.993257 -0.0767657 -0.0868894 0.9932559 -0.150666 -0.08696216 0.9847525 -0.1507276 -0.08702455 0.9847375 -0.2153005 -0.08712927 0.9726532 -0.2154212 -0.08721112 0.9726191 -0.2704606 -0.08724505 0.9587697 -0.2705549 -0.08731022 0.9587371 -0.3366155 -0.08727216 0.9375893 -0.3365878 -0.08724531 0.9376017 -0.4100192 -0.08718255 0.9079006 -0.4099466 -0.08710615 0.9079407 0.9095169 -0.05145914 0.4124694 0.8901809 -0.05146198 0.4526916 0.8901847 -0.05144936 0.4526855 0.8657278 -0.05145306 0.4978635 0.8657272 -0.05145488 0.4978643 0.8360288 -0.05146248 0.5462669 0.8360245 -0.05147466 0.5462722 0.8000842 -0.05148427 0.5976744 0.8000842 -0.05148391 0.5976743 0.7685707 -0.05151517 0.6376876 0.76857 -0.05151603 0.6376882 0.7450941 -0.05152317 0.6649664 0.7450904 -0.05152791 0.6649701 0.7195842 -0.0515361 0.69249 0.7195934 -0.05152451 0.6924815 0.6919394 -0.05153349 0.720114 0.6919462 -0.05152513 0.720108 0.6619967 -0.05153516 0.7477329 0.6619973 -0.05153446 0.7477325 0.6292402 -0.05154521 0.7754996 0.6292364 -0.05154969 0.7755026 0.5939395 -0.05155936 0.8028558 0.5939307 -0.05156935 0.8028618 0.5586473 -0.05157842 0.8278001 0.5586576 -0.05156706 0.8277937 0.5206822 -0.05157508 0.8521913 0.5206763 -0.05158219 0.8521945 0.4769093 -0.05159692 0.8774368 0.4769183 -0.05158625 0.8774326 0.428942 -0.05160061 0.9018571 0.4289401 -0.05160273 0.9018578 0.3745942 -0.05161716 0.925751 0.3745858 -0.0516271 0.9257538 0.3216233 -0.05165417 0.9454578 0.3216038 -0.05167145 0.9454634 0.2690796 -0.05168945 0.9617299 0.2690766 -0.05169214 0.9617306 0.2087855 -0.0517101 0.9765934 0.2087792 -0.05171578 0.9765944 0.1409462 -0.05172607 0.988665 0.1409861 -0.05168989 0.9886612 0.06782663 -0.05169118 0.9963571 0.06788187 -0.05164032 0.9963561 -0.004682544 -0.05164709 0.9986544 -0.004646413 -0.05161335 0.9986563 -0.07693037 -0.05164235 0.9956981 -0.07695879 -0.05166915 0.9956946 -0.1509891 -0.05172203 0.9871813 -0.1510474 -0.05177735 0.9871696 -0.2157633 -0.05184927 0.9750682 -0.2158422 -0.05189943 0.975048 -0.271119 -0.05192704 0.9611441 -0.2711402 -0.0519407 0.9611374 -0.3374864 -0.05192648 0.9398971 -0.3374597 -0.05190231 0.939908 -0.4111097 -0.05187659 0.9101086 -0.4110432 -0.05181165 0.9101424 0.4774775 -0.01692022 0.8784811 0.5212933 -0.01690602 0.8532102 0.5212872 -0.0169135 0.8532137 0.5593041 -0.01690256 0.8287902 0.5593185 -0.01688629 0.8287807 0.5946385 -0.01687611 0.803816 0.5946332 -0.01688207 0.8038198 0.6299813 -0.01687142 0.776427 0.62998 -0.01687308 0.7764281 0.6627768 -0.0168626 0.7486271 0.6627595 -0.01688367 0.7486419 0.6927555 -0.01687318 0.7209751 0.692771 -0.01685358 0.7209607 0.720434 -0.01684489 0.6933189 0.7204396 -0.01683769 0.6933134 0.7459742 -0.01683025 0.6657622 0.7459739 -0.01683063 0.6657625 0.769479 -0.01682388 0.6384505 0.7694681 -0.01683902 0.6384633 0.8010291 -0.01682156 0.598389 0.8010263 -0.01682977 0.5983925 0.8370162 -0.01681815 0.5469195 0.8370203 -0.01680573 0.5469138 0.8667509 -0.01679657 0.4984584 0.8667469 -0.01681006 0.4984648 0.8912338 -0.01680248 0.4532328 0.8912367 -0.01679184 0.4532276 0.4774681 -0.01693156 0.8784859 0.4294378 -0.01694699 0.9029375 0.4294433 -0.0169404 0.902935 0.3750187 -0.01695657 0.9268621 0.3750305 -0.01694256 0.9268577 0.3220343 -0.0169634 0.946576 0.3219965 -0.01699709 0.9465883 0.2693801 -0.01701476 0.9628837 0.2693902 -0.01700574 0.9628809 0.2090208 -0.01702394 0.977763 0.209024 -0.01702101 0.9777624 0.1411218 -0.01703982 0.9898456 0.1411034 -0.01705647 0.989848 0.06784898 -0.01707375 0.9975495 0.06789618 -0.01703045 0.997547 -0.004711528 -0.0170497 0.9998435 -0.004699477 -0.01703851 0.9998438 -0.07702441 -0.01706398 0.9968832 -0.07703329 -0.0170723 0.9968823 -0.1511908 -0.01710565 0.9883565 -0.1511805 -0.01709593 0.9883583 -0.2159861 -0.01713302 0.9762461 -0.216033 -0.01716249 0.9762352 -0.2714389 -0.01718334 0.9623023 -0.2714558 -0.01719416 0.9622974 -0.337893 -0.01720433 0.9410272 -0.3379025 -0.01721276 0.9410238 -0.4116163 -0.01722026 0.9111945 -0.4116125 -0.01721657 0.9111964 -0.4789436 0.01691397 0.8776827 -0.4116276 0.0169441 0.9111946 -0.4116237 0.0169478 0.9111964 -0.3379042 0.01698905 0.9410271 -0.3379138 0.01698062 0.9410238 -0.27145 0.01701444 0.9623021 -0.271467 0.01700365 0.9622975 -0.2159972 0.01701948 0.9762456 -0.2160368 0.01699473 0.9762374 -0.1512021 0.01699916 0.9883566 -0.1511917 0.01700887 0.9883581 -0.07703561 0.01702299 0.996883 -0.07704633 0.01701299 0.9968823 -0.00472268 0.0170354 0.9998438 -0.004710642 0.01704657 0.9998436 0.06783777 0.01707539 0.9975502 0.06788503 0.01711885 0.9975463 0.1411105 0.01715017 0.9898453 0.1410919 0.01713321 0.9898482 0.2090095 0.01715938 0.977763 0.2090073 0.01715732 0.9777636 0.2693689 0.01717764 0.9628838 0.2693861 0.01719309 0.9628788 0.3220229 0.01721024 0.9465754 0.3219855 0.01717654 0.9465888 0.3750076 0.01719082 0.9268624 0.3750117 0.01719586 0.9268606 0.4294266 0.01721439 0.9029377 0.4294389 0.01722947 0.9029315 0.4774662 0.0172456 0.8784809 0.4774569 0.01723413 0.8784862 0.5212761 0.01724879 0.8532138 0.521282 0.01725638 0.85321 0.5593072 0.0172704 0.8287805 0.559293 0.01725408 0.8287905 0.594622 0.01726711 0.80382 0.5946271 0.01727315 0.803816 0.6299687 0.01728573 0.7764282 0.6299701 0.0172874 0.776427 0.6627486 0.01729846 0.7486421 0.6627653 0.01731949 0.7486268 0.6927595 0.0173287 0.7209604 0.6927446 0.01730915 0.7209753 0.7204282 0.01731865 0.6933132 0.7204229 0.01731146 0.693319 0.7459627 0.0173208 0.6657624 0.7459618 0.0173195 0.6657635 0.769457 0.01732817 0.6384634 0.7694687 0.01734499 0.638449 0.8010152 0.01734831 0.5983925 0.8010178 0.01735655 0.5983888 0.8370089 0.01736855 0.5469136 0.8370051 0.01735602 0.5469196 0.8667359 0.01736651 0.498465 0.8667395 0.01738 0.4984583 0.8912253 0.01738853 0.4532275 0.8912227 0.01737793 0.4532329 0.4768848 0.05191087 0.8774316 0.5206481 0.05192493 0.852191 0.5206426 0.05191774 0.8521947 0.5586134 0.05193473 0.8278006 0.5586232 0.05194615 0.8277933 0.5939052 0.05196027 0.8028554 0.5938969 0.05195018 0.8028622 0.6292062 0.05196378 0.7754994 0.629202 0.05195853 0.7755032 0.6619626 0.0519693 0.747733 0.661965 0.05197235 0.7477307 0.6919057 0.05198206 0.7201142 0.6919106 0.05198881 0.7201089 0.7195506 0.051998 0.6924906 0.7195578 0.05200807 0.6924824 0.7450587 0.0520166 0.6649675 0.745056 0.05201264 0.6649709 0.7685378 0.05202094 0.6376861 0.7685372 0.05202017 0.6376868 0.8000501 0.05200963 0.5976744 0.8000505 0.05201078 0.5976739 0.8359942 0.05202481 0.5462665 0.8359916 0.05201445 0.5462716 0.8656936 0.05202647 0.4978634 0.8656927 0.05202282 0.4978652 0.8901474 0.05203522 0.4526919 0.89015 0.05204788 0.4526852 0.4768755 0.05189902 0.8774374 0.4289078 0.05188188 0.9018571 0.4289148 0.0518905 0.9018533 0.3745524 0.05186844 0.9257538 0.3745526 0.05186868 0.9257537 0.3215701 0.05186156 0.9454644 0.3215891 0.05187886 0.945457 0.2690427 0.05186303 0.9617309 0.2690526 0.05187207 0.9617276 0.2087451 0.05184968 0.9765946 0.2087459 0.05185045 0.9765944 0.1409516 0.05181707 0.9886595 0.1409122 0.0517809 0.9886671 0.06784773 0.05173508 0.9963534 0.06779289 0.05168425 0.9963598 -0.004680375 0.05164407 0.9986545 -0.004716376 0.05161047 0.9986562 -0.07699283 0.05159258 0.9956959 -0.07696612 0.05161755 0.9956967 -0.1510822 0.05162084 0.9871725 -0.1510227 0.05167646 0.9871787 -0.215876 0.05170525 0.9750508 -0.2157893 0.05175954 0.9750671 -0.2711652 0.05175149 0.9611406 -0.2711528 0.05175932 0.9611437 -0.3374926 0.05170082 0.9399073 -0.337521 0.05167588 0.9398984 -0.4110863 0.05160088 0.9101348 -0.411145 0.05154577 0.9101115 0.7432113 0.08731399 0.6633349 0.7638034 0.1221875 0.633778 0.7550167 0.08728486 0.6498701 0.7980714 0.0873073 0.5962041 0.7980732 0.08731444 0.5962008 0.8339229 0.08733068 0.5449275 0.8339263 0.08734708 0.5449196 0.8635496 0.08735795 0.4966394 0.8635463 0.08733972 0.4966484 0.8879485 0.08735429 0.4515715 0.8879497 0.08736232 0.4515675 0.3207568 0.08717804 0.9431411 0.3736193 0.08717861 0.9234764 0.3736218 0.08718194 0.923475 0.4278406 0.08720502 0.8996375 0.4278431 0.08720839 0.899636 0.4756995 0.08722614 0.8752723 0.4757043 0.08723278 0.8752691 0.5193492 0.08724638 0.8500967 0.5193493 0.08724647 0.8500967 0.5572363 0.08726597 0.8257557 0.5572079 0.08722948 0.8257787 0.5924246 0.08724675 0.8008877 0.5924475 0.08727707 0.8008675 0.6276409 0.08729161 0.7735935 0.6276401 0.08729041 0.7735944 0.6603236 0.08730067 0.7458897 0.6603079 0.08727831 0.7459061 0.690197 0.08728818 0.7183377 0.6902053 0.08730068 0.7183281 0.7177756 0.08731041 0.6907786 0.7177714 0.08730386 0.6907838 0.3207668 0.0871878 0.9431368 0.2683198 0.08717138 0.9593777 0.2683678 0.08721828 0.9593601 0.2082298 0.08719458 0.9741855 0.2082191 0.08718414 0.9741888 0.1406321 0.08714195 0.9862195 0.1405934 0.08710405 0.9862284 0.06776598 0.08704308 0.993897 0.06766985 0.08694835 0.9939119 -0.004617994 0.08689834 0.9962065 -0.004680546 0.08683647 0.9962116 -0.07682087 0.08682343 0.9932573 -0.07681587 0.08682839 0.9932573 -0.150808 0.08685158 0.9847404 -0.1507225 0.08693578 0.9847462 -0.2154442 0.08699876 0.972633 -0.2153555 0.08705729 0.9726474 -0.270614 0.08705456 0.9587438 -0.2705073 0.08712592 0.9587674 -0.3366531 0.08704561 0.9375969 -0.3366727 0.08702753 0.9375914 -0.4100088 0.08691972 0.9079304 -0.4100893 0.08684085 0.9079016 0.473822 0.1241349 0.8718275 0.5172951 0.1241484 0.8467544 0.5172836 0.1241311 0.8467639 0.5550039 0.1241545 0.8225304 0.5550151 0.1241696 0.8225206 0.590105 0.1241876 0.7977178 0.5900872 0.1241626 0.7977348 0.625161 0.1241793 0.7705539 0.6251633 0.1241826 0.7705515 0.6576989 0.1241935 0.7429726 0.6577135 0.1242159 0.7429558 0.6874775 0.1242247 0.7155018 0.6874744 0.1242197 0.7155057 0.7149352 0.1242294 0.6880659 0.7149345 0.1242283 0.6880668 0.7520375 0.1241822 0.6473163 0.7520344 0.1241693 0.6473222 0.7949259 0.1241958 0.5938587 0.7949284 0.1242083 0.5938527 0.8306377 0.1242272 0.5427786 0.830638 0.1242285 0.542778 0.8601393 0.1242421 0.4946961 0.8601416 0.1242575 0.4946883 0.8844454 0.1242737 0.4497915 0.8844435 0.1242576 0.4497998 0.4738217 0.1241344 0.8718278 0.426154 0.1241159 0.896096 0.426149 0.1241087 0.8960994 0.3721364 0.1240814 0.9198469 0.3721406 0.1240873 0.9198444 0.319444 0.1240952 0.9394445 0.3194814 0.124133 0.9394268 0.2672262 0.1241162 0.9556073 0.2672503 0.1241405 0.9555975 0.2073971 0.1241142 0.9703516 0.207398 0.1241151 0.9703512 0.1401514 0.124067 0.9823263 0.1400679 0.1239834 0.9823488 0.06759403 0.1239095 0.9899886 0.06748869 0.1238037 0.990009 -0.004532169 0.1237426 0.992304 -0.004612156 0.1236622 0.9923136 -0.07653866 0.1236514 0.9893696 -0.07653236 0.1236577 0.9893693 -0.1503682 0.1237006 0.9808607 -0.1502267 0.1238413 0.9808645 -0.2147509 0.1239372 0.9687732 -0.2146059 0.1240338 0.968793 -0.2696769 0.1240362 0.954929 -0.2695562 0.1241176 0.9549525 -0.335324 0.1240115 0.9339052 -0.3353386 0.123998 0.9339018 -0.4082439 0.1238539 0.904432 -0.4084164 0.123685 0.9043772 -0.4628134 0.1721142 0.8695864 -0.4052829 0.1721493 0.8978364 -0.4050715 0.1723042 0.8979022 -0.3328817 0.1724896 0.9270583 -0.3327978 0.1725476 0.9270777 -0.2677079 0.172684 0.947899 -0.2678934 0.1725901 0.9478638 -0.2131876 0.1725805 0.961648 -0.2135177 0.1724156 0.9616044 -0.1492823 0.1722772 0.9736711 -0.1495013 0.172114 0.9736664 -0.07599657 0.1720487 0.9821526 -0.07602793 0.1720252 0.9821543 -0.004515245 0.172029 0.9850816 -0.004344766 0.1721576 0.9850599 0.06708495 0.1722302 0.9827698 0.0673108 0.1724006 0.9827244 0.1391096 0.1724918 0.9751385 0.1392314 0.1725835 0.975105 0.2058593 0.1726417 0.9632325 0.2058648 0.1726459 0.9632306 0.2652481 0.172674 0.9485922 0.2651702 0.1726148 0.9486247 0.3170846 0.1726314 0.9325533 0.3170062 0.1725715 0.932591 0.3693951 0.1725552 0.9131112 0.3693974 0.1725576 0.9131098 0.4230171 0.1725862 0.8895339 0.4230548 0.1726266 0.8895081 0.4703326 0.1726453 0.8654368 0.4703237 0.1726354 0.8654436 0.5134753 0.1726486 0.8405567 0.513448 0.1726174 0.8405797 0.5509337 0.172645 0.816496 0.5509291 0.1726401 0.8165002 0.5857469 0.1726616 0.7918893 0.5857503 0.1726653 0.7918859 0.6205655 0.1726835 0.7649045 0.6205728 0.1726916 0.7648967 0.6528782 0.1727019 0.7375121 0.6528831 0.1727076 0.7375064 0.6824198 0.1727162 0.7102621 0.6824077 0.1727014 0.7102774 0.7096805 0.1727121 0.6830257 0.7096868 0.1727201 0.6830171 0.7465112 0.1726531 0.6425821 0.7465158 0.172668 0.642573 0.7890895 0.1726968 0.5895028 0.7890924 0.172708 0.5894955 0.8245354 0.1727281 0.538801 0.8245357 0.1727293 0.5388001 0.8538241 0.1727435 0.4910642 0.8538221 0.1727324 0.4910717 0.8779467 0.1727533 0.4465041 0.8779488 0.1727668 0.4464948 -0.2641524 0.2384201 0.9345477 -0.2089628 0.2663736 0.9409462 -0.2378333 0.2378269 0.9417397 -0.1474322 0.23786 0.9600449 -0.1477183 0.2376409 0.9600552 -0.07499146 0.2375449 0.9684775 -0.07500657 0.2375332 0.9684792 -0.004306594 0.2375302 0.9713706 -0.004124315 0.2376728 0.9713365 0.06635222 0.2377587 0.9690553 0.06665993 0.2380009 0.9689747 0.1372647 0.2381112 0.9614891 0.1374463 0.2382546 0.9614277 0.2029596 0.238324 0.9497417 0.2029459 0.2383131 0.9497473 0.261432 0.2383435 0.9353319 0.2613469 0.2382751 0.9353731 0.3125438 0.2382911 0.919529 0.3124503 0.2382151 0.9195805 0.3642102 0.2381879 0.900343 0.3642124 0.2381904 0.9003415 0.4171193 0.2382227 0.8770756 0.4171408 0.2382477 0.8770586 0.4637237 0.2382674 0.85334 0.4637172 0.2382596 0.8533456 0.506243 0.2382727 0.8288209 0.5062176 0.2382407 0.8288456 0.5432023 0.2382734 0.805082 0.5431939 0.238264 0.8050905 0.5775375 0.2382886 0.780813 0.577554 0.238308 0.7807948 0.6118703 0.2383278 0.7541979 0.6118644 0.2383206 0.754205 0.6437306 0.2383308 0.7271928 0.6437292 0.2383289 0.7271947 0.6728408 0.2383377 0.7003431 0.6728475 0.2383469 0.7003335 0.6997378 0.2383572 0.6734634 0.699736 0.2383546 0.6734661 0.7360634 0.23826 0.6335952 0.7360637 0.2382612 0.6335944 0.7780443 0.2382965 0.5812588 0.778051 0.2383318 0.5812355 0.8129842 0.2383539 0.5312664 0.8129844 0.2383553 0.5312655 0.8418588 0.2383702 0.4842039 0.8418584 0.2383671 0.484206 0.8656493 0.2383907 0.4402511 0.8656495 0.238393 0.4402495 -0.4241365 0.2411848 0.8728908 -0.400112 0.2310458 0.8868642 -0.3725469 0.2415775 0.8960184 -0.3285707 0.2331699 0.9152448 -0.3189315 0.238336 0.9173214 -0.3638341 0.3193816 0.8749973 -0.30766 0.3499921 0.8847886 -0.3377769 0.3193479 0.8853947 -0.2320456 0.3195772 0.9187085 -0.2324622 0.3191524 0.9187508 -0.1441476 0.3191968 0.9366616 -0.1445544 0.3188758 0.9367082 -0.07321721 0.3187518 0.9450061 -0.0732656 0.318713 0.9450154 -0.004053092 0.3186992 0.9478473 -0.003779407 0.3189225 0.9477733 0.06501754 0.3190182 0.9455158 0.06539201 0.3193279 0.9453855 0.1340782 0.3194555 0.9380678 0.1342754 0.3196205 0.9379834 0.1979724 0.3196991 0.9266064 0.1979821 0.3197074 0.9266015 0.2549445 0.3197418 0.9125615 0.2548372 0.3196491 0.9126239 0.3048057 0.3196673 0.8971658 0.3047064 0.31958 0.8972306 0.3553203 0.3195415 0.8784308 0.3553164 0.3195366 0.8784342 0.4069625 0.3195735 0.8557186 0.4069779 0.3195936 0.8557038 0.4524012 0.3196143 0.8325742 0.4523974 0.3196092 0.8325783 0.493864 0.319622 0.8086656 0.4938406 0.3195884 0.8086933 0.5299428 0.3196267 0.785493 0.5299271 0.3196065 0.785512 0.5634719 0.3196348 0.7617959 0.5634842 0.3196513 0.7617798 0.5969417 0.3196735 0.735846 0.5969508 0.3196865 0.735833 0.6280277 0.319696 0.7094897 0.6280273 0.3196954 0.7094904 0.656439 0.3197032 0.6832845 0.6564414 0.319707 0.6832805 0.6826713 0.3197174 0.6570697 0.6826673 0.3197104 0.6570774 0.718132 0.319586 0.6181838 0.7181343 0.3196031 0.6181723 0.7590974 0.3196422 0.5670978 0.7590991 0.3196609 0.567085 0.7931741 0.3196867 0.5183387 0.7931749 0.3196999 0.5183297 0.8213401 0.3197168 0.4724211 0.8213399 0.3197013 0.4724317 0.8445542 0.3197305 0.4295354 0.8445538 0.3197432 0.4295266 0.8040276 0.4687656 0.3657847 0.7873569 0.4687261 0.4004558 0.7873654 0.4687003 0.4004693 0.7657248 0.4686661 0.4404742 0.7657248 0.4686665 0.440474 0.7394696 0.4686471 0.4832749 0.7394667 0.4686576 0.483269 0.7077103 0.4686301 0.5287079 0.7077223 0.4685787 0.5287372 0.6695291 0.4685321 0.5763754 0.6695286 0.4685342 0.5763741 0.6364215 0.4686971 0.6126098 0.6364209 0.4686862 0.6126187 0.6119695 0.4686754 0.6370531 0.6119698 0.4686793 0.6370499 0.5854821 0.4686726 0.6614807 0.5854822 0.4686737 0.6614798 0.5565185 0.4686652 0.6860322 0.5565135 0.4686317 0.6860591 0.5253125 0.4686065 0.7102497 0.525314 0.4686144 0.7102433 0.4940106 0.4685827 0.7323823 0.4940118 0.468588 0.7323781 0.4603401 0.468542 0.7540261 0.4603508 0.4685992 0.7539841 0.421721 0.4685866 0.776259 0.421721 0.4685867 0.7762589 0.3794254 0.4685657 0.7977986 0.3794263 0.4685691 0.7977961 0.331234 0.4685299 0.8190017 0.3312266 0.4685043 0.8190193 0.2838683 0.4685593 0.8365829 0.2839389 0.468702 0.836479 0.2373703 0.468682 0.8508775 0.2374324 0.4688003 0.8507949 0.1845532 0.4687615 0.8638304 0.1845423 0.4687421 0.8638432 0.1253976 0.4686542 0.8744362 0.1252665 0.4684335 0.8745733 0.06142498 0.4682907 0.8814368 0.06113854 0.4678344 0.881699 -0.003230746 0.4677317 0.8838646 -0.003388117 0.4674942 0.8839896 -0.06844597 0.4675262 0.8813254 -0.06841245 0.4675741 0.8813025 -0.1353391 0.4677334 0.8734466 -0.1350589 0.4681137 0.8732862 -0.2173728 0.4680433 0.8565538 -0.2170017 0.4686475 0.8563176 -0.3146999 0.4683597 0.8255926 -0.314913 0.4680296 0.8256986 0.7605383 0.5493973 0.3460406 0.7447855 0.5493538 0.3788207 0.7447863 0.5493518 0.3788218 0.7243133 0.5493167 0.4166791 0.7243057 0.5493348 0.4166684 0.6994729 0.5493162 0.4571535 0.6994778 0.5493036 0.4571613 0.6694466 0.5492754 0.5001377 0.6694561 0.5492478 0.5001553 0.6333256 0.549202 0.5452301 0.6333322 0.5491799 0.5452447 0.6019812 0.5493517 0.5795097 0.60198 0.549373 0.5794905 0.5788472 0.5493633 0.6026076 0.5788472 0.5493612 0.6026095 0.5537957 0.5493555 0.6257147 0.5537955 0.549349 0.6257204 0.5264034 0.5493417 0.6489399 0.5264027 0.5493297 0.6489508 0.4968874 0.5493061 0.6718376 0.4968849 0.5492795 0.6718612 0.4672642 0.5492469 0.6928146 0.4672682 0.5492773 0.6927877 0.4353946 0.5492308 0.7132862 0.4354012 0.5492934 0.7132338 0.3988939 0.5492824 0.7342837 0.398891 0.5492625 0.7343001 0.3589079 0.549242 0.7546644 0.3588976 0.5491875 0.7547089 0.3133116 0.549147 0.7747731 0.3133116 0.5491469 0.7747732 0.2684071 0.5492022 0.7914131 0.2684672 0.5493398 0.7912971 0.224433 0.549316 0.8049111 0.2244865 0.5494285 0.8048193 0.1745256 0.5493877 0.8171377 0.1745385 0.5494126 0.8171182 0.1187545 0.5493246 0.8271274 0.1186067 0.5490615 0.8273234 0.0583316 0.5489241 0.8338344 0.05809234 0.5485292 0.8341109 -0.002875876 0.5484321 0.8361902 -0.003091955 0.5481 0.8364071 -0.06483033 0.5481356 0.8338732 -0.06479298 0.5481893 0.8338408 -0.1283575 0.5483536 0.8263369 -0.128038 0.5487829 0.8261014 -0.2059676 0.5487037 0.8102478 -0.205576 0.549319 0.8099303 -0.2975917 0.549018 0.7810368 -0.2978029 0.5487087 0.7811736 0.6979685 0.6418403 0.317618 0.6835303 0.6417999 0.3476768 0.6835487 0.6417695 0.3476967 0.6647605 0.6417349 0.3824523 0.6647503 0.6417528 0.38244 0.6419612 0.6417351 0.4195974 0.6419581 0.641741 0.4195931 0.6144035 0.6417152 0.4590315 0.6144256 0.6416695 0.4590658 0.5812695 0.6416259 0.5004417 0.5812824 0.6415961 0.500465 0.5524749 0.6417657 0.5318913 0.5524756 0.6417614 0.5318956 0.5312544 0.6417511 0.5531043 0.5312551 0.6417465 0.553109 0.5082628 0.6417406 0.5743152 0.5082632 0.6417359 0.5743202 0.4831108 0.6417278 0.5956421 0.4831098 0.6417449 0.5956243 0.456027 0.6417223 0.6166295 0.456027 0.6417008 0.6166517 0.4288188 0.6416692 0.6359048 0.4288198 0.6416932 0.6358801 0.3995663 0.6416473 0.6547028 0.399567 0.6416847 0.6546656 0.3660635 0.6416729 0.6739832 0.3660666 0.6417181 0.6739385 0.3293905 0.6417003 0.6926202 0.3293833 0.6416402 0.6926791 0.2875272 0.6416027 0.7111077 0.2875252 0.6415909 0.7111191 0.2462101 0.6416479 0.726408 0.2462661 0.6417906 0.7262629 0.2058437 0.6417661 0.738759 0.2059044 0.6419036 0.7386225 0.1601456 0.6418624 0.7499107 0.1601289 0.6418287 0.7499431 0.1090996 0.6417444 0.7591189 0.108975 0.641519 0.7593272 0.05378643 0.6413925 0.7653252 0.05352079 0.6409572 0.7657084 -0.002473513 0.6408723 0.7676435 -0.002686073 0.6405545 0.767908 -0.05959298 0.640596 0.7655622 -0.05956201 0.6406385 0.765529 -0.1181889 0.6407942 0.7585605 -0.1178229 0.6412578 0.7582257 -0.1894113 0.6411653 0.7436601 -0.188977 0.6417915 0.7432304 -0.2730198 0.641495 0.7168991 -0.2732772 0.641156 0.7171043 0.4477156 0.7630222 0.4662057 0.4428911 0.7886474 0.4264772 0.4568946 0.7628372 0.4575224 0.4899391 0.7628775 0.421874 0.4899363 0.7628822 0.4218686 0.5178838 0.7629201 0.3869745 0.5178555 0.7629623 0.3869292 0.5410661 0.7629844 0.3536981 0.5410604 0.762992 0.3536903 0.5602639 0.7630064 0.322375 0.5602736 0.7629942 0.322387 0.5761111 0.7630223 0.2930753 0.5761111 0.7630221 0.2930754 -0.2948553 0.7622387 0.57624 -0.2303344 0.76248 0.6046242 -0.2299933 0.7627866 0.6043672 -0.1596033 0.7630356 0.6263412 -0.1601871 0.7624638 0.6268884 -0.09966439 0.7625578 0.6391969 -0.1000839 0.7622001 0.639558 -0.05032247 0.7620735 0.6455321 -0.05038101 0.7620195 0.6455911 -0.002159495 0.7619824 0.6475942 -0.001900549 0.7622409 0.6472905 0.04530173 0.7623044 0.6456313 0.04565622 0.7626908 0.6451497 0.09191888 0.7627884 0.6400819 0.0921045 0.7630107 0.6397901 0.134908 0.7630754 0.6320725 0.1349158 0.7630858 0.6320584 0.1733939 0.7631199 0.6225613 0.1733065 0.7629905 0.6227442 0.2074261 0.7630134 0.6121967 0.2073691 0.7629189 0.612334 0.2422983 0.7628741 0.5994287 0.2422963 0.7628672 0.5994383 0.2776059 0.7628984 0.5838844 0.2776136 0.7629371 0.5838302 0.3084834 0.7629526 0.5681031 0.3084843 0.7629592 0.568094 0.3367055 0.7629685 0.5518229 0.3367015 0.7628998 0.5519204 0.3613906 0.7629396 0.5360222 0.3613905 0.7629385 0.536024 0.3843313 0.7629647 0.519783 0.3843311 0.7629583 0.5197923 0.4071554 0.7629782 0.5020844 0.4071544 0.7630038 0.5020464 0.42834 0.7630093 0.4840885 0.4283391 0.763018 0.4840755 0.3973314 0.8996153 0.1811633 0.3892309 0.8995942 0.1980647 0.3892452 0.8995849 0.1980784 0.378546 0.8995685 0.2178977 0.3785339 0.8995768 0.2178848 0.365561 0.8995676 0.2390463 0.365566 0.899564 0.2390524 0.3498861 0.8995509 0.2615106 0.3499026 0.899538 0.2615331 0.3310142 0.8995174 0.2851281 0.331023 0.8995097 0.2851421 0.3086987 0.8994868 0.3092386 0.3087107 0.899475 0.3092612 0.2893714 0.8995712 0.3271633 0.2893724 0.8995689 0.3271689 0.2750528 0.8995647 0.3393071 0.2750537 0.8995619 0.3393139 0.2596243 0.8995505 0.3512894 0.2596255 0.8995446 0.3513035 0.2441184 0.8995291 0.3622894 0.2441175 0.8995377 0.3622685 0.2274148 0.899515 0.3730353 0.2274116 0.8995389 0.3729796 0.2083623 0.8995318 0.3839631 0.2083621 0.8995396 0.3839449 0.1875212 0.8995302 0.3945647 0.1875187 0.8995052 0.394623 0.1636315 0.8994866 0.4051527 0.1636329 0.8994928 0.4051382 0.1399343 0.8995153 0.4138726 0.1399805 0.8995798 0.413717 0.1169122 0.8995638 0.4208522 0.1169586 0.8996187 0.4207219 0.0910413 0.8995978 0.4271245 0.09104408 0.8996006 0.4271179 0.06229294 0.8995661 0.4323198 0.0621515 0.8994404 0.4326017 0.03103222 0.8993923 0.4360394 0.03076381 0.8991814 0.4364932 -0.001204665 0.8991522 0.4376343 -0.001411767 0.8990066 0.4379328 -0.03421919 0.8990267 0.4365548 -0.0341916 0.8990442 0.4365209 -0.06810453 0.8991063 0.4323999 -0.06773095 0.8993229 0.432008 -0.1087342 0.8992583 0.4236877 -0.1082525 0.8995702 0.4231488 -0.1553932 0.899432 0.4085034 -0.155682 0.8992639 0.4087634 0.2087411 0.9733598 0.09485734 0.2043342 0.9733546 0.1040599 0.2043432 0.973352 0.1040661 0.1987225 0.9733464 0.1144813 0.1987302 0.9733443 0.1144873 0.1919163 0.9733404 0.1256055 0.1919133 0.9733412 0.1256029 0.1836774 0.973336 0.1374022 0.1836948 0.9733304 0.1374194 0.1737709 0.9733226 0.1498227 0.1737758 0.9733208 0.1498283 0.1620456 0.9733121 0.1624956 0.1620402 0.9733142 0.1624885 0.1518648 0.9733416 0.1718812 0.1518679 0.97334 0.1718877 0.1443436 0.9733378 0.1782652 0.1443446 0.9733372 0.1782676 0.1362388 0.9733328 0.18456 0.1362413 0.9733312 0.1845665 0.1280913 0.9733254 0.1903422 0.1280905 0.973326 0.1903398 0.1193162 0.9733179 0.1959996 0.1193086 0.9733238 0.1959756 0.1093106 0.9733201 0.2017407 0.1093087 0.9733217 0.2017334 0.09836699 0.9733176 0.2073088 0.09837151 0.9733124 0.2073306 0.08581285 0.9733056 0.2128671 0.08581602 0.9733006 0.2128888 0.0733354 0.9733051 0.2174835 0.07333435 0.9733279 0.2173818 0.0612277 0.973321 0.2211279 0.06123274 0.9733464 0.2210141 0.04766889 0.973338 0.2243676 0.04766575 0.9733312 0.2243975 0.03260766 0.9733192 0.2271268 0.03258291 0.9732864 0.2272705 0.01622747 0.9732711 0.2290854 0.01615906 0.9732067 0.2293634 -0.0007285426 0.9731972 0.2299709 -0.0007981547 0.9731466 0.2301849 -0.01815684 0.9731511 0.2294501 -0.01814838 0.973156 0.2294296 -0.03605467 0.9731709 0.2272412 -0.03591165 0.973242 0.226959 -0.05739477 0.9732169 0.2226087 -0.0572014 0.9733114 0.2222454 -0.08175218 0.9732653 0.2146423 -0.08189048 0.973209 0.2148446 -0.0003594251 1 -2.667532e-08 -0.0003235577 0.9999999 -2.401336e-08 -0.0003385979 0.9999999 3.172859e-09 -0.0003237732 0.9999999 -2.498112e-08 -0.0003287137 1 -1.960476e-08 -0.0003287182 0.9999999 -1.997373e-08 -0.0003284329 1 -4.468941e-09 -0.000328696 1 -1.386187e-08 -0.0003285735 1 -1.176268e-08 -0.0003287164 0.9999999 -1.156579e-08 -0.0003286387 0.9999999 4.149552e-09 -0.00032917 0.9999999 -9.451966e-08 -0.0003283292 0.9999999 4.9275e-08 -0.0003294622 1 -1.279912e-07 -0.0003282992 0.9999999 3.729852e-08 -0.0003285675 0.9999999 2.990311e-09 -0.0003286942 1 -9.581267e-09 -0.000328863 0.9999999 -2.150593e-08 -0.0003290738 1 -3.230634e-08 -0.000328551 0.9999999 -1.583578e-08 -0.0003290035 0.9999999 -2.094296e-08 -0.0003287516 0.9999999 -2.33573e-08 -0.0003283594 0.9999999 2.827618e-08 -0.0003286306 0.9999999 -3.04311e-09 -0.0003285631 0.9999999 3.625057e-09 -0.0003288794 0.9999999 -2.077094e-08 -0.0003286878 0.9999999 -1.031458e-08 -0.0003287364 0.9999999 -1.194894e-08 -0.0003285913 0.9999999 -1.023388e-08 -0.0003269141 0.9999999 -2.02673e-08 -0.0003292605 1 -2.689247e-08 -0.0003282219 0.9999999 -2.117818e-08 -0.0003291286 1 -1.602757e-08 -0.0003288227 0.9999999 -1.542281e-08 -0.0003283427 1 -1.920515e-08 -0.0003284058 0.9999999 -1.914403e-08 -0.0003291234 0.9999999 -1.187314e-08 -0.0003288973 0.9999999 -1.157029e-08 -0.0003280259 1 -1.656446e-08 -0.0003308543 0.9999999 -2.018124e-08 -0.0003274152 0.9999999 -3.020979e-08 -0.0003282731 1 -1.615878e-08 -0.0003289204 0.9999999 -2.351417e-08 -0.0003288286 0.9999999 -2.466209e-08 -0.0003288058 1 -2.458472e-08 -0.0003292165 0.9999999 -2.015969e-08 -0.0003284074 0.9999999 -1.887337e-08 -0.0003281958 1 -2.170422e-08 -0.0003291125 0.9999999 -2.005534e-08 -0.0003284132 1 -3.081762e-08 -0.0003285841 1 -1.538581e-08 -0.0003286181 0.9999999 -1.649755e-08 -0.0003291159 0.9999999 -1.132462e-08 -0.0003291403 0.9999999 -1.133158e-08 -0.0003283204 0.9999999 -2.34764e-08 -0.0003283606 0.9999999 -2.330054e-08 -0.0003287405 0.9999999 -1.352049e-08 -0.0003285612 0.9999999 -1.318575e-08 -0.0003288697 0.9999999 -1.78931e-08 -0.0003288465 0.9999999 -1.817581e-08 -0.0003282698 0.9999999 -2.159556e-08 -0.0003288407 1 -2.384966e-08 -0.0003289709 1 -2.122006e-08 -0.0003284937 0.9999999 -2.373579e-08 -0.0003289268 0.9999999 -1.044754e-08 -0.0003287937 0.9999999 -1.730114e-08 -0.0003287042 1 -1.881116e-08 -0.0003287679 0.9999999 -1.621674e-08 -0.0003287854 0.9999999 -1.768611e-08 -0.0003286766 0.9999999 -1.794128e-08 -0.0003286723 0.9999999 -1.806154e-08 -0.000328838 0.9999999 -1.879501e-08 -0.000328889 0.9999999 -1.768699e-08 -0.0003292053 0.9999999 -2.775944e-08 -0.0003293463 1 -2.752251e-08 -0.0003293152 1 -2.797737e-08 -0.0003278689 0.9999999 -2.229515e-08 -0.0003274511 0.9999999 -2.609548e-08 -0.0003289102 0.9999999 -1.265231e-09 -0.0003292346 1 -1.266479e-09 -0.0003276913 1 -1.975089e-08 -0.0003262922 0.9999999 -1.699438e-08 -0.0003282682 1 -9.638351e-09 -0.0003300878 1 1.618468e-08 -0.0003290755 0.9999999 1.679538e-08 -0.0003278641 0.9999999 1.723815e-09 -0.0003300316 0.9999999 -5.964068e-09 -0.0003285146 1 -2.488516e-08 0.02207982 0.9966074 -0.07928587 0.02273115 -0.9965939 -0.07927202 0.1898512 0.6592161 -0.7275925 0.2045912 0.5674237 -0.7976044 0.2134002 0.4887059 -0.8459473 0.2241347 0.2447094 -0.9433349 0.2257553 0.2350253 -0.9454088 0.224893 -0.08667154 -0.9705211 0.2234707 -0.09509489 -0.9700607 0.2259884 -0.1256794 -0.9659886 0.2232977 -0.1411857 -0.9644712 0.2263003 -0.162587 -0.9603924 0.2252226 -0.1962281 -0.9543423 0.2049649 -0.5672875 -0.7976053 0.190285 -0.6590884 -0.7275947 0.215554 0.5148475 -0.82974 0.2159646 0.5127776 -0.8309141 0.2217802 0.4306162 -0.8748619 0.2292062 0.1971927 -0.9531944 0.2229168 -0.06286288 -0.9728085 0.226859 -0.08124395 -0.9705331 0.226216 -0.142081 -0.9636593 0.2220652 -0.4304482 -0.8748722 0.2163036 -0.512636 -0.8309134 0.2158698 -0.5148302 -0.8296686 0.2280384 -0.2743901 -0.9341887 0.2256265 -0.3213484 -0.919689 0.02396376 -0.9962512 -0.08312204 0.2242457 -0.2010525 -0.9535679 0.2267403 -0.2349968 -0.9451801 0.2259267 -0.2437121 -0.9431657 0.2269299 -0.2460486 -0.9423178 0.22678 -0.2231735 -0.9480319 0.2290266 -0.2006715 -0.9525113 0.2289994 -0.2007936 -0.9524921 0.2285655 -0.1697742 -0.9586107 0.2292609 -0.1666835 -0.958987 0.2306438 0.276195 -0.9330165 0.2280482 0.2903969 -0.9293351 0.2292039 0.3143455 -0.9212233 0.2303901 0.3072988 -0.9233027 0.2272232 0.3338459 -0.9148315 0.2215525 0.3842124 -0.8962675 0.02318333 0.9962638 -0.0831924 0.02462189 0.9958574 -0.08753218 0.06788833 0.9665188 -0.247452 0.0721657 0.9626778 -0.2608514 0.1073103 0.9115751 -0.396882 0.1136848 0.9015484 -0.4174761 0.1395423 0.8407313 -0.5231624 0.1469384 0.823638 -0.5477495 0.1643922 0.7637414 -0.624239 0.1718998 0.7402501 -0.6499848 0.1828068 0.6878204 -0.7024847 0.1847169 0.6880463 -0.7017634 0.1946351 0.6304623 -0.7514216 0.1970892 0.630211 -0.7509925 0.1985603 0.6174779 -0.7611142 0.2000987 0.6169537 -0.7611365 0.2020282 0.600705 -0.7735232 0.2235728 0.4276353 -0.8758671 0.2122816 0.4728138 -0.8552097 0.2224755 0.39193 -0.8926901 0.2216153 0.3965707 -0.8908526 0.2227056 0.3484044 -0.9105034 0.2295307 0.3000915 -0.9258837 0.2209236 0.3322258 -0.9169618 0.226439 0.28006 -0.9328943 0.2256436 0.1900219 -0.9554981 0.2242763 0.196274 -0.9545557 0.2266051 0.1472286 -0.9627949 0.2226544 0.1623724 -0.9612805 0.2270185 0.112929 -0.9673209 0.2232841 0.1256171 -0.9666253 0.2249388 0.08294361 -0.9708362 0.2240195 0.08677422 -0.9707139 0.2234749 0.05567292 -0.9731185 0.2243122 0.05103416 -0.9731801 0.2225768 0.03076495 -0.9744295 0.2241086 0.01682139 -0.9744189 0.2226654 0.007627156 -0.9748651 0.2235099 -0.01580256 -0.9745736 0.2237098 -0.01667016 -0.9745132 0.2228583 -0.04006845 -0.9740271 0.2245674 -0.05089376 -0.9731286 0.2230102 -0.06533236 -0.9726244 0.2256997 -0.2774793 -0.9338441 0.2259197 -0.2797915 -0.9331008 0.2243392 -0.3212517 -0.9200376 0.2249512 -0.3328403 -0.9157589 0.2219845 -0.3713016 -0.9015864 0.222201 -0.3964998 -0.8907382 0.2185873 -0.4269977 -0.8774352 0.2163229 -0.4736689 -0.8537226 0.2137221 -0.4885637 -0.8459482 0.2034649 -0.5999305 -0.7737476 0.1994252 -0.6171907 -0.761121 0.2000253 -0.6169859 -0.7611297 0.1967615 -0.6301616 -0.75112 0.1987404 -0.6299557 -0.7507716 0.1807543 -0.6874032 -0.7034236 0.1872879 -0.6881726 -0.7009577 0.1691905 -0.7390897 -0.6520131 0.1832468 -0.7011626 -0.6890512 0.1839661 -0.6986291 -0.691429 0.1884102 -0.6970782 -0.6917974 0.1699191 -0.7487259 -0.6407317 0.1694352 -0.7487768 -0.6408003 0.1639069 -0.7635154 -0.6246428 0.1699424 -0.7642056 -0.6221813 0.1435781 -0.8223145 -0.5506217 0.02510926 -0.9958314 -0.08768927 0.02406883 -0.9962531 -0.08306821 0.07227659 -0.9625378 -0.2613373 0.06924332 -0.9665114 -0.2471052 0.1134031 -0.9012424 -0.4182125 0.1090871 -0.9116086 -0.3963203 0.1400945 -0.8406399 -0.5231617 0.03715146 0.9904716 -0.1326115 0.02721062 0.9944493 -0.1016381 0.105251 0.9203206 -0.3767388 0.07931918 0.9515945 -0.2969452 0.1556438 0.8113502 -0.5634588 0.1221714 0.8774905 -0.4637722 0.1886062 0.6978146 -0.691001 0.1542609 0.7893872 -0.594198 0.1835086 0.6987492 -0.691429 0.2263605 0.3514005 -0.9084485 0.2267459 0.3674383 -0.9019842 0.2245614 0.3679729 -0.9023127 0.2234018 0.4052383 -0.8864952 0.2209756 0.405419 -0.8870205 0.2205816 0.4273563 -0.8767613 0.2230099 0.2320873 -0.9467851 0.2350332 0.201092 -0.9509581 0.228339 0.2421859 -0.9429779 0.2279892 0.1699758 -0.9587122 0.2290637 0.164497 -0.9594116 0.2265272 0.1421757 -0.9635722 0.2298543 0.1170444 -0.9661613 0.2242285 0.132102 -0.9655417 0.2279207 0.09070563 -0.9694455 0.2210697 0.1058856 -0.9694929 0.2252445 0.0827461 -0.9707822 0.2232925 0.06297365 -0.9727151 0.2235891 0.06190928 -0.9727153 0.2238242 0.03695531 -0.9739287 0.2213661 0.0431173 -0.9742371 0.225533 0.01218467 -0.9741594 0.2187562 0.02503321 -0.9754584 0.223343 0.006351172 -0.9747193 0.2223575 -0.01208539 -0.9748904 0.2225976 -0.01278534 -0.9748266 0.2236355 -0.03685477 -0.9739758 0.2217245 -0.03254008 -0.9745663 0.2245529 -0.0530416 -0.9730173 0.2285322 -0.1233693 -0.9656879 0.2264739 -0.1175008 -0.9669039 0.2241095 -0.0910118 -0.970305 0.2325146 -0.2016021 -0.9514692 0.2251319 -0.2370868 -0.9450426 0.232187 -0.2359267 -0.9436248 0.2262837 -0.2638892 -0.9376344 0.2270949 -0.263849 -0.9374495 0.2245616 -0.2774034 -0.934141 0.2289776 -0.2419058 -0.9428949 0.2297269 -0.2740706 -0.9338688 0.2284061 -0.2902516 -0.9292925 0.2291504 -0.317773 -0.92006 0.2265882 -0.3512441 -0.9084522 0.2269846 -0.3672879 -0.9019853 0.223178 -0.423155 -0.8781409 0.1561419 -0.8113346 -0.5633435 0.1227494 -0.8774142 -0.4637639 0.1296227 -0.8754813 -0.4655432 0.1007586 -0.9202511 -0.3781343 0.1033542 -0.9200515 -0.3779196 0.10893 -0.9115952 -0.3963944 0.1058701 -0.9202308 -0.3767848 0.07994649 -0.9515401 -0.2969513 0.08408526 -0.9507449 -0.2983521 0.06370735 -0.9698169 -0.2353647 0.06540336 -0.9697301 -0.2352574 0.06909999 -0.9665035 -0.2471766 0.03779515 -0.9904507 -0.1325855 0.02786553 -0.994431 -0.101639 0.02825035 -0.994405 -0.1017875 0.218644 -0.3710158 -0.9025198 0.2273972 -0.3342921 -0.9146252 0.2266109 -0.3343419 -0.9148021 0.2296658 -0.3176609 -0.9199702 0.2279907 -0.3670404 -0.9018324 0.2206711 -0.4053151 -0.8871437 0.2230603 -0.4051362 -0.8866278 0.2190465 -0.427041 -0.8772996 0.2250662 -0.4226345 -0.8779096 0.2154249 -0.4683419 -0.8568828 0.2180061 -0.4681237 -0.8563489 0.2139043 -0.4885824 -0.8458914 0.2141163 -0.5133235 -0.8310555 0.2069354 -0.5429085 -0.8138968 0.2135605 -0.5422772 -0.8126053 0.2020045 -0.5840216 -0.7862015 0.2008749 -0.5838932 -0.7865863 0.1415092 -0.8407894 -0.5225402 0.1348492 -0.855526 -0.499891 0.131358 -0.8558527 -0.5002611 0.164011 -0.7862375 -0.5957608 0.1609848 -0.7872453 -0.5952552 0.1694255 0.7488411 -0.6407277 0.1879519 0.6972021 -0.6917971 0.1307943 0.855941 -0.5002578 0.1634936 0.7863468 -0.5957589 0.1001543 0.9203162 -0.3781366 0.1290501 0.8755609 -0.4655524 0.0630676 0.9698609 -0.2353558 0.08345891 0.9508019 -0.298346 0.02759699 0.9944234 -0.1017872 0.2114572 0.5141877 -0.831202 0.2099555 0.5427265 -0.8132445 0.2079544 0.5429147 -0.8136329 0.20481 0.5845127 -0.7851101 0.2004911 0.5840232 -0.7865877 0.2152129 0.488893 -0.8453798 0.2160433 0.4684049 -0.8566926 0.2185495 0.4681936 -0.8561722 0.2211123 0.423791 -0.8783568 0.2229014 0.4233007 -0.8781409 0.1634044 0.7636256 -0.6246399 0.1689419 0.7488917 -0.6407962 0.1409566 0.8408817 -0.5225411 0.1342856 0.8556166 -0.4998876 0.1083319 0.9116638 -0.3964004 0.1027494 0.9201183 -0.3779218 0.06846152 0.9665514 -0.2471667 0.06476312 0.9697751 -0.2352485 0.02330997 0.9962663 -0.08312751 0.0002536957 -1 2.976609e-07 0 -1 0 0.0003364815 -0.9999999 -2.973638e-08 0.0003415451 -1 -4.449554e-08 0.0003538252 -0.9999999 -2.684306e-08 0.0003626925 -0.9999999 1.499411e-09 0.0003645551 -0.9999999 1.679337e-08 0.0003295322 -1 1.755651e-08 0.0003287433 -1 3.152244e-08 0.0003343731 -0.9999999 5.625502e-08 0.000327162 -0.9999999 -5.233023e-08 0.0003286781 -0.9999999 -1.365244e-08 0.000332749 -1 4.195771e-08 0.0003278892 -0.9999999 -4.128913e-08 0.0003293699 -1 1.155191e-08 0.0003289437 -0.9999999 -1.159893e-08 0.0003266832 -0.9999999 -1.795268e-07 0.0003286034 -0.9999999 4.20168e-10 0.0003302206 -0.9999999 1.421748e-08 0.0003280332 -0.9999999 -1.04345e-08 0.0003316715 -0.9999999 1.041308e-07 0.0003238167 -0.9999999 -2.981973e-07 0.0003285775 -1 3.794664e-08 0.0003321455 -0.9999999 3.922408e-07 0.0003261706 -1 -3.715485e-07 0.000328548 -1 -3.364017e-08 0.0003285592 -1 -3.187639e-08 0.0003285739 -1 -2.929631e-08 0.0003260481 -0.9999999 -4.981174e-07 0.0003287447 -0.9999999 4.752207e-08 0.000330442 -0.9999999 -9.217445e-10 0.000330836 -0.9999999 -3.289205e-09 0.0003296179 -0.9999999 -1.764954e-08 0.0003284915 -0.9999999 -5.541746e-08 0.0003267214 -1 -1.519322e-07 0.0003313007 -0.9999999 2.012012e-07 0.0003284566 -0.9999999 -7.991337e-08 0.0003255079 -0.9999999 -4.2004e-07 0.0003289047 -1 2.685318e-08 0.0003308844 -0.9999999 -3.690083e-08 0.0003369707 -0.9999999 -7.177351e-08 0.0003239995 -0.9999999 -8.916913e-08 0.0003145364 -0.9999999 6.712359e-09 0.0003303354 -1 -8.572599e-09 0.0003328878 -0.9999999 -2.86824e-08 0.000341494 -0.9999999 2.687029e-08 0.0003251913 -1 4.790591e-08 0.0003245779 -0.9999999 5.696227e-08 0.0003265704 -0.9999999 6.050503e-08 0.0003322202 -1 -1.398882e-08 0.0003263962 -1 -4.650648e-08 0.0003339408 -0.9999999 -6.510735e-08 0.000331157 -0.9999999 -3.511587e-08 0.0003313417 -0.9999999 -3.448816e-08 0.0003276643 -1 1.147539e-08 0.0003295913 -1 1.613416e-08 0.0003247879 -1 8.586186e-08 0.0003255689 -0.9999999 8.52897e-08 0.0003307482 -1 -2.273757e-08 0.0003288589 -1 1.039857e-08 0.0003272773 -1 2.960383e-08 0.0003287136 -0.9999999 5.152318e-08 0.0003274018 -0.9999999 6.134808e-08 0.0003289495 -0.9999999 1.386829e-08 0.0003259102 -0.9999999 2.988959e-08 0.0003284853 -0.9999999 -2.212989e-08 0.0003333538 -0.9999999 -2.898582e-09 0.0003282599 -0.9999999 5.211238e-08 0.0003273412 -1 8.952608e-08 0.0003269284 -0.9999999 9.648728e-08 0.0003291703 -0.9999999 -8.543647e-09 0.0003323114 -0.9999999 -1.591282e-08 0.0003298725 -1 3.761973e-08 0.0003273586 -0.9999999 1.044498e-08 0.0003285479 -0.9999999 3.034448e-10 0.000330213 -1 -2.854681e-09 0.0003053592 -1 2.235133e-07 0.0003285724 -1 1.999049e-07 0.0003359276 -0.9999999 6.352799e-08 0.0003496111 -0.9999999 -7.36611e-09 0.0003161577 -1 -6.661265e-09 0.0003157713 -0.9999999 -7.472906e-11 0.0003254386 -0.9999999 -8.8278e-08 0.0003459386 -1 -6.525663e-09 0.0003377896 -0.9999999 9.532375e-08 0.0003185196 -0.9999999 2.735503e-08 0.000306236 -0.9999999 1.804606e-07 0.0003073708 -1 1.811293e-07 0.0003732211 -0.9999999 -7.545138e-07 0.0003310725 -1 -5.975131e-07 0.4065679 -0.8992321 0.1615058 0.2212535 -0.9711562 0.0888956 0.4759926 -0.8584262 0.1911429 0.6140502 -0.749334 0.2478729 0.7245809 -0.6244838 0.291552 0.7865533 -0.5303146 0.3163863 0.8578528 -0.3811185 0.3447278 0.8927907 -0.2725378 0.3586754 0.9618417 -0.2725346 -0.02419258 0.9061095 -0.2089749 0.3678251 0.9774611 -0.2089553 -0.03012482 0.9711662 -0.2378235 -0.01662348 0.9995114 -0.01941704 -0.02449684 0.9278784 0.02006909 0.3723423 0.9173536 0.1478564 0.3695955 0.9059659 0.2096031 0.3678211 0.9773139 0.2096421 -0.03012617 0.9847973 0.172864 -0.01709858 0.9616463 0.2732234 -0.02419299 0.970997 0.2385132 -0.0166225 0.9239388 0.3818253 -0.02338022 0.8470988 0.5309838 -0.02190472 0.7802616 0.6251229 -0.02032485 0.613422 0.7498654 0.2478213 0.6612873 0.7499067 -0.01841171 0.5119956 0.8588918 -0.0128546 0.2374619 0.9713774 -0.006140222 0.4364983 0.8996655 -0.008443209 0.0740815 0.9972007 0.01013246 0.3621007 -0.9226167 0.1328966 0.6353315 -0.7715616 0.03235281 0.6459365 -0.7624834 0.0372156 0.8802279 -0.3227309 0.3479132 0.9461263 0.3234259 -0.01550673 0.634659 0.7721151 0.03234348 0.6452769 0.763042 0.03720834 0.384881 0.9229288 0.008315714 0.07778828 0.9969699 0.0002820359 0.07043244 0.9975145 -0.002053063 0.07931223 0.996849 -0.001290876 0.5127603 -0.8584355 -0.01285839 0.4374129 -0.8992608 -0.0001208231 0.3852593 -0.9227749 -0.00786275 0.2300757 -0.9731539 -0.00604529 0.2384122 -0.9711515 -0.004949558 0.07137145 -0.9974477 -0.002057086 0.08023878 -0.9967748 -0.001295957 0.07048357 -0.9971689 0.02619896 0.07700404 -0.9965506 0.03093919 0.07427618 -0.9967785 0.03025903 0.6619257 -0.7493433 -0.01841314 0.780912 -0.6244634 -0.01489949 0.7669706 -0.6413342 -0.02113009 0.8476641 -0.5302944 -0.0159198 0.8355126 -0.5489832 -0.02315859 0.8930698 -0.4496132 -0.01656514 0.8832399 -0.4682907 -0.02431686 0.924365 -0.3811174 -0.01728844 0.9167263 -0.3987284 -0.02507168 0.9463143 -0.3227573 -0.0178001 0.9475523 -0.3191938 -0.01612659 0.8978642 -0.3986704 0.1868203 0.9053639 -0.3986642 0.1462293 0.9053624 -0.3986675 0.1462302 0.9114004 -0.3986585 0.1020818 0.9113911 -0.3986783 0.1020874 0.9155937 -0.3986424 0.05265472 0.9156386 -0.3985431 0.05262423 0.9170753 -0.3986296 0.008207915 0.9170372 -0.3987165 0.008237231 0.8978575 -0.398684 0.1868236 0.8891991 -0.3986945 0.2244271 0.8891957 -0.3987014 0.2244287 0.8797885 -0.3987163 0.2588389 0.8797887 -0.3987159 0.2588388 0.8710627 -0.3987481 0.286792 0.871057 -0.3987586 0.2867949 0.8632486 -0.3987616 0.3095015 0.863246 -0.398766 0.3095027 0.8520079 -0.3987092 0.3392837 0.8287525 -0.4496265 0.3331744 0.915873 -0.172162 0.3626803 0.9183787 -0.1236524 0.3758864 0.9205096 -0.1471973 0.3619324 0.9231301 -0.08678517 0.3745654 0.9247991 -0.1017512 0.366597 0.926196 -0.05147146 0.3735127 0.9273009 -0.05971724 0.3695227 0.9278762 -0.01678018 0.3725105 0.9282734 -0.01945509 0.3713894 0.9887539 -0.1472107 -0.02635555 0.994711 -0.1017285 -0.01418518 0.9917263 -0.1236518 -0.03448565 0.9981624 -0.05969283 -0.01042275 0.9954524 -0.08676428 -0.03932541 0.9995974 -0.01676163 -0.02289186 0.9995358 0.0201045 -0.0228907 0.9995415 0.01744783 -0.02474642 0.9979601 0.06039125 -0.02070007 0.9982695 0.05215127 -0.02717076 0.9945813 0.1024221 -0.01782527 0.9957021 0.08746922 -0.03043758 0.9889157 0.1478726 -0.01340142 0.991621 0.1243399 -0.0350363 0.9275087 0.05211826 0.3701504 0.9209327 0.08741544 0.3797914 0.9296613 0.06034095 0.3634405 0.9184331 0.1242904 0.3755431 0.9255823 0.1023657 0.3644429 0.8926029 0.2731585 0.3586702 0.8809824 0.3198 0.3487092 0.8794531 0.3233745 0.3492725 0.8502172 0.3993065 0.3430526 0.8590342 0.381716 0.3411055 0.8190737 0.4688416 0.3306144 0.8299185 0.450208 0.3294662 0.7747003 0.5495211 0.3128355 0.7875965 0.5308822 0.3128191 0.7110732 0.6418398 0.2870831 0.7254211 0.6250147 0.2883072 0.905067 0.3993399 0.1462237 0.911104 0.399335 0.1020833 0.9110966 0.3993539 0.1020761 0.9153001 0.3993204 0.05262072 0.9153383 0.3992284 0.05265355 0.9167771 0.3993143 0.008237147 0.9167404 0.3993993 0.008207819 0.9165674 0.3994428 -0.01869974 0.8925794 0.4503132 -0.02280121 0.9050686 0.3993355 0.1462254 0.8975682 0.3993366 0.1868199 0.8975604 0.3993585 0.1868108 0.8889008 0.399365 0.2244167 0.8889043 0.399355 0.2244211 0.8794973 0.399362 0.2588331 0.8794962 0.3993652 0.2588316 0.8707689 0.3993908 0.2867902 0.8707631 0.3994115 0.2867785 0.8629532 0.3994096 0.3094895 0.8629535 0.3994081 0.3094904 0.4752416 0.8588586 0.1910692 0.4076475 0.8996479 0.1563879 0.3571945 0.9231101 0.1424069 0.212648 0.9733571 0.08577213 0.2206517 0.9713672 0.08808325 0.0760624 0.9966264 0.03082542 0.07334671 0.9968507 0.03014834 0.07489393 0.9971902 0.001596621 0.08416506 0.9964391 0.005034995 0.0782558 0.9969252 0.004009617 0.07513932 0.9971449 0.007492064 0.07931902 0.9968094 0.008917792 0.07265954 0.9971645 0.01958445 0.07683934 0.9968531 0.01947852 0.07318874 0.9971657 0.01743897 0.07679649 0.9969175 0.01605522 0.0754671 0.9970275 0.01552484 0.0746562 0.9971358 0.01211124 0.08013912 0.9966885 0.01377517 0.06955853 0.9972364 0.02609764 0.07697403 0.9966786 0.02658566 0.07379489 0.9969594 0.02502225 0.07177518 0.9971951 0.02121563 0.0758528 0.9968537 0.0230002 0.07502721 -0.9971296 0.01016945 0.08333664 -0.9964874 0.008241769 0.07529906 -0.9971257 0.008395072 0.07863428 -0.9968926 0.004667651 0.08288079 -0.9965506 0.004211461 0.07584476 -0.9971183 0.001601987 0.07874566 -0.9968947 0.0002842088 0.07358936 -0.9970949 0.01965767 0.08227068 -0.9964204 0.01943716 0.07235251 -0.9972134 0.01818032 0.07817779 -0.9968119 0.0159462 0.07647181 -0.9969458 0.01585085 0.07577508 -0.9970413 0.01291777 0.07933538 -0.9967662 0.01276028 0.07603911 -0.9968559 0.02227824 0.07306161 -0.9970856 0.02195901 0.07504438 -0.996849 0.02569656 0.07974049 -0.9964551 0.02680798 0.2138484 -0.9731498 0.08513696 0.2177095 -0.9731458 0.07476469 0.2177156 -0.9731444 0.07476617 0.2208273 -0.9731523 0.0648829 0.220833 -0.973151 0.06488373 0.223197 -0.9731485 0.05625908 0.223195 -0.973149 0.05625887 0.2253668 -0.973147 0.04684809 0.2253748 -0.9731452 0.0468486 0.2272603 -0.973144 0.03665431 0.2272529 -0.9731457 0.03665418 0.2287716 -0.973144 0.02557934 0.2287578 -0.9731473 0.02557976 0.2299553 -0.9731307 0.01171624 0.2300144 -0.9731168 0.01171253 0.2301773 -0.9731483 0.0008307559 0.2301465 -0.9731556 0.0008365119 0.4117755 -0.8992593 0.1475591 0.4007925 -0.9057561 0.1377367 0.4155153 -0.8992478 0.1367494 0.4197053 -0.8992319 0.1234071 0.419702 -0.8992335 0.1234071 0.4241958 -0.8992265 0.1070022 0.4241932 -0.8992278 0.1070024 0.4283232 -0.8992221 0.0891002 0.4283475 -0.8992108 0.08909781 0.4319316 -0.8992077 0.06971838 0.4319241 -0.8992112 0.06971947 0.4348101 -0.8992068 0.04865442 0.4347921 -0.8992153 0.04865788 0.4370516 -0.8991606 0.02227156 0.4371385 -0.8991189 0.02225457 0.4374848 -0.8992245 0.001591858 0.4374267 -0.8992526 0.00161601 0.6467571 -0.7625968 -0.01230184 0.6469021 -0.7625517 0.005717674 0.6553493 -0.7553221 0.002422163 0.6012622 -0.762542 0.2387752 0.6089405 -0.7625914 0.2182794 0.6089554 -0.76258 0.2182774 0.6144555 -0.7625784 0.2022834 0.6144702 -0.7625672 0.2022811 0.6206536 -0.7625386 0.1825487 0.6206474 -0.7625435 0.1825493 0.6272912 -0.7625307 0.1582807 0.6272903 -0.7625313 0.1582808 0.6333978 -0.7625214 0.1317884 0.6334187 -0.7625049 0.1317848 0.6387156 -0.7625005 0.1031287 0.6387075 -0.7625069 0.1031304 0.6429739 -0.7624984 0.07197673 0.6429533 -0.7625152 0.07198232 0.7129183 -0.6413044 0.2836831 0.7222275 -0.641368 0.2589103 0.722232 -0.641363 0.2589098 0.7287583 -0.6413608 0.2399326 0.7287738 -0.6413441 0.2399304 0.7360955 -0.6413093 0.2165311 0.7360947 -0.6413102 0.2165311 0.7439708 -0.6412952 0.1877442 0.7439667 -0.6412999 0.1877447 0.751211 -0.6412873 0.1563095 0.7512281 -0.6412678 0.1563067 0.7575097 -0.6412605 0.1223273 0.7575098 -0.6412603 0.1223273 0.7625658 -0.6412513 0.08538312 0.7625451 -0.6412751 0.08538841 0.766074 -0.6412348 0.04414252 0.7661655 -0.6411274 0.0441139 0.7673227 -0.6412252 0.006782725 0.7672404 -0.6413235 0.006813487 0.7766128 -0.5489522 0.3090696 0.7867774 -0.5490173 0.282066 0.7867776 -0.5490172 0.282066 0.7938898 -0.5490146 0.2613845 0.7939023 -0.5489981 0.2613814 0.8018687 -0.5489634 0.2358937 0.8018632 -0.5489709 0.2358946 0.8104413 -0.5489548 0.2045325 0.8104395 -0.5489572 0.2045329 0.8183309 -0.5489441 0.1702788 0.8183503 -0.5489166 0.1702739 0.8251894 -0.5489108 0.1332646 0.8251817 -0.5489217 0.1332668 0.8306877 -0.548912 0.09302435 0.8306763 -0.5489287 0.09302836 0.8345124 -0.5488899 0.04805198 0.8345848 -0.5487823 0.04802254 0.8358684 -0.5488797 0.00742333 0.8358075 -0.548972 0.007452142 0.8209516 -0.4682618 0.3267556 0.8317181 -0.4683239 0.2981907 0.8317207 -0.46832 0.2981898 0.8392412 -0.4683172 0.2763207 0.8392558 -0.4682943 0.2763152 0.8476678 -0.4682613 0.2493805 0.8476676 -0.4682616 0.2493805 0.8567324 -0.4682482 0.2162252 0.8567272 -0.4682568 0.2162268 0.8650702 -0.4682443 0.1800025 0.8650823 -0.4682236 0.1799981 0.8723099 -0.4682168 0.1408841 0.8723063 -0.4682232 0.1408857 0.8781251 -0.468214 0.0983462 0.8781158 -0.4682306 0.0983506 0.8821671 -0.4681928 0.05076263 0.8822208 -0.4680945 0.05073392 0.8835934 -0.4681888 0.007878503 0.8835459 -0.4682779 0.007907541 0.8808984 -0.3191469 0.3495188 0.8920844 -0.3191878 0.319851 0.8920907 -0.3191772 0.3198439 0.9001585 -0.3191749 0.2963817 0.9001629 -0.3191672 0.2963766 0.9091737 -0.3191407 0.2674931 0.9091711 -0.3191458 0.2674958 0.9188921 -0.3191333 0.2319292 0.9188915 -0.3191345 0.2319298 0.9278395 -0.3191241 0.1930637 0.9278458 -0.3191105 0.1930562 0.9355937 -0.3191047 0.151118 0.9355907 -0.3191115 0.1511218 0.9418296 -0.3191033 0.1055003 0.9418243 -0.3191162 0.1055078 0.9461644 -0.3190859 0.05438042 0.9461938 -0.3190064 0.05433322 0.9476896 -0.31908 0.008512805 0.9476664 -0.3191477 0.008555371 0.9031419 -0.2377967 0.3574737 0.914315 -0.2378237 0.3278228 0.9143144 -0.2378251 0.3278238 0.9225863 -0.2378217 0.3037689 0.9225932 -0.237808 0.3037585 0.9318205 -0.2377859 0.2741685 0.9318194 -0.2377885 0.27417 0.941782 -0.2377781 0.2377147 0.9417815 -0.2377791 0.2377153 0.9509535 -0.2377702 0.1978703 0.9509586 -0.2377566 0.1978621 0.9588966 -0.2377519 0.1548911 0.9588956 -0.237755 0.154893 0.9652882 -0.2377486 0.1081396 0.9652846 -0.2377602 0.1081469 0.9697323 -0.2377353 0.05568652 0.9697498 -0.2376734 0.05564714 0.9712915 -0.2377306 0.008769006 0.9712774 -0.2377868 0.008806626 0.9849175 -0.1721772 -0.01709907 0.9850299 -0.1721506 0.008960172 0.9850372 -0.1721102 0.008931655 0.9834688 -0.1720682 0.05640513 0.9834594 -0.1721127 0.0564351 0.9789479 -0.172132 0.1096881 0.9789508 -0.1721207 0.1096806 0.9724686 -0.1721257 0.1570912 0.9724693 -0.1721229 0.1570893 0.9644213 -0.172127 0.2006584 0.9644172 -0.1721403 0.2006671 0.9551135 -0.1721478 0.2410878 0.9551142 -0.1721456 0.2410864 0.9450122 -0.1721546 0.2780552 0.9450106 -0.1721589 0.2780579 0.935655 -0.1721767 0.3080665 0.935655 -0.1721766 0.3080665 0.927263 -0.1721793 0.3324722 0.9272618 -0.1721818 0.3324742 0.9796255 -0.1236542 0.1582519 0.9861547 -0.1236495 0.1104975 0.9861543 -0.1236516 0.1104985 0.9906994 -0.1236376 0.05682073 0.9907043 -0.1236053 0.05680431 0.9922865 -0.1236362 0.009026323 0.9922827 -0.1236656 0.009042047 0.9796262 -0.1236507 0.1582501 0.97152 -0.1236548 0.2021349 0.9715183 -0.1236621 0.2021385 0.9621439 -0.123669 0.2428687 0.9621448 -0.123665 0.2428668 0.9519688 -0.1236719 0.2801082 0.9519696 -0.1236695 0.280107 0.9425467 -0.1236827 0.3103359 0.9425443 -0.1236898 0.3103403 0.9340922 -0.1236927 0.3349208 0.9340894 -0.1237005 0.3349257 0.983478 -0.08677441 0.1588752 0.9900325 -0.08677084 0.1109345 0.9900311 -0.08678046 0.1109395 0.9945949 -0.08676848 0.05702806 0.9945981 -0.08674143 0.05701393 0.9961876 -0.08676352 0.009077775 0.9961856 -0.0867852 0.009089626 0.9834777 -0.08677629 0.1588762 0.9753398 -0.08678037 0.2029319 0.9753397 -0.08678092 0.2029322 0.9659286 -0.08678574 0.243824 0.9659274 -0.08679143 0.2438269 0.9557108 -0.08679821 0.2812167 0.9557124 -0.08679152 0.2812133 0.9462543 -0.08680166 0.3115577 0.9462531 -0.0868057 0.3115603 0.9377667 -0.08680838 0.336241 0.9377659 -0.08681063 0.3362424 0.9984437 -0.05146702 -0.02147939 0.9986334 -0.05146038 0.009117807 0.998634 -0.05145052 0.009112057 0.9970397 -0.05143813 0.05714769 0.9970388 -0.0514504 0.05715454 0.9924634 -0.05145751 0.1112138 0.9924635 -0.05145664 0.1112133 0.9858929 -0.05146061 0.1592703 0.9858937 -0.05145526 0.1592673 0.9777362 -0.05145839 0.2034305 0.9777355 -0.05146256 0.2034328 0.9683006 -0.05146704 0.244428 0.9683014 -0.05146319 0.2444259 0.9580594 -0.05146765 0.2819098 0.958059 -0.05146987 0.281911 0.9485806 -0.0514773 0.312322 0.9485785 -0.05148419 0.3123268 0.940069 -0.05148739 0.3370748 0.9400705 -0.05148223 0.3370712 0.987062 -0.01676321 0.1594601 0.9936403 -0.01676067 0.111347 0.9936406 -0.01675619 0.1113444 0.9982212 -0.01675402 0.05721607 0.9982214 -0.01675095 0.05721435 0.999818 -0.01675469 0.009128713 0.9998178 -0.01676031 0.00913202 0.9870619 -0.01676474 0.159461 0.9788949 -0.01676829 0.2036747 0.9788952 -0.016767 0.203674 0.969449 -0.01677101 0.2447191 0.9694486 -0.0167737 0.2447207 0.9591944 -0.01677852 0.2822493 0.959195 -0.01677496 0.2822473 0.9497035 -0.01677966 0.3127006 0.9497052 -0.01677323 0.312696 0.9411848 -0.01677565 0.3374756 0.9411836 -0.01677983 0.3374786 0.9283043 0.01741778 0.3714133 0.941173 0.0174259 0.3374754 0.9411737 0.01742856 0.3374735 0.9496918 0.0174313 0.3127004 0.9496919 0.01743156 0.3127003 0.9591828 0.01743338 0.2822492 0.959183 0.01743485 0.2822483 0.9694372 0.01743707 0.244719 0.9694372 0.01743705 0.244719 0.9788833 0.01743954 0.2036746 0.9788834 0.01744021 0.2036743 0.9870502 0.01744229 0.1594601 0.9870501 0.01744082 0.1594609 0.9936288 0.0174428 0.1113444 0.9936288 0.01744391 0.1113437 0.9982095 0.0174435 0.05721429 0.9982095 0.01743887 0.05721692 0.9998062 0.01744371 0.009132001 0.999806 0.01744714 0.009129972 0.9858578 0.05213873 0.1592671 0.9924282 0.05213924 0.1112104 0.9924282 0.05213873 0.1112107 0.9970035 0.05213523 0.05714847 0.9970037 0.0521219 0.057156 0.9985984 0.0521354 0.009119034 0.9985978 0.05214895 0.009111116 0.9858576 0.05213349 0.1592701 0.9777002 0.052131 0.2034325 0.9777004 0.05213449 0.2034305 0.9682651 0.05213251 0.244428 0.9682654 0.05213577 0.2444261 0.9580229 0.05213416 0.2819116 0.9580231 0.05213637 0.2819103 0.9485452 0.05213807 0.3123196 0.9485436 0.05212956 0.3123259 0.940034 0.05212624 0.3370742 0.9400353 0.05213273 0.3370694 0.9834177 0.08745474 0.1588745 0.9899719 0.0874557 0.1109368 0.9899719 0.08746081 0.110934 0.9945357 0.08745293 0.05701515 0.9945371 0.08742897 0.05702791 0.9961273 0.08745223 0.009088724 0.9961256 0.08747135 0.009078229 0.9834178 0.08745436 0.1588747 0.9752795 0.08745283 0.2029334 0.9752796 0.08745664 0.2029313 0.9658682 0.08745576 0.243824 0.965868 0.08745252 0.2438258 0.9556509 0.08745118 0.281218 0.955651 0.08745279 0.2812171 0.9461947 0.08745699 0.3115557 0.9461958 0.0874652 0.3115499 0.9377042 0.08746277 0.3362456 0.9377047 0.08746617 0.3362432 0.97954 0.1243319 0.1582496 0.9860689 0.1243317 0.110498 0.9860686 0.1243357 0.1104959 0.9906143 0.1243248 0.05680365 0.9906173 0.1242931 0.0568202 0.9922004 0.1243253 0.009042609 0.9921967 0.1243559 0.009026159 0.97954 0.1243311 0.15825 0.9714329 0.1243296 0.2021397 0.9714327 0.1243372 0.2021355 0.9620588 0.1243377 0.2428643 0.9620587 0.1243355 0.2428654 0.9518822 0.1243362 0.2801085 0.9518819 0.1243287 0.2801126 0.9424598 0.1243354 0.3103392 0.942461 0.124348 0.3103303 0.9340041 0.1243455 0.3349246 0.9340044 0.1243474 0.3349232 0.9157534 0.1728074 0.362675 0.927142 0.1728346 0.3324696 0.9271416 0.1728321 0.3324719 0.9355345 0.1728345 0.3080642 0.9355338 0.1728297 0.3080688 0.9448909 0.1728183 0.2780559 0.9448909 0.1728165 0.2780573 0.954994 0.1728142 0.2410848 0.9549938 0.1728143 0.2410848 0.9642987 0.1728128 0.2006585 0.9642988 0.1728066 0.200663 0.9723479 0.1728072 0.1570903 0.9723477 0.1728097 0.1570885 0.978829 0.1728082 0.1096864 0.9788283 0.1728163 0.1096807 0.9833406 0.1727999 0.05640372 0.9833468 0.1727541 0.05643548 0.9849167 0.1727975 0.008960067 0.9849098 0.1728376 0.008931615 0.9029759 0.2384358 0.3574671 0.9141475 0.2384706 0.3278203 0.9141471 0.2384658 0.3278247 0.9224226 0.2384688 0.3037586 0.9224223 0.2384616 0.3037651 0.9316519 0.238446 0.274168 0.9316517 0.2384546 0.2741618 0.9416126 0.2384502 0.2377124 0.9416128 0.2384481 0.2377139 0.9507874 0.2384454 0.1978561 0.9507888 0.2384327 0.197865 0.9587275 0.2384326 0.1548916 0.9587267 0.2384388 0.1548873 0.9651178 0.2384362 0.1081469 0.965116 0.238447 0.1081395 0.9695657 0.2384241 0.05564591 0.9695786 0.2383616 0.05568741 0.9711221 0.2384204 0.008806765 0.9711086 0.2384768 0.008768681 0.9472979 0.3198778 -0.0174586 0.947435 0.3198351 0.008512329 0.9474576 0.3197673 0.008555384 0.9459596 0.319692 0.05438159 0.9459356 0.3197719 0.05433112 0.9415935 0.3198001 0.1054961 0.9415982 0.3197824 0.1055076 0.9353617 0.3197855 0.1511148 0.9353626 0.3197816 0.1511174 0.927614 0.3197815 0.1930595 0.9276105 0.3197992 0.1930474 0.9186597 0.3198042 0.2319257 0.91866 0.3198029 0.2319266 0.9089403 0.3198092 0.2674879 0.90894 0.3198106 0.2674868 0.8999279 0.319832 0.2963737 0.8999273 0.31984 0.2963666 0.8918539 0.3198377 0.3198444 0.8918538 0.3198423 0.3198403 0.8830236 0.4689912 -0.01779242 0.8831937 0.4689422 0.007877566 0.8832419 0.4688509 0.007908143 0.8818687 0.4687543 0.05076398 0.8818147 0.4688599 0.05072675 0.8777622 0.4688955 0.09833944 0.8777698 0.4688798 0.09834539 0.8719522 0.4688852 0.1408757 0.8719558 0.4688777 0.1408787 0.8647269 0.4688796 0.1799981 0.8647163 0.4689032 0.1799879 0.8563741 0.4689102 0.2162097 0.8563769 0.4689039 0.2162125 0.8473119 0.468913 0.2493655 0.8473163 0.4689024 0.2493704 0.8389018 0.4689297 0.2763127 0.8388945 0.4689494 0.2763014 0.8313721 0.4689469 0.2981765 0.8313696 0.468954 0.2981724 0.8352081 0.5496778 -0.01678327 0.8353773 0.5496271 0.007420589 0.8354406 0.5495303 0.007451926 0.834157 0.5494298 0.04805227 0.8340901 0.5495346 0.04801567 0.8302528 0.5495712 0.09301549 0.8302629 0.5495548 0.0930218 0.8247577 0.5495618 0.1332541 0.8247619 0.5495547 0.1332571 0.8179221 0.549556 0.1702692 0.8179103 0.5495765 0.1702601 0.8100193 0.5495839 0.2045152 0.8100193 0.5495839 0.2045152 0.8014418 0.5495936 0.2358766 0.801441 0.5495952 0.2358759 0.7934734 0.5496254 0.2613654 0.7934687 0.5496349 0.2613597 0.7863547 0.5496327 0.2820465 0.7863512 0.5496399 0.282042 0.7665547 0.6419952 -0.01536647 0.7667197 0.6419461 0.006779967 0.7668006 0.6418492 0.006811801 0.7656427 0.6417497 0.04414396 0.7655498 0.6418633 0.0441027 0.7620207 0.6419008 0.08536816 0.7620411 0.6418753 0.08537862 0.7569871 0.6418806 0.1223108 0.7569896 0.6418774 0.1223123 0.7507086 0.6418793 0.1562926 0.7506947 0.6418979 0.1562837 0.7434504 0.6419053 0.1877211 0.743446 0.6419112 0.187718 0.7355701 0.6419218 0.2165017 0.7355726 0.6419184 0.2165036 0.728251 0.6419483 0.2399015 0.7282433 0.64196 0.2398938 0.721715 0.6419582 0.2588768 0.7217166 0.6419556 0.2588786 0.6460931 0.7631596 -0.01229552 0.6462277 0.763141 0.002390886 0.6524963 0.75777 0.005770528 0.6006064 0.7630783 0.2387117 0.6082851 0.7631323 0.2182161 0.6082945 0.763122 0.2182261 0.6137982 0.7631238 0.2022223 0.6138165 0.763104 0.202241 0.6200001 0.7630799 0.1825073 0.6199929 0.7630872 0.1825016 0.6266335 0.7630789 0.1582433 0.6266296 0.7630827 0.1582405 0.6327378 0.7630764 0.131747 0.6327567 0.7630585 0.1317595 0.6380541 0.763057 0.103106 0.6380487 0.763062 0.1031027 0.6423128 0.7630566 0.0719656 0.642294 0.7630731 0.07195572 0.4146897 0.8996403 0.1366739 0.4188778 0.8996271 0.1233384 0.4188765 0.8996279 0.1233375 0.4233679 0.8996237 0.1069434 0.4233666 0.8996244 0.1069425 0.4274957 0.8996214 0.08904414 0.4275164 0.8996104 0.08905571 0.4310992 0.8996098 0.06968197 0.4310907 0.8996143 0.0696777 0.433975 0.8996114 0.04863201 0.4339576 0.8996202 0.04862439 0.436217 0.8995668 0.02223665 0.4363095 0.8995211 0.02226482 0.4366557 0.8996272 0.001616034 0.4365955 0.8996565 0.001590482 0.410962 0.8996446 0.1474782 0.3999771 0.9061281 0.1376594 0.2291586 0.9733773 -0.004798757 0.2292156 0.9733753 0.000828821 0.229251 0.973367 0.0008357133 0.2290884 0.9733352 0.01170524 0.2290315 0.9733488 0.01169579 0.2278367 0.9733642 0.02554591 0.2278463 0.9733619 0.02554839 0.2263298 0.9733626 0.03660801 0.2263331 0.9733617 0.03660903 0.22445 0.9733617 0.04679123 0.2244377 0.9733647 0.04678677 0.2222681 0.9733654 0.05618574 0.2222735 0.9733639 0.05618798 0.219913 0.9733648 0.06480163 0.2199119 0.9733651 0.0648011 0.2168038 0.9733551 0.0746735 0.2167849 0.9733599 0.07466495 0.2382915 -0.9711561 -0.008549247 0.2315789 -0.9710104 -0.05924606 0.512482 -0.858438 -0.02112508 0.4990524 -0.8577192 -0.1235488 0.39331 -0.9160918 -0.0779945 0.6618499 -0.7493483 -0.02077827 0.6409876 -0.7483999 -0.1703889 0.5913415 -0.7963623 -0.1269739 0.7467537 -0.6232458 -0.2322143 0.6920325 -0.7028065 -0.1647853 0.813766 -0.5291926 -0.2402916 0.9076763 -0.321906 -0.2692585 0.9495932 -0.1015252 -0.2965894 0.9971861 -0.05970604 -0.04533335 0.9988663 0.02010464 -0.04314862 0.9538075 0.020041 -0.2997488 0.9671845 -0.01378249 -0.2537007 0.959018 0.04909401 -0.2790598 0.9880702 0.1478951 -0.04294463 0.9770811 0.2096414 -0.0369208 0.9269751 0.2087306 -0.3116867 0.9478695 0.1874988 -0.2576582 0.7457086 0.6237343 -0.2342523 0.6611006 0.7499114 -0.02405691 0.6418386 0.7488126 -0.1652965 0.7237815 0.6691931 -0.1682884 0.511694 0.8588918 -0.02177182 0.498702 0.8580668 -0.1225468 0.6165026 0.7753034 -0.1372198 0.2373457 0.971378 -0.009576989 0.2313455 0.9711698 -0.05751946 0.4137141 0.9058028 -0.0914432 0.07923158 0.9968495 -0.003670216 0.07792376 -0.9967659 -0.01964278 0.3782903 -0.9221615 -0.08071296 0.3845295 -0.9226796 -0.02827452 0.8893245 -0.3802042 -0.2540604 0.9557103 -0.1468318 -0.2550648 0.9612969 -0.01941423 -0.2748299 0.9981785 -0.01941306 -0.0571206 0.9737577 0.06021167 -0.2194777 0.9970223 0.06039042 -0.04795433 0.9106457 0.3225621 -0.258221 0.382727 0.9218199 -0.06138651 0.3839839 0.9231122 -0.02049671 0.7256348 -0.6870208 -0.03816491 0.7974485 -0.6026168 -0.03047622 0.7800381 -0.624446 -0.04009807 0.8518861 -0.5223516 -0.03793133 0.8468083 -0.5302954 -0.04126075 0.8929472 -0.448245 -0.0414951 0.8922276 -0.4496237 -0.04205168 0.9250194 -0.3773428 -0.04417589 0.9233807 -0.3811135 -0.04605015 0.8859836 -0.4481671 -0.1190766 0.9186698 -0.3595984 -0.1635076 0.8847518 -0.447906 -0.1288191 0.8735653 -0.4482126 -0.1897082 0.8735719 -0.4481896 -0.1897322 0.8587091 -0.447964 -0.2488913 0.8587329 -0.4485965 -0.2476671 0.9938736 -0.1017432 -0.04316913 0.9875785 -0.1471802 -0.05501639 0.9879565 -0.1453424 -0.05308019 0.9770889 -0.2089506 -0.04046005 0.9776375 -0.2067188 -0.03862993 0.9606857 -0.2724867 -0.05323384 0.966059 -0.2550614 -0.04090807 0.9451841 -0.3227391 -0.04966391 0.949408 -0.3111243 -0.0427332 0.928717 -0.3110924 -0.201758 0.9163813 -0.3110567 -0.2519701 0.9212223 -0.2717632 -0.278378 0.9287161 -0.3111095 -0.2017357 0.9405189 -0.3108709 -0.1370535 0.9404923 -0.3109736 -0.1370023 0.9469852 -0.3111003 -0.08022293 0.9469802 -0.3111179 -0.08021303 0.956091 -0.2067257 -0.2077363 0.9298278 -0.2061896 -0.3048051 0.9315109 -0.2082374 -0.2982024 0.9560916 -0.2067317 -0.2077283 0.9681945 -0.2065629 -0.1411781 0.9681837 -0.2066412 -0.1411374 0.9749047 -0.2067296 -0.08260591 0.9749032 -0.2067391 -0.08260019 0.9954564 -0.07591758 -0.05747303 0.9935536 -0.075904 -0.08420083 0.9935535 -0.07589917 -0.08420695 0.9866749 -0.07586641 -0.1439341 0.9866725 -0.07583749 -0.1439648 0.9743738 -0.07590376 -0.2117413 0.9743731 -0.07590254 -0.2117448 0.9671664 -0.07592624 -0.2425376 0.955035 -0.05962487 -0.2904362 0.9722233 0.1006987 -0.2112857 0.9534686 0.1005926 -0.2842161 0.9519719 0.1021793 -0.2886327 0.9722216 0.1007027 -0.2112916 0.9845039 0.1006248 -0.1436203 0.9844977 0.1006589 -0.1436387 0.991362 0.1007082 -0.08401902 0.9913607 0.1007165 -0.08402442 0.9938944 0.1007201 -0.04504885 0.9936591 0.102426 -0.04637557 0.9891922 0.1383817 -0.04846945 0.9868431 0.1383676 -0.08363707 0.9868439 0.1383633 -0.08363433 0.9800171 0.1382997 -0.1429676 0.9800289 0.1382457 -0.1429394 0.9677921 0.1383537 -0.2103253 0.9677956 0.1383461 -0.2103146 0.951825 0.1382657 -0.2737001 0.9443508 0.1474096 -0.2940612 0.965792 0.2537992 -0.05321484 0.963813 0.2537592 -0.08167503 0.9638181 0.2537435 -0.08166287 0.9571794 0.2536323 -0.1395647 0.9572117 0.2535417 -0.1395074 0.945215 0.2537349 -0.2053954 0.9452217 0.2537245 -0.2053769 0.9368296 0.2537742 -0.2407259 0.9227231 0.2724061 -0.2727215 0.9609234 0.2732136 -0.04450299 0.9407141 0.335974 -0.04667418 0.944618 0.323376 -0.05589943 0.9086055 0.4165241 -0.0307236 0.922643 0.3817304 -0.0548791 0.8726597 0.4874715 -0.02892222 0.8913258 0.4502035 -0.05343375 0.8225157 0.5681056 -0.02690331 0.8459874 0.5308771 -0.04974662 0.7525697 0.6580235 -0.02537371 0.7793168 0.625029 -0.04476681 0.884226 0.3807088 -0.2705644 0.8700463 0.448901 -0.2037337 0.8598865 0.4151282 -0.2970923 0.8302485 0.529041 -0.1755081 0.82114 0.4852881 -0.3003739 0.143681 0.9894176 -0.02021394 0.1462557 0.9891691 -0.01240385 0.1490669 0.9887573 -0.01175397 0.1440564 0.9893805 -0.01933638 0.1480219 0.9888105 -0.01852271 0.1447354 0.9891304 -0.02593718 0.1431495 0.9893333 -0.02697728 0.1323542 0.9911988 -0.002688378 0.07720497 0.9968222 -0.01961694 0.1252128 -0.9921166 -0.005136856 0.1342623 -0.9906564 -0.02395063 0.1359593 -0.9903858 -0.02551286 0.1391628 -0.990095 -0.01859268 0.136565 -0.990485 -0.01701902 0.1401944 -0.9900532 -0.0118354 0.1382356 -0.9903398 -0.01086141 0.135769 -0.9905776 -0.017961 0.08015795 -0.9967754 -0.003686458 0.4002281 -0.9160922 -0.02433939 0.3996083 -0.9160631 -0.03378865 0.3996276 -0.9160544 -0.03379734 0.3975381 -0.9160423 -0.05319647 0.3976634 -0.9159837 -0.05326986 0.3948247 -0.9160438 -0.07055014 0.3947664 -0.9160771 -0.07044385 0.6036437 -0.7964269 -0.03631101 0.6026579 -0.7963692 -0.05098516 0.6026815 -0.7963506 -0.05099771 0.5995097 -0.7963256 -0.08033495 0.5996467 -0.7962129 -0.08042886 0.5954477 -0.7963321 -0.1062881 0.5953935 -0.796389 -0.1061656 0.7101604 -0.6869529 -0.154169 0.7153869 -0.687002 -0.1274752 0.7154462 -0.6869193 -0.1275876 0.7204122 -0.6867719 -0.09669852 0.7202863 -0.6869148 -0.09662181 0.7241189 -0.6869465 -0.06128979 0.724097 -0.6869704 -0.06127945 0.7702086 -0.6026099 -0.208902 0.7798542 -0.6026226 -0.1693328 0.7798395 -0.6026489 -0.1693067 0.7856101 -0.6026996 -0.1398928 0.7856578 -0.6026111 -0.1400061 0.7910486 -0.6024565 -0.1062461 0.7909462 -0.602604 -0.1061727 0.7951684 -0.6026405 -0.0673177 0.7951476 -0.6026692 -0.06730606 0.8212556 -0.5221981 -0.2298876 0.8333365 -0.5223044 -0.1809653 0.8333319 -0.522316 -0.180953 0.8395289 -0.5223676 -0.1494103 0.8395543 -0.5222992 -0.1495059 0.8452575 -0.5221446 -0.1135987 0.845178 -0.5222901 -0.1135215 0.8497056 -0.5223256 -0.07194669 0.8496934 -0.5223468 -0.07193736 0.8907323 -0.4482267 -0.07542332 0.8907446 -0.4482004 -0.07543486 0.8921544 -0.3772112 -0.2485405 0.9049929 -0.3772866 -0.1965775 0.9049913 -0.3772982 -0.1965626 0.9165305 -0.3770242 -0.1335082 0.9164864 -0.3771546 -0.1334438 0.9227872 -0.3772991 -0.07816171 0.9227794 -0.3773202 -0.07815018 0.9323974 -0.2550106 -0.2561339 0.9448866 -0.2550398 -0.2052901 0.9448869 -0.2550508 -0.2052754 0.9568673 -0.2548501 -0.1394853 0.956849 -0.2549464 -0.1394361 0.9634752 -0.2550527 -0.08163059 0.9634718 -0.2550687 -0.08162126 0.9574555 -0.1453368 -0.2493116 0.9668222 -0.1453096 -0.2100951 0.9668258 -0.1453176 -0.2100732 0.979041 -0.1451962 -0.1428172 0.9790412 -0.1452488 -0.1427627 0.9858521 -0.1453122 -0.08354624 0.9858517 -0.1453211 -0.08353531 0.9986417 -0.01377398 -0.05024962 0.996333 -0.01377325 -0.08444428 0.9963328 -0.01377164 -0.08444635 0.989428 -0.01376685 -0.1443699 0.9894274 -0.01376186 -0.1443752 0.9770984 -0.01377776 -0.2123413 0.9770982 -0.01377731 -0.2123426 0.9971066 0.04915367 -0.05798497 0.9952232 0.04914375 -0.08435407 0.9952237 0.04914101 -0.08435037 0.9883263 0.04911614 -0.1442176 0.9883305 0.04909654 -0.1441955 0.9760098 0.04913258 -0.2121105 0.9760097 0.04913276 -0.212111 0.9809093 0.1875705 -0.05132391 0.9787473 0.187545 -0.0829495 0.9787507 0.1875321 -0.08293886 0.9719903 0.1874465 -0.1417694 0.97201 0.1873788 -0.1417238 0.9598561 0.1875245 -0.2085928 0.9598623 0.1875139 -0.2085732 0.9138444 0.3359882 -0.2280359 0.9204217 0.335905 -0.1999795 0.9204156 0.3359134 -0.1999934 0.9321427 0.3356684 -0.135782 0.9320905 0.3357855 -0.1358504 0.938527 0.3359246 -0.079509 0.9385196 0.3359424 -0.07952181 0.8883865 0.4165563 -0.1930027 0.8883717 0.416579 -0.1930226 0.8997413 0.4162932 -0.1310177 0.8996727 0.4164291 -0.1310566 0.9058526 0.4165851 -0.07673259 0.9058397 0.4166113 -0.07674243 0.8653344 0.4875134 -0.116306 0.8752346 0.466605 -0.1274521 0.8595442 0.4875967 -0.1530789 0.8531951 0.4875431 -0.1853636 0.853211 0.4875221 -0.185346 0.869967 0.487572 -0.07369525 0.8699791 0.4875515 -0.07368796 0.7965584 0.5682323 -0.2064141 0.8041641 0.5681599 -0.1746836 0.8041499 0.5681764 -0.1746961 0.8101018 0.568233 -0.1443823 0.8101728 0.5681546 -0.1442926 0.8157009 0.5680016 -0.1095728 0.8155895 0.5681515 -0.1096248 0.8199617 0.5681902 -0.06944538 0.8199446 0.568214 -0.06945302 0.7357836 0.6580834 -0.1598395 0.7411957 0.6581387 -0.1322207 0.7412863 0.6580558 -0.1321257 0.7464038 0.6579065 -0.1002025 0.7462662 0.6580549 -0.1002518 0.7502523 0.6580918 -0.06353431 0.7502268 0.65812 -0.06354311 0.6304638 0.7754214 -0.03517279 0.629257 0.7753679 -0.05329417 0.6292836 0.7753469 -0.0532842 0.6259556 0.7753171 -0.08404258 0.6261113 0.775198 -0.08398113 0.6217469 0.7753233 -0.1109256 0.6216446 0.7753888 -0.1110411 0.4224247 0.9058569 -0.0313155 0.4221278 0.905831 -0.03575408 0.4221488 0.9058215 -0.03574805 0.4199297 0.905806 -0.05634276 0.4200771 0.9057404 -0.05629855 0.417087 0.905806 -0.07452451 0.4169923 0.9058424 -0.07461307 -0.999648 0 0.02653012 -0.999648 0 0.02653012 -0.999648 2.044039e-06 0.0265324 -0.9996482 -2.486072e-06 0.02652754 -0.999648 1.011815e-06 0.02653114 -0.9996481 -1.285808e-06 0.02652899 -0.999648 1.100121e-06 0.02653102 -0.999648 -6.011233e-07 0.02652973 -0.9996481 -1.093098e-06 0.02652935 -0.999648 4.904467e-07 0.02653035 -0.999648 7.346007e-07 0.0265305 -0.999648 1.044706e-06 0.02653066 -0.999648 -1.405841e-06 0.02652957 -0.999648 -2.294859e-06 0.02652923 -0.999648 2.404636e-06 0.02653074 -0.999648 5.357631e-07 0.02653025 -0.999648 -9.047277e-07 0.02653 -0.999648 8.202994e-06 0.02653074 0 1 -0 0 1 0 0 1 0 0 1 0 0 1 0 0 1 0 0 1 0 0 1 0 0 1 0 0 1 0 0 1 0 0 1 0 0 1 0 0 1 0 0 1 0 0 1 0 0 1 0 0 1 0 0 1 -0 -0 1 0 0 1 0 0 1 0 0 1 0 0 1 0 0 1 0 0 1 0 0 1 0 0 1 0 0 1 0 0 1 0 0 1 0 0 1 0 0 1 0 0 1 0 0 1 0 0 1 0 0 1 0 0 1 0 0 1 0 0 1 0 0 1 0 0 1 -0 0 1 0 0 1 0 0 1 0 0 1 0 0 1 0 0 1 0 0 1 0 0 1 0 0 1 0 0 1 0 0 1 0 0 1 0 0 1 0 0 1 0 -0 1 0 0 1 0 -0 1 0 0 1 0 -0 1 0 0 1 -0 0 1 0 -0 1 0 0 1 0 -0 1 0 -0 1 0 0 1 0 -0 1 0 -0 1 0 0 1 0 -0 1 0 0 1 0 -0 1 0 -0 1 0 0 1 0 -0 1 0 0 1 0 -0 1 0 -0 1 0 0 1 0 -0 1 0 0 1 0 -0 1 0 -0 1 0 0 1 0 -0 1 0 0 1 0 -0 1 0 -0 1 0 0 1 0 -0 1 0 0 1 0 -0 1 0 -0 1 0 0 1 0 -0 1 0 0 1 0 -0 1 0 -0 1 0 0 1 0 -0 1 0 0 1 0 0 1 0 0 1 0 -0 1 0 0 1 0 -0 1 0 0.999648 -9.259229e-07 -0.02652848 0.999648 1.156394e-05 -0.02652611 0.9996479 -1.208034e-05 -0.0265366 0.9996483 9.189401e-06 -0.02652127 0.9996483 1.041452e-05 -0.02652016 0.9996478 -5.97601e-06 -0.02653766 0.9996477 -1.084436e-05 -0.02654371 0.9996488 1.734104e-05 -0.0265036 0.9996473 -1.608542e-05 -0.02655712 0.9996489 1.831206e-05 -0.02649616 0.9996477 -6.034635e-06 -0.02654365 0.9996476 -7.370706e-06 -0.02654657 0.999648 -1.924811e-06 -0.02653374 0.999648 0 -0.0265288 0.9996479 -5.08623e-06 -0.02653407 0.9996486 1.484823e-05 -0.02650931 0.9996479 -4.306142e-06 -0.02653593 0.9996634 0.0003788845 -0.02594142 0.9996462 0 -0.02659757 -1.980768e-11 -1 -3.106567e-11 -3.085363e-11 -1 -3.057092e-11 -4.39372e-11 -1 2.76356e-13 -4.455509e-11 -1 -8.808532e-12 -4.385102e-11 -1 -1.281919e-11 -4.21819e-11 -1 -1.653648e-11 -3.965338e-11 -1 -1.978389e-11 -3.643908e-11 -1 -2.243772e-11 -3.275062e-11 -1 -2.443666e-11 -2.880292e-11 -1 -2.578062e-11 -2.478713e-11 -1 -2.651711e-11 -1.966438e-13 -1 -8.284056e-15 2.522633e-12 -1 2.787631e-11 4.41365e-10 -1 1.287368e-11 -1.977596e-13 -1 2.703163e-15 -1.972463e-13 -1 2.747953e-15 -1.95727e-13 -1 2.953713e-15 -1.931291e-13 -1 3.397296e-15 -1.829613e-13 -1 5.350384e-15 -1.486514e-11 -1 -2.929642e-12 7.020559e-11 -1 4.805659e-11 -1.395037e-11 -1 -1.177071e-11 -2.424772e-10 -1 -2.133932e-10 -3.580844e-11 -1 3.992365e-12 -2.571206e-11 -1 8.885814e-12 -1.957533e-11 -1 1.21065e-11 -1.503248e-11 -1 1.472704e-11 -1.112554e-11 -1 1.722186e-11 -7.279797e-12 -1 1.993788e-11 -2.925044e-12 -1 2.331153e-11 -1.611108e-13 -1 1.142519e-14 -1.60308e-13 -1 1.145484e-14 -1.606702e-13 -1 1.140266e-14 1.718835e-11 -1 4.35428e-12 -1.433141e-11 -1 -6.931795e-12 -6.846091e-11 -1 -2.986935e-11 5.768781e-11 -1 3.528717e-11 6.549121e-11 -1 4.041699e-11 -5.631847e-11 -1 -6.884062e-11 2.124505e-11 -1 3.934919e-11 -8.272171e-12 -1 -5.09061e-11 -2.104542e-12 -1 -1.469131e-11 -8.413127e-12 -1 -1.173012e-10 -1.477457e-11 -1 -1.64443e-12 -5.602373e-13 -1 4.077441e-14 -2.531362e-13 -1 1.88002e-14 -2.26148e-13 -1 1.72515e-14 -2.152373e-13 -1 1.692361e-14 -2.094221e-13 -1 1.698372e-14 -1.584002e-13 -1 2.015466e-14 -2.379811e-11 -1 -3.052426e-11 -4.430652e-11 -1 -2.76665e-11 -7.201789e-11 -1 -2.511489e-11 -1.683766e-10 -1 -1.897844e-11 -7.269874e-13 -1 1.420755e-14 -3.008258e-13 -1 4.103711e-14 -7.738246e-11 -1 5.197352e-11 1.265651e-10 -1 -1.289549e-10 -1.293423e-10 -1 -1.221638e-10 -5.944613e-10 -1 1.579329e-11 -4.977051e-13 -1 1.773086e-14 -3.90273e-10 -1 -1.899336e-10 -1.13069e-09 -1 1.795387e-10 4.483678e-10 -1 -1.153404e-10 -2.110704e-12 -1 8.892667e-12 -2.112895e-12 -1 8.892691e-12 -1.759645e-10 -1 2.259795e-10 -3.188144e-11 -1 -1.53371e-10 -1.958434e-10 -1 -1.081525e-10 -5.863398e-11 -1 -5.756011e-12 -6.717061e-11 -1 1.81715e-12 1.912852e-13 -1 2.954909e-14 -2.809209e-15 -1 8.711789e-14 -2.027073e-13 -1 9.242705e-14 -1.034407e-11 -1 -3.14117e-11 -4.745232e-11 -1 1.508214e-12 -6.82725e-13 -1 2.670358e-13 -5.298404e-13 -1 2.216892e-13 -2.018349e-13 -1 2.129775e-13 -7.433913e-11 -1 3.879109e-11 -4.176011e-11 -1 9.889155e-12 8.612186e-12 -1 8.552229e-12 4.079605e-11 -1 -9.939728e-13 -1.037893e-13 -1 9.22987e-14 -9.296634e-11 -1 4.462239e-11 -4.403774e-11 -1 1.216011e-12 -6.969415e-13 -1 6.582633e-14 -3.217595e-13 -1 -4.545808e-14 -6.05645e-13 -1 -3.791814e-14 -8.165404e-11 -1 -6.816823e-11 1.921948e-11 -1 -1.576563e-10 -1.615982e-10 -1 -1.528579e-10 -7.432722e-10 -1 1.967016e-11 -4.831253e-13 -1 -5.817863e-14 -1.307135e-10 -1 4.338199e-11 4.370809e-11 -1 -1.11353e-10 -1.129693e-10 -1 -1.071948e-10 -5.208552e-10 -1 1.378504e-11 -1.812105e-14 -1 -4.803805e-14 -1.542006e-11 -1 -1.433792e-11 -6.974214e-11 -1 1.774803e-12 -3.844054e-13 -1 -6.732551e-14 4.484687e-10 -1 -7.550025e-11 -1.575596e-13 -1 2.308048e-14 -2.070565e-13 -1 2.389042e-14 -1.148286e-11 -1 -3.199032e-11 -1.96586e-11 -1 -3.045619e-11 -3.766561e-12 -1 -3.089109e-11 0.1770381 0.9712864 -0.1589347 0.04669312 0.9907564 -0.1273638 0.4949909 0.8581709 -0.1361128 0.5993925 0.7743578 -0.2027276 0.6432354 0.7487492 -0.160071 0.9457675 0.2089928 -0.2486883 0.9357551 0.1869476 -0.29902 0.647338 -0.7480214 -0.1463468 0.5703937 -0.7953858 -0.2049692 0.2325285 -0.9709867 -0.05581475 0.3512607 0.916397 -0.1919182 0.3879292 0.906195 -0.1682905 0.5299826 0.7968602 -0.2900555 0.5742519 0.7760601 -0.2607017 0.8725405 0.07653616 -0.4825092 0.9035063 0.0492082 -0.4257405 0.8753719 0.01439951 -0.4832357 0.9025688 -0.01384178 -0.4303232 0.872281 -0.04852735 -0.4865912 0.9005003 -0.07609645 -0.4281455 0.8818468 -0.100107 -0.4607871 0.5480042 -0.7971106 -0.2535866 0.3673011 -0.9055409 -0.2123339 0.1296682 -0.9903768 -0.04837363 0.1238941 -0.9910194 -0.0503059 0.132173 -0.9902338 -0.04435305 0.1140117 -0.989315 -0.0908687 0.07706246 -0.996767 -0.02273586 0.9546144 -0.01378106 -0.2975255 0.9519688 -0.07568314 -0.2966944 0.9517435 -0.07585409 -0.2973724 0.9444237 -0.1448884 -0.2950785 0.9439697 -0.1452249 -0.2963627 0.9336005 -0.2061111 -0.2931011 0.9331999 -0.2066124 -0.2940226 0.9224846 -0.254239 -0.2904905 0.9218943 -0.2549441 -0.2917438 0.9064844 -0.3101498 -0.2865188 0.9057457 -0.3109874 -0.2879437 0.8830168 -0.3762898 -0.2805124 0.8821631 -0.3771883 -0.281988 0.8520041 -0.4471245 -0.2723393 0.8510404 -0.4481649 -0.2736393 0.8125672 -0.5211504 -0.2610305 0.8112344 -0.5224386 -0.262596 0.7602296 -0.601449 -0.2455808 0.7586663 -0.6028339 -0.2470157 0.6920432 -0.6858809 -0.2250413 0.6904924 -0.6870413 -0.2262621 0.5757992 -0.7955279 -0.1886553 0.5740043 -0.7964357 -0.1902875 0.3815511 -0.9156582 -0.1264467 0.37995 -0.9161475 -0.1277178 0.9546529 -0.013751 -0.2974034 0.953591 0.04907332 -0.2970791 0.9534498 0.04896592 -0.2975495 0.9497511 0.1005962 -0.2964003 0.9496223 0.1003727 -0.2968886 0.9452798 0.1382222 -0.2955347 0.9451193 0.1379218 -0.2961875 0.9373395 0.1873577 -0.2937546 0.9370492 0.186943 -0.2949426 0.9226946 0.253543 -0.2904318 0.9223498 0.2529837 -0.2920104 0.8980333 0.3357048 -0.2843213 0.8976641 0.3349822 -0.2863321 0.8661727 0.4164191 -0.2762969 0.8661309 0.4154806 -0.2778365 0.8314453 0.4875299 -0.2664832 0.8315037 0.4863105 -0.2685211 0.7832198 0.5682061 -0.2524056 0.7834631 0.5669069 -0.2545626 0.7162108 0.6580437 -0.2324232 0.7165979 0.6568933 -0.2344754 0.6002858 0.7752855 -0.1964416 0.6006317 0.7743765 -0.1989543 0.4021626 0.9058192 -0.133255 0.4026037 0.9053044 -0.1354033 0.1398813 0.9890465 -0.04712009 0.1393594 0.9892311 -0.04473126 0.1366516 0.9890502 -0.05573292 0.1400064 0.988743 -0.05277716 0.1318761 0.989709 -0.05553967 0.1131853 0.9909684 -0.07190699 0.120921 0.9901934 -0.06996614 0.1379226 0.9893752 -0.04598076 0.06173408 0.9968131 -0.05052247 0.3637815 -0.9164699 -0.1665716 0.1187637 -0.9898535 -0.0780075 0.1304264 -0.9891013 -0.06832042 0.1808559 -0.9711025 -0.1557279 0.1544394 -0.9861919 -0.05978437 0.06475654 -0.9967392 -0.04814193 0.3917243 0.8581155 -0.3319487 0.324393 0.920496 -0.2178446 0.3250829 0.9157345 -0.2361175 0.7621402 0.1895887 -0.6190304 0.7707322 0.2275865 -0.5951272 0.7524894 0.2059909 -0.6255617 0.7587428 0.271284 -0.5922114 0.7468971 0.2543465 -0.6143717 0.7432653 0.3214486 -0.5867091 0.7371235 0.3102598 -0.6003231 0.7231495 0.3797491 -0.5769275 0.7216721 0.3760855 -0.5811619 0.6954216 0.4482777 -0.5616368 0.6950309 0.4467251 -0.563355 0.6620643 0.5286824 -0.5311928 0.6602443 0.5210306 -0.5409293 0.6134135 0.6225735 -0.4859281 0.6084702 0.6007974 -0.5184655 0.5601942 0.7096708 -0.4272586 0.559227 0.6850989 -0.4668026 0.4888137 0.7843451 -0.381921 0.4865397 0.795506 -0.3611779 0.7705173 0.1018403 -0.629231 0.7796362 0.1467531 -0.6087946 0.7778805 0.1451493 -0.6114193 0.7743661 -0.01940656 -0.63244 0.7894157 0.01986592 -0.6135375 0.7821578 0.01429359 -0.6229164 0.7755647 0.0599952 -0.6284107 0.7879869 0.07610591 -0.6109703 0.7481654 -0.2712966 -0.6055135 0.781007 -0.226576 -0.581972 0.7479078 -0.2516011 -0.6142725 0.7683069 -0.1888895 -0.6115761 0.770945 -0.1859639 -0.609148 0.7660382 -0.1466008 -0.6258543 0.7734397 -0.1369902 -0.61889 0.7728701 -0.1012943 -0.6264275 0.7744385 -0.09952436 -0.624772 0.778436 -0.05945516 -0.624902 0.7896902 -0.04830347 -0.6116014 0.715303 -0.3797461 -0.5866297 0.7526595 -0.320395 -0.5751961 0.7367635 -0.3336529 -0.5880947 0.6864644 -0.4856386 -0.5412224 0.6898596 -0.4481884 -0.5685252 0.713515 -0.4143249 -0.5650055 0.5421879 -0.7108963 -0.4479494 0.6236016 -0.6212437 -0.4745286 0.5706273 -0.6545467 -0.4959366 0.6774973 -0.5269418 -0.5131567 0.6228112 -0.5649576 -0.5412292 0.3940638 -0.8577577 -0.3300991 0.4917728 -0.7838029 -0.3792263 0.5092874 -0.7736337 -0.3769841 0.3068406 -0.9218063 -0.2369009 0.3552938 -0.9048144 -0.2346851 0.2305296 0.971185 -0.06046365 0.3666867 0.9225573 -0.120121 0.3913056 0.9045814 -0.1691518 0.8673899 0.4154725 -0.273893 0.8500533 0.4852138 -0.2048828 0.8425964 0.4483595 -0.2983373 0.8022844 0.5656719 -0.1906698 0.8009698 0.5289893 -0.2803883 0.734136 0.655758 -0.1761413 0.7392896 0.6232391 -0.2549981 0.8894542 0.3808106 -0.2526945 0.8938573 0.321965 -0.3120218 0.900259 0.3349575 -0.2780958 0.9226999 0.2724057 -0.2728004 0.91849 0.2529839 -0.3039331 0.9615057 0.02005352 -0.2740524 0.9451851 0.04896021 -0.3228438 0.9552643 0.06026357 -0.2895485 0.9534258 0.1003519 -0.2844445 0.9545611 0.1021968 -0.2799445 0.9469 0.1379118 -0.2904494 0.9510792 0.1474749 -0.2714765 0.956579 -0.1015693 -0.2732036 0.9440389 -0.07568297 -0.3210336 0.9578124 -0.05963498 -0.2811387 0.9546409 -0.01375101 -0.2974417 0.9471855 -0.01939093 -0.3200994 0.6926405 -0.6858803 -0.223198 0.7742154 -0.6007183 -0.1993189 0.7455751 -0.6231811 -0.2361422 0.8206356 -0.5209206 -0.2349447 0.8116344 -0.5291253 -0.24754 0.8579178 -0.4470012 -0.2533117 0.85644 -0.4485514 -0.255562 0.8872013 -0.3762221 -0.2670782 0.8834666 -0.3800761 -0.2739142 0.9131352 -0.3100171 -0.264714 0.9015335 -0.3217288 -0.2893578 0.9314869 -0.2540447 -0.2603717 0.9133691 -0.2715229 -0.303368 0.9449632 -0.2058621 -0.2542938 0.9424904 -0.2083796 -0.2613231 0.9409932 -0.1448976 -0.3058372 0.9386426 -0.1466693 -0.312151 0.4964045 -0.8578041 -0.1332465 0.3578026 -0.9212146 -0.1527773 0.3777445 -0.915561 -0.1380474 0.9281582 0.04915347 -0.3689262 0.924542 0.1008433 -0.3674956 0.9244781 0.1007645 -0.3676775 0.9202443 0.1385469 -0.3659987 0.920171 0.1384511 -0.3662192 0.9125875 0.187788 -0.3632078 0.9124559 0.1876568 -0.3636057 0.8984672 0.2540937 -0.3580405 0.8983081 0.25392 -0.3585627 0.8746217 0.3363808 -0.3491199 0.8744321 0.3361465 -0.34982 0.8437755 0.4172419 -0.3375679 0.8436944 0.4168841 -0.338212 0.809972 0.4885796 -0.3244 0.8098916 0.4880033 -0.3254665 0.7630574 0.5693233 -0.3059646 0.7630587 0.568656 -0.3071999 0.6979356 0.6588985 -0.280604 0.6979975 0.6584396 -0.2815261 0.5850846 0.7758694 -0.2360142 0.5851014 0.7755682 -0.2369604 0.3920944 0.9061071 -0.1588456 0.3921544 0.9059342 -0.1596807 0.9282156 0.04918583 -0.3687769 0.9292545 -0.01381488 -0.3691817 0.9292362 -0.01382554 -0.3692274 0.9266403 -0.07599614 -0.368188 0.9265503 -0.07604726 -0.3684038 0.9193593 -0.1454726 -0.3655354 0.9191771 -0.1455744 -0.3659528 0.9089662 -0.2069399 -0.3618789 0.9087842 -0.2071193 -0.3622331 0.8981903 -0.2553185 -0.3578639 0.8979025 -0.2555925 -0.35839 0.8826844 -0.311403 -0.3519892 0.8823062 -0.3117503 -0.3526297 0.8598923 -0.3776358 -0.343477 0.8595455 -0.3779359 -0.3440146 0.8297377 -0.4486235 -0.3320729 0.8293238 -0.4490029 -0.3325935 0.7912699 -0.522879 -0.3170007 0.7904989 -0.5235209 -0.3178636 0.74022 -0.6032447 -0.2969344 0.7393463 -0.6039295 -0.2977186 0.6738579 -0.6873871 -0.2709512 0.6731501 -0.6878608 -0.2715081 0.5605562 -0.7966629 -0.226064 0.5598803 -0.7969621 -0.2266836 0.3713822 -0.9162326 -0.1503097 0.3707728 -0.9163967 -0.1508133 0.816973 0.3780217 -0.4354936 0.8120845 0.4482295 -0.373643 0.7933097 0.4160483 -0.4444811 0.7769404 0.5223865 -0.3513914 0.7598702 0.4871254 -0.430472 0.728391 0.6026163 -0.3260371 0.7184038 0.5680243 -0.4015525 0.6629319 0.6867254 -0.2982106 0.6595218 0.6578113 -0.3637516 0.8882685 0.100803 -0.448127 0.8724196 0.1459731 -0.4664504 0.8608149 0.1379906 -0.4898533 0.8902319 0.206973 -0.4057702 0.8659726 0.187451 -0.4636308 0.866994 0.255664 -0.4277351 0.8656724 0.2540569 -0.4313541 0.842268 0.3118892 -0.43967 0.8517925 0.336542 -0.4014837 0.8318296 -0.3779858 -0.4064312 0.8247123 -0.3354066 -0.4553594 0.8493642 -0.311686 -0.4259487 0.8563946 -0.253177 -0.4499885 0.8536091 -0.2552151 -0.4541109 0.8822491 -0.1868145 -0.4321307 0.8489409 -0.2062852 -0.4865652 0.9001922 -0.1374703 -0.4132263 0.8875422 -0.1455974 -0.4371157 0.5512732 -0.7749984 -0.3089912 0.6841739 -0.6571209 -0.3163827 0.6320879 -0.6863569 -0.3596928 0.7488593 -0.5672835 -0.3426357 0.6923435 -0.6022071 -0.3975011 0.7960268 -0.4864749 -0.3601159 0.7408586 -0.5219233 -0.4227584 0.8262397 -0.4154796 -0.3804004 0.7790574 -0.4477008 -0.4389004 0.126512 -0.988734 -0.07999805 0.3599546 -0.9046814 -0.2280006 0.3581638 -0.9051744 -0.2288624 0.5341804 -0.7733439 -0.3414536 0.5324164 -0.774148 -0.3423853 0.6348025 -0.655995 -0.4082845 0.63371 -0.6567565 -0.4087573 0.6923239 -0.5664734 -0.446985 0.6917095 -0.5669745 -0.4473006 0.7336755 -0.4857899 -0.4751088 0.7331558 -0.4862521 -0.4754382 0.7634155 -0.4145131 -0.4953542 0.7628173 -0.4150952 -0.4957879 0.7903397 -0.3338849 -0.5136965 0.789566 -0.3344344 -0.5145281 0.8107602 -0.2520016 -0.5283588 0.8102315 -0.2523995 -0.5289796 0.8227133 -0.1860627 -0.5371438 0.8223386 -0.1863566 -0.5376155 0.8290914 -0.1371081 -0.5420414 0.828899 -0.1373094 -0.5422845 0.8326579 -0.0996297 -0.5447521 0.8325132 -0.09978581 -0.5449445 0.8357076 -0.0482992 -0.5470465 0.8355814 -0.04837189 -0.5472328 0.8364688 0.01432324 -0.5478274 0.8364916 0.01433774 -0.5477921 0.8341429 0.0761411 -0.5462674 0.834325 0.07626182 -0.5459725 0.8278818 0.1452434 -0.5417711 0.8282058 0.1454702 -0.5412149 0.8190686 0.2064605 -0.5352576 0.8192332 0.2067346 -0.5348996 0.8097757 0.2548076 -0.5285228 0.8098862 0.2550072 -0.5282571 0.7963433 0.310695 -0.5189471 0.7964815 0.3109789 -0.5185645 0.7765068 0.3764585 -0.5052884 0.7767229 0.3769729 -0.5045721 0.7500563 0.4471986 -0.4872667 0.7501835 0.447825 -0.486495 0.7159266 0.52165 -0.4640369 0.7159925 0.5221602 -0.463361 0.6706225 0.6019939 -0.4334385 0.6706005 0.6025425 -0.4327095 0.6115921 0.6858953 -0.3943384 0.6114814 0.6866472 -0.3931997 0.5098905 0.7952858 -0.3279209 0.5098987 0.7960858 -0.3259612 0.3387862 0.9155785 -0.216656 0.3387269 0.9160449 -0.2147691 -0.03270835 -0 -0.999465 -0.9998349 0 -0.01816931 -0.6801501 0 -0.7330729 -0.6119841 -0 -0.79087 -0.6119841 0 -0.79087 -0.5389296 -0 -0.8423508 -0.5389296 0 -0.8423508 -0.4615558 -0 -0.8871112 -0.4615558 0 -0.8871112 -0.3805165 -0 -0.9247742 -0.3805165 0 -0.9247742 -0.2964243 -0 -0.9550563 -0.2964243 0 -0.9550563 -0.2099608 -0 -0.9777098 -0.2099608 0 -0.9777098 -0.1218306 -0 -0.9925508 -0.1218306 0 -0.9925508 -0.03270835 -0 -0.999465 -0.03270835 0 -0.999465 -0.6801501 0 -0.7330729 -0.7428898 0 -0.6694137 -0.7428898 0 -0.6694137 -0.7996929 0 -0.6004093 -0.7996929 0 -0.6004093 -0.8501096 0 -0.5266058 -0.8501096 0 -0.5266058 -0.8937336 0 -0.4485983 -0.8937336 0 -0.4485983 -0.9302157 0 -0.3670132 -0.9302157 0 -0.3670132 -0.9592704 0 -0.2824895 -0.9592704 0 -0.2824895 -0.9806619 0 -0.1957096 -0.9806619 0 -0.1957096 -0.9942193 0 -0.1073686 -0.9942193 0 -0.1073686 -0.9998349 0 -0.01816931 -0.9998349 0 -0.01816931 0.1117402 0 0.9937374 0.1117402 0 0.9937374 0.3300421 0 0.9439663 0.3300421 0 0.9439663 0.5318296 0 0.8468514 0.5318296 0 0.8468514 0.7069307 0 0.7072828 0.7069307 0 0.7072828 0.8466007 0 0.5322286 0.8466007 0 0.5322286 0.9438052 0 0.3305022 0.9438052 0 0.3305022 0.9936855 0 0.1122007 0.9936855 0 0.1122007 0.9937391 0 -0.1117262 0.9937391 0 -0.1117262 0.943962 0 -0.330054 0.943962 0 -0.330054 0.8468497 0 -0.5318322 0.8468497 0 -0.5318322 0.7072728 0 -0.7069407 0.7072728 0 -0.7069407 0.532246 0 -0.8465898 0.532246 0 -0.8465898 0.330499 0 -0.9438064 0.330499 0 -0.9438064 0.1122067 0 -0.9936849 0.1122067 0 -0.9936849 0.7256175 0 0.6880983 0.7256175 -0 0.6880983 0.7256175 0 0.6880983 0.7256175 0 0.6880983 0.9696967 0 0.244312 0.7229913 0 0.6908572 0.7229913 0 0.6908572 0.9696967 0 0.244312 0.9640295 0 -0.2657951 0.9640295 0 -0.2657951 0.7073404 0 -0.7068731 0.7073404 0 -0.7068731 0.2666753 0 -0.9637864 0.2666753 0 -0.9637864 0.9696967 0 0.244312 0.7229913 0 0.6908572 0.7229913 0 0.6908572 0.9696967 0 0.244312 0.9640295 0 -0.2657951 0.9640295 0 -0.2657951 0.7073404 0 -0.7068731 0.7073404 0 -0.7068731 0.2666753 0 -0.9637864 0.2666753 0 -0.9637864 0.8989535 0 0.438044 0.8989535 0 0.438044 0.8989535 0 0.438044 0.98763 0 -0.1568029 0.98763 0 -0.1568029 0.7191336 0 -0.6948718 0.7191336 0 -0.6948718 0.4768459 0 -0.8789869 0.4768459 0 -0.8789869 0.5228072 0 0.852451 0.5228072 0 0.852451 0.5228072 0 0.852451 0.5228072 0 0.852451 0.5227988 0 0.8524561 0.5227988 0 0.8524561 0.5227988 0 0.8524561 0.4768383 0 -0.878991 0.4768383 0 -0.878991 0.4768383 0 -0.878991 0.4768383 0 -0.878991 0.7256082 0 0.6881081 0.9587191 0 -0.2843549 0.6881171 0 -0.7255997 0.6881171 0 -0.7255997 0.9587191 0 -0.2843549 0.972455 0 0.2330907 0.972455 0 0.2330907 0.7256082 0 0.6881081 0.7256082 0 0.6881081 0.6881171 0 -0.7255997 0.9587132 0 -0.284375 0.6881171 0 -0.7255997 0.6881171 0 -0.7255997 0.9587132 0 -0.284375 0.972461 0 0.2330657 0.972461 0 0.2330657 0.7255907 0 0.6881265 0.7255907 0 0.6881265 0.4768428 0 -0.8789886 0.4768428 0 -0.8789886 0.4768428 0 -0.8789886 0.5227903 0 0.8524613 0.5227903 0 0.8524613 0.5227903 0 0.8524613 0.5227897 0 0.8524617 0.5227897 0 0.8524617 0.5227897 0 0.8524617 0.5227897 0 0.8524617 0.4768564 0 -0.8789812 0.4768564 0 -0.8789812 0.4768564 0 -0.8789812 0.4768564 0 -0.8789812 0.7256477 0 0.6880665 0.9587191 0 -0.2843549 0.6880783 0 -0.7256364 0.6880783 0 -0.7256364 0.9587191 0 -0.2843549 0.972455 0 0.2330907 0.972455 0 0.2330907 0.7256477 0 0.6880665 0.7256477 0 0.6880665 0.6881171 0 -0.7255997 0.9587132 0 -0.284375 0.6881171 0 -0.7255997 0.6881171 0 -0.7255997 0.9587132 0 -0.284375 0.972459 0 0.233074 0.972459 0 0.233074 0.7255558 0 0.6881633 0.7255558 0 0.6881633 0.4768519 0 -0.8789837 0.4768519 0 -0.8789837 0.5227982 0 0.8524565 0.5227982 0 0.8524565 0.5227897 0 0.8524617 0.5227897 0 0.8524617 0.5227897 0 0.8524617 0.4768564 0 -0.8789812 0.4768564 0 -0.8789812 0.4768564 0 -0.8789812 0.7255953 0 0.6881217 0.9587106 0 -0.2843834 0.6881171 0 -0.7255997 0.6881171 0 -0.7255997 0.9587106 0 -0.2843834 0.9724589 0 0.2330744 0.9724589 0 0.2330744 0.7255953 0 0.6881217 0.7255953 0 0.6881217 0.6880589 0 -0.7256549 0.9587221 0 -0.2843449 0.6880589 0 -0.7256549 0.6880589 0 -0.7256549 0.9587221 0 -0.2843449 0.972455 0 0.2330907 0.972455 0 0.2330907 0.7255953 0 0.6881217 0.7255953 0 0.6881217 0.4768435 0 -0.8789883 0.4768435 0 -0.8789883 0.4768435 0 -0.8789883 0.5228024 0 0.8524539 0.5228024 0 0.8524539 0.5227988 0 0.8524561 0.5227988 0 0.8524561 0.5227988 0 0.8524561 0.5227988 0 0.8524561 0.4768519 0 -0.8789837 0.4768519 0 -0.8789837 0.4768519 0 -0.8789837 0.7256082 0 0.6881081 0.9587191 0 -0.2843549 0.6881171 0 -0.7255997 0.6881171 0 -0.7255997 0.9587191 0 -0.2843549 0.972455 0 0.2330907 0.972455 0 0.2330907 0.7256082 0 0.6881081 0.7256082 0 0.6881081 0.6880783 0 -0.7256364 0.9587191 0 -0.2843549 0.6880783 0 -0.7256364 0.6880783 0 -0.7256364 0.9587191 0 -0.2843549 0.972455 0 0.2330907 0.972455 0 0.2330907 0.7255907 0 0.6881265 0.7255907 0 0.6881265 0.4768428 0 -0.8789886 0.4768428 0 -0.8789886 0.4768428 0 -0.8789886 0.5228031 0 0.8524535 0.5228031 0 0.8524535 0.5228031 0 0.8524535</float_array>
          <technique_common>
            <accessor count="8476" source="#cubenormals-array0-array" stride="3">
              <param type="float" name="X"/>
              <param type="float" name="Y"/>
              <param type="float" name="Z"/>
            </accessor>
          </technique_common>
        </source>
        <vertices id="cubeverts-array0-vertices">
          <input semantic="POSITION" source="#cubeverts-array0"/>
        </vertices>
        <triangles count="8476" material="ref_gripper_lh_tip">
          <input offset="0" semantic="VERTEX" source="#cubeverts-array0-vertices"/>
          <input offset="1" semantic="NORMAL" source="#cubenormals-array0"/>
          <p>3557 0 3567 0 3568 0 3568 1 3567 1 3582 1 3568 2 3582 2 3583 2 3583 3 3582 3 3599 3 3583 4 3599 4 3600 4 3600 5 3599 5 3615 5 3600 6 3615 6 3616 6 3616 7 3615 7 3640 7 3616 8 3640 8 3641 8 3641 9 3640 9 3667 9 3641 10 3667 10 3668 10 3668 11 3667 11 3700 11 3668 12 3700 12 3701 12 3567 13 3557 13 3556 13 3556 14 3557 14 3565 14 3556 15 3565 15 3564 15 3564 16 3565 16 3580 16 3564 17 3580 17 3579 17 3579 18 3580 18 3597 18 3579 19 3597 19 3596 19 3596 20 3597 20 3613 20 3596 21 3613 21 3612 21 3612 22 3613 22 3638 22 3612 23 3638 23 3637 23 3637 24 3638 24 3665 24 3637 25 3665 25 3664 25 3664 26 3665 26 3698 26 3664 27 3698 27 3697 27 2012 28 2019 28 2020 28 2020 29 2019 29 2033 29 2020 30 2033 30 2034 30 2034 31 2033 31 2067 31 2034 32 2067 32 2068 32 2068 33 2067 33 2092 33 2068 34 2092 34 2093 34 2093 35 2092 35 2145 35 2093 36 2145 36 2146 36 2146 37 2145 37 2216 37 2146 38 2216 38 2217 38 2217 39 2216 39 2273 39 2217 40 2273 40 2274 40 2019 41 2012 41 2011 41 2011 42 2012 42 2018 42 2011 43 2018 43 2017 43 2017 44 2018 44 2032 44 2017 45 2032 45 2031 45 2031 46 2032 46 2066 46 2031 47 2066 47 2065 47 2065 48 2066 48 2091 48 2065 49 2091 49 2090 49 2090 50 2091 50 2144 50 2090 51 2144 51 2143 51 2143 52 2144 52 2215 52 2143 53 2215 53 2214 53 2214 54 2215 54 2271 54 2214 55 2271 55 2270 55 1699 56 1708 56 1709 56 1709 57 1708 57 1742 57 1709 58 1742 58 1743 58 1743 59 1742 59 1793 59 1743 60 1793 60 1794 60 1794 61 1793 61 1837 61 1794 62 1837 62 1838 62 1838 63 1837 63 1895 63 1838 64 1895 64 1896 64 1896 65 1895 65 1945 65 1896 66 1945 66 1946 66 1946 67 1945 67 2008 67 1946 68 2008 68 2009 68 1708 69 1699 69 1698 69 1698 70 1699 70 1705 70 1698 71 1705 71 1704 71 1704 72 1705 72 1739 72 1704 73 1739 73 1738 73 1738 74 1739 74 1790 74 1738 75 1790 75 1789 75 1789 76 1790 76 1834 76 1789 77 1834 77 1833 77 1833 78 1834 78 1892 78 1833 79 1892 79 1891 79 1891 80 1892 80 1942 80 1891 81 1942 81 1941 81 1941 82 1942 82 2005 82 1941 83 2005 83 2004 83 3700 84 3667 84 3702 84 2060 85 2017 85 2031 85 2748 86 2744 86 2727 86 2190 87 2100 87 2163 87 2163 88 2199 88 2190 88 2270 89 2264 89 2255 89 2270 90 2255 90 2239 90 2270 91 2239 91 2204 91 2270 92 2204 92 2214 92 3490 93 3297 93 2495 93 3490 94 2495 94 2490 94 3490 95 2490 95 2468 95 3490 96 2468 96 2443 96 3490 97 2443 97 3556 97 3490 98 3556 98 3564 98 3490 99 3564 99 3579 99 3490 100 3579 100 3596 100 3490 101 3596 101 3612 101 3490 102 3612 102 3637 102 3490 103 3637 103 3664 103 3490 104 3664 104 3697 104 3490 105 3697 105 3898 105 2671 106 2270 106 2316 106 2671 107 2316 107 2354 107 2671 108 2354 108 2392 108 2671 109 2392 109 2441 109 2671 110 2441 110 2466 110 2671 111 2466 111 2488 111 2671 112 2488 112 2495 112 2671 113 2495 113 2668 113 2264 114 2686 114 2659 114 2264 115 2659 115 2608 115 2264 116 2608 116 2567 116 2264 117 2567 117 2530 117 2264 118 2530 118 2476 118 2264 119 2476 119 2378 119 2264 120 2378 120 2302 120 3853 121 3867 121 3885 121 3853 122 3885 122 3888 122 3853 123 3888 123 3891 123 3853 124 3891 124 3894 124 3853 125 3894 125 3900 125 3853 126 3900 126 3906 126 3853 127 3906 127 3912 127 3853 128 3912 128 3918 128 3853 129 3918 129 3917 129 3853 130 3917 130 3840 130 3853 131 3840 131 3830 131 3853 132 3830 132 3817 132 3853 133 3817 133 3803 133 3853 134 3803 134 3808 134 3840 135 3917 135 3911 135 3840 136 3911 136 3905 136 3840 137 3905 137 3898 137 3556 138 2443 138 2394 138 3556 139 2394 139 2356 139 3556 140 2356 140 2318 140 3556 141 2318 141 2273 141 3556 142 2273 142 1452 142 3556 143 1452 143 2915 143 3556 144 2915 144 3029 144 3556 145 3029 145 3204 145 3556 146 3204 146 3380 146 3556 147 3380 147 3507 147 3556 148 3507 148 3528 148 3556 149 3528 149 3544 149 1452 150 2273 150 2216 150 1452 151 2216 151 2145 151 1452 152 2145 152 2092 152 1452 153 2092 153 2067 153 1452 154 2067 154 2033 154 1452 155 2033 155 2019 155 1452 156 2019 156 2011 156 3590 157 3599 157 3582 157 3590 158 3582 158 3567 158 3590 159 3567 159 3556 159 3590 160 3556 160 3544 160 3644 161 3702 161 3667 161 3644 162 3667 162 3640 162 3644 163 3640 163 3615 163 3644 164 3615 164 3599 164 3644 165 3599 165 3590 165 3808 166 3803 166 3783 166 3808 167 3783 167 3761 167 3808 168 3761 168 3757 168 2011 169 2017 169 2060 169 2011 170 2060 170 2008 170 2011 171 2008 171 1985 171 2011 172 1985 172 1911 172 2011 173 1911 173 1903 173 2011 174 1903 174 1880 174 2011 175 1880 175 1848 175 2011 176 1848 176 1807 176 2011 177 1807 177 1733 177 2011 178 1733 178 1668 178 2011 179 1668 179 1592 179 2011 180 1592 180 1530 180 2011 181 1530 181 1468 181 2011 182 1468 182 1433 182 2011 183 1433 183 1390 183 2011 184 1390 184 1369 184 2011 185 1369 185 1344 185 2011 186 1344 186 1354 186 2011 187 1354 187 1378 187 2011 188 1378 188 1402 188 2011 189 1402 189 1452 189 3898 190 3697 190 3730 190 3898 191 3730 191 3758 191 3898 192 3758 192 3780 192 3898 193 3780 193 3800 193 3898 194 3800 194 3814 194 3898 195 3814 195 3827 195 3898 196 3827 196 3840 196 2495 197 3297 197 3066 197 2495 198 3066 198 2896 198 2495 199 2896 199 2813 199 2495 200 2813 200 2779 200 2495 201 2779 201 2752 201 2495 202 2752 202 2699 202 2495 203 2699 203 2680 203 2495 204 2680 204 2668 204 1985 205 2008 205 1945 205 1985 206 1945 206 1895 206 1985 207 1895 207 1837 207 1985 208 1837 208 1793 208 1985 209 1793 209 1742 209 1985 210 1742 210 1708 210 1985 211 1708 211 1223 211 1985 212 1223 212 1211 212 1985 213 1211 213 922 213 1985 214 922 214 902 214 1698 215 1820 215 1641 215 1698 216 1641 216 1526 216 1698 217 1526 217 1385 217 1698 218 1385 218 1283 218 1698 219 1283 219 1278 219 1698 220 1278 220 1268 220 1698 221 1268 221 1260 221 1698 222 1260 222 1250 222 1698 223 1250 223 1239 223 1698 224 1239 224 1231 224 1698 225 1231 225 1021 225 1698 226 1021 226 1010 226 1698 227 1010 227 1223 227 1698 228 1223 228 1708 228 1820 229 1698 229 1704 229 1820 230 1704 230 1738 230 1820 231 1738 231 1789 231 1820 232 1789 232 1833 232 1820 233 1833 233 1891 233 1820 234 1891 234 1957 234 2302 235 2190 235 2199 235 2302 236 2199 236 2234 236 2302 237 2234 237 2250 237 2302 238 2250 238 2264 238 2686 239 2264 239 2727 239 2727 240 2264 240 2270 240 2727 241 2270 241 2748 241 2748 242 2270 242 2671 242 3700 243 3702 243 3733 243 3733 244 3702 244 3757 244 3733 245 3757 245 3761 245 1211 246 1223 246 986 246 986 247 1223 247 996 247 986 248 996 248 930 248 930 249 996 249 939 249 930 250 939 250 918 250 902 251 922 251 886 251 886 252 922 252 894 252 2214 253 2204 253 2143 253 2143 254 2204 254 2168 254 2143 255 2168 255 2090 255 2090 256 2168 256 2105 256 2090 257 2105 257 2065 257 2065 258 2105 258 2060 258 2065 259 2060 259 2031 259 1191 260 1196 260 1181 260 1181 261 1196 261 1185 261 1181 262 1185 262 1169 262 1283 263 1385 263 1191 263 1191 264 1385 264 1217 264 1191 265 1217 265 1196 265 1278 266 1283 266 1134 266 1134 267 1283 267 1138 267 1134 268 1138 268 1094 268 1094 269 1138 269 1103 269 1094 270 1103 270 1075 270 1268 271 1278 271 1122 271 1122 272 1278 272 1127 272 1122 273 1127 273 1067 273 1067 274 1127 274 1079 274 1067 275 1079 275 1049 275 1260 276 1268 276 1110 276 1110 277 1268 277 1116 277 1110 278 1116 278 1041 278 1041 279 1116 279 1054 279 1041 280 1054 280 1025 280 1250 281 1260 281 1085 281 1085 282 1260 282 1098 282 1085 283 1098 283 1016 283 1016 284 1098 284 1030 284 1016 285 1030 285 1000 285 1239 286 1250 286 1061 286 1061 287 1250 287 1071 287 1061 288 1071 288 992 288 992 289 1071 289 1004 289 992 290 1004 290 976 290 1231 291 1239 291 1035 291 1035 292 1239 292 1045 292 1035 293 1045 293 972 293 972 294 1045 294 980 294 972 295 980 295 957 295 1010 296 1021 296 951 296 951 297 1021 297 962 297 951 298 962 298 934 298 2004 299 2078 299 1941 299 1941 300 2078 300 1957 300 1941 301 1957 301 1891 301 2100 302 2190 302 2054 302 2054 303 2190 303 2078 303 2054 304 2078 304 2004 304 3842 305 3827 305 3829 305 3829 306 3827 306 3814 306 3829 307 3814 307 3816 307 3816 308 3814 308 3800 308 3816 309 3800 309 3799 309 3799 310 3800 310 3780 310 3799 311 3780 311 3779 311 3779 312 3780 312 3758 312 3779 313 3758 313 3760 313 3760 314 3758 314 3730 314 3760 315 3730 315 3729 315 3729 316 3730 316 3697 316 3729 317 3697 317 3698 317 3827 318 3842 318 3840 318 3840 319 3842 319 3832 319 3840 320 3832 320 3830 320 3830 321 3832 321 3819 321 3830 322 3819 322 3817 322 3817 323 3819 323 3802 323 3817 324 3802 324 3803 324 3803 325 3802 325 3782 325 3803 326 3782 326 3783 326 3783 327 3782 327 3763 327 3783 328 3763 328 3761 328 3761 329 3763 329 3732 329 3761 330 3732 330 3733 330 3733 331 3732 331 3701 331 3733 332 3701 332 3700 332 2348 333 2354 333 2316 333 2354 334 2348 334 2385 334 2385 335 2392 335 2354 335 2392 336 2385 336 2434 336 2434 337 2441 337 2392 337 2441 338 2434 338 2458 338 2458 339 2466 339 2441 339 2466 340 2458 340 2481 340 2481 341 2488 341 2466 341 2488 342 2481 342 2492 342 2492 343 2495 343 2488 343 2495 344 2492 344 2493 344 2493 345 2490 345 2495 345 2482 346 2490 346 2493 346 2468 347 2490 347 2482 347 2459 348 2468 348 2482 348 2443 349 2468 349 2459 349 2435 350 2443 350 2459 350 2394 351 2443 351 2435 351 2386 352 2394 352 2435 352 2356 353 2394 353 2386 353 2349 354 2356 354 2386 354 2318 355 2356 355 2349 355 2348 356 2316 356 2313 356 2313 357 2316 357 2270 357 2313 358 2270 358 2271 358 2349 359 2314 359 2318 359 2318 360 2314 360 2274 360 2318 361 2274 361 2273 361 2265 362 2250 362 2253 362 2253 363 2250 363 2234 363 2253 364 2234 364 2237 364 2237 365 2234 365 2199 365 2237 366 2199 366 2197 366 2197 367 2199 367 2163 367 2197 368 2163 368 2161 368 2161 369 2163 369 2100 369 2161 370 2100 370 2103 370 2103 371 2100 371 2054 371 2103 372 2054 372 2055 372 2055 373 2054 373 2004 373 2055 374 2004 374 2005 374 2250 375 2265 375 2264 375 2264 376 2265 376 2258 376 2264 377 2258 377 2255 377 2255 378 2258 378 2242 378 2255 379 2242 379 2239 379 2239 380 2242 380 2202 380 2239 381 2202 381 2204 381 2204 382 2202 382 2166 382 2204 383 2166 383 2168 383 2168 384 2166 384 2108 384 2168 385 2108 385 2105 385 2105 386 2108 386 2058 386 2105 387 2058 387 2060 387 2060 388 2058 388 2009 388 2060 389 2009 389 2008 389 1218 390 1217 390 1386 390 1386 391 1217 391 1385 391 1386 392 1385 392 1527 392 1527 393 1385 393 1526 393 1527 394 1526 394 1642 394 1642 395 1526 395 1641 395 1642 396 1641 396 1821 396 1821 397 1641 397 1820 397 1821 398 1820 398 1958 398 1958 399 1820 399 1957 399 1958 400 1957 400 2079 400 2079 401 1957 401 2078 401 2079 402 2078 402 2193 402 2193 403 2078 403 2190 403 2193 404 2190 404 2303 404 2303 405 2190 405 2302 405 2303 406 2302 406 2379 406 2379 407 2302 407 2378 407 2379 408 2378 408 2479 408 2479 409 2378 409 2476 409 2479 410 2476 410 2533 410 2533 411 2476 411 2530 411 2533 412 2530 412 2568 412 2568 413 2530 413 2567 413 2568 414 2567 414 2606 414 2606 415 2567 415 2608 415 2606 416 2608 416 2657 416 2657 417 2608 417 2659 417 2657 418 2659 418 2687 418 2687 419 2659 419 2686 419 2687 420 2686 420 2730 420 2730 421 2686 421 2727 421 2730 422 2727 422 2742 422 2742 423 2727 423 2744 423 2742 424 2744 424 2749 424 2749 425 2744 425 2748 425 2672 426 2749 426 2671 426 2671 427 2749 427 2748 427 2780 428 2813 428 2814 428 2814 429 2813 429 2896 429 2814 430 2896 430 2897 430 2897 431 2896 431 3066 431 2897 432 3066 432 3067 432 3067 433 3066 433 3297 433 3067 434 3297 434 3298 434 3298 435 3297 435 3490 435 3298 436 3490 436 3491 436 2813 437 2780 437 2779 437 2779 438 2780 438 2753 438 2779 439 2753 439 2752 439 2752 440 2753 440 2700 440 2752 441 2700 441 2699 441 2699 442 2700 442 2681 442 2699 443 2681 443 2680 443 2680 444 2681 444 2669 444 2680 445 2669 445 2668 445 2668 446 2669 446 2672 446 2668 447 2672 447 2671 447 3491 448 3490 448 3899 448 3899 449 3490 449 3898 449 3905 450 3911 450 3910 450 3916 451 3910 451 3911 451 3911 452 3917 452 3916 452 3920 453 3916 453 3917 453 3917 454 3918 454 3920 454 3914 455 3920 455 3918 455 3918 456 3912 456 3914 456 3908 457 3914 457 3912 457 3912 458 3906 458 3908 458 3902 459 3908 459 3906 459 3906 460 3900 460 3902 460 3896 461 3902 461 3900 461 3900 462 3894 462 3896 462 3893 463 3896 463 3894 463 3894 464 3891 464 3893 464 3890 465 3893 465 3891 465 3891 466 3888 466 3890 466 3887 467 3890 467 3888 467 3888 468 3885 468 3887 468 3877 469 3887 469 3885 469 3885 470 3867 470 3877 470 3860 471 3877 471 3867 471 3867 472 3853 472 3860 472 3860 473 3853 473 3845 473 3845 474 3853 474 3808 474 3845 475 3808 475 3790 475 3790 476 3808 476 3757 476 3790 477 3757 477 3735 477 3735 478 3757 478 3702 478 3735 479 3702 479 3680 479 3680 480 3702 480 3644 480 3680 481 3644 481 3626 481 3626 482 3644 482 3590 482 3626 483 3590 483 3575 483 3575 484 3590 484 3544 484 3575 485 3544 485 3541 485 3541 486 3544 486 3528 486 3541 487 3528 487 3522 487 3522 488 3528 488 3507 488 3522 489 3507 489 3502 489 3502 490 3507 490 3380 490 3502 491 3380 491 3355 491 3355 492 3380 492 3204 492 3355 493 3204 493 3185 493 3185 494 3204 494 3029 494 3899 495 3898 495 3904 495 3904 496 3898 496 3905 496 3904 497 3905 497 3910 497 2915 498 2916 498 3029 498 3029 499 2916 499 3025 499 3029 500 3025 500 3185 500 1453 501 2916 501 1452 501 1452 502 2916 502 2915 502 1453 503 1452 503 1404 503 1404 504 1452 504 1402 504 1404 505 1402 505 1377 505 1377 506 1402 506 1378 506 1377 507 1378 507 1353 507 1353 508 1378 508 1354 508 1353 509 1354 509 1346 509 1346 510 1354 510 1344 510 1346 511 1344 511 1371 511 1371 512 1344 512 1369 512 1371 513 1369 513 1392 513 1392 514 1369 514 1390 514 1392 515 1390 515 1435 515 1435 516 1390 516 1433 516 1435 517 1433 517 1467 517 1467 518 1433 518 1468 518 1467 519 1468 519 1531 519 1531 520 1468 520 1530 520 1531 521 1530 521 1594 521 1594 522 1530 522 1592 522 1594 523 1592 523 1669 523 1669 524 1592 524 1668 524 1847 525 1880 525 1881 525 1881 526 1880 526 1903 526 1881 527 1903 527 1904 527 1904 528 1903 528 1911 528 1904 529 1911 529 1912 529 1880 530 1847 530 1848 530 1848 531 1847 531 1808 531 1848 532 1808 532 1807 532 1807 533 1808 533 1734 533 1807 534 1734 534 1733 534 1733 535 1734 535 1669 535 1733 536 1669 536 1668 536 1912 537 1911 537 1986 537 1986 538 1911 538 1985 538 903 539 1986 539 902 539 902 540 1986 540 1985 540 3583 541 3575 541 3568 541 3763 542 3782 542 3790 542 2032 543 2018 543 2058 543 2730 544 2742 544 2749 544 2161 545 2103 545 2193 545 2193 546 2197 546 2161 546 2271 547 2215 547 2202 547 2271 548 2202 548 2242 548 2271 549 2242 549 2258 549 2271 550 2258 550 2265 550 3491 551 3899 551 3698 551 3491 552 3698 552 3665 552 3491 553 3665 553 3638 553 3491 554 3638 554 3613 554 3491 555 3613 555 3597 555 3491 556 3597 556 3580 556 3491 557 3580 557 3565 557 3491 558 3565 558 3557 558 3491 559 3557 559 2493 559 3491 560 2493 560 2492 560 3491 561 2492 561 3298 561 2672 562 2492 562 2481 562 2672 563 2481 563 2458 563 2672 564 2458 564 2434 564 2672 565 2434 565 2385 565 2672 566 2385 566 2348 566 2672 567 2348 567 2313 567 2672 568 2313 568 2271 568 2265 569 2303 569 2379 569 2265 570 2379 570 2479 570 2265 571 2479 571 2533 571 2265 572 2533 572 2568 572 2265 573 2568 573 2606 573 2265 574 2606 574 2657 574 2265 575 2657 575 2687 575 2492 576 2672 576 2669 576 2492 577 2669 577 2681 577 2492 578 2681 578 2700 578 2492 579 2700 579 2753 579 2492 580 2753 580 2780 580 2492 581 2780 581 2814 581 2492 582 2814 582 2897 582 2492 583 2897 583 3067 583 2492 584 3067 584 3298 584 3845 585 3790 585 3782 585 3845 586 3782 586 3802 586 3845 587 3802 587 3819 587 3845 588 3819 588 3832 588 3845 589 3832 589 3842 589 3845 590 3842 590 3916 590 3845 591 3916 591 3920 591 3845 592 3920 592 3914 592 3845 593 3914 593 3908 593 3845 594 3908 594 3902 594 3845 595 3902 595 3896 595 3845 596 3896 596 3893 596 3845 597 3893 597 3890 597 3845 598 3890 598 3887 598 3845 599 3887 599 3877 599 3845 600 3877 600 3860 600 3842 601 3899 601 3904 601 3842 602 3904 602 3910 602 3842 603 3910 603 3916 603 3557 604 3568 604 3575 604 3557 605 3575 605 3541 605 3557 606 3541 606 3522 606 3557 607 3522 607 3502 607 3557 608 3502 608 3355 608 3557 609 3355 609 3185 609 3557 610 3185 610 3025 610 3557 611 3025 611 2916 611 3557 612 2916 612 1453 612 3557 613 1453 613 2274 613 3557 614 2274 614 2314 614 3557 615 2314 615 2349 615 3557 616 2349 616 2386 616 3557 617 2386 617 2435 617 3557 618 2435 618 2459 618 3557 619 2459 619 2482 619 3557 620 2482 620 2493 620 1453 621 2012 621 2020 621 1453 622 2020 622 2034 622 1453 623 2034 623 2068 623 1453 624 2068 624 2093 624 1453 625 2093 625 2146 625 1453 626 2146 626 2217 626 1453 627 2217 627 2274 627 3626 628 3575 628 3583 628 3626 629 3583 629 3600 629 3626 630 3600 630 3616 630 3626 631 3616 631 3641 631 3626 632 3641 632 3680 632 2012 633 1453 633 1404 633 2012 634 1404 634 1377 634 2012 635 1377 635 1353 635 2012 636 1353 636 1346 636 2012 637 1346 637 1371 637 2012 638 1371 638 1392 638 2012 639 1392 639 1435 639 2012 640 1435 640 1467 640 2012 641 1467 641 1531 641 2012 642 1531 642 1594 642 2012 643 1594 643 1669 643 2012 644 1669 644 1734 644 2012 645 1734 645 1808 645 2012 646 1808 646 1847 646 2012 647 1847 647 1881 647 2012 648 1881 648 1904 648 2012 649 1904 649 1912 649 2012 650 1912 650 1986 650 2012 651 1986 651 2009 651 2012 652 2009 652 2058 652 2012 653 2058 653 2018 653 3899 654 3842 654 3829 654 3899 655 3829 655 3816 655 3899 656 3816 656 3799 656 3899 657 3799 657 3779 657 3899 658 3779 658 3760 658 3899 659 3760 659 3729 659 3899 660 3729 660 3698 660 1986 661 903 661 923 661 1986 662 923 662 1212 662 1986 663 1212 663 1224 663 1986 664 1224 664 1709 664 1986 665 1709 665 1743 665 1986 666 1743 666 1794 666 1986 667 1794 667 1838 667 1986 668 1838 668 1896 668 1986 669 1896 669 1946 669 1986 670 1946 670 2009 670 1699 671 1709 671 1224 671 1699 672 1224 672 1011 672 1699 673 1011 673 1022 673 1699 674 1022 674 1232 674 1699 675 1232 675 1240 675 1699 676 1240 676 1251 676 1699 677 1251 677 1261 677 1699 678 1261 678 1269 678 1699 679 1269 679 1279 679 1699 680 1279 680 1284 680 1699 681 1284 681 1386 681 1699 682 1386 682 1527 682 1699 683 1527 683 1642 683 1699 684 1642 684 1821 684 1821 685 1958 685 1892 685 1821 686 1892 686 1834 686 1821 687 1834 687 1790 687 1821 688 1790 688 1739 688 1821 689 1739 689 1705 689 1821 690 1705 690 1699 690 2303 691 2265 691 2253 691 2303 692 2253 692 2237 692 2303 693 2237 693 2197 693 2303 694 2197 694 2193 694 2687 695 2730 695 2265 695 2265 696 2730 696 2271 696 2730 697 2749 697 2271 697 2271 698 2749 698 2672 698 3641 699 3668 699 3680 699 3680 700 3668 700 3701 700 3680 701 3701 701 3735 701 3701 702 3732 702 3735 702 3735 703 3732 703 3763 703 3735 704 3763 704 3790 704 919 705 940 705 931 705 931 706 940 706 997 706 931 707 997 707 987 707 987 708 997 708 1224 708 987 709 1224 709 1212 709 903 710 887 710 923 710 923 711 887 711 895 711 2032 712 2058 712 2066 712 2066 713 2058 713 2108 713 2066 714 2108 714 2091 714 2091 715 2108 715 2166 715 2091 716 2166 716 2144 716 2144 717 2166 717 2202 717 2144 718 2202 718 2215 718 1170 719 1186 719 1182 719 1182 720 1186 720 1197 720 1182 721 1197 721 1192 721 1197 722 1218 722 1192 722 1192 723 1218 723 1386 723 1192 724 1386 724 1284 724 1076 725 1104 725 1095 725 1095 726 1104 726 1139 726 1095 727 1139 727 1135 727 1135 728 1139 728 1284 728 1135 729 1284 729 1279 729 1050 730 1080 730 1068 730 1068 731 1080 731 1128 731 1068 732 1128 732 1123 732 1123 733 1128 733 1279 733 1123 734 1279 734 1269 734 1026 735 1055 735 1042 735 1042 736 1055 736 1117 736 1042 737 1117 737 1111 737 1111 738 1117 738 1269 738 1111 739 1269 739 1261 739 1001 740 1031 740 1017 740 1017 741 1031 741 1099 741 1017 742 1099 742 1086 742 1086 743 1099 743 1261 743 1086 744 1261 744 1251 744 977 745 1005 745 993 745 993 746 1005 746 1072 746 993 747 1072 747 1062 747 1062 748 1072 748 1251 748 1062 749 1251 749 1240 749 958 750 981 750 973 750 973 751 981 751 1046 751 973 752 1046 752 1036 752 1036 753 1046 753 1240 753 1036 754 1240 754 1232 754 935 755 963 755 952 755 952 756 963 756 1022 756 952 757 1022 757 1011 757 1892 758 1958 758 1942 758 1942 759 1958 759 2079 759 1942 760 2079 760 2005 760 2005 761 2079 761 2055 761 2055 762 2079 762 2193 762 2055 763 2193 763 2103 763 1192 764 1191 764 1182 764 1182 765 1191 765 1181 765 1182 766 1181 766 1170 766 1170 767 1181 767 1169 767 1170 768 1169 768 1186 768 1186 769 1169 769 1185 769 1186 770 1185 770 1197 770 1197 771 1185 771 1196 771 1197 772 1196 772 1218 772 1218 773 1196 773 1217 773 903 774 902 774 887 774 887 775 902 775 886 775 887 776 886 776 895 776 895 777 886 777 894 777 895 778 894 778 923 778 923 779 894 779 922 779 1212 780 923 780 1211 780 1211 781 923 781 922 781 1192 782 1284 782 1191 782 1191 783 1284 783 1283 783 987 784 1212 784 986 784 986 785 1212 785 1211 785 1284 786 1139 786 1283 786 1283 787 1139 787 1138 787 996 788 997 788 939 788 939 789 997 789 940 789 939 790 940 790 918 790 918 791 940 791 919 791 918 792 919 792 930 792 930 793 919 793 931 793 930 794 931 794 986 794 986 795 931 795 987 795 1138 796 1139 796 1103 796 1103 797 1139 797 1104 797 1103 798 1104 798 1075 798 1075 799 1104 799 1076 799 1075 800 1076 800 1094 800 1094 801 1076 801 1095 801 1094 802 1095 802 1134 802 1134 803 1095 803 1135 803 1224 804 997 804 1223 804 1223 805 997 805 996 805 1135 806 1279 806 1134 806 1134 807 1279 807 1278 807 1011 808 1224 808 1010 808 1010 809 1224 809 1223 809 1279 810 1128 810 1278 810 1278 811 1128 811 1127 811 1021 812 1022 812 962 812 962 813 1022 813 963 813 962 814 963 814 934 814 934 815 963 815 935 815 934 816 935 816 951 816 951 817 935 817 952 817 951 818 952 818 1010 818 1010 819 952 819 1011 819 1127 820 1128 820 1079 820 1079 821 1128 821 1080 821 1079 822 1080 822 1049 822 1049 823 1080 823 1050 823 1049 824 1050 824 1067 824 1067 825 1050 825 1068 825 1067 826 1068 826 1122 826 1122 827 1068 827 1123 827 1232 828 1022 828 1231 828 1231 829 1022 829 1021 829 1123 830 1269 830 1122 830 1122 831 1269 831 1268 831 1036 832 1232 832 1035 832 1035 833 1232 833 1231 833 1269 834 1117 834 1268 834 1268 835 1117 835 1116 835 1045 836 1046 836 980 836 980 837 1046 837 981 837 980 838 981 838 957 838 957 839 981 839 958 839 957 840 958 840 972 840 972 841 958 841 973 841 972 842 973 842 1035 842 1035 843 973 843 1036 843 1116 844 1117 844 1054 844 1054 845 1117 845 1055 845 1054 846 1055 846 1025 846 1025 847 1055 847 1026 847 1025 848 1026 848 1041 848 1041 849 1026 849 1042 849 1041 850 1042 850 1110 850 1110 851 1042 851 1111 851 1240 852 1046 852 1239 852 1239 853 1046 853 1045 853 1111 854 1261 854 1110 854 1110 855 1261 855 1260 855 1062 856 1240 856 1061 856 1061 857 1240 857 1239 857 1261 858 1099 858 1260 858 1260 859 1099 859 1098 859 1071 860 1072 860 1004 860 1004 861 1072 861 1005 861 1004 862 1005 862 976 862 976 863 1005 863 977 863 976 864 977 864 992 864 992 865 977 865 993 865 992 866 993 866 1061 866 1061 867 993 867 1062 867 1098 868 1099 868 1030 868 1030 869 1099 869 1031 869 1030 870 1031 870 1000 870 1000 871 1031 871 1001 871 1000 872 1001 872 1016 872 1016 873 1001 873 1017 873 1016 874 1017 874 1085 874 1085 875 1017 875 1086 875 1251 876 1072 876 1250 876 1250 877 1072 877 1071 877 1086 878 1251 878 1085 878 1085 879 1251 879 1250 879 2145 880 2154 880 2216 880 2098 881 2154 881 2145 881 2092 882 2098 882 2145 882 2074 883 2098 883 2092 883 2067 884 2074 884 2092 884 2040 885 2074 885 2067 885 2033 886 2040 886 2067 886 2026 887 2040 887 2033 887 2019 888 2026 888 2033 888 2014 889 2026 889 2019 889 2011 890 2014 890 2019 890 2011 891 2013 891 2014 891 2013 892 2011 892 2017 892 2017 893 2025 893 2013 893 2025 894 2017 894 2031 894 2031 895 2039 895 2025 895 2039 896 2031 896 2065 896 2065 897 2073 897 2039 897 2073 898 2065 898 2090 898 2090 899 2097 899 2073 899 2097 900 2090 900 2143 900 2143 901 2153 901 2097 901 2153 902 2143 902 2214 902 2154 903 2220 903 2216 903 2216 904 2220 904 2272 904 2216 905 2272 905 2273 905 2153 906 2214 906 2219 906 2219 907 2214 907 2270 907 2219 908 2270 908 2269 908 3556 909 3566 909 3567 909 3567 910 3566 910 3581 910 3567 911 3581 911 3582 911 3582 912 3581 912 3598 912 3582 913 3598 913 3599 913 3599 914 3598 914 3614 914 3599 915 3614 915 3615 915 3615 916 3614 916 3639 916 3615 917 3639 917 3640 917 3640 918 3639 918 3666 918 3640 919 3666 919 3667 919 3667 920 3666 920 3699 920 3667 921 3699 921 3700 921 3566 922 3556 922 3555 922 3555 923 3556 923 3564 923 3555 924 3564 924 3563 924 3563 925 3564 925 3579 925 3563 926 3579 926 3578 926 3578 927 3579 927 3596 927 3578 928 3596 928 3595 928 3595 929 3596 929 3612 929 3595 930 3612 930 3611 930 3611 931 3612 931 3637 931 3611 932 3637 932 3636 932 3636 933 3637 933 3664 933 3636 934 3664 934 3663 934 3663 935 3664 935 3697 935 3663 936 3697 936 3696 936 1895 937 1906 937 1945 937 1850 938 1906 938 1895 938 1837 939 1850 939 1895 939 1804 940 1850 940 1837 940 1793 941 1804 941 1837 941 1762 942 1804 942 1793 942 1742 943 1762 943 1793 943 1719 944 1762 944 1742 944 1708 945 1719 945 1742 945 1702 946 1719 946 1708 946 1698 947 1702 947 1708 947 1701 948 1702 948 1698 948 1704 949 1701 949 1698 949 1704 950 1718 950 1701 950 1718 951 1704 951 1738 951 1738 952 1760 952 1718 952 1760 953 1738 953 1789 953 1789 954 1803 954 1760 954 1803 955 1789 955 1833 955 1833 956 1849 956 1803 956 1849 957 1833 957 1891 957 1891 958 1905 958 1849 958 1905 959 1891 959 1941 959 1906 960 1950 960 1945 960 1945 961 1950 961 2007 961 1945 962 2007 962 2008 962 1905 963 1941 963 1949 963 1949 964 1941 964 2004 964 1949 965 2004 965 2003 965 3702 966 3667 966 3700 966 2031 967 2017 967 2060 967 2727 968 2744 968 2748 968 2163 969 2100 969 2190 969 2190 970 2199 970 2163 970 2270 971 2214 971 2204 971 2270 972 2204 972 2239 972 2270 973 2239 973 2255 973 2270 974 2255 974 2264 974 3490 975 3898 975 3697 975 3490 976 3697 976 3664 976 3490 977 3664 977 3637 977 3490 978 3637 978 3612 978 3490 979 3612 979 3596 979 3490 980 3596 980 3579 980 3490 981 3579 981 3564 981 3490 982 3564 982 3556 982 3490 983 3556 983 2490 983 3490 984 2490 984 2495 984 3490 985 2495 985 3297 985 2671 986 2668 986 2495 986 2671 987 2495 987 2488 987 2671 988 2488 988 2466 988 2671 989 2466 989 2441 989 2671 990 2441 990 2392 990 2671 991 2392 991 2354 991 2671 992 2354 992 2316 992 2671 993 2316 993 2270 993 2264 994 2302 994 2378 994 2264 995 2378 995 2476 995 2264 996 2476 996 2530 996 2264 997 2530 997 2567 997 2264 998 2567 998 2608 998 2264 999 2608 999 2659 999 2264 1000 2659 1000 2686 1000 3853 1001 3808 1001 3803 1001 3853 1002 3803 1002 3817 1002 3853 1003 3817 1003 3830 1003 3853 1004 3830 1004 3841 1004 3853 1005 3841 1005 3917 1005 3853 1006 3917 1006 3918 1006 3853 1007 3918 1007 3912 1007 3853 1008 3912 1008 3906 1008 3853 1009 3906 1009 3900 1009 3853 1010 3900 1010 3894 1010 3853 1011 3894 1011 3891 1011 3853 1012 3891 1012 3888 1012 3853 1013 3888 1013 3885 1013 3853 1014 3885 1014 3867 1014 3841 1015 3898 1015 3905 1015 3841 1016 3905 1016 3911 1016 3841 1017 3911 1017 3917 1017 3556 1018 3544 1018 3528 1018 3556 1019 3528 1019 3507 1019 3556 1020 3507 1020 3380 1020 3556 1021 3380 1021 3204 1021 3556 1022 3204 1022 3029 1022 3556 1023 3029 1023 2915 1023 3556 1024 2915 1024 1452 1024 3556 1025 1452 1025 2273 1025 3556 1026 2273 1026 2318 1026 3556 1027 2318 1027 2356 1027 3556 1028 2356 1028 2394 1028 3556 1029 2394 1029 2443 1029 3556 1030 2443 1030 2468 1030 3556 1031 2468 1031 2490 1031 1452 1032 2011 1032 2019 1032 1452 1033 2019 1033 2033 1033 1452 1034 2033 1034 2067 1034 1452 1035 2067 1035 2092 1035 1452 1036 2092 1036 2145 1036 1452 1037 2145 1037 2216 1037 1452 1038 2216 1038 2273 1038 3590 1039 3544 1039 3556 1039 3590 1040 3556 1040 3567 1040 3590 1041 3567 1041 3582 1041 3590 1042 3582 1042 3599 1042 3644 1043 3590 1043 3599 1043 3644 1044 3599 1044 3615 1044 3644 1045 3615 1045 3640 1045 3644 1046 3640 1046 3667 1046 3644 1047 3667 1047 3702 1047 3808 1048 3757 1048 3761 1048 3808 1049 3761 1049 3783 1049 3808 1050 3783 1050 3803 1050 2011 1051 1452 1051 1402 1051 2011 1052 1402 1052 1378 1052 2011 1053 1378 1053 1354 1053 2011 1054 1354 1054 1344 1054 2011 1055 1344 1055 1369 1055 2011 1056 1369 1056 1390 1056 2011 1057 1390 1057 1433 1057 2011 1058 1433 1058 1468 1058 2011 1059 1468 1059 1530 1059 2011 1060 1530 1060 1592 1060 2011 1061 1592 1061 1668 1061 2011 1062 1668 1062 1733 1062 2011 1063 1733 1063 1807 1063 2011 1064 1807 1064 1848 1064 2011 1065 1848 1065 1880 1065 2011 1066 1880 1066 1903 1066 2011 1067 1903 1067 1911 1067 2011 1068 1911 1068 1985 1068 2011 1069 1985 1069 2008 1069 2011 1070 2008 1070 2060 1070 2011 1071 2060 1071 2017 1071 3898 1072 3841 1072 3827 1072 3898 1073 3827 1073 3814 1073 3898 1074 3814 1074 3800 1074 3898 1075 3800 1075 3780 1075 3898 1076 3780 1076 3758 1076 3898 1077 3758 1077 3730 1077 3898 1078 3730 1078 3697 1078 2495 1079 2668 1079 2680 1079 2495 1080 2680 1080 2699 1080 2495 1081 2699 1081 2752 1081 2495 1082 2752 1082 2779 1082 2495 1083 2779 1083 2813 1083 2495 1084 2813 1084 2896 1084 2495 1085 2896 1085 3066 1085 2495 1086 3066 1086 3297 1086 1985 1087 902 1087 922 1087 1985 1088 922 1088 1211 1088 1985 1089 1211 1089 1223 1089 1985 1090 1223 1090 1708 1090 1985 1091 1708 1091 1742 1091 1985 1092 1742 1092 1793 1092 1985 1093 1793 1093 1837 1093 1985 1094 1837 1094 1895 1094 1985 1095 1895 1095 1945 1095 1985 1096 1945 1096 2008 1096 1698 1097 1708 1097 1223 1097 1698 1098 1223 1098 1010 1098 1698 1099 1010 1099 1021 1099 1698 1100 1021 1100 1231 1100 1698 1101 1231 1101 1239 1101 1698 1102 1239 1102 1250 1102 1698 1103 1250 1103 1260 1103 1698 1104 1260 1104 1268 1104 1698 1105 1268 1105 1278 1105 1698 1106 1278 1106 1283 1106 1698 1107 1283 1107 1385 1107 1698 1108 1385 1108 1526 1108 1698 1109 1526 1109 1641 1109 1698 1110 1641 1110 1820 1110 1820 1111 1957 1111 1891 1111 1820 1112 1891 1112 1833 1112 1820 1113 1833 1113 1789 1113 1820 1114 1789 1114 1738 1114 1820 1115 1738 1115 1704 1115 1820 1116 1704 1116 1698 1116 2302 1117 2264 1117 2250 1117 2302 1118 2250 1118 2234 1118 2302 1119 2234 1119 2199 1119 2302 1120 2199 1120 2190 1120 2686 1121 2727 1121 2264 1121 2264 1122 2727 1122 2270 1122 2727 1123 2748 1123 2270 1123 2270 1124 2748 1124 2671 1124 3761 1125 3757 1125 3733 1125 3733 1126 3757 1126 3702 1126 3733 1127 3702 1127 3700 1127 918 1128 939 1128 930 1128 930 1129 939 1129 996 1129 930 1130 996 1130 986 1130 986 1131 996 1131 1223 1131 986 1132 1223 1132 1211 1132 902 1133 886 1133 922 1133 922 1134 886 1134 894 1134 2031 1135 2060 1135 2065 1135 2065 1136 2060 1136 2105 1136 2065 1137 2105 1137 2090 1137 2090 1138 2105 1138 2168 1138 2090 1139 2168 1139 2143 1139 2143 1140 2168 1140 2204 1140 2143 1141 2204 1141 2214 1141 1169 1142 1185 1142 1181 1142 1181 1143 1185 1143 1196 1143 1181 1144 1196 1144 1191 1144 1196 1145 1217 1145 1191 1145 1191 1146 1217 1146 1385 1146 1191 1147 1385 1147 1283 1147 1075 1148 1103 1148 1094 1148 1094 1149 1103 1149 1138 1149 1094 1150 1138 1150 1134 1150 1134 1151 1138 1151 1283 1151 1134 1152 1283 1152 1278 1152 1049 1153 1079 1153 1067 1153 1067 1154 1079 1154 1127 1154 1067 1155 1127 1155 1122 1155 1122 1156 1127 1156 1278 1156 1122 1157 1278 1157 1268 1157 1025 1158 1054 1158 1041 1158 1041 1159 1054 1159 1116 1159 1041 1160 1116 1160 1110 1160 1110 1161 1116 1161 1268 1161 1110 1162 1268 1162 1260 1162 1000 1163 1030 1163 1016 1163 1016 1164 1030 1164 1098 1164 1016 1165 1098 1165 1085 1165 1085 1166 1098 1166 1260 1166 1085 1167 1260 1167 1250 1167 976 1168 1004 1168 992 1168 992 1169 1004 1169 1071 1169 992 1170 1071 1170 1061 1170 1061 1171 1071 1171 1250 1171 1061 1172 1250 1172 1239 1172 957 1173 980 1173 972 1173 972 1174 980 1174 1045 1174 972 1175 1045 1175 1035 1175 1035 1176 1045 1176 1239 1176 1035 1177 1239 1177 1231 1177 934 1178 962 1178 951 1178 951 1179 962 1179 1021 1179 951 1180 1021 1180 1010 1180 1891 1181 1957 1181 1941 1181 1941 1182 1957 1182 2078 1182 1941 1183 2078 1183 2004 1183 2004 1184 2078 1184 2054 1184 2054 1185 2078 1185 2190 1185 2054 1186 2190 1186 2100 1186 2495 1187 2489 1187 2488 1187 2488 1188 2489 1188 2467 1188 2488 1189 2467 1189 2466 1189 2466 1190 2467 1190 2440 1190 2466 1191 2440 1191 2441 1191 2441 1192 2440 1192 2391 1192 2441 1193 2391 1193 2392 1193 2392 1194 2391 1194 2355 1194 2392 1195 2355 1195 2354 1195 2354 1196 2355 1196 2315 1196 2354 1197 2315 1197 2316 1197 2316 1198 2315 1198 2269 1198 2316 1199 2269 1199 2270 1199 2489 1200 2495 1200 2494 1200 2494 1201 2495 1201 2490 1201 2494 1202 2490 1202 2491 1202 2491 1203 2490 1203 2468 1203 2491 1204 2468 1204 2469 1204 2469 1205 2468 1205 2443 1205 2469 1206 2443 1206 2442 1206 2442 1207 2443 1207 2394 1207 2442 1208 2394 1208 2393 1208 2393 1209 2394 1209 2356 1209 2393 1210 2356 1210 2357 1210 2357 1211 2356 1211 2318 1211 2357 1212 2318 1212 2317 1212 2317 1213 2318 1213 2273 1213 2317 1214 2273 1214 2272 1214 3841 1215 3828 1215 3827 1215 3827 1216 3828 1216 3815 1216 3827 1217 3815 1217 3814 1217 3814 1218 3815 1218 3798 1218 3814 1219 3798 1219 3800 1219 3800 1220 3798 1220 3778 1220 3800 1221 3778 1221 3780 1221 3780 1222 3778 1222 3759 1222 3780 1223 3759 1223 3758 1223 3758 1224 3759 1224 3728 1224 3758 1225 3728 1225 3730 1225 3730 1226 3728 1226 3696 1226 3730 1227 3696 1227 3697 1227 3828 1228 3841 1228 3839 1228 3839 1229 3841 1229 3830 1229 3839 1230 3830 1230 3831 1230 3831 1231 3830 1231 3817 1231 3831 1232 3817 1232 3818 1232 3818 1233 3817 1233 3803 1233 3818 1234 3803 1234 3801 1234 3801 1235 3803 1235 3783 1235 3801 1236 3783 1236 3781 1236 3781 1237 3783 1237 3761 1237 3781 1238 3761 1238 3762 1238 3762 1239 3761 1239 3733 1239 3762 1240 3733 1240 3731 1240 3731 1241 3733 1241 3700 1241 3731 1242 3700 1242 3699 1242 2264 1243 2252 1243 2250 1243 2250 1244 2252 1244 2236 1244 2250 1245 2236 1245 2234 1245 2234 1246 2236 1246 2196 1246 2234 1247 2196 1247 2199 1247 2199 1248 2196 1248 2160 1248 2199 1249 2160 1249 2163 1249 2163 1250 2160 1250 2102 1250 2163 1251 2102 1251 2100 1251 2100 1252 2102 1252 2053 1252 2100 1253 2053 1253 2054 1253 2054 1254 2053 1254 2003 1254 2054 1255 2003 1255 2004 1255 2252 1256 2264 1256 2263 1256 2263 1257 2264 1257 2255 1257 2263 1258 2255 1258 2257 1258 2257 1259 2255 1259 2239 1259 2257 1260 2239 1260 2241 1260 2241 1261 2239 1261 2204 1261 2241 1262 2204 1262 2201 1262 2201 1263 2204 1263 2168 1263 2201 1264 2168 1264 2165 1264 2165 1265 2168 1265 2105 1265 2165 1266 2105 1266 2107 1266 2107 1267 2105 1267 2060 1267 2107 1268 2060 1268 2057 1268 2057 1269 2060 1269 2008 1269 2057 1270 2008 1270 2007 1270 1217 1271 1216 1271 1385 1271 1385 1272 1216 1272 1383 1272 1385 1273 1383 1273 1526 1273 1526 1274 1383 1274 1525 1274 1526 1275 1525 1275 1641 1275 1641 1276 1525 1276 1640 1276 1641 1277 1640 1277 1820 1277 1820 1278 1640 1278 1819 1278 1820 1279 1819 1279 1957 1279 1957 1280 1819 1280 1956 1280 1957 1281 1956 1281 2078 1281 2078 1282 1956 1282 2077 1282 2078 1283 2077 1283 2190 1283 2190 1284 2077 1284 2192 1284 2190 1285 2192 1285 2302 1285 2302 1286 2192 1286 2301 1286 2302 1287 2301 1287 2378 1287 2378 1288 2301 1288 2377 1288 2378 1289 2377 1289 2476 1289 2476 1290 2377 1290 2478 1290 2476 1291 2478 1291 2530 1291 2530 1292 2478 1292 2532 1292 2530 1293 2532 1293 2567 1293 2567 1294 2532 1294 2566 1294 2567 1295 2566 1295 2608 1295 2608 1296 2566 1296 2605 1296 2608 1297 2605 1297 2659 1297 2659 1298 2605 1298 2656 1298 2659 1299 2656 1299 2686 1299 2686 1300 2656 1300 2685 1300 2686 1301 2685 1301 2727 1301 2727 1302 2685 1302 2729 1302 2727 1303 2729 1303 2744 1303 2744 1304 2729 1304 2741 1304 2744 1305 2741 1305 2748 1305 2748 1306 2741 1306 2747 1306 2671 1307 2748 1307 2670 1307 2670 1308 2748 1308 2747 1308 2779 1309 2812 1309 2813 1309 2813 1310 2812 1310 2895 1310 2813 1311 2895 1311 2896 1311 2896 1312 2895 1312 3065 1312 2896 1313 3065 1313 3066 1313 3066 1314 3065 1314 3296 1314 3066 1315 3296 1315 3297 1315 3297 1316 3296 1316 3489 1316 3297 1317 3489 1317 3490 1317 2812 1318 2779 1318 2778 1318 2778 1319 2779 1319 2752 1319 2778 1320 2752 1320 2751 1320 2751 1321 2752 1321 2699 1321 2751 1322 2699 1322 2698 1322 2698 1323 2699 1323 2680 1323 2698 1324 2680 1324 2679 1324 2679 1325 2680 1325 2668 1325 2679 1326 2668 1326 2667 1326 2667 1327 2668 1327 2671 1327 2667 1328 2671 1328 2670 1328 3490 1329 3489 1329 3898 1329 3898 1330 3489 1330 3897 1330 3905 1331 3909 1331 3911 1331 3911 1332 3909 1332 3915 1332 3911 1333 3915 1333 3917 1333 3917 1334 3915 1334 3919 1334 3917 1335 3919 1335 3918 1335 3918 1336 3919 1336 3913 1336 3918 1337 3913 1337 3912 1337 3912 1338 3913 1338 3907 1338 3912 1339 3907 1339 3906 1339 3906 1340 3907 1340 3901 1340 3906 1341 3901 1341 3900 1341 3900 1342 3901 1342 3895 1342 3900 1343 3895 1343 3894 1343 3894 1344 3895 1344 3892 1344 3894 1345 3892 1345 3891 1345 3891 1346 3892 1346 3889 1346 3891 1347 3889 1347 3888 1347 3888 1348 3889 1348 3886 1348 3888 1349 3886 1349 3885 1349 3885 1350 3886 1350 3876 1350 3885 1351 3876 1351 3867 1351 3867 1352 3876 1352 3859 1352 3867 1353 3859 1353 3853 1353 3859 1354 3844 1354 3853 1354 3808 1355 3853 1355 3844 1355 3844 1356 3789 1356 3808 1356 3757 1357 3808 1357 3789 1357 3789 1358 3734 1358 3757 1358 3702 1359 3757 1359 3734 1359 3734 1360 3679 1360 3702 1360 3644 1361 3702 1361 3679 1361 3679 1362 3625 1362 3644 1362 3590 1363 3644 1363 3625 1363 3625 1364 3574 1364 3590 1364 3544 1365 3590 1365 3574 1365 3574 1366 3540 1366 3544 1366 3528 1367 3544 1367 3540 1367 3540 1368 3521 1368 3528 1368 3507 1369 3528 1369 3521 1369 3521 1370 3501 1370 3507 1370 3380 1371 3507 1371 3501 1371 3501 1372 3354 1372 3380 1372 3204 1373 3380 1373 3354 1373 3354 1374 3184 1374 3204 1374 3029 1375 3204 1375 3184 1375 3898 1376 3897 1376 3905 1376 3905 1377 3897 1377 3903 1377 3905 1378 3903 1378 3909 1378 2914 1379 2915 1379 3024 1379 3024 1380 2915 1380 3029 1380 3024 1381 3029 1381 3184 1381 1452 1382 2915 1382 1451 1382 1451 1383 2915 1383 2914 1383 1452 1384 1451 1384 1402 1384 1402 1385 1451 1385 1403 1385 1402 1386 1403 1386 1378 1386 1378 1387 1403 1387 1376 1387 1378 1388 1376 1388 1354 1388 1354 1389 1376 1389 1352 1389 1354 1390 1352 1390 1344 1390 1344 1391 1352 1391 1345 1391 1344 1392 1345 1392 1369 1392 1369 1393 1345 1393 1370 1393 1369 1394 1370 1394 1390 1394 1390 1395 1370 1395 1391 1395 1390 1396 1391 1396 1433 1396 1433 1397 1391 1397 1434 1397 1433 1398 1434 1398 1468 1398 1468 1399 1434 1399 1466 1399 1468 1400 1466 1400 1530 1400 1530 1401 1466 1401 1529 1401 1530 1402 1529 1402 1592 1402 1592 1403 1529 1403 1593 1403 1592 1404 1593 1404 1668 1404 1668 1405 1593 1405 1667 1405 1848 1406 1879 1406 1880 1406 1880 1407 1879 1407 1902 1407 1880 1408 1902 1408 1903 1408 1903 1409 1902 1409 1910 1409 1903 1410 1910 1410 1911 1410 1879 1411 1848 1411 1846 1411 1846 1412 1848 1412 1807 1412 1846 1413 1807 1413 1806 1413 1806 1414 1807 1414 1733 1414 1806 1415 1733 1415 1732 1415 1732 1416 1733 1416 1668 1416 1732 1417 1668 1417 1667 1417 1911 1418 1910 1418 1985 1418 1985 1419 1910 1419 1984 1419 902 1420 1985 1420 901 1420 901 1421 1985 1421 1984 1421 3566 1422 3574 1422 3581 1422 3789 1423 3781 1423 3762 1423 1222 1424 1719 1424 1702 1424 2747 1425 2741 1425 2729 1425 2192 1426 2102 1426 2160 1426 2160 1427 2196 1427 2192 1427 2269 1428 2263 1428 2257 1428 2269 1429 2257 1429 2241 1429 2269 1430 2241 1430 2201 1430 2269 1431 2201 1431 2219 1431 3489 1432 3296 1432 2494 1432 3489 1433 2494 1433 2491 1433 3489 1434 2491 1434 2469 1434 3489 1435 2469 1435 2442 1435 3489 1436 2442 1436 3555 1436 3489 1437 3555 1437 3563 1437 3489 1438 3563 1438 3578 1438 3489 1439 3578 1439 3595 1439 3489 1440 3595 1440 3611 1440 3489 1441 3611 1441 3636 1441 3489 1442 3636 1442 3663 1442 3489 1443 3663 1443 3696 1443 3489 1444 3696 1444 3897 1444 1451 1445 2272 1445 2220 1445 1451 1446 2220 1446 2154 1446 1451 1447 2154 1447 2098 1447 1451 1448 2098 1448 2074 1448 1451 1449 2074 1449 2040 1449 1451 1450 2040 1450 2026 1450 1451 1451 2026 1451 2014 1451 1451 1452 2014 1452 1352 1452 1451 1453 1352 1453 1376 1453 1451 1454 1376 1454 1403 1454 1984 1455 2013 1455 2007 1455 1984 1456 2007 1456 1950 1456 1984 1457 1950 1457 1906 1457 1984 1458 1906 1458 1850 1458 1984 1459 1850 1459 1804 1459 1984 1460 1804 1460 1762 1460 1984 1461 1762 1461 1719 1461 1984 1462 1719 1462 1222 1462 1984 1463 1222 1463 1210 1463 1984 1464 1210 1464 921 1464 1984 1465 921 1465 901 1465 2670 1466 2269 1466 2315 1466 2670 1467 2315 1467 2355 1467 2670 1468 2355 1468 2391 1468 2670 1469 2391 1469 2440 1469 2670 1470 2440 1470 2467 1470 2670 1471 2467 1471 2489 1471 2670 1472 2489 1472 2494 1472 2670 1473 2494 1473 2667 1473 2263 1474 2685 1474 2656 1474 2263 1475 2656 1475 2605 1475 2263 1476 2605 1476 2566 1476 2263 1477 2566 1477 2532 1477 2263 1478 2532 1478 2478 1478 2263 1479 2478 1479 2377 1479 2263 1480 2377 1480 2301 1480 1701 1481 1819 1481 1640 1481 1701 1482 1640 1482 1282 1482 1701 1483 1282 1483 1277 1483 1701 1484 1277 1484 1267 1484 1701 1485 1267 1485 1259 1485 1701 1486 1259 1486 1249 1486 1701 1487 1249 1487 1238 1487 1701 1488 1238 1488 1230 1488 1701 1489 1230 1489 1020 1489 1701 1490 1020 1490 1009 1490 1701 1491 1009 1491 1222 1491 1701 1492 1222 1492 1702 1492 3844 1493 3859 1493 3876 1493 3844 1494 3876 1494 3886 1494 3844 1495 3886 1495 3889 1495 3844 1496 3889 1496 3892 1496 3844 1497 3892 1497 3895 1497 3844 1498 3895 1498 3901 1498 3844 1499 3901 1499 3907 1499 3844 1500 3907 1500 3913 1500 3844 1501 3913 1501 3919 1501 3844 1502 3919 1502 3915 1502 3844 1503 3915 1503 3839 1503 3844 1504 3839 1504 3831 1504 3844 1505 3831 1505 3818 1505 3844 1506 3818 1506 3801 1506 3844 1507 3801 1507 3781 1507 3844 1508 3781 1508 3789 1508 3839 1509 3915 1509 3909 1509 3839 1510 3909 1510 3903 1510 3839 1511 3903 1511 3897 1511 3555 1512 2442 1512 2393 1512 3555 1513 2393 1513 2357 1513 3555 1514 2357 1514 2317 1514 3555 1515 2317 1515 2272 1515 3555 1516 2272 1516 1451 1516 3555 1517 1451 1517 2914 1517 3555 1518 2914 1518 3024 1518 3555 1519 3024 1519 3184 1519 3555 1520 3184 1520 3354 1520 3555 1521 3354 1521 3501 1521 3555 1522 3501 1522 3521 1522 3555 1523 3521 1523 3540 1523 3555 1524 3540 1524 3574 1524 3555 1525 3574 1525 3566 1525 2013 1526 1984 1526 1910 1526 2013 1527 1910 1527 1902 1527 2013 1528 1902 1528 1879 1528 2013 1529 1879 1529 1846 1529 2013 1530 1846 1530 1806 1530 2013 1531 1806 1531 1732 1531 2013 1532 1732 1532 1667 1532 2013 1533 1667 1533 1593 1533 2013 1534 1593 1534 1529 1534 2013 1535 1529 1535 1466 1535 2013 1536 1466 1536 1434 1536 2013 1537 1434 1537 1391 1537 2013 1538 1391 1538 1370 1538 2013 1539 1370 1539 1345 1539 2013 1540 1345 1540 1352 1540 2013 1541 1352 1541 2014 1541 3625 1542 3679 1542 3639 1542 3625 1543 3639 1543 3614 1543 3625 1544 3614 1544 3598 1544 3625 1545 3598 1545 3581 1545 3625 1546 3581 1546 3574 1546 3897 1547 3696 1547 3728 1547 3897 1548 3728 1548 3759 1548 3897 1549 3759 1549 3778 1549 3897 1550 3778 1550 3798 1550 3897 1551 3798 1551 3815 1551 3897 1552 3815 1552 3828 1552 3897 1553 3828 1553 3839 1553 2494 1554 3296 1554 3065 1554 2494 1555 3065 1555 2895 1555 2494 1556 2895 1556 2812 1556 2494 1557 2812 1557 2778 1557 2494 1558 2778 1558 2751 1558 2494 1559 2751 1559 2698 1559 2494 1560 2698 1560 2679 1560 2494 1561 2679 1561 2667 1561 1819 1562 1701 1562 1718 1562 1819 1563 1718 1563 1760 1563 1819 1564 1760 1564 1803 1564 1819 1565 1803 1565 1849 1565 1819 1566 1849 1566 1905 1566 1819 1567 1905 1567 1956 1567 2301 1568 2192 1568 2196 1568 2301 1569 2196 1569 2236 1569 2301 1570 2236 1570 2252 1570 2301 1571 2252 1571 2263 1571 2685 1572 2263 1572 2729 1572 2729 1573 2263 1573 2269 1573 2729 1574 2269 1574 2747 1574 2747 1575 2269 1575 2670 1575 1640 1576 1525 1576 1282 1576 1282 1577 1525 1577 1383 1577 1282 1578 1383 1578 1190 1578 1190 1579 1383 1579 1216 1579 1190 1580 1216 1580 1195 1580 3734 1581 3699 1581 3679 1581 3679 1582 3699 1582 3666 1582 3679 1583 3666 1583 3639 1583 3789 1584 3762 1584 3734 1584 3734 1585 3762 1585 3731 1585 3734 1586 3731 1586 3699 1586 1210 1587 1222 1587 985 1587 985 1588 1222 1588 995 1588 985 1589 995 1589 929 1589 929 1590 995 1590 938 1590 929 1591 938 1591 917 1591 901 1592 921 1592 885 1592 885 1593 921 1593 893 1593 2007 1594 2013 1594 2057 1594 2057 1595 2013 1595 2025 1595 2057 1596 2025 1596 2039 1596 2219 1597 2201 1597 2153 1597 2153 1598 2201 1598 2165 1598 2153 1599 2165 1599 2097 1599 2097 1600 2165 1600 2107 1600 2097 1601 2107 1601 2073 1601 2073 1602 2107 1602 2057 1602 2073 1603 2057 1603 2039 1603 1190 1604 1195 1604 1180 1604 1180 1605 1195 1605 1184 1605 1180 1606 1184 1606 1168 1606 1277 1607 1282 1607 1133 1607 1133 1608 1282 1608 1137 1608 1133 1609 1137 1609 1093 1609 1093 1610 1137 1610 1102 1610 1093 1611 1102 1611 1074 1611 1267 1612 1277 1612 1121 1612 1121 1613 1277 1613 1126 1613 1121 1614 1126 1614 1066 1614 1066 1615 1126 1615 1078 1615 1066 1616 1078 1616 1048 1616 1259 1617 1267 1617 1109 1617 1109 1618 1267 1618 1115 1618 1109 1619 1115 1619 1040 1619 1040 1620 1115 1620 1053 1620 1040 1621 1053 1621 1024 1621 1249 1622 1259 1622 1084 1622 1084 1623 1259 1623 1097 1623 1084 1624 1097 1624 1015 1624 1015 1625 1097 1625 1029 1625 1015 1626 1029 1626 999 1626 1238 1627 1249 1627 1060 1627 1060 1628 1249 1628 1070 1628 1060 1629 1070 1629 991 1629 991 1630 1070 1630 1003 1630 991 1631 1003 1631 975 1631 1230 1632 1238 1632 1034 1632 1034 1633 1238 1633 1044 1633 1034 1634 1044 1634 971 1634 971 1635 1044 1635 979 1635 971 1636 979 1636 956 1636 1009 1637 1020 1637 950 1637 950 1638 1020 1638 961 1638 950 1639 961 1639 933 1639 2003 1640 2077 1640 1949 1640 1949 1641 2077 1641 1956 1641 1949 1642 1956 1642 1905 1642 2102 1643 2192 1643 2053 1643 2053 1644 2192 1644 2077 1644 2053 1645 2077 1645 2003 1645 1191 1646 1190 1646 1181 1646 1181 1647 1190 1647 1180 1647 1181 1648 1180 1648 1169 1648 1169 1649 1180 1649 1168 1649 1169 1650 1168 1650 1185 1650 1185 1651 1168 1651 1184 1651 1185 1652 1184 1652 1196 1652 1196 1653 1184 1653 1195 1653 1196 1654 1195 1654 1217 1654 1217 1655 1195 1655 1216 1655 902 1656 901 1656 886 1656 886 1657 901 1657 885 1657 886 1658 885 1658 894 1658 894 1659 885 1659 893 1659 894 1660 893 1660 922 1660 922 1661 893 1661 921 1661 1211 1662 922 1662 1210 1662 1210 1663 922 1663 921 1663 1191 1664 1283 1664 1190 1664 1190 1665 1283 1665 1282 1665 986 1666 1211 1666 985 1666 985 1667 1211 1667 1210 1667 1283 1668 1138 1668 1282 1668 1282 1669 1138 1669 1137 1669 995 1670 996 1670 938 1670 938 1671 996 1671 939 1671 938 1672 939 1672 917 1672 917 1673 939 1673 918 1673 917 1674 918 1674 929 1674 929 1675 918 1675 930 1675 929 1676 930 1676 985 1676 985 1677 930 1677 986 1677 1137 1678 1138 1678 1102 1678 1102 1679 1138 1679 1103 1679 1102 1680 1103 1680 1074 1680 1074 1681 1103 1681 1075 1681 1074 1682 1075 1682 1093 1682 1093 1683 1075 1683 1094 1683 1093 1684 1094 1684 1133 1684 1133 1685 1094 1685 1134 1685 1223 1686 996 1686 1222 1686 1222 1687 996 1687 995 1687 1134 1688 1278 1688 1133 1688 1133 1689 1278 1689 1277 1689 1010 1690 1223 1690 1009 1690 1009 1691 1223 1691 1222 1691 1278 1692 1127 1692 1277 1692 1277 1693 1127 1693 1126 1693 1020 1694 1021 1694 961 1694 961 1695 1021 1695 962 1695 961 1696 962 1696 933 1696 933 1697 962 1697 934 1697 933 1698 934 1698 950 1698 950 1699 934 1699 951 1699 950 1700 951 1700 1009 1700 1009 1701 951 1701 1010 1701 1126 1702 1127 1702 1078 1702 1078 1703 1127 1703 1079 1703 1078 1704 1079 1704 1048 1704 1048 1705 1079 1705 1049 1705 1048 1706 1049 1706 1066 1706 1066 1707 1049 1707 1067 1707 1066 1708 1067 1708 1121 1708 1121 1709 1067 1709 1122 1709 1231 1710 1021 1710 1230 1710 1230 1711 1021 1711 1020 1711 1122 1712 1268 1712 1121 1712 1121 1713 1268 1713 1267 1713 1035 1714 1231 1714 1034 1714 1034 1715 1231 1715 1230 1715 1268 1716 1116 1716 1267 1716 1267 1717 1116 1717 1115 1717 1044 1718 1045 1718 979 1718 979 1719 1045 1719 980 1719 979 1720 980 1720 956 1720 956 1721 980 1721 957 1721 956 1722 957 1722 971 1722 971 1723 957 1723 972 1723 971 1724 972 1724 1034 1724 1034 1725 972 1725 1035 1725 1115 1726 1116 1726 1053 1726 1053 1727 1116 1727 1054 1727 1053 1728 1054 1728 1024 1728 1024 1729 1054 1729 1025 1729 1024 1730 1025 1730 1040 1730 1040 1731 1025 1731 1041 1731 1040 1732 1041 1732 1109 1732 1109 1733 1041 1733 1110 1733 1239 1734 1045 1734 1238 1734 1238 1735 1045 1735 1044 1735 1110 1736 1260 1736 1109 1736 1109 1737 1260 1737 1259 1737 1061 1738 1239 1738 1060 1738 1060 1739 1239 1739 1238 1739 1260 1740 1098 1740 1259 1740 1259 1741 1098 1741 1097 1741 1070 1742 1071 1742 1003 1742 1003 1743 1071 1743 1004 1743 1003 1744 1004 1744 975 1744 975 1745 1004 1745 976 1745 975 1746 976 1746 991 1746 991 1747 976 1747 992 1747 991 1748 992 1748 1060 1748 1060 1749 992 1749 1061 1749 1097 1750 1098 1750 1029 1750 1029 1751 1098 1751 1030 1751 1029 1752 1030 1752 999 1752 999 1753 1030 1753 1000 1753 999 1754 1000 1754 1015 1754 1015 1755 1000 1755 1016 1755 1015 1756 1016 1756 1084 1756 1084 1757 1016 1757 1085 1757 1250 1758 1071 1758 1249 1758 1249 1759 1071 1759 1070 1759 1085 1760 1250 1760 1084 1760 1084 1761 1250 1761 1249 1761 3708 1762 3709 1762 3674 1762 3674 1763 3709 1763 3675 1763 3674 1764 3675 1764 3650 1764 3650 1765 3675 1765 3651 1765 3650 1766 3651 1766 3621 1766 3621 1767 3651 1767 3622 1767 3621 1768 3622 1768 3602 1768 3602 1769 3622 1769 3603 1769 3602 1770 3603 1770 3584 1770 3584 1771 3603 1771 3585 1771 3584 1772 3585 1772 3569 1772 3569 1773 3585 1773 3570 1773 3569 1774 3570 1774 3559 1774 3559 1775 3570 1775 3560 1775 3559 1776 3560 1776 3561 1776 3561 1777 3560 1777 3562 1777 3561 1778 3562 1778 3576 1778 3576 1779 3562 1779 3577 1779 3576 1780 3577 1780 3591 1780 3591 1781 3577 1781 3592 1781 3591 1782 3592 1782 3607 1782 3607 1783 3592 1783 3608 1783 3607 1784 3608 1784 3630 1784 3630 1785 3608 1785 3631 1785 3630 1786 3631 1786 3660 1786 3660 1787 3631 1787 3661 1787 3660 1788 3661 1788 3689 1788 3689 1789 3661 1789 3690 1789 3629 1790 3594 1790 3601 1790 3554 1791 3601 1791 3594 1791 3552 1792 3554 1792 3594 1792 3543 1793 3537 1793 3534 1793 3537 1794 3530 1794 3534 1794 3526 1795 3534 1795 3530 1795 3530 1796 3523 1796 3526 1796 3518 1797 3526 1797 3523 1797 3523 1798 3516 1798 3518 1798 3513 1799 3518 1799 3516 1799 3516 1800 3512 1800 3513 1800 3509 1801 3513 1801 3512 1801 3512 1802 3508 1802 3509 1802 3515 1803 3519 1803 3520 1803 3520 1804 3519 1804 3527 1804 3520 1805 3527 1805 3529 1805 3529 1806 3527 1806 3533 1806 3529 1807 3533 1807 3535 1807 3535 1808 3533 1808 3542 1808 3535 1809 3542 1809 3547 1809 3542 1810 3551 1810 3547 1810 3571 1811 3547 1811 3551 1811 3551 1812 3589 1812 3571 1812 3606 1813 3571 1813 3589 1813 3589 1814 3618 1814 3606 1814 3645 1815 3606 1815 3618 1815 3715 1816 3716 1816 3671 1816 3671 1817 3716 1817 3672 1817 3671 1818 3672 1818 3632 1818 3632 1819 3672 1819 3629 1819 3632 1820 3629 1820 3601 1820 3554 1821 3552 1821 3543 1821 3543 1822 3552 1822 3548 1822 3543 1823 3548 1823 3537 1823 3509 1824 3508 1824 3510 1824 3510 1825 3508 1825 3511 1825 3510 1826 3511 1826 3515 1826 3515 1827 3511 1827 3514 1827 3515 1828 3514 1828 3519 1828 3685 1829 3684 1829 3659 1829 3659 1830 3684 1830 3645 1830 3659 1831 3645 1831 3618 1831 3689 1832 3690 1832 3721 1832 3721 1833 3690 1833 3722 1833 3721 1834 3722 1834 3748 1834 3748 1835 3722 1835 3749 1835 3748 1836 3749 1836 3775 1836 3775 1837 3749 1837 3776 1837 3775 1838 3776 1838 3795 1838 3795 1839 3776 1839 3796 1839 3795 1840 3796 1840 3812 1840 3812 1841 3796 1841 3813 1841 3812 1842 3813 1842 3825 1842 3825 1843 3813 1843 3826 1843 3825 1844 3826 1844 3837 1844 3837 1845 3826 1845 3838 1845 3837 1846 3838 1846 3834 1846 3834 1847 3838 1847 3835 1847 3834 1848 3835 1848 3820 1848 3820 1849 3835 1849 3821 1849 3820 1850 3821 1850 3805 1850 3805 1851 3821 1851 3806 1851 3805 1852 3806 1852 3791 1852 3791 1853 3806 1853 3792 1853 3791 1854 3792 1854 3766 1854 3766 1855 3792 1855 3767 1855 3766 1856 3767 1856 3736 1856 3736 1857 3767 1857 3737 1857 3736 1858 3737 1858 3708 1858 3708 1859 3737 1859 3709 1859 3561 1860 3569 1860 3559 1860 3569 1861 3561 1861 3584 1861 3584 1862 3561 1862 3576 1862 3584 1863 3576 1863 3602 1863 3602 1864 3576 1864 3591 1864 3602 1865 3591 1865 3621 1865 3621 1866 3591 1866 3607 1866 3621 1867 3607 1867 3650 1867 3650 1868 3607 1868 3630 1868 3650 1869 3630 1869 3674 1869 3674 1870 3630 1870 3660 1870 3674 1871 3660 1871 3708 1871 3708 1872 3660 1872 3689 1872 3708 1873 3689 1873 3736 1873 3736 1874 3689 1874 3721 1874 3736 1875 3721 1875 3766 1875 3766 1876 3721 1876 3748 1876 3766 1877 3748 1877 3791 1877 3791 1878 3748 1878 3775 1878 3791 1879 3775 1879 3805 1879 3805 1880 3775 1880 3795 1880 3805 1881 3795 1881 3820 1881 3820 1882 3795 1882 3812 1882 3820 1883 3812 1883 3834 1883 3834 1884 3812 1884 3825 1884 3834 1885 3825 1885 3837 1885 3846 1886 3855 1886 3864 1886 3846 1887 3864 1887 3871 1887 3846 1888 3871 1888 3875 1888 3846 1889 3875 1889 3881 1889 3846 1890 3881 1890 3884 1890 3846 1891 3884 1891 3838 1891 3846 1892 3838 1892 3826 1892 3846 1893 3826 1893 3813 1893 3846 1894 3813 1894 3804 1894 3838 1895 3884 1895 3880 1895 3838 1896 3880 1896 3874 1896 3838 1897 3874 1897 3868 1897 3838 1898 3868 1898 3861 1898 3838 1899 3861 1899 3852 1899 3838 1900 3852 1900 3835 1900 3560 1901 3570 1901 3554 1901 3560 1902 3554 1902 3543 1902 3560 1903 3543 1903 3534 1903 3560 1904 3534 1904 3526 1904 3560 1905 3526 1905 3518 1905 3560 1906 3518 1906 3513 1906 3560 1907 3513 1907 3509 1907 3560 1908 3509 1908 3510 1908 3560 1909 3510 1909 3515 1909 3560 1910 3515 1910 3520 1910 3560 1911 3520 1911 3529 1911 3560 1912 3529 1912 3535 1912 3560 1913 3535 1913 3547 1913 3560 1914 3547 1914 3562 1914 3562 1915 3547 1915 3577 1915 3577 1916 3547 1916 3571 1916 3577 1917 3571 1917 3592 1917 3592 1918 3571 1918 3606 1918 3592 1919 3606 1919 3608 1919 3608 1920 3606 1920 3631 1920 3631 1921 3606 1921 3645 1921 3631 1922 3645 1922 3661 1922 3661 1923 3645 1923 3690 1923 3690 1924 3645 1924 3684 1924 3690 1925 3684 1925 3722 1925 3722 1926 3684 1926 3725 1926 3722 1927 3725 1927 3749 1927 3749 1928 3725 1928 3768 1928 3749 1929 3768 1929 3776 1929 3776 1930 3768 1930 3796 1930 3796 1931 3768 1931 3804 1931 3796 1932 3804 1932 3813 1932 3554 1933 3570 1933 3601 1933 3601 1934 3570 1934 3585 1934 3601 1935 3585 1935 3632 1935 3632 1936 3585 1936 3603 1936 3632 1937 3603 1937 3622 1937 3632 1938 3622 1938 3671 1938 3671 1939 3622 1939 3651 1939 3671 1940 3651 1940 3675 1940 3671 1941 3675 1941 3715 1941 3715 1942 3675 1942 3709 1942 3715 1943 3709 1943 3755 1943 3755 1944 3709 1944 3737 1944 3755 1945 3737 1945 3794 1945 3794 1946 3737 1946 3767 1946 3794 1947 3767 1947 3792 1947 3794 1948 3792 1948 3833 1948 3833 1949 3792 1949 3806 1949 3833 1950 3806 1950 3821 1950 3821 1951 3835 1951 3833 1951 3833 1952 3835 1952 3852 1952 3768 1953 3725 1953 3739 1953 3739 1954 3774 1954 3768 1954 3804 1955 3768 1955 3774 1955 3774 1956 3807 1956 3804 1956 3846 1957 3854 1957 3855 1957 3855 1958 3854 1958 3863 1958 3855 1959 3863 1959 3864 1959 3878 1960 3882 1960 3881 1960 3884 1961 3881 1961 3882 1961 3882 1962 3883 1962 3884 1962 3880 1963 3884 1963 3883 1963 3883 1964 3879 1964 3880 1964 3874 1965 3880 1965 3879 1965 3879 1966 3873 1966 3874 1966 3868 1967 3874 1967 3873 1967 3873 1968 3866 1968 3868 1968 3861 1969 3868 1969 3866 1969 3866 1970 3858 1970 3861 1970 3852 1971 3861 1971 3858 1971 3858 1972 3851 1972 3852 1972 3833 1973 3852 1973 3851 1973 3851 1974 3824 1974 3833 1974 3794 1975 3833 1975 3824 1975 3824 1976 3787 1976 3794 1976 3755 1977 3794 1977 3787 1977 3684 1978 3685 1978 3725 1978 3725 1979 3685 1979 3707 1979 3725 1980 3707 1980 3739 1980 3804 1981 3807 1981 3846 1981 3846 1982 3807 1982 3843 1982 3846 1983 3843 1983 3854 1983 3864 1984 3863 1984 3871 1984 3871 1985 3863 1985 3870 1985 3871 1986 3870 1986 3875 1986 3875 1987 3870 1987 3878 1987 3875 1988 3878 1988 3881 1988 3716 1989 3715 1989 3744 1989 3744 1990 3715 1990 3755 1990 3744 1991 3755 1991 3787 1991 3843 1992 3809 1992 3854 1992 3843 1993 3807 1993 3809 1993 3516 1994 3517 1994 3512 1994 3618 1995 3589 1995 3573 1995 3530 1996 3525 1996 3523 1996 3537 1997 3536 1997 3530 1997 3610 1998 3628 1998 3633 1998 3548 1999 3587 1999 3550 1999 3548 2000 3550 2000 3537 2000 3770 2001 3809 2001 3807 2001 3807 2002 3774 2002 3770 2002 3771 2003 3786 2003 3741 2003 3849 2004 3863 2004 3854 2004 3629 2005 3649 2005 3594 2005 3865 2006 3870 2006 3863 2006 3676 2007 3629 2007 3672 2007 3869 2008 3882 2008 3878 2008 3872 2009 3879 2009 3883 2009 3872 2010 3883 2010 3857 2010 3873 2011 3879 2011 3872 2011 3872 2012 3862 2012 3873 2012 3873 2013 3862 2013 3866 2013 3866 2014 3862 2014 3850 2014 3824 2015 3851 2015 3822 2015 3822 2016 3784 2016 3824 2016 3787 2017 3824 2017 3784 2017 3784 2018 3740 2018 3787 2018 3787 2019 3740 2019 3744 2019 3542 2020 3533 2020 3549 2020 3539 2021 3519 2021 3532 2021 3519 2022 3514 2022 3532 2022 3524 2023 3508 2023 3517 2023 3508 2024 3512 2024 3517 2024 3770 2025 3774 2025 3739 2025 3764 2026 3743 2026 3756 2026 3756 2027 3743 2027 3747 2027 3870 2028 3865 2028 3878 2028 3856 2029 3878 2029 3865 2029 3882 2030 3869 2030 3883 2030 3857 2031 3883 2031 3869 2031 3586 2032 3610 2032 3558 2032 3586 2033 3558 2033 3546 2033 3586 2034 3546 2034 3588 2034 3586 2035 3588 2035 3623 2035 3635 2036 3623 2036 3588 2036 3635 2037 3588 2037 3624 2037 3635 2038 3624 2038 3642 2038 3658 2039 3627 2039 3609 2039 3658 2040 3609 2040 3648 2040 3658 2041 3648 2041 3677 2041 3658 2042 3677 2042 3678 2042 3726 2043 3718 2043 3712 2043 3726 2044 3712 2044 3750 2044 3726 2045 3750 2045 3769 2045 3785 2046 3769 2046 3750 2046 3785 2047 3750 2047 3788 2047 3785 2048 3788 2048 3823 2048 3785 2049 3823 2049 3810 2049 3552 2050 3594 2050 3617 2050 3552 2051 3617 2051 3587 2051 3552 2052 3587 2052 3548 2052 3716 2053 3744 2053 3740 2053 3716 2054 3740 2054 3676 2054 3716 2055 3676 2055 3672 2055 3683 2056 3633 2056 3628 2056 3683 2057 3628 2057 3670 2057 3683 2058 3670 2058 3682 2058 3683 2059 3682 2059 3695 2059 3683 2060 3695 2060 3706 2060 3683 2061 3706 2061 3710 2061 3683 2062 3710 2062 3720 2062 3683 2063 3720 2063 3713 2063 3685 2064 3659 2064 3652 2064 3652 2065 3659 2065 3618 2065 3652 2066 3618 2066 3620 2066 3620 2067 3618 2067 3573 2067 3620 2068 3573 2068 3593 2068 3593 2069 3573 2069 3549 2069 3593 2070 3549 2070 3558 2070 3558 2071 3549 2071 3539 2071 3558 2072 3539 2072 3546 2072 3546 2073 3539 2073 3532 2073 3546 2074 3532 2074 3538 2074 3538 2075 3532 2075 3524 2075 3538 2076 3524 2076 3531 2076 3531 2077 3524 2077 3517 2077 3531 2078 3517 2078 3525 2078 3525 2079 3517 2079 3516 2079 3525 2080 3516 2080 3523 2080 3739 2081 3707 2081 3724 2081 3724 2082 3707 2082 3685 2082 3724 2083 3685 2083 3692 2083 3692 2084 3685 2084 3652 2084 3692 2085 3652 2085 3662 2085 3662 2086 3652 2086 3620 2086 3662 2087 3620 2087 3633 2087 3633 2088 3620 2088 3593 2088 3633 2089 3593 2089 3610 2089 3610 2090 3593 2090 3558 2090 3609 2091 3627 2091 3572 2091 3572 2092 3627 2092 3605 2092 3572 2093 3605 2093 3604 2093 3604 2094 3605 2094 3619 2094 3604 2095 3619 2095 3624 2095 3624 2096 3619 2096 3646 2096 3624 2097 3646 2097 3656 2097 3752 2098 3743 2098 3772 2098 3772 2099 3743 2099 3764 2099 3772 2100 3764 2100 3811 2100 3811 2101 3764 2101 3773 2101 3811 2102 3773 2102 3810 2102 3822 2103 3851 2103 3850 2103 3850 2104 3851 2104 3858 2104 3850 2105 3858 2105 3866 2105 3542 2106 3549 2106 3551 2106 3551 2107 3549 2107 3573 2107 3551 2108 3573 2108 3589 2108 3549 2109 3533 2109 3539 2109 3539 2110 3533 2110 3527 2110 3539 2111 3527 2111 3519 2111 3532 2112 3514 2112 3524 2112 3524 2113 3514 2113 3511 2113 3524 2114 3511 2114 3508 2114 3588 2115 3546 2115 3553 2115 3553 2116 3546 2116 3538 2116 3553 2117 3538 2117 3545 2117 3545 2118 3538 2118 3531 2118 3545 2119 3531 2119 3536 2119 3536 2120 3531 2120 3525 2120 3536 2121 3525 2121 3530 2121 3633 2122 3683 2122 3662 2122 3662 2123 3683 2123 3713 2123 3662 2124 3713 2124 3692 2124 3692 2125 3713 2125 3738 2125 3692 2126 3738 2126 3724 2126 3724 2127 3738 2127 3770 2127 3724 2128 3770 2128 3739 2128 3624 2129 3588 2129 3604 2129 3604 2130 3588 2130 3553 2130 3604 2131 3553 2131 3572 2131 3572 2132 3553 2132 3545 2132 3572 2133 3545 2133 3550 2133 3550 2134 3545 2134 3536 2134 3550 2135 3536 2135 3537 2135 3809 2136 3770 2136 3786 2136 3786 2137 3770 2137 3738 2137 3786 2138 3738 2138 3741 2138 3741 2139 3738 2139 3713 2139 3741 2140 3713 2140 3720 2140 3624 2141 3656 2141 3642 2141 3642 2142 3656 2142 3653 2142 3572 2143 3550 2143 3609 2143 3609 2144 3550 2144 3587 2144 3609 2145 3587 2145 3648 2145 3648 2146 3587 2146 3617 2146 3771 2147 3793 2147 3786 2147 3786 2148 3793 2148 3836 2148 3786 2149 3836 2149 3809 2149 3809 2150 3836 2150 3849 2150 3809 2151 3849 2151 3854 2151 3836 2152 3793 2152 3797 2152 3797 2153 3793 2153 3777 2153 3797 2154 3777 2154 3772 2154 3772 2155 3777 2155 3752 2155 3718 2156 3703 2156 3712 2156 3712 2157 3703 2157 3691 2157 3712 2158 3691 2158 3688 2158 3678 2159 3677 2159 3688 2159 3688 2160 3677 2160 3712 2160 3772 2161 3811 2161 3797 2161 3797 2162 3811 2162 3847 2162 3797 2163 3847 2163 3836 2163 3836 2164 3847 2164 3856 2164 3836 2165 3856 2165 3849 2165 3849 2166 3856 2166 3865 2166 3849 2167 3865 2167 3863 2167 3750 2168 3712 2168 3719 2168 3719 2169 3712 2169 3677 2169 3719 2170 3677 2170 3681 2170 3681 2171 3677 2171 3648 2171 3681 2172 3648 2172 3649 2172 3649 2173 3648 2173 3617 2173 3649 2174 3617 2174 3594 2174 3810 2175 3823 2175 3811 2175 3811 2176 3823 2176 3848 2176 3811 2177 3848 2177 3847 2177 3847 2178 3848 2178 3857 2178 3847 2179 3857 2179 3856 2179 3856 2180 3857 2180 3869 2180 3856 2181 3869 2181 3878 2181 3788 2182 3750 2182 3753 2182 3753 2183 3750 2183 3719 2183 3753 2184 3719 2184 3717 2184 3717 2185 3719 2185 3681 2185 3717 2186 3681 2186 3676 2186 3676 2187 3681 2187 3649 2187 3676 2188 3649 2188 3629 2188 3872 2189 3857 2189 3862 2189 3862 2190 3857 2190 3848 2190 3862 2191 3848 2191 3850 2191 3850 2192 3848 2192 3823 2192 3850 2193 3823 2193 3822 2193 3822 2194 3823 2194 3788 2194 3822 2195 3788 2195 3784 2195 3784 2196 3788 2196 3753 2196 3784 2197 3753 2197 3740 2197 3740 2198 3753 2198 3717 2198 3740 2199 3717 2199 3676 2199 3619 2200 3605 2200 3646 2200 3646 2201 3605 2201 3647 2201 3623 2202 3635 2202 3586 2202 3586 2203 3635 2203 3634 2203 3628 2204 3610 2204 3670 2204 3670 2205 3610 2205 3669 2205 3720 2206 3710 2206 3741 2206 3741 2207 3710 2207 3711 2207 3678 2208 3688 2208 3658 2208 3658 2209 3688 2209 3687 2209 3752 2210 3777 2210 3751 2210 3751 2211 3777 2211 3793 2211 3773 2212 3764 2212 3810 2212 3810 2213 3764 2213 3765 2213 3769 2214 3785 2214 3726 2214 3726 2215 3785 2215 3727 2215 3658 2216 3687 2216 3627 2216 3687 2217 3605 2217 3627 2217 3655 2218 3647 2218 3694 2218 3694 2219 3647 2219 3605 2219 3694 2220 3605 2220 3687 2220 3646 2221 3647 2221 3656 2221 3656 2222 3647 2222 3655 2222 3656 2223 3655 2223 3657 2223 3656 2224 3657 2224 3653 2224 3653 2225 3657 2225 3654 2225 3653 2226 3654 2226 3642 2226 3642 2227 3654 2227 3643 2227 3642 2228 3643 2228 3635 2228 3635 2229 3643 2229 3634 2229 3634 2230 3643 2230 3673 2230 3634 2231 3673 2231 3669 2231 3634 2232 3669 2232 3610 2232 3634 2233 3610 2233 3586 2233 3670 2234 3669 2234 3682 2234 3682 2235 3669 2235 3673 2235 3682 2236 3673 2236 3686 2236 3682 2237 3686 2237 3695 2237 3695 2238 3686 2238 3693 2238 3695 2239 3693 2239 3706 2239 3706 2240 3693 2240 3704 2240 3706 2241 3704 2241 3710 2241 3710 2242 3704 2242 3711 2242 3711 2243 3771 2243 3741 2243 3793 2244 3771 2244 3751 2244 3751 2245 3771 2245 3711 2245 3751 2246 3711 2246 3745 2246 3745 2247 3711 2247 3704 2247 3726 2248 3727 2248 3718 2248 3718 2249 3727 2249 3723 2249 3718 2250 3723 2250 3714 2250 3718 2251 3714 2251 3703 2251 3703 2252 3714 2252 3705 2252 3703 2253 3705 2253 3691 2253 3691 2254 3705 2254 3694 2254 3691 2255 3694 2255 3688 2255 3688 2256 3694 2256 3687 2256 3752 2257 3751 2257 3743 2257 3743 2258 3751 2258 3745 2258 3743 2259 3745 2259 3742 2259 3743 2260 3742 2260 3747 2260 3747 2261 3742 2261 3746 2261 3747 2262 3746 2262 3756 2262 3756 2263 3746 2263 3754 2263 3756 2264 3754 2264 3764 2264 3764 2265 3754 2265 3765 2265 3785 2266 3810 2266 3727 2266 3754 2267 3723 2267 3765 2267 3765 2268 3723 2268 3727 2268 3765 2269 3727 2269 3810 2269 3704 2270 3742 2270 3745 2270 3643 2271 3654 2271 3673 2271 3723 2272 3754 2272 3746 2272 3723 2273 3746 2273 3742 2273 3723 2274 3742 2274 3704 2274 3723 2275 3704 2275 3714 2275 3655 2276 3694 2276 3657 2276 3657 2277 3694 2277 3673 2277 3657 2278 3673 2278 3654 2278 3673 2279 3694 2279 3686 2279 3686 2280 3694 2280 3705 2280 3686 2281 3705 2281 3693 2281 3693 2282 3705 2282 3714 2282 3693 2283 3714 2283 3704 2283 2010 2284 2007 2284 1947 2284 1947 2285 2007 2285 1944 2285 1947 2286 1944 2286 1897 2286 1897 2287 1944 2287 1894 2287 1897 2288 1894 2288 1839 2288 1839 2289 1894 2289 1836 2289 1839 2290 1836 2290 1795 2290 1795 2291 1836 2291 1792 2291 1795 2292 1792 2292 1744 2292 1744 2293 1792 2293 1741 2293 1744 2294 1741 2294 1710 2294 1710 2295 1741 2295 1707 2295 1710 2296 1707 2296 1700 2296 1700 2297 1707 2297 1697 2297 1700 2298 1697 2298 1706 2298 1706 2299 1697 2299 1703 2299 1706 2300 1703 2300 1740 2300 1740 2301 1703 2301 1737 2301 1740 2302 1737 2302 1791 2302 1791 2303 1737 2303 1788 2303 1791 2304 1788 2304 1835 2304 1835 2305 1788 2305 1832 2305 1835 2306 1832 2306 1893 2306 1893 2307 1832 2307 1890 2307 1893 2308 1890 2308 1943 2308 1943 2309 1890 2309 1940 2309 1943 2310 1940 2310 2006 2310 2006 2311 1940 2311 2003 2311 1899 2312 1830 2312 1885 2312 1876 2313 1812 2313 1872 2313 1856 2314 1797 2314 1843 2314 1142 2315 1201 2315 1090 2315 1843 2316 1772 2316 1824 2316 1824 2317 1753 2317 1814 2317 1148 2318 1144 2318 1059 2318 1801 2319 1713 2319 1787 2319 1114 2320 1083 2320 943 2320 1008 2321 1114 2321 943 2321 1083 2322 1014 2322 910 2322 954 2323 947 2323 866 2323 1711 2324 1645 2324 1714 2324 1726 2325 1663 2325 1745 2325 1745 2326 1680 2326 1755 2326 1013 2327 1082 2327 909 2327 891 2328 1013 2328 909 2328 1082 2329 1113 2329 942 2329 909 2330 1082 2330 942 2330 1131 2331 1143 2331 1007 2331 1147 2332 1160 2332 967 2332 1058 2333 1147 2333 967 2333 1160 2334 1177 2334 1019 2334 1842 2335 1796 2335 1855 2335 1177 2336 1200 2336 1088 2336 1019 2337 1177 2337 1088 2337 1871 2338 1811 2338 1875 2338 1200 2339 1202 2339 1141 2339 1088 2340 1200 2340 1141 2340 1220 2341 1236 2341 1155 2341 1141 2342 1220 2342 1155 2342 1119 2343 1172 2343 1174 2343 1101 2344 1119 2344 1174 2344 1101 2345 945 2345 1119 2345 945 2346 1101 2346 915 2346 915 2347 874 2347 945 2347 874 2348 915 2348 851 2348 851 2349 810 2349 874 2349 810 2350 851 2350 813 2350 813 2351 762 2351 810 2351 742 2352 677 2352 730 2352 664 2353 639 2353 685 2353 596 2354 639 2354 664 2354 627 2355 596 2355 664 2355 566 2356 596 2356 627 2356 610 2357 566 2357 627 2357 549 2358 566 2358 610 2358 583 2359 538 2359 586 2359 583 2360 532 2360 538 2360 611 2361 633 2361 661 2361 661 2362 652 2362 611 2362 1173 2363 1176 2363 1205 2363 1176 2364 1173 2364 1120 2364 1120 2365 1107 2365 1176 2365 948 2366 1107 2366 1120 2366 916 2367 1107 2367 948 2367 876 2368 916 2368 948 2368 852 2369 916 2369 876 2369 811 2370 852 2370 876 2370 811 2371 824 2371 852 2371 641 2372 667 2372 686 2372 667 2373 641 2373 598 2373 598 2374 628 2374 667 2374 628 2375 598 2375 567 2375 567 2376 612 2376 628 2376 592 2377 591 2377 542 2377 543 2378 592 2378 542 2378 589 2379 592 2379 543 2379 539 2380 589 2380 543 2380 707 2381 662 2381 655 2381 698 2382 707 2382 655 2382 1162 2383 1108 2383 1199 2383 1876 2384 1885 2384 1812 2384 1856 2385 1872 2385 1797 2385 306 2386 358 2386 307 2386 306 2387 359 2387 358 2387 305 2388 359 2388 306 2388 353 2389 359 2389 305 2389 308 2390 353 2390 305 2390 367 2391 353 2391 308 2391 319 2392 367 2392 308 2392 188 2393 218 2393 185 2393 217 2394 218 2394 188 2394 186 2395 217 2395 188 2395 216 2396 217 2396 186 2396 1132 2397 1114 2397 1008 2397 1776 2398 1787 2398 1694 2398 1765 2399 1755 2399 1693 2399 1113 2400 1131 2400 942 2400 214 2401 183 2401 180 2401 183 2402 214 2402 213 2402 213 2403 181 2403 183 2403 181 2404 213 2404 212 2404 352 2405 302 2405 303 2405 354 2406 302 2406 352 2406 354 2407 300 2407 302 2407 300 2408 354 2408 348 2408 348 2409 304 2409 300 2409 304 2410 348 2410 366 2410 1871 2411 1855 2411 1811 2411 1202 2412 1220 2412 1141 2412 1884 2413 1875 2413 1829 2413 587 2414 599 2414 546 2414 587 2415 546 2415 532 2415 587 2416 532 2416 583 2416 593 2417 589 2417 539 2417 593 2418 539 2418 547 2418 593 2419 547 2419 601 2419 1331 2420 1373 2420 1423 2420 1423 2421 1373 2421 1500 2421 1423 2422 1500 2422 1489 2422 1489 2423 1500 2423 1539 2423 1489 2424 1539 2424 1553 2424 1553 2425 1539 2425 1636 2425 1553 2426 1636 2426 1610 2426 1610 2427 1636 2427 1748 2427 1610 2428 1748 2428 1759 2428 1759 2429 1748 2429 1854 2429 1759 2430 1854 2430 1878 2430 1878 2431 1854 2431 1899 2431 1878 2432 1899 2432 1914 2432 1329 2433 1420 2433 1372 2433 1372 2434 1420 2434 1487 2434 1372 2435 1487 2435 1499 2435 1499 2436 1487 2436 1551 2436 1499 2437 1551 2437 1538 2437 1538 2438 1551 2438 1608 2438 1538 2439 1608 2439 1634 2439 1634 2440 1608 2440 1757 2440 1634 2441 1757 2441 1747 2441 1747 2442 1757 2442 1877 2442 1747 2443 1877 2443 1851 2443 1851 2444 1877 2444 1913 2444 1851 2445 1913 2445 1898 2445 1201 2446 1142 2446 1203 2446 1203 2447 1142 2447 1157 2447 1203 2448 1157 2448 1221 2448 1221 2449 1157 2449 1173 2449 1221 2450 1173 2450 1237 2450 1237 2451 1173 2451 1205 2451 1237 2452 1205 2452 1258 2452 1201 2453 1179 2453 1090 2453 1090 2454 1179 2454 1163 2454 1090 2455 1163 2455 1028 2455 1028 2456 1163 2456 1148 2456 1028 2457 1148 2457 970 2457 970 2458 1148 2458 1059 2458 970 2459 1059 2459 926 2459 186 2460 184 2460 216 2460 216 2461 184 2461 187 2461 216 2462 187 2462 219 2462 219 2463 187 2463 193 2463 219 2464 193 2464 227 2464 227 2465 193 2465 204 2465 227 2466 204 2466 243 2466 243 2467 204 2467 225 2467 243 2468 225 2468 257 2468 257 2469 225 2469 255 2469 257 2470 255 2470 294 2470 294 2471 255 2471 326 2471 294 2472 326 2472 355 2472 355 2473 326 2473 396 2473 355 2474 396 2474 430 2474 430 2475 396 2475 480 2475 430 2476 480 2476 521 2476 521 2477 480 2477 609 2477 521 2478 609 2478 632 2478 632 2479 609 2479 697 2479 632 2480 697 2480 715 2480 715 2481 697 2481 781 2481 715 2482 781 2482 796 2482 796 2483 781 2483 836 2483 796 2484 836 2484 844 2484 844 2485 836 2485 990 2485 844 2486 990 2486 1039 2486 1039 2487 990 2487 1289 2487 1039 2488 1289 2488 1295 2488 1295 2489 1289 2489 1397 2489 1295 2490 1397 2490 1406 2490 1406 2491 1397 2491 1455 2491 1406 2492 1455 2492 1461 2492 1461 2493 1455 2493 1535 2493 1461 2494 1535 2494 1541 2494 1541 2495 1535 2495 1633 2495 1541 2496 1633 2496 1637 2496 1637 2497 1633 2497 1713 2497 1637 2498 1713 2498 1731 2498 1731 2499 1713 2499 1801 2499 1731 2500 1801 2500 1814 2500 218 2501 223 2501 185 2501 185 2502 223 2502 229 2502 185 2503 229 2503 195 2503 195 2504 229 2504 245 2504 195 2505 245 2505 207 2505 207 2506 245 2506 275 2506 207 2507 275 2507 232 2507 232 2508 275 2508 317 2508 232 2509 317 2509 281 2509 281 2510 317 2510 377 2510 281 2511 377 2511 337 2511 337 2512 377 2512 406 2512 337 2513 406 2513 375 2513 375 2514 406 2514 445 2514 375 2515 445 2515 410 2515 410 2516 445 2516 489 2516 410 2517 489 2517 458 2517 458 2518 489 2518 603 2518 458 2519 603 2519 563 2519 563 2520 603 2520 665 2520 563 2521 665 2521 646 2521 646 2522 665 2522 694 2522 646 2523 694 2523 674 2523 674 2524 694 2524 763 2524 674 2525 763 2525 741 2525 741 2526 763 2526 834 2526 741 2527 834 2527 816 2527 816 2528 834 2528 926 2528 816 2529 926 2529 900 2529 900 2530 926 2530 1059 2530 900 2531 1059 2531 1008 2531 1008 2532 1059 2532 1144 2532 1008 2533 1144 2533 1132 2533 1776 2534 1694 2534 1766 2534 1766 2535 1694 2535 1681 2535 1766 2536 1681 2536 1756 2536 1756 2537 1681 2537 1664 2537 1756 2538 1664 2538 1746 2538 1746 2539 1664 2539 1658 2539 1746 2540 1658 2540 1727 2540 1727 2541 1658 2541 1651 2541 1727 2542 1651 2542 1721 2542 1721 2543 1651 2543 1646 2543 1721 2544 1646 2544 1715 2544 1715 2545 1646 2545 1644 2545 1715 2546 1644 2546 1711 2546 1014 2547 984 2547 892 2547 892 2548 984 2548 969 2548 892 2549 969 2549 882 2549 882 2550 969 2550 954 2550 882 2551 954 2551 875 2551 866 2552 947 2552 862 2552 862 2553 947 2553 949 2553 862 2554 949 2554 865 2554 865 2555 949 2555 968 2555 865 2556 968 2556 873 2556 873 2557 968 2557 983 2557 873 2558 983 2558 881 2558 881 2559 983 2559 1013 2559 881 2560 1013 2560 891 2560 1645 2561 1650 2561 1714 2561 1714 2562 1650 2562 1657 2562 1714 2563 1657 2563 1720 2563 1720 2564 1657 2564 1663 2564 1720 2565 1663 2565 1726 2565 1765 2566 1693 2566 1775 2566 1775 2567 1693 2567 1712 2567 1775 2568 1712 2568 1786 2568 1786 2569 1712 2569 1729 2569 1786 2570 1729 2570 1800 2570 1800 2571 1729 2571 1751 2571 1800 2572 1751 2572 1813 2572 1813 2573 1751 2573 1771 2573 1813 2574 1771 2574 1823 2574 1823 2575 1771 2575 1796 2575 1823 2576 1796 2576 1842 2576 214 2577 180 2577 222 2577 222 2578 180 2578 194 2578 222 2579 194 2579 228 2579 228 2580 194 2580 206 2580 228 2581 206 2581 244 2581 244 2582 206 2582 230 2582 244 2583 230 2583 272 2583 272 2584 230 2584 278 2584 272 2585 278 2585 315 2585 315 2586 278 2586 336 2586 315 2587 336 2587 376 2587 376 2588 336 2588 374 2588 376 2589 374 2589 404 2589 404 2590 374 2590 408 2590 404 2591 408 2591 443 2591 443 2592 408 2592 457 2592 443 2593 457 2593 485 2593 485 2594 457 2594 561 2594 485 2595 561 2595 602 2595 602 2596 561 2596 644 2596 602 2597 644 2597 663 2597 663 2598 644 2598 672 2598 663 2599 672 2599 692 2599 692 2600 672 2600 740 2600 692 2601 740 2601 761 2601 761 2602 740 2602 815 2602 761 2603 815 2603 833 2603 833 2604 815 2604 899 2604 833 2605 899 2605 925 2605 925 2606 899 2606 1007 2606 925 2607 1007 2607 1058 2607 1058 2608 1007 2608 1143 2608 1058 2609 1143 2609 1147 2609 847 2610 874 2610 830 2610 830 2611 874 2611 810 2611 830 2612 810 2612 793 2612 793 2613 810 2613 762 2613 793 2614 762 2614 737 2614 737 2615 762 2615 730 2615 737 2616 730 2616 703 2616 703 2617 730 2617 677 2617 703 2618 677 2618 653 2618 653 2619 677 2619 639 2619 653 2620 639 2620 597 2620 597 2621 639 2621 596 2621 597 2622 596 2622 550 2622 550 2623 596 2623 566 2623 550 2624 566 2624 518 2624 518 2625 566 2625 549 2625 518 2626 549 2626 505 2626 505 2627 549 2627 544 2627 505 2628 544 2628 493 2628 493 2629 544 2629 536 2629 493 2630 536 2630 484 2630 484 2631 536 2631 537 2631 484 2632 537 2632 486 2632 486 2633 537 2633 538 2633 486 2634 538 2634 488 2634 488 2635 538 2635 532 2635 488 2636 532 2636 483 2636 483 2637 532 2637 546 2637 483 2638 546 2638 498 2638 498 2639 546 2639 558 2639 498 2640 558 2640 512 2640 512 2641 558 2641 568 2641 512 2642 568 2642 524 2642 524 2643 568 2643 611 2643 524 2644 611 2644 564 2644 564 2645 611 2645 652 2645 564 2646 652 2646 622 2646 622 2647 652 2647 696 2647 622 2648 696 2648 671 2648 671 2649 696 2649 751 2649 671 2650 751 2650 725 2650 725 2651 751 2651 800 2651 725 2652 800 2652 786 2652 786 2653 800 2653 853 2653 786 2654 853 2654 839 2654 839 2655 853 2655 944 2655 839 2656 944 2656 913 2656 913 2657 944 2657 1106 2657 913 2658 1106 2658 1052 2658 1052 2659 1106 2659 1194 2659 1052 2660 1194 2660 1188 2660 1188 2661 1194 2661 1372 2661 1188 2662 1372 2662 1359 2662 1359 2663 1372 2663 1499 2663 1359 2664 1499 2664 1477 2664 1477 2665 1499 2665 1538 2665 1477 2666 1538 2666 1532 2666 1532 2667 1538 2667 1634 2667 1532 2668 1634 2668 1630 2668 1630 2669 1634 2669 1747 2669 1630 2670 1747 2670 1724 2670 1724 2671 1747 2671 1851 2671 1724 2672 1851 2672 1829 2672 1829 2673 1851 2673 1898 2673 1829 2674 1898 2674 1884 2674 1174 2675 1172 2675 1204 2675 1204 2676 1172 2676 1236 2676 1204 2677 1236 2677 1257 2677 742 2678 730 2678 778 2678 778 2679 730 2679 762 2679 778 2680 762 2680 813 2680 742 2681 712 2681 677 2681 677 2682 712 2682 685 2682 677 2683 685 2683 639 2683 538 2684 537 2684 586 2684 586 2685 537 2685 536 2685 586 2686 536 2686 585 2686 585 2687 536 2687 544 2687 585 2688 544 2688 594 2688 594 2689 544 2689 549 2689 594 2690 549 2690 610 2690 611 2691 568 2691 633 2691 633 2692 568 2692 558 2692 633 2693 558 2693 614 2693 614 2694 558 2694 546 2694 614 2695 546 2695 599 2695 661 2696 689 2696 652 2696 652 2697 689 2697 727 2697 652 2698 727 2698 696 2698 696 2699 727 2699 773 2699 696 2700 773 2700 751 2700 751 2701 773 2701 818 2701 751 2702 818 2702 800 2702 800 2703 818 2703 858 2703 800 2704 858 2704 853 2704 853 2705 858 2705 1033 2705 853 2706 1033 2706 944 2706 944 2707 1033 2707 1158 2707 944 2708 1158 2708 1106 2708 1106 2709 1158 2709 1206 2709 1106 2710 1206 2710 1194 2710 1194 2711 1206 2711 1329 2711 1194 2712 1329 2712 1372 2712 679 2713 757 2713 732 2713 732 2714 757 2714 799 2714 732 2715 799 2715 764 2715 764 2716 799 2716 824 2716 764 2717 824 2717 811 2717 757 2718 679 2718 713 2718 713 2719 679 2719 641 2719 713 2720 641 2720 686 2720 567 2721 552 2721 612 2721 612 2722 552 2722 545 2722 612 2723 545 2723 595 2723 595 2724 545 2724 541 2724 595 2725 541 2725 590 2725 590 2726 541 2726 542 2726 590 2727 542 2727 591 2727 655 2728 662 2728 613 2728 613 2729 662 2729 637 2729 613 2730 637 2730 572 2730 572 2731 637 2731 615 2731 572 2732 615 2732 560 2732 560 2733 615 2733 601 2733 560 2734 601 2734 547 2734 1162 2735 1092 2735 1108 2735 1108 2736 1092 2736 937 2736 1108 2737 937 2737 946 2737 946 2738 937 2738 860 2738 946 2739 860 2739 854 2739 854 2740 860 2740 819 2740 854 2741 819 2741 801 2741 801 2742 819 2742 760 2742 801 2743 760 2743 753 2743 753 2744 760 2744 707 2744 753 2745 707 2745 698 2745 1162 2746 1199 2746 1281 2746 1281 2747 1199 2747 1373 2747 1281 2748 1373 2748 1331 2748 794 2749 811 2749 832 2749 832 2750 811 2750 876 2750 832 2751 876 2751 849 2751 849 2752 876 2752 948 2752 849 2753 948 2753 912 2753 912 2754 948 2754 1120 2754 912 2755 1120 2755 1065 2755 1065 2756 1120 2756 1173 2756 1065 2757 1173 2757 1157 2757 1899 2758 1854 2758 1830 2758 1830 2759 1854 2759 1748 2759 1830 2760 1748 2760 1725 2760 1725 2761 1748 2761 1636 2761 1725 2762 1636 2762 1631 2762 1631 2763 1636 2763 1539 2763 1631 2764 1539 2764 1533 2764 1533 2765 1539 2765 1500 2765 1533 2766 1500 2766 1479 2766 1479 2767 1500 2767 1373 2767 1479 2768 1373 2768 1360 2768 1360 2769 1373 2769 1199 2769 1360 2770 1199 2770 1189 2770 1189 2771 1199 2771 1108 2771 1189 2772 1108 2772 1057 2772 1057 2773 1108 2773 946 2773 1057 2774 946 2774 914 2774 914 2775 946 2775 854 2775 914 2776 854 2776 840 2776 840 2777 854 2777 801 2777 840 2778 801 2778 788 2778 788 2779 801 2779 753 2779 788 2780 753 2780 726 2780 726 2781 753 2781 698 2781 726 2782 698 2782 673 2782 673 2783 698 2783 655 2783 673 2784 655 2784 623 2784 623 2785 655 2785 613 2785 623 2786 613 2786 565 2786 565 2787 613 2787 572 2787 565 2788 572 2788 527 2788 527 2789 572 2789 560 2789 527 2790 560 2790 515 2790 515 2791 560 2791 547 2791 515 2792 547 2792 503 2792 503 2793 547 2793 539 2793 503 2794 539 2794 487 2794 487 2795 539 2795 543 2795 487 2796 543 2796 492 2796 492 2797 543 2797 542 2797 492 2798 542 2798 491 2798 491 2799 542 2799 541 2799 491 2800 541 2800 490 2800 490 2801 541 2801 545 2801 490 2802 545 2802 495 2802 495 2803 545 2803 552 2803 495 2804 552 2804 506 2804 506 2805 552 2805 567 2805 506 2806 567 2806 520 2806 520 2807 567 2807 598 2807 520 2808 598 2808 553 2808 553 2809 598 2809 641 2809 553 2810 641 2810 600 2810 600 2811 641 2811 679 2811 600 2812 679 2812 656 2812 656 2813 679 2813 732 2813 656 2814 732 2814 704 2814 704 2815 732 2815 764 2815 704 2816 764 2816 739 2816 739 2817 764 2817 811 2817 739 2818 811 2818 794 2818 571 2819 656 2819 620 2819 620 2820 656 2820 704 2820 620 2821 704 2821 654 2821 654 2822 704 2822 739 2822 654 2823 739 2823 684 2823 684 2824 739 2824 794 2824 684 2825 794 2825 744 2825 744 2826 794 2826 832 2826 744 2827 832 2827 792 2827 792 2828 832 2828 849 2828 792 2829 849 2829 809 2829 809 2830 849 2830 912 2830 809 2831 912 2831 856 2831 856 2832 912 2832 1065 2832 856 2833 1065 2833 960 2833 960 2834 1065 2834 1157 2834 960 2835 1157 2835 1142 2835 1885 2836 1830 2836 1812 2836 1812 2837 1830 2837 1725 2837 1812 2838 1725 2838 1696 2838 1696 2839 1725 2839 1631 2839 1696 2840 1631 2840 1596 2840 1596 2841 1631 2841 1533 2841 1596 2842 1533 2842 1522 2842 1522 2843 1533 2843 1479 2843 1522 2844 1479 2844 1463 2844 1463 2845 1479 2845 1360 2845 1463 2846 1360 2846 1334 2846 1334 2847 1360 2847 1189 2847 1334 2848 1189 2848 1156 2848 1156 2849 1189 2849 1057 2849 1156 2850 1057 2850 966 2850 966 2851 1057 2851 914 2851 966 2852 914 2852 878 2852 878 2853 914 2853 840 2853 878 2854 840 2854 805 2854 805 2855 840 2855 788 2855 805 2856 788 2856 746 2856 746 2857 788 2857 726 2857 746 2858 726 2858 680 2858 680 2859 726 2859 673 2859 680 2860 673 2860 621 2860 621 2861 673 2861 623 2861 621 2862 623 2862 540 2862 540 2863 623 2863 565 2863 540 2864 565 2864 476 2864 476 2865 565 2865 527 2865 476 2866 527 2866 453 2866 453 2867 527 2867 515 2867 453 2868 515 2868 434 2868 434 2869 515 2869 503 2869 434 2870 503 2870 426 2870 426 2871 503 2871 487 2871 426 2872 487 2872 416 2872 416 2873 487 2873 492 2873 416 2874 492 2874 421 2874 421 2875 492 2875 491 2875 421 2876 491 2876 419 2876 419 2877 491 2877 490 2877 419 2878 490 2878 418 2878 418 2879 490 2879 495 2879 418 2880 495 2880 424 2880 424 2881 495 2881 506 2881 424 2882 506 2882 429 2882 429 2883 506 2883 520 2883 429 2884 520 2884 440 2884 440 2885 520 2885 553 2885 440 2886 553 2886 466 2886 466 2887 553 2887 600 2887 466 2888 600 2888 511 2888 511 2889 600 2889 656 2889 511 2890 656 2890 571 2890 1872 2891 1812 2891 1797 2891 1797 2892 1812 2892 1696 2892 1797 2893 1696 2893 1674 2893 1674 2894 1696 2894 1596 2894 1674 2895 1596 2895 1587 2895 1587 2896 1596 2896 1522 2896 1587 2897 1522 2897 1508 2897 1508 2898 1522 2898 1463 2898 1508 2899 1463 2899 1448 2899 1448 2900 1463 2900 1334 2900 1448 2901 1334 2901 1320 2901 1320 2902 1334 2902 1156 2902 1320 2903 1156 2903 1146 2903 1146 2904 1156 2904 966 2904 1146 2905 966 2905 908 2905 908 2906 966 2906 878 2906 908 2907 878 2907 842 2907 842 2908 878 2908 805 2908 842 2909 805 2909 782 2909 782 2910 805 2910 746 2910 782 2911 746 2911 711 2911 711 2912 746 2912 680 2912 711 2913 680 2913 645 2913 645 2914 680 2914 621 2914 645 2915 621 2915 551 2915 551 2916 621 2916 540 2916 551 2917 540 2917 470 2917 470 2918 540 2918 476 2918 470 2919 476 2919 412 2919 412 2920 476 2920 453 2920 412 2921 453 2921 389 2921 389 2922 453 2922 434 2922 389 2923 434 2923 373 2923 373 2924 434 2924 426 2924 373 2925 426 2925 367 2925 367 2926 426 2926 416 2926 367 2927 416 2927 353 2927 353 2928 416 2928 421 2928 353 2929 421 2929 359 2929 359 2930 421 2930 419 2930 359 2931 419 2931 358 2931 358 2932 419 2932 418 2932 358 2933 418 2933 356 2933 356 2934 418 2934 424 2934 356 2935 424 2935 361 2935 361 2936 424 2936 429 2936 361 2937 429 2937 369 2937 369 2938 429 2938 440 2938 369 2939 440 2939 383 2939 383 2940 440 2940 466 2940 383 2941 466 2941 398 2941 398 2942 466 2942 511 2942 398 2943 511 2943 438 2943 438 2944 511 2944 571 2944 438 2945 571 2945 501 2945 501 2946 571 2946 620 2946 501 2947 620 2947 533 2947 533 2948 620 2948 654 2948 533 2949 654 2949 577 2949 577 2950 654 2950 684 2950 577 2951 684 2951 638 2951 638 2952 684 2952 744 2952 638 2953 744 2953 702 2953 702 2954 744 2954 792 2954 702 2955 792 2955 754 2955 754 2956 792 2956 809 2956 754 2957 809 2957 777 2957 777 2958 809 2958 856 2958 777 2959 856 2959 831 2959 831 2960 856 2960 960 2960 831 2961 960 2961 898 2961 898 2962 960 2962 1142 2962 898 2963 1142 2963 1090 2963 358 2964 356 2964 307 2964 307 2965 356 2965 361 2965 307 2966 361 2966 311 2966 311 2967 361 2967 369 2967 311 2968 369 2968 322 2968 322 2969 369 2969 383 2969 322 2970 383 2970 331 2970 331 2971 383 2971 398 2971 331 2972 398 2972 357 2972 357 2973 398 2973 438 2973 357 2974 438 2974 394 2974 394 2975 438 2975 501 2975 394 2976 501 2976 449 2976 449 2977 501 2977 533 2977 449 2978 533 2978 482 2978 482 2979 533 2979 577 2979 482 2980 577 2980 526 2980 526 2981 577 2981 638 2981 526 2982 638 2982 582 2982 582 2983 638 2983 702 2983 582 2984 702 2984 670 2984 670 2985 702 2985 754 2985 670 2986 754 2986 719 2986 719 2987 754 2987 777 2987 719 2988 777 2988 750 2988 750 2989 777 2989 831 2989 750 2990 831 2990 803 2990 803 2991 831 2991 898 2991 803 2992 898 2992 868 2992 868 2993 898 2993 1090 2993 868 2994 1090 2994 1028 2994 1843 2995 1797 2995 1772 2995 1772 2996 1797 2996 1674 2996 1772 2997 1674 2997 1654 2997 1654 2998 1674 2998 1587 2998 1654 2999 1587 2999 1576 2999 1576 3000 1587 3000 1508 3000 1576 3001 1508 3001 1485 3001 1485 3002 1508 3002 1448 3002 1485 3003 1448 3003 1436 3003 1436 3004 1448 3004 1320 3004 1436 3005 1320 3005 1307 3005 1307 3006 1320 3006 1146 3006 1307 3007 1146 3007 1130 3007 1130 3008 1146 3008 908 3008 1130 3009 908 3009 884 3009 884 3010 908 3010 842 3010 884 3011 842 3011 826 3011 826 3012 842 3012 782 3012 826 3013 782 3013 759 3013 759 3014 782 3014 711 3014 759 3015 711 3015 682 3015 682 3016 711 3016 645 3016 682 3017 645 3017 607 3017 607 3018 645 3018 551 3018 607 3019 551 3019 504 3019 504 3020 551 3020 470 3020 504 3021 470 3021 432 3021 432 3022 470 3022 412 3022 432 3023 412 3023 382 3023 382 3024 412 3024 389 3024 382 3025 389 3025 341 3025 341 3026 389 3026 373 3026 341 3027 373 3027 328 3027 328 3028 373 3028 367 3028 328 3029 367 3029 319 3029 1824 3030 1772 3030 1753 3030 1753 3031 1772 3031 1654 3031 1753 3032 1654 3032 1639 3032 1639 3033 1654 3033 1576 3033 1639 3034 1576 3034 1574 3034 1574 3035 1576 3035 1485 3035 1574 3036 1485 3036 1465 3036 1465 3037 1485 3037 1436 3037 1465 3038 1436 3038 1422 3038 1422 3039 1436 3039 1307 3039 1422 3040 1307 3040 1299 3040 1299 3041 1307 3041 1130 3041 1299 3042 1130 3042 1091 3042 1091 3043 1130 3043 884 3043 1091 3044 884 3044 859 3044 859 3045 884 3045 826 3045 859 3046 826 3046 807 3046 807 3047 826 3047 759 3047 807 3048 759 3048 736 3048 736 3049 759 3049 682 3049 736 3050 682 3050 660 3050 660 3051 682 3051 607 3051 660 3052 607 3052 562 3052 562 3053 607 3053 504 3053 562 3054 504 3054 462 3054 462 3055 504 3055 432 3055 462 3056 432 3056 390 3056 390 3057 432 3057 382 3057 390 3058 382 3058 334 3058 334 3059 382 3059 341 3059 334 3060 341 3060 298 3060 298 3061 341 3061 328 3061 298 3062 328 3062 287 3062 287 3063 328 3063 319 3063 287 3064 319 3064 271 3064 271 3065 319 3065 308 3065 271 3066 308 3066 265 3066 265 3067 308 3067 305 3067 265 3068 305 3068 262 3068 262 3069 305 3069 306 3069 262 3070 306 3070 263 3070 263 3071 306 3071 307 3071 263 3072 307 3072 264 3072 264 3073 307 3073 311 3073 264 3074 311 3074 267 3074 267 3075 311 3075 322 3075 267 3076 322 3076 276 3076 276 3077 322 3077 331 3077 276 3078 331 3078 290 3078 290 3079 331 3079 357 3079 290 3080 357 3080 314 3080 314 3081 357 3081 394 3081 314 3082 394 3082 347 3082 347 3083 394 3083 449 3083 347 3084 449 3084 409 3084 409 3085 449 3085 482 3085 409 3086 482 3086 442 3086 442 3087 482 3087 526 3087 442 3088 526 3088 479 3088 479 3089 526 3089 582 3089 479 3090 582 3090 535 3090 535 3091 582 3091 670 3091 535 3092 670 3092 642 3092 642 3093 670 3093 719 3093 642 3094 719 3094 688 3094 688 3095 719 3095 750 3095 688 3096 750 3096 721 3096 721 3097 750 3097 803 3097 721 3098 803 3098 787 3098 787 3099 803 3099 868 3099 787 3100 868 3100 846 3100 846 3101 868 3101 1028 3101 846 3102 1028 3102 970 3102 1814 3103 1753 3103 1731 3103 1731 3104 1753 3104 1639 3104 1731 3105 1639 3105 1637 3105 1637 3106 1639 3106 1574 3106 1637 3107 1574 3107 1541 3107 1541 3108 1574 3108 1465 3108 1541 3109 1465 3109 1461 3109 1461 3110 1465 3110 1422 3110 1461 3111 1422 3111 1406 3111 1406 3112 1422 3112 1299 3112 1406 3113 1299 3113 1295 3113 1295 3114 1299 3114 1091 3114 1295 3115 1091 3115 1039 3115 1039 3116 1091 3116 859 3116 1039 3117 859 3117 844 3117 844 3118 859 3118 807 3118 844 3119 807 3119 796 3119 796 3120 807 3120 736 3120 796 3121 736 3121 715 3121 715 3122 736 3122 660 3122 715 3123 660 3123 632 3123 632 3124 660 3124 562 3124 632 3125 562 3125 521 3125 521 3126 562 3126 462 3126 521 3127 462 3127 430 3127 430 3128 462 3128 390 3128 430 3129 390 3129 355 3129 355 3130 390 3130 334 3130 355 3131 334 3131 294 3131 294 3132 334 3132 298 3132 294 3133 298 3133 257 3133 257 3134 298 3134 287 3134 257 3135 287 3135 243 3135 243 3136 287 3136 271 3136 243 3137 271 3137 227 3137 227 3138 271 3138 265 3138 227 3139 265 3139 219 3139 219 3140 265 3140 262 3140 219 3141 262 3141 216 3141 216 3142 262 3142 263 3142 216 3143 263 3143 217 3143 217 3144 263 3144 264 3144 217 3145 264 3145 218 3145 218 3146 264 3146 267 3146 218 3147 267 3147 223 3147 223 3148 267 3148 276 3148 223 3149 276 3149 229 3149 229 3150 276 3150 290 3150 229 3151 290 3151 245 3151 245 3152 290 3152 314 3152 245 3153 314 3153 275 3153 275 3154 314 3154 347 3154 275 3155 347 3155 317 3155 317 3156 347 3156 409 3156 317 3157 409 3157 377 3157 377 3158 409 3158 442 3158 377 3159 442 3159 406 3159 406 3160 442 3160 479 3160 406 3161 479 3161 445 3161 445 3162 479 3162 535 3162 445 3163 535 3163 489 3163 489 3164 535 3164 642 3164 489 3165 642 3165 603 3165 603 3166 642 3166 688 3166 603 3167 688 3167 665 3167 665 3168 688 3168 721 3168 665 3169 721 3169 694 3169 694 3170 721 3170 787 3170 694 3171 787 3171 763 3171 763 3172 787 3172 846 3172 763 3173 846 3173 834 3173 834 3174 846 3174 970 3174 834 3175 970 3175 926 3175 1787 3176 1713 3176 1694 3176 1694 3177 1713 3177 1633 3177 1694 3178 1633 3178 1601 3178 1601 3179 1633 3179 1535 3179 1601 3180 1535 3180 1524 3180 1524 3181 1535 3181 1455 3181 1524 3182 1455 3182 1440 3182 1440 3183 1455 3183 1397 3183 1440 3184 1397 3184 1382 3184 1382 3185 1397 3185 1289 3185 1382 3186 1289 3186 1275 3186 1275 3187 1289 3187 990 3187 1275 3188 990 3188 928 3188 928 3189 990 3189 836 3189 928 3190 836 3190 814 3190 814 3191 836 3191 781 3191 814 3192 781 3192 756 3192 756 3193 781 3193 697 3193 756 3194 697 3194 668 3194 668 3195 697 3195 609 3195 668 3196 609 3196 557 3196 557 3197 609 3197 480 3197 557 3198 480 3198 437 3198 437 3199 480 3199 396 3199 437 3200 396 3200 345 3200 345 3201 396 3201 326 3201 345 3202 326 3202 269 3202 269 3203 326 3203 255 3203 269 3204 255 3204 205 3204 205 3205 255 3205 225 3205 205 3206 225 3206 170 3206 170 3207 225 3207 204 3207 170 3208 204 3208 154 3208 154 3209 204 3209 193 3209 154 3210 193 3210 148 3210 148 3211 193 3211 187 3211 148 3212 187 3212 144 3212 144 3213 187 3213 184 3213 144 3214 184 3214 140 3214 140 3215 184 3215 186 3215 140 3216 186 3216 143 3216 143 3217 186 3217 188 3217 143 3218 188 3218 145 3218 145 3219 188 3219 185 3219 145 3220 185 3220 142 3220 142 3221 185 3221 195 3221 142 3222 195 3222 150 3222 150 3223 195 3223 207 3223 150 3224 207 3224 157 3224 157 3225 207 3225 232 3225 157 3226 232 3226 176 3226 176 3227 232 3227 281 3227 176 3228 281 3228 211 3228 211 3229 281 3229 337 3229 211 3230 337 3230 286 3230 286 3231 337 3231 375 3231 286 3232 375 3232 324 3232 324 3233 375 3233 410 3233 324 3234 410 3234 365 3234 365 3235 410 3235 458 3235 365 3236 458 3236 405 3236 405 3237 458 3237 563 3237 405 3238 563 3238 496 3238 496 3239 563 3239 646 3239 496 3240 646 3240 578 3240 578 3241 646 3241 674 3241 578 3242 674 3242 631 3242 631 3243 674 3243 741 3243 631 3244 741 3244 709 3244 709 3245 741 3245 816 3245 709 3246 816 3246 790 3246 790 3247 816 3247 900 3247 790 3248 900 3248 870 3248 870 3249 900 3249 1008 3249 870 3250 1008 3250 943 3250 1083 3251 910 3251 943 3251 943 3252 910 3252 850 3252 943 3253 850 3253 870 3253 870 3254 850 3254 769 3254 870 3255 769 3255 790 3255 790 3256 769 3256 676 3256 790 3257 676 3257 709 3257 709 3258 676 3258 588 3258 709 3259 588 3259 631 3259 631 3260 588 3260 529 3260 631 3261 529 3261 578 3261 578 3262 529 3262 452 3262 578 3263 452 3263 496 3263 496 3264 452 3264 371 3264 496 3265 371 3265 405 3265 405 3266 371 3266 320 3266 405 3267 320 3267 365 3267 365 3268 320 3268 277 3268 365 3269 277 3269 324 3269 324 3270 277 3270 235 3270 324 3271 235 3271 286 3271 286 3272 235 3272 172 3272 286 3273 172 3273 211 3273 211 3274 172 3274 146 3274 211 3275 146 3275 176 3275 176 3276 146 3276 126 3276 176 3277 126 3277 157 3277 157 3278 126 3278 111 3278 157 3279 111 3279 150 3279 150 3280 111 3280 102 3280 150 3281 102 3281 142 3281 142 3282 102 3282 105 3282 142 3283 105 3283 145 3283 145 3284 105 3284 103 3284 145 3285 103 3285 143 3285 143 3286 103 3286 98 3286 143 3287 98 3287 140 3287 140 3288 98 3288 104 3288 140 3289 104 3289 144 3289 144 3290 104 3290 109 3290 144 3291 109 3291 148 3291 148 3292 109 3292 122 3292 148 3293 122 3293 154 3293 154 3294 122 3294 133 3294 154 3295 133 3295 170 3295 170 3296 133 3296 166 3296 170 3297 166 3297 205 3297 205 3298 166 3298 221 3298 205 3299 221 3299 269 3299 269 3300 221 3300 301 3300 269 3301 301 3301 345 3301 345 3302 301 3302 400 3302 345 3303 400 3303 437 3303 437 3304 400 3304 514 3304 437 3305 514 3305 557 3305 557 3306 514 3306 648 3306 557 3307 648 3307 668 3307 668 3308 648 3308 733 3308 668 3309 733 3309 756 3309 756 3310 733 3310 798 3310 756 3311 798 3311 814 3311 814 3312 798 3312 906 3312 814 3313 906 3313 928 3313 928 3314 906 3314 1254 3314 928 3315 1254 3315 1275 3315 1275 3316 1254 3316 1363 3316 1275 3317 1363 3317 1382 3317 1382 3318 1363 3318 1425 3318 1382 3319 1425 3319 1440 3319 1440 3320 1425 3320 1520 3320 1440 3321 1520 3321 1524 3321 1524 3322 1520 3322 1591 3322 1524 3323 1591 3323 1601 3323 1601 3324 1591 3324 1681 3324 1601 3325 1681 3325 1694 3325 1014 3326 892 3326 910 3326 910 3327 892 3327 838 3327 910 3328 838 3328 850 3328 850 3329 838 3329 748 3329 850 3330 748 3330 769 3330 769 3331 748 3331 659 3331 769 3332 659 3332 676 3332 676 3333 659 3333 555 3333 676 3334 555 3334 588 3334 588 3335 555 3335 502 3335 588 3336 502 3336 529 3336 529 3337 502 3337 422 3337 529 3338 422 3338 452 3338 452 3339 422 3339 332 3339 452 3340 332 3340 371 3340 371 3341 332 3341 283 3341 371 3342 283 3342 320 3342 320 3343 283 3343 237 3343 320 3344 237 3344 277 3344 277 3345 237 3345 199 3345 277 3346 199 3346 235 3346 235 3347 199 3347 152 3347 235 3348 152 3348 172 3348 172 3349 152 3349 120 3349 172 3350 120 3350 146 3350 146 3351 120 3351 90 3351 146 3352 90 3352 126 3352 126 3353 90 3353 82 3353 126 3354 82 3354 111 3354 111 3355 82 3355 68 3355 111 3356 68 3356 102 3356 102 3357 68 3357 71 3357 102 3358 71 3358 105 3358 105 3359 71 3359 69 3359 105 3360 69 3360 103 3360 103 3361 69 3361 63 3361 103 3362 63 3362 98 3362 98 3363 63 3363 70 3363 98 3364 70 3364 104 3364 104 3365 70 3365 80 3365 104 3366 80 3366 109 3366 109 3367 80 3367 88 3367 109 3368 88 3368 122 3368 122 3369 88 3369 113 3369 122 3370 113 3370 133 3370 133 3371 113 3371 134 3371 133 3372 134 3372 166 3372 166 3373 134 3373 192 3373 166 3374 192 3374 221 3374 221 3375 192 3375 280 3375 221 3376 280 3376 301 3376 301 3377 280 3377 379 3377 301 3378 379 3378 400 3378 400 3379 379 3379 473 3379 400 3380 473 3380 514 3380 514 3381 473 3381 618 3381 514 3382 618 3382 648 3382 648 3383 618 3383 717 3383 648 3384 717 3384 733 3384 733 3385 717 3385 784 3385 733 3386 784 3386 798 3386 798 3387 784 3387 890 3387 798 3388 890 3388 906 3388 906 3389 890 3389 1235 3389 906 3390 1235 3390 1254 3390 1254 3391 1235 3391 1343 3391 1254 3392 1343 3392 1363 3392 1363 3393 1343 3393 1408 3393 1363 3394 1408 3394 1425 3394 1425 3395 1408 3395 1507 3395 1425 3396 1507 3396 1520 3396 1520 3397 1507 3397 1589 3397 1520 3398 1589 3398 1591 3398 1591 3399 1589 3399 1664 3399 1591 3400 1664 3400 1681 3400 42 3401 69 3401 48 3401 48 3402 69 3402 71 3402 48 3403 71 3403 50 3403 50 3404 71 3404 68 3404 50 3405 68 3405 47 3405 47 3406 68 3406 82 3406 47 3407 82 3407 57 3407 57 3408 82 3408 90 3408 57 3409 90 3409 75 3409 75 3410 90 3410 120 3410 75 3411 120 3411 94 3411 94 3412 120 3412 152 3412 94 3413 152 3413 130 3413 130 3414 152 3414 199 3414 130 3415 199 3415 178 3415 178 3416 199 3416 237 3416 178 3417 237 3417 209 3417 209 3418 237 3418 283 3418 209 3419 283 3419 254 3419 254 3420 283 3420 332 3420 254 3421 332 3421 312 3421 312 3422 332 3422 422 3422 312 3423 422 3423 402 3423 402 3424 422 3424 502 3424 402 3425 502 3425 475 3425 475 3426 502 3426 555 3426 475 3427 555 3427 525 3427 525 3428 555 3428 659 3428 525 3429 659 3429 650 3429 650 3430 659 3430 748 3430 650 3431 748 3431 738 3431 738 3432 748 3432 838 3432 738 3433 838 3433 829 3433 829 3434 838 3434 892 3434 829 3435 892 3435 882 3435 69 3436 42 3436 63 3436 63 3437 42 3437 49 3437 63 3438 49 3438 70 3438 70 3439 49 3439 54 3439 70 3440 54 3440 80 3440 80 3441 54 3441 62 3441 80 3442 62 3442 88 3442 88 3443 62 3443 92 3443 88 3444 92 3444 113 3444 113 3445 92 3445 128 3445 113 3446 128 3446 134 3446 134 3447 128 3447 174 3447 134 3448 174 3448 192 3448 192 3449 174 3449 251 3449 192 3450 251 3450 280 3450 280 3451 251 3451 364 3451 280 3452 364 3452 379 3452 379 3453 364 3453 465 3453 379 3454 465 3454 473 3454 473 3455 465 3455 606 3455 473 3456 606 3456 618 3456 618 3457 606 3457 706 3457 618 3458 706 3458 717 3458 717 3459 706 3459 775 3459 717 3460 775 3460 784 3460 784 3461 775 3461 880 3461 784 3462 880 3462 890 3462 890 3463 880 3463 1227 3463 890 3464 1227 3464 1235 3464 1235 3465 1227 3465 1339 3465 1235 3466 1339 3466 1343 3466 1343 3467 1339 3467 1401 3467 1343 3468 1401 3468 1408 3468 1408 3469 1401 3469 1497 3469 1408 3470 1497 3470 1507 3470 1507 3471 1497 3471 1585 3471 1507 3472 1585 3472 1589 3472 1589 3473 1585 3473 1658 3473 1589 3474 1658 3474 1664 3474 22 3475 48 3475 28 3475 28 3476 48 3476 50 3476 28 3477 50 3477 30 3477 30 3478 50 3478 47 3478 30 3479 47 3479 27 3479 27 3480 47 3480 57 3480 27 3481 57 3481 34 3481 34 3482 57 3482 75 3482 34 3483 75 3483 58 3483 58 3484 75 3484 94 3484 58 3485 94 3485 86 3485 86 3486 94 3486 130 3486 86 3487 130 3487 124 3487 124 3488 130 3488 178 3488 124 3489 178 3489 168 3489 168 3490 178 3490 209 3490 168 3491 209 3491 201 3491 201 3492 209 3492 254 3492 201 3493 254 3493 248 3493 248 3494 254 3494 312 3494 248 3495 312 3495 296 3495 296 3496 312 3496 402 3496 296 3497 402 3497 392 3497 392 3498 402 3498 475 3498 392 3499 475 3499 468 3499 468 3500 475 3500 525 3500 468 3501 525 3501 517 3501 517 3502 525 3502 650 3502 517 3503 650 3503 636 3503 636 3504 650 3504 738 3504 636 3505 738 3505 729 3505 729 3506 738 3506 829 3506 729 3507 829 3507 823 3507 823 3508 829 3508 882 3508 823 3509 882 3509 875 3509 48 3510 22 3510 42 3510 42 3511 22 3511 29 3511 42 3512 29 3512 49 3512 49 3513 29 3513 32 3513 49 3514 32 3514 54 3514 54 3515 32 3515 52 3515 54 3516 52 3516 62 3516 62 3517 52 3517 84 3517 62 3518 84 3518 92 3518 92 3519 84 3519 116 3519 92 3520 116 3520 128 3520 128 3521 116 3521 165 3521 128 3522 165 3522 174 3522 174 3523 165 3523 249 3523 174 3524 249 3524 251 3524 251 3525 249 3525 343 3525 251 3526 343 3526 364 3526 364 3527 343 3527 455 3527 364 3528 455 3528 465 3528 465 3529 455 3529 581 3529 465 3530 581 3530 606 3530 606 3531 581 3531 700 3531 606 3532 700 3532 706 3532 706 3533 700 3533 771 3533 706 3534 771 3534 775 3534 775 3535 771 3535 872 3535 775 3536 872 3536 880 3536 880 3537 872 3537 1215 3537 880 3538 1215 3538 1227 3538 1227 3539 1215 3539 1335 3539 1227 3540 1335 3540 1339 3540 1339 3541 1335 3541 1399 3541 1339 3542 1399 3542 1401 3542 1401 3543 1399 3543 1492 3543 1401 3544 1492 3544 1497 3544 1497 3545 1492 3545 1581 3545 1497 3546 1581 3546 1585 3546 1585 3547 1581 3547 1651 3547 1585 3548 1651 3548 1658 3548 954 3549 866 3549 875 3549 875 3550 866 3550 821 3550 875 3551 821 3551 823 3551 823 3552 821 3552 724 3552 823 3553 724 3553 729 3553 729 3554 724 3554 626 3554 729 3555 626 3555 636 3555 636 3556 626 3556 509 3556 636 3557 509 3557 517 3557 517 3558 509 3558 460 3558 517 3559 460 3559 468 3559 468 3560 460 3560 386 3560 468 3561 386 3561 392 3561 392 3562 386 3562 292 3562 392 3563 292 3563 296 3563 296 3564 292 3564 239 3564 296 3565 239 3565 248 3565 248 3566 239 3566 197 3566 248 3567 197 3567 201 3567 201 3568 197 3568 162 3568 201 3569 162 3569 168 3569 168 3570 162 3570 118 3570 168 3571 118 3571 124 3571 124 3572 118 3572 78 3572 124 3573 78 3573 86 3573 86 3574 78 3574 40 3574 86 3575 40 3575 58 3575 58 3576 40 3576 20 3576 58 3577 20 3577 34 3577 34 3578 20 3578 10 3578 34 3579 10 3579 27 3579 27 3580 10 3580 14 3580 27 3581 14 3581 30 3581 30 3582 14 3582 12 3582 30 3583 12 3583 28 3583 28 3584 12 3584 6 3584 28 3585 6 3585 22 3585 22 3586 6 3586 13 3586 22 3587 13 3587 29 3587 29 3588 13 3588 18 3588 29 3589 18 3589 32 3589 32 3590 18 3590 38 3590 32 3591 38 3591 52 3591 52 3592 38 3592 76 3592 52 3593 76 3593 84 3593 84 3594 76 3594 107 3594 84 3595 107 3595 116 3595 116 3596 107 3596 159 3596 116 3597 159 3597 165 3597 165 3598 159 3598 241 3598 165 3599 241 3599 249 3599 249 3600 241 3600 339 3600 249 3601 339 3601 343 3601 343 3602 339 3602 447 3602 343 3603 447 3603 455 3603 455 3604 447 3604 574 3604 455 3605 574 3605 581 3605 581 3606 574 3606 693 3606 581 3607 693 3607 700 3607 700 3608 693 3608 767 3608 700 3609 767 3609 771 3609 771 3610 767 3610 864 3610 771 3611 864 3611 872 3611 872 3612 864 3612 1209 3612 872 3613 1209 3613 1215 3613 1215 3614 1209 3614 1327 3614 1215 3615 1327 3615 1335 3615 1335 3616 1327 3616 1395 3616 1335 3617 1395 3617 1399 3617 1399 3618 1395 3618 1486 3618 1399 3619 1486 3619 1492 3619 1492 3620 1486 3620 1579 3620 1492 3621 1579 3621 1581 3621 1581 3622 1579 3622 1646 3622 1581 3623 1646 3623 1651 3623 722 3624 724 3624 772 3624 772 3625 724 3625 821 3625 772 3626 821 3626 817 3626 817 3627 821 3627 866 3627 817 3628 866 3628 862 3628 3 3629 6 3629 0 3629 0 3630 6 3630 12 3630 0 3631 12 3631 2 3631 2 3632 12 3632 14 3632 2 3633 14 3633 4 3633 4 3634 14 3634 10 3634 4 3635 10 3635 1 3635 1 3636 10 3636 20 3636 1 3637 20 3637 16 3637 16 3638 20 3638 40 3638 16 3639 40 3639 36 3639 36 3640 40 3640 78 3640 36 3641 78 3641 74 3641 74 3642 78 3642 118 3642 74 3643 118 3643 114 3643 114 3644 118 3644 162 3644 114 3645 162 3645 160 3645 160 3646 162 3646 197 3646 160 3647 197 3647 189 3647 189 3648 197 3648 239 3648 189 3649 239 3649 231 3649 231 3650 239 3650 292 3650 231 3651 292 3651 289 3651 289 3652 292 3652 386 3652 289 3653 386 3653 384 3653 384 3654 386 3654 460 3654 384 3655 460 3655 456 3655 456 3656 460 3656 509 3656 456 3657 509 3657 507 3657 507 3658 509 3658 626 3658 507 3659 626 3659 624 3659 624 3660 626 3660 724 3660 624 3661 724 3661 722 3661 6 3662 3 3662 13 3662 13 3663 3 3663 15 3663 13 3664 15 3664 18 3664 18 3665 15 3665 35 3665 18 3666 35 3666 38 3666 38 3667 35 3667 59 3667 38 3668 59 3668 76 3668 76 3669 59 3669 95 3669 76 3670 95 3670 107 3670 107 3671 95 3671 155 3671 107 3672 155 3672 159 3672 159 3673 155 3673 234 3673 159 3674 234 3674 241 3674 241 3675 234 3675 335 3675 241 3676 335 3676 339 3676 339 3677 335 3677 444 3677 339 3678 444 3678 447 3678 447 3679 444 3679 570 3679 447 3680 570 3680 574 3680 574 3681 570 3681 690 3681 574 3682 690 3682 693 3682 693 3683 690 3683 765 3683 693 3684 765 3684 767 3684 767 3685 765 3685 861 3685 767 3686 861 3686 864 3686 864 3687 861 3687 1207 3687 864 3688 1207 3688 1209 3688 1209 3689 1207 3689 1325 3689 1209 3690 1325 3690 1327 3690 1327 3691 1325 3691 1393 3691 1327 3692 1393 3692 1395 3692 1395 3693 1393 3693 1480 3693 1395 3694 1480 3694 1486 3694 1486 3695 1480 3695 1577 3695 1486 3696 1577 3696 1579 3696 1579 3697 1577 3697 1644 3697 1579 3698 1644 3698 1646 3698 722 3699 772 3699 723 3699 723 3700 772 3700 817 3700 723 3701 817 3701 820 3701 820 3702 817 3702 862 3702 820 3703 862 3703 865 3703 1711 3704 1644 3704 1645 3704 1645 3705 1644 3705 1577 3705 1645 3706 1577 3706 1578 3706 1578 3707 1577 3707 1480 3707 1578 3708 1480 3708 1484 3708 1484 3709 1480 3709 1393 3709 1484 3710 1393 3710 1394 3710 1394 3711 1393 3711 1325 3711 1394 3712 1325 3712 1326 3712 1326 3713 1325 3713 1207 3713 1326 3714 1207 3714 1208 3714 1208 3715 1207 3715 861 3715 1208 3716 861 3716 863 3716 863 3717 861 3717 765 3717 863 3718 765 3718 766 3718 766 3719 765 3719 690 3719 766 3720 690 3720 691 3720 691 3721 690 3721 570 3721 691 3722 570 3722 573 3722 573 3723 570 3723 444 3723 573 3724 444 3724 446 3724 446 3725 444 3725 335 3725 446 3726 335 3726 338 3726 338 3727 335 3727 234 3727 338 3728 234 3728 240 3728 240 3729 234 3729 155 3729 240 3730 155 3730 158 3730 158 3731 155 3731 95 3731 158 3732 95 3732 106 3732 106 3733 95 3733 59 3733 106 3734 59 3734 73 3734 73 3735 59 3735 35 3735 73 3736 35 3736 37 3736 37 3737 35 3737 15 3737 37 3738 15 3738 17 3738 17 3739 15 3739 3 3739 17 3740 3 3740 9 3740 9 3741 3 3741 0 3741 9 3742 0 3742 5 3742 5 3743 0 3743 2 3743 5 3744 2 3744 8 3744 8 3745 2 3745 4 3745 8 3746 4 3746 11 3746 11 3747 4 3747 1 3747 11 3748 1 3748 7 3748 7 3749 1 3749 16 3749 7 3750 16 3750 19 3750 19 3751 16 3751 36 3751 19 3752 36 3752 39 3752 39 3753 36 3753 74 3753 39 3754 74 3754 77 3754 77 3755 74 3755 114 3755 77 3756 114 3756 117 3756 117 3757 114 3757 160 3757 117 3758 160 3758 161 3758 161 3759 160 3759 189 3759 161 3760 189 3760 196 3760 196 3761 189 3761 231 3761 196 3762 231 3762 238 3762 238 3763 231 3763 289 3763 238 3764 289 3764 291 3764 291 3765 289 3765 384 3765 291 3766 384 3766 385 3766 385 3767 384 3767 456 3767 385 3768 456 3768 459 3768 459 3769 456 3769 507 3769 459 3770 507 3770 508 3770 508 3771 507 3771 624 3771 508 3772 624 3772 625 3772 625 3773 624 3773 722 3773 625 3774 722 3774 723 3774 21 3775 8 3775 24 3775 24 3776 8 3776 11 3776 24 3777 11 3777 26 3777 26 3778 11 3778 7 3778 26 3779 7 3779 23 3779 23 3780 7 3780 19 3780 23 3781 19 3781 33 3781 33 3782 19 3782 39 3782 33 3783 39 3783 56 3783 56 3784 39 3784 77 3784 56 3785 77 3785 85 3785 85 3786 77 3786 117 3786 85 3787 117 3787 123 3787 123 3788 117 3788 161 3788 123 3789 161 3789 167 3789 167 3790 161 3790 196 3790 167 3791 196 3791 200 3791 200 3792 196 3792 238 3792 200 3793 238 3793 246 3793 246 3794 238 3794 291 3794 246 3795 291 3795 295 3795 295 3796 291 3796 385 3796 295 3797 385 3797 391 3797 391 3798 385 3798 459 3798 391 3799 459 3799 467 3799 467 3800 459 3800 508 3800 467 3801 508 3801 516 3801 516 3802 508 3802 625 3802 516 3803 625 3803 635 3803 635 3804 625 3804 723 3804 635 3805 723 3805 728 3805 728 3806 723 3806 820 3806 728 3807 820 3807 822 3807 822 3808 820 3808 865 3808 822 3809 865 3809 873 3809 8 3810 21 3810 5 3810 5 3811 21 3811 25 3811 5 3812 25 3812 9 3812 9 3813 25 3813 31 3813 9 3814 31 3814 17 3814 17 3815 31 3815 51 3815 17 3816 51 3816 37 3816 37 3817 51 3817 83 3817 37 3818 83 3818 73 3818 73 3819 83 3819 115 3819 73 3820 115 3820 106 3820 106 3821 115 3821 164 3821 106 3822 164 3822 158 3822 158 3823 164 3823 247 3823 158 3824 247 3824 240 3824 240 3825 247 3825 342 3825 240 3826 342 3826 338 3826 338 3827 342 3827 454 3827 338 3828 454 3828 446 3828 446 3829 454 3829 580 3829 446 3830 580 3830 573 3830 573 3831 580 3831 699 3831 573 3832 699 3832 691 3832 691 3833 699 3833 770 3833 691 3834 770 3834 766 3834 766 3835 770 3835 871 3835 766 3836 871 3836 863 3836 863 3837 871 3837 1214 3837 863 3838 1214 3838 1208 3838 1208 3839 1214 3839 1333 3839 1208 3840 1333 3840 1326 3840 1326 3841 1333 3841 1398 3841 1326 3842 1398 3842 1394 3842 1394 3843 1398 3843 1491 3843 1394 3844 1491 3844 1484 3844 1484 3845 1491 3845 1580 3845 1484 3846 1580 3846 1578 3846 1578 3847 1580 3847 1650 3847 1578 3848 1650 3848 1645 3848 41 3849 24 3849 44 3849 44 3850 24 3850 26 3850 44 3851 26 3851 46 3851 46 3852 26 3852 23 3852 46 3853 23 3853 43 3853 43 3854 23 3854 33 3854 43 3855 33 3855 55 3855 55 3856 33 3856 56 3856 55 3857 56 3857 72 3857 72 3858 56 3858 85 3858 72 3859 85 3859 93 3859 93 3860 85 3860 123 3860 93 3861 123 3861 129 3861 129 3862 123 3862 167 3862 129 3863 167 3863 177 3863 177 3864 167 3864 200 3864 177 3865 200 3865 208 3865 208 3866 200 3866 246 3866 208 3867 246 3867 253 3867 253 3868 246 3868 295 3868 253 3869 295 3869 310 3869 310 3870 295 3870 391 3870 310 3871 391 3871 401 3871 401 3872 391 3872 467 3872 401 3873 467 3873 472 3873 472 3874 467 3874 516 3874 472 3875 516 3875 522 3875 522 3876 516 3876 635 3876 522 3877 635 3877 649 3877 649 3878 635 3878 728 3878 649 3879 728 3879 735 3879 735 3880 728 3880 822 3880 735 3881 822 3881 828 3881 828 3882 822 3882 873 3882 828 3883 873 3883 881 3883 24 3884 41 3884 21 3884 21 3885 41 3885 45 3885 21 3886 45 3886 25 3886 25 3887 45 3887 53 3887 25 3888 53 3888 31 3888 31 3889 53 3889 60 3889 31 3890 60 3890 51 3890 51 3891 60 3891 91 3891 51 3892 91 3892 83 3892 83 3893 91 3893 127 3893 83 3894 127 3894 115 3894 115 3895 127 3895 173 3895 115 3896 173 3896 164 3896 164 3897 173 3897 250 3897 164 3898 250 3898 247 3898 247 3899 250 3899 363 3899 247 3900 363 3900 342 3900 342 3901 363 3901 464 3901 342 3902 464 3902 454 3902 454 3903 464 3903 605 3903 454 3904 605 3904 580 3904 580 3905 605 3905 705 3905 580 3906 705 3906 699 3906 699 3907 705 3907 774 3907 699 3908 774 3908 770 3908 770 3909 774 3909 879 3909 770 3910 879 3910 871 3910 871 3911 879 3911 1226 3911 871 3912 1226 3912 1214 3912 1214 3913 1226 3913 1338 3913 1214 3914 1338 3914 1333 3914 1333 3915 1338 3915 1400 3915 1333 3916 1400 3916 1398 3916 1398 3917 1400 3917 1496 3917 1398 3918 1496 3918 1491 3918 1491 3919 1496 3919 1584 3919 1491 3920 1584 3920 1580 3920 1580 3921 1584 3921 1657 3921 1580 3922 1657 3922 1650 3922 61 3923 44 3923 65 3923 65 3924 44 3924 46 3924 65 3925 46 3925 67 3925 67 3926 46 3926 43 3926 67 3927 43 3927 64 3927 64 3928 43 3928 55 3928 64 3929 55 3929 81 3929 81 3930 55 3930 72 3930 81 3931 72 3931 89 3931 89 3932 72 3932 93 3932 89 3933 93 3933 119 3933 119 3934 93 3934 129 3934 119 3935 129 3935 151 3935 151 3936 129 3936 177 3936 151 3937 177 3937 198 3937 198 3938 177 3938 208 3938 198 3939 208 3939 236 3939 236 3940 208 3940 253 3940 236 3941 253 3941 282 3941 282 3942 253 3942 310 3942 282 3943 310 3943 330 3943 330 3944 310 3944 401 3944 330 3945 401 3945 420 3945 420 3946 401 3946 472 3946 420 3947 472 3947 499 3947 499 3948 472 3948 522 3948 499 3949 522 3949 554 3949 554 3950 522 3950 649 3950 554 3951 649 3951 657 3951 657 3952 649 3952 735 3952 657 3953 735 3953 747 3953 747 3954 735 3954 828 3954 747 3955 828 3955 837 3955 837 3956 828 3956 881 3956 837 3957 881 3957 891 3957 44 3958 61 3958 41 3958 41 3959 61 3959 66 3959 41 3960 66 3960 45 3960 45 3961 66 3961 79 3961 45 3962 79 3962 53 3962 53 3963 79 3963 87 3963 53 3964 87 3964 60 3964 60 3965 87 3965 112 3965 60 3966 112 3966 91 3966 91 3967 112 3967 132 3967 91 3968 132 3968 127 3968 127 3969 132 3969 191 3969 127 3970 191 3970 173 3970 173 3971 191 3971 279 3971 173 3972 279 3972 250 3972 250 3973 279 3973 378 3973 250 3974 378 3974 363 3974 363 3975 378 3975 471 3975 363 3976 471 3976 464 3976 464 3977 471 3977 616 3977 464 3978 616 3978 605 3978 605 3979 616 3979 716 3979 605 3980 716 3980 705 3980 705 3981 716 3981 783 3981 705 3982 783 3982 774 3982 774 3983 783 3983 889 3983 774 3984 889 3984 879 3984 879 3985 889 3985 1234 3985 879 3986 1234 3986 1226 3986 1226 3987 1234 3987 1342 3987 1226 3988 1342 3988 1338 3988 1338 3989 1342 3989 1407 3989 1338 3990 1407 3990 1400 3990 1400 3991 1407 3991 1506 3991 1400 3992 1506 3992 1496 3992 1496 3993 1506 3993 1588 3993 1496 3994 1588 3994 1584 3994 1584 3995 1588 3995 1663 3995 1584 3996 1663 3996 1657 3996 1745 3997 1663 3997 1680 3997 1680 3998 1663 3998 1588 3998 1680 3999 1588 3999 1590 3999 1590 4000 1588 4000 1506 4000 1590 4001 1506 4001 1519 4001 1519 4002 1506 4002 1407 4002 1519 4003 1407 4003 1424 4003 1424 4004 1407 4004 1342 4004 1424 4005 1342 4005 1361 4005 1361 4006 1342 4006 1234 4006 1361 4007 1234 4007 1253 4007 1253 4008 1234 4008 889 4008 1253 4009 889 4009 905 4009 905 4010 889 4010 783 4010 905 4011 783 4011 797 4011 797 4012 783 4012 716 4012 797 4013 716 4013 731 4013 731 4014 716 4014 616 4014 731 4015 616 4015 647 4015 647 4016 616 4016 471 4016 647 4017 471 4017 513 4017 513 4018 471 4018 378 4018 513 4019 378 4019 399 4019 399 4020 378 4020 279 4020 399 4021 279 4021 299 4021 299 4022 279 4022 191 4022 299 4023 191 4023 220 4023 220 4024 191 4024 132 4024 220 4025 132 4025 163 4025 163 4026 132 4026 112 4026 163 4027 112 4027 131 4027 131 4028 112 4028 87 4028 131 4029 87 4029 121 4029 121 4030 87 4030 79 4030 121 4031 79 4031 108 4031 108 4032 79 4032 66 4032 108 4033 66 4033 100 4033 100 4034 66 4034 61 4034 100 4035 61 4035 96 4035 96 4036 61 4036 65 4036 96 4037 65 4037 99 4037 99 4038 65 4038 67 4038 99 4039 67 4039 101 4039 101 4040 67 4040 64 4040 101 4041 64 4041 97 4041 97 4042 64 4042 81 4042 97 4043 81 4043 110 4043 110 4044 81 4044 89 4044 110 4045 89 4045 125 4045 125 4046 89 4046 119 4046 125 4047 119 4047 141 4047 141 4048 119 4048 151 4048 141 4049 151 4049 171 4049 171 4050 151 4050 198 4050 171 4051 198 4051 233 4051 233 4052 198 4052 236 4052 233 4053 236 4053 274 4053 274 4054 236 4054 282 4054 274 4055 282 4055 318 4055 318 4056 282 4056 330 4056 318 4057 330 4057 370 4057 370 4058 330 4058 420 4058 370 4059 420 4059 451 4059 451 4060 420 4060 499 4060 451 4061 499 4061 528 4061 528 4062 499 4062 554 4062 528 4063 554 4063 584 4063 584 4064 554 4064 657 4064 584 4065 657 4065 675 4065 675 4066 657 4066 747 4066 675 4067 747 4067 768 4067 768 4068 747 4068 837 4068 768 4069 837 4069 848 4069 848 4070 837 4070 891 4070 848 4071 891 4071 909 4071 1755 4072 1680 4072 1693 4072 1693 4073 1680 4073 1590 4073 1693 4074 1590 4074 1600 4074 1600 4075 1590 4075 1519 4075 1600 4076 1519 4076 1523 4076 1523 4077 1519 4077 1424 4077 1523 4078 1424 4078 1439 4078 1439 4079 1424 4079 1361 4079 1439 4080 1361 4080 1381 4080 1381 4081 1361 4081 1253 4081 1381 4082 1253 4082 1274 4082 1274 4083 1253 4083 905 4083 1274 4084 905 4084 927 4084 927 4085 905 4085 797 4085 927 4086 797 4086 812 4086 812 4087 797 4087 731 4087 812 4088 731 4088 755 4088 755 4089 731 4089 647 4089 755 4090 647 4090 666 4090 666 4091 647 4091 513 4091 666 4092 513 4092 556 4092 556 4093 513 4093 399 4093 556 4094 399 4094 436 4094 436 4095 399 4095 299 4095 436 4096 299 4096 344 4096 344 4097 299 4097 220 4097 344 4098 220 4098 268 4098 268 4099 220 4099 163 4099 268 4100 163 4100 203 4100 203 4101 163 4101 131 4101 203 4102 131 4102 169 4102 169 4103 131 4103 121 4103 169 4104 121 4104 153 4104 153 4105 121 4105 108 4105 153 4106 108 4106 147 4106 147 4107 108 4107 100 4107 147 4108 100 4108 138 4108 138 4109 100 4109 96 4109 138 4110 96 4110 135 4110 135 4111 96 4111 99 4111 135 4112 99 4112 137 4112 137 4113 99 4113 101 4113 137 4114 101 4114 139 4114 139 4115 101 4115 97 4115 139 4116 97 4116 136 4116 136 4117 97 4117 110 4117 136 4118 110 4118 149 4118 149 4119 110 4119 125 4119 149 4120 125 4120 156 4120 156 4121 125 4121 141 4121 156 4122 141 4122 175 4122 175 4123 141 4123 171 4123 175 4124 171 4124 210 4124 210 4125 171 4125 233 4125 210 4126 233 4126 284 4126 284 4127 233 4127 274 4127 284 4128 274 4128 323 4128 323 4129 274 4129 318 4129 323 4130 318 4130 362 4130 362 4131 318 4131 370 4131 362 4132 370 4132 403 4132 403 4133 370 4133 451 4133 403 4134 451 4134 494 4134 494 4135 451 4135 528 4135 494 4136 528 4136 576 4136 576 4137 528 4137 584 4137 576 4138 584 4138 629 4138 629 4139 584 4139 675 4139 629 4140 675 4140 708 4140 708 4141 675 4141 768 4141 708 4142 768 4142 789 4142 789 4143 768 4143 848 4143 789 4144 848 4144 869 4144 869 4145 848 4145 909 4145 869 4146 909 4146 942 4146 1131 4147 1007 4147 942 4147 942 4148 1007 4148 899 4148 942 4149 899 4149 869 4149 869 4150 899 4150 815 4150 869 4151 815 4151 789 4151 789 4152 815 4152 740 4152 789 4153 740 4153 708 4153 708 4154 740 4154 672 4154 708 4155 672 4155 629 4155 629 4156 672 4156 644 4156 629 4157 644 4157 576 4157 576 4158 644 4158 561 4158 576 4159 561 4159 494 4159 494 4160 561 4160 457 4160 494 4161 457 4161 403 4161 403 4162 457 4162 408 4162 403 4163 408 4163 362 4163 362 4164 408 4164 374 4164 362 4165 374 4165 323 4165 323 4166 374 4166 336 4166 323 4167 336 4167 284 4167 284 4168 336 4168 278 4168 284 4169 278 4169 210 4169 210 4170 278 4170 230 4170 210 4171 230 4171 175 4171 175 4172 230 4172 206 4172 175 4173 206 4173 156 4173 156 4174 206 4174 194 4174 156 4175 194 4175 149 4175 149 4176 194 4176 180 4176 149 4177 180 4177 136 4177 136 4178 180 4178 183 4178 136 4179 183 4179 139 4179 139 4180 183 4180 181 4180 139 4181 181 4181 137 4181 137 4182 181 4182 179 4182 137 4183 179 4183 135 4183 135 4184 179 4184 182 4184 135 4185 182 4185 138 4185 138 4186 182 4186 190 4186 138 4187 190 4187 147 4187 147 4188 190 4188 202 4188 147 4189 202 4189 153 4189 153 4190 202 4190 224 4190 153 4191 224 4191 169 4191 169 4192 224 4192 252 4192 169 4193 252 4193 203 4193 203 4194 252 4194 325 4194 203 4195 325 4195 268 4195 268 4196 325 4196 395 4196 268 4197 395 4197 344 4197 344 4198 395 4198 478 4198 344 4199 478 4199 436 4199 436 4200 478 4200 608 4200 436 4201 608 4201 556 4201 556 4202 608 4202 695 4202 556 4203 695 4203 666 4203 666 4204 695 4204 779 4204 666 4205 779 4205 755 4205 755 4206 779 4206 835 4206 755 4207 835 4207 812 4207 812 4208 835 4208 989 4208 812 4209 989 4209 927 4209 927 4210 989 4210 1288 4210 927 4211 1288 4211 1274 4211 1274 4212 1288 4212 1396 4212 1274 4213 1396 4213 1381 4213 1381 4214 1396 4214 1454 4214 1381 4215 1454 4215 1439 4215 1439 4216 1454 4216 1534 4216 1439 4217 1534 4217 1523 4217 1523 4218 1534 4218 1632 4218 1523 4219 1632 4219 1600 4219 1600 4220 1632 4220 1712 4220 1600 4221 1712 4221 1693 4221 181 4222 212 4222 179 4222 179 4223 212 4223 215 4223 179 4224 215 4224 182 4224 182 4225 215 4225 226 4225 182 4226 226 4226 190 4226 190 4227 226 4227 242 4227 190 4228 242 4228 202 4228 202 4229 242 4229 256 4229 202 4230 256 4230 224 4230 224 4231 256 4231 293 4231 224 4232 293 4232 252 4232 252 4233 293 4233 349 4233 252 4234 349 4234 325 4234 325 4235 349 4235 428 4235 325 4236 428 4236 395 4236 395 4237 428 4237 519 4237 395 4238 519 4238 478 4238 478 4239 519 4239 630 4239 478 4240 630 4240 608 4240 608 4241 630 4241 714 4241 608 4242 714 4242 695 4242 695 4243 714 4243 795 4243 695 4244 795 4244 779 4244 779 4245 795 4245 843 4245 779 4246 843 4246 835 4246 835 4247 843 4247 1038 4247 835 4248 1038 4248 989 4248 989 4249 1038 4249 1294 4249 989 4250 1294 4250 1288 4250 1288 4251 1294 4251 1405 4251 1288 4252 1405 4252 1396 4252 1396 4253 1405 4253 1460 4253 1396 4254 1460 4254 1454 4254 1454 4255 1460 4255 1540 4255 1454 4256 1540 4256 1534 4256 1534 4257 1540 4257 1635 4257 1534 4258 1635 4258 1632 4258 1632 4259 1635 4259 1729 4259 1632 4260 1729 4260 1712 4260 1058 4261 967 4261 925 4261 925 4262 967 4262 845 4262 925 4263 845 4263 833 4263 833 4264 845 4264 785 4264 833 4265 785 4265 761 4265 761 4266 785 4266 720 4266 761 4267 720 4267 692 4267 692 4268 720 4268 687 4268 692 4269 687 4269 663 4269 663 4270 687 4270 640 4270 663 4271 640 4271 602 4271 602 4272 640 4272 531 4272 602 4273 531 4273 485 4273 485 4274 531 4274 477 4274 485 4275 477 4275 443 4275 443 4276 477 4276 441 4276 443 4277 441 4277 404 4277 404 4278 441 4278 407 4278 404 4279 407 4279 376 4279 376 4280 407 4280 346 4280 376 4281 346 4281 315 4281 315 4282 346 4282 313 4282 315 4283 313 4283 272 4283 272 4284 313 4284 288 4284 272 4285 288 4285 244 4285 244 4286 288 4286 273 4286 244 4287 273 4287 228 4287 228 4288 273 4288 266 4288 228 4289 266 4289 222 4289 222 4290 266 4290 260 4290 222 4291 260 4291 214 4291 214 4292 260 4292 259 4292 214 4293 259 4293 213 4293 213 4294 259 4294 258 4294 213 4295 258 4295 212 4295 212 4296 258 4296 261 4296 212 4297 261 4297 215 4297 215 4298 261 4298 270 4298 215 4299 270 4299 226 4299 226 4300 270 4300 285 4300 226 4301 285 4301 242 4301 242 4302 285 4302 297 4302 242 4303 297 4303 256 4303 256 4304 297 4304 333 4304 256 4305 333 4305 293 4305 293 4306 333 4306 388 4306 293 4307 388 4307 349 4307 349 4308 388 4308 461 4308 349 4309 461 4309 428 4309 428 4310 461 4310 559 4310 428 4311 559 4311 519 4311 519 4312 559 4312 658 4312 519 4313 658 4313 630 4313 630 4314 658 4314 734 4314 630 4315 734 4315 714 4315 714 4316 734 4316 806 4316 714 4317 806 4317 795 4317 795 4318 806 4318 857 4318 795 4319 857 4319 843 4319 843 4320 857 4320 1089 4320 843 4321 1089 4321 1038 4321 1038 4322 1089 4322 1298 4322 1038 4323 1298 4323 1294 4323 1294 4324 1298 4324 1421 4324 1294 4325 1421 4325 1405 4325 1405 4326 1421 4326 1464 4326 1405 4327 1464 4327 1460 4327 1460 4328 1464 4328 1573 4328 1460 4329 1573 4329 1540 4329 1540 4330 1573 4330 1638 4330 1540 4331 1638 4331 1635 4331 1635 4332 1638 4332 1751 4332 1635 4333 1751 4333 1729 4333 1160 4334 1019 4334 967 4334 967 4335 1019 4335 867 4335 967 4336 867 4336 845 4336 845 4337 867 4337 802 4337 845 4338 802 4338 785 4338 785 4339 802 4339 749 4339 785 4340 749 4340 720 4340 720 4341 749 4341 718 4341 720 4342 718 4342 687 4342 687 4343 718 4343 669 4343 687 4344 669 4344 640 4344 640 4345 669 4345 579 4345 640 4346 579 4346 531 4346 531 4347 579 4347 523 4347 531 4348 523 4348 477 4348 477 4349 523 4349 481 4349 477 4350 481 4350 441 4350 441 4351 481 4351 448 4351 441 4352 448 4352 407 4352 407 4353 448 4353 393 4353 407 4354 393 4354 346 4354 346 4355 393 4355 351 4355 346 4356 351 4356 313 4356 313 4357 351 4357 329 4357 313 4358 329 4358 288 4358 288 4359 329 4359 321 4359 288 4360 321 4360 273 4360 273 4361 321 4361 309 4361 273 4362 309 4362 266 4362 266 4363 309 4363 303 4363 266 4364 303 4364 260 4364 260 4365 303 4365 302 4365 260 4366 302 4366 259 4366 259 4367 302 4367 300 4367 259 4368 300 4368 258 4368 258 4369 300 4369 304 4369 258 4370 304 4370 261 4370 261 4371 304 4371 316 4371 261 4372 316 4372 270 4372 270 4373 316 4373 327 4373 270 4374 327 4374 285 4374 285 4375 327 4375 340 4375 285 4376 340 4376 297 4376 297 4377 340 4377 380 4377 297 4378 380 4378 333 4378 333 4379 380 4379 431 4379 333 4380 431 4380 388 4380 388 4381 431 4381 500 4381 388 4382 500 4382 461 4382 461 4383 500 4383 604 4383 461 4384 604 4384 559 4384 559 4385 604 4385 681 4385 559 4386 681 4386 658 4386 658 4387 681 4387 758 4387 658 4388 758 4388 734 4388 734 4389 758 4389 825 4389 734 4390 825 4390 806 4390 806 4391 825 4391 883 4391 806 4392 883 4392 857 4392 857 4393 883 4393 1125 4393 857 4394 1125 4394 1089 4394 1089 4395 1125 4395 1306 4395 1089 4396 1306 4396 1298 4396 1298 4397 1306 4397 1432 4397 1298 4398 1432 4398 1421 4398 1421 4399 1432 4399 1481 4399 1421 4400 1481 4400 1464 4400 1464 4401 1481 4401 1575 4401 1464 4402 1575 4402 1573 4402 1573 4403 1575 4403 1653 4403 1573 4404 1653 4404 1638 4404 1638 4405 1653 4405 1771 4405 1638 4406 1771 4406 1751 4406 352 4407 303 4407 350 4407 350 4408 303 4408 309 4408 350 4409 309 4409 360 4409 360 4410 309 4410 321 4410 360 4411 321 4411 368 4411 368 4412 321 4412 329 4412 368 4413 329 4413 381 4413 381 4414 329 4414 351 4414 381 4415 351 4415 397 4415 397 4416 351 4416 393 4416 397 4417 393 4417 435 4417 435 4418 393 4418 448 4418 435 4419 448 4419 497 4419 497 4420 448 4420 481 4420 497 4421 481 4421 530 4421 530 4422 481 4422 523 4422 530 4423 523 4423 575 4423 575 4424 523 4424 579 4424 575 4425 579 4425 634 4425 634 4426 579 4426 669 4426 634 4427 669 4427 701 4427 701 4428 669 4428 718 4428 701 4429 718 4429 752 4429 752 4430 718 4430 749 4430 752 4431 749 4431 776 4431 776 4432 749 4432 802 4432 776 4433 802 4433 827 4433 827 4434 802 4434 867 4434 827 4435 867 4435 897 4435 897 4436 867 4436 1019 4436 897 4437 1019 4437 1088 4437 304 4438 366 4438 316 4438 316 4439 366 4439 372 4439 316 4440 372 4440 327 4440 327 4441 372 4441 387 4441 327 4442 387 4442 340 4442 340 4443 387 4443 411 4443 340 4444 411 4444 380 4444 380 4445 411 4445 469 4445 380 4446 469 4446 431 4446 431 4447 469 4447 548 4447 431 4448 548 4448 500 4448 500 4449 548 4449 643 4449 500 4450 643 4450 604 4450 604 4451 643 4451 710 4451 604 4452 710 4452 681 4452 681 4453 710 4453 780 4453 681 4454 780 4454 758 4454 758 4455 780 4455 841 4455 758 4456 841 4456 825 4456 825 4457 841 4457 907 4457 825 4458 907 4458 883 4458 883 4459 907 4459 1145 4459 883 4460 1145 4460 1125 4460 1125 4461 1145 4461 1319 4461 1125 4462 1319 4462 1306 4462 1306 4463 1319 4463 1447 4463 1306 4464 1447 4464 1432 4464 1432 4465 1447 4465 1505 4465 1432 4466 1505 4466 1481 4466 1481 4467 1505 4467 1586 4467 1481 4468 1586 4468 1575 4468 1575 4469 1586 4469 1672 4469 1575 4470 1672 4470 1653 4470 1653 4471 1672 4471 1796 4471 1653 4472 1796 4472 1771 4472 1855 4473 1796 4473 1811 4473 1811 4474 1796 4474 1672 4474 1811 4475 1672 4475 1695 4475 1695 4476 1672 4476 1586 4476 1695 4477 1586 4477 1595 4477 1595 4478 1586 4478 1505 4478 1595 4479 1505 4479 1521 4479 1521 4480 1505 4480 1447 4480 1521 4481 1447 4481 1462 4481 1462 4482 1447 4482 1319 4482 1462 4483 1319 4483 1332 4483 1332 4484 1319 4484 1145 4484 1332 4485 1145 4485 1154 4485 1154 4486 1145 4486 907 4486 1154 4487 907 4487 965 4487 965 4488 907 4488 841 4488 965 4489 841 4489 877 4489 877 4490 841 4490 780 4490 877 4491 780 4491 804 4491 804 4492 780 4492 710 4492 804 4493 710 4493 745 4493 745 4494 710 4494 643 4494 745 4495 643 4495 678 4495 678 4496 643 4496 548 4496 678 4497 548 4497 619 4497 619 4498 548 4498 469 4498 619 4499 469 4499 534 4499 534 4500 469 4500 411 4500 534 4501 411 4501 474 4501 474 4502 411 4502 387 4502 474 4503 387 4503 450 4503 450 4504 387 4504 372 4504 450 4505 372 4505 433 4505 433 4506 372 4506 366 4506 433 4507 366 4507 425 4507 425 4508 366 4508 348 4508 425 4509 348 4509 413 4509 413 4510 348 4510 354 4510 413 4511 354 4511 417 4511 417 4512 354 4512 352 4512 417 4513 352 4513 415 4513 415 4514 352 4514 350 4514 415 4515 350 4515 414 4515 414 4516 350 4516 360 4516 414 4517 360 4517 423 4517 423 4518 360 4518 368 4518 423 4519 368 4519 427 4519 427 4520 368 4520 381 4520 427 4521 381 4521 439 4521 439 4522 381 4522 397 4522 439 4523 397 4523 463 4523 463 4524 397 4524 435 4524 463 4525 435 4525 510 4525 510 4526 435 4526 497 4526 510 4527 497 4527 569 4527 569 4528 497 4528 530 4528 569 4529 530 4529 617 4529 617 4530 530 4530 575 4530 617 4531 575 4531 651 4531 651 4532 575 4532 634 4532 651 4533 634 4533 683 4533 683 4534 634 4534 701 4534 683 4535 701 4535 743 4535 743 4536 701 4536 752 4536 743 4537 752 4537 791 4537 791 4538 752 4538 776 4538 791 4539 776 4539 808 4539 808 4540 776 4540 827 4540 808 4541 827 4541 855 4541 855 4542 827 4542 897 4542 855 4543 897 4543 955 4543 955 4544 897 4544 1088 4544 955 4545 1088 4545 1141 4545 617 4546 651 4546 703 4546 703 4547 651 4547 683 4547 703 4548 683 4548 737 4548 737 4549 683 4549 743 4549 737 4550 743 4550 793 4550 793 4551 743 4551 791 4551 793 4552 791 4552 830 4552 830 4553 791 4553 808 4553 830 4554 808 4554 847 4554 847 4555 808 4555 855 4555 847 4556 855 4556 911 4556 911 4557 855 4557 955 4557 911 4558 955 4558 1064 4558 1064 4559 955 4559 1141 4559 1064 4560 1141 4560 1155 4560 1875 4561 1811 4561 1829 4561 1829 4562 1811 4562 1695 4562 1829 4563 1695 4563 1724 4563 1724 4564 1695 4564 1595 4564 1724 4565 1595 4565 1630 4565 1630 4566 1595 4566 1521 4566 1630 4567 1521 4567 1532 4567 1532 4568 1521 4568 1462 4568 1532 4569 1462 4569 1477 4569 1477 4570 1462 4570 1332 4570 1477 4571 1332 4571 1359 4571 1359 4572 1332 4572 1154 4572 1359 4573 1154 4573 1188 4573 1188 4574 1154 4574 965 4574 1188 4575 965 4575 1052 4575 1052 4576 965 4576 877 4576 1052 4577 877 4577 913 4577 913 4578 877 4578 804 4578 913 4579 804 4579 839 4579 839 4580 804 4580 745 4580 839 4581 745 4581 786 4581 786 4582 745 4582 678 4582 786 4583 678 4583 725 4583 725 4584 678 4584 619 4584 725 4585 619 4585 671 4585 671 4586 619 4586 534 4586 671 4587 534 4587 622 4587 622 4588 534 4588 474 4588 622 4589 474 4589 564 4589 564 4590 474 4590 450 4590 564 4591 450 4591 524 4591 524 4592 450 4592 433 4592 524 4593 433 4593 512 4593 512 4594 433 4594 425 4594 512 4595 425 4595 498 4595 498 4596 425 4596 413 4596 498 4597 413 4597 483 4597 483 4598 413 4598 417 4598 483 4599 417 4599 488 4599 488 4600 417 4600 415 4600 488 4601 415 4601 486 4601 486 4602 415 4602 414 4602 486 4603 414 4603 484 4603 484 4604 414 4604 423 4604 484 4605 423 4605 493 4605 493 4606 423 4606 427 4606 493 4607 427 4607 505 4607 505 4608 427 4608 439 4608 505 4609 439 4609 518 4609 518 4610 439 4610 463 4610 518 4611 463 4611 550 4611 550 4612 463 4612 510 4612 550 4613 510 4613 597 4613 597 4614 510 4614 569 4614 597 4615 569 4615 653 4615 653 4616 569 4616 617 4616 653 4617 617 4617 703 4617 1236 4618 1172 4618 1155 4618 1155 4619 1172 4619 1119 4619 1155 4620 1119 4620 1064 4620 1064 4621 1119 4621 945 4621 1064 4622 945 4622 911 4622 911 4623 945 4623 874 4623 911 4624 874 4624 847 4624 1237 4625 1301 4625 1221 4625 1203 4626 1297 4626 1201 4626 1201 4627 1291 4627 1179 4627 2683 4628 2757 4628 2723 4628 1179 4629 1287 4629 1163 4629 1163 4630 1276 4630 1148 4630 1248 4631 1229 4631 1167 4631 1248 4632 1167 4632 1132 4632 1144 4633 1248 4633 1132 4633 1083 4634 1114 4634 1167 4634 2824 4635 2833 4635 2789 4635 1083 4636 1178 4636 1014 4636 1083 4637 1167 4637 1178 4637 2833 4638 2854 4638 2797 4638 2789 4639 2833 4639 2797 4639 2883 4640 2888 4640 2823 4640 947 4641 1150 4641 949 4641 983 4642 1164 4642 1013 4642 1175 4643 1166 4643 1082 4643 1013 4644 1175 4644 1082 4644 2853 4645 2832 4645 2796 4645 2802 4646 2853 4646 2796 4646 1113 4647 1082 4647 1166 4647 2832 4648 2821 4648 2788 4648 2796 4649 2832 4649 2788 4649 2804 4650 2798 4650 2772 4650 2788 4651 2804 4651 2772 4651 2790 4652 2785 4652 2758 4652 2785 4653 2766 4653 2740 4653 1177 4654 1290 4654 1200 4654 2766 4655 2756 4655 2722 4655 2756 4656 2738 4656 2682 4656 2722 4657 2756 4657 2682 4657 2720 4658 2692 4658 2665 4658 2308 4659 2336 4659 2340 4659 1647 4660 1716 4660 1767 4660 1647 4661 1649 4661 1716 4661 2615 4662 2648 4662 2653 4662 2337 4663 2310 4663 2341 4663 1717 4664 1648 4664 1768 4664 1652 4665 1648 4665 1717 4665 1203 4666 1221 4666 1297 4666 1114 4667 1132 4667 1167 4667 2821 4668 2804 4668 2788 4668 1166 4669 1228 4669 1245 4669 1113 4670 1166 4670 1131 4670 2738 4671 2720 4671 2682 4671 1444 4672 1389 4672 1375 4672 1375 4673 1389 4673 1308 4673 1375 4674 1308 4674 1311 4674 1311 4675 1308 4675 1237 4675 1311 4676 1237 4676 1258 4676 2757 4677 2683 4677 2739 4677 2739 4678 2683 4678 2666 4678 2739 4679 2666 4679 2721 4679 2721 4680 2666 4680 2653 4680 2721 4681 2653 4681 2693 4681 2693 4682 2653 4682 2648 4682 2693 4683 2648 4683 2678 4683 2757 4684 2767 4684 2723 4684 2723 4685 2767 4685 2786 4685 2723 4686 2786 4686 2746 4686 2746 4687 2786 4687 2792 4687 2746 4688 2792 4688 2759 4688 2759 4689 2792 4689 2799 4689 2759 4690 2799 4690 2763 4690 2763 4691 2799 4691 2805 4691 2763 4692 2805 4692 2773 4692 2773 4693 2805 4693 2824 4693 2773 4694 2824 4694 2789 4694 2088 4695 2156 4695 2174 4695 2174 4696 2156 4696 2226 4696 2174 4697 2226 4697 2232 4697 2232 4698 2226 4698 2289 4698 2232 4699 2289 4699 2293 4699 2293 4700 2289 4700 2330 4700 2293 4701 2330 4701 2335 4701 2335 4702 2330 4702 2365 4702 2335 4703 2365 4703 2374 4703 2374 4704 2365 4704 2400 4704 2374 4705 2400 4705 2431 4705 2431 4706 2400 4706 2453 4706 2431 4707 2453 4707 2463 4707 2463 4708 2453 4708 2501 4708 2463 4709 2501 4709 2505 4709 2505 4710 2501 4710 2548 4710 2505 4711 2548 4711 2552 4711 2552 4712 2548 4712 2592 4712 2552 4713 2592 4713 2594 4713 2594 4714 2592 4714 2643 4714 2594 4715 2643 4715 2662 4715 2662 4716 2643 4716 2697 4716 2662 4717 2697 4717 2732 4717 2732 4718 2697 4718 2763 4718 2732 4719 2763 4719 2773 4719 2156 4720 2088 4720 2084 4720 2084 4721 2088 4721 2030 4721 2084 4722 2030 4722 2028 4722 2028 4723 2030 4723 1954 4723 2028 4724 1954 4724 1952 4724 1952 4725 1954 4725 1909 4725 1952 4726 1909 4726 1901 4726 1901 4727 1909 4727 1840 4727 1901 4728 1840 4728 1828 4728 1828 4729 1840 4729 1764 4729 1828 4730 1764 4730 1761 4730 1761 4731 1764 4731 1677 4731 1761 4732 1677 4732 1675 4732 1675 4733 1677 4733 1616 4733 1675 4734 1616 4734 1614 4734 1614 4735 1616 4735 1558 4735 1614 4736 1558 4736 1560 4736 1560 4737 1558 4737 1494 4737 1560 4738 1494 4738 1498 4738 1498 4739 1494 4739 1429 4739 1498 4740 1429 4740 1431 4740 1431 4741 1429 4741 1324 4741 1431 4742 1324 4742 1330 4742 1330 4743 1324 4743 1248 4743 1330 4744 1248 4744 1266 4744 1266 4745 1248 4745 1144 4745 1266 4746 1144 4746 1148 4746 1178 4747 1165 4747 1014 4747 1014 4748 1165 4748 1161 4748 1014 4749 1161 4749 984 4749 984 4750 1161 4750 1153 4750 984 4751 1153 4751 969 4751 969 4752 1153 4752 1151 4752 969 4753 1151 4753 954 4753 954 4754 1151 4754 1149 4754 954 4755 1149 4755 947 4755 2854 4756 2867 4756 2803 4756 2803 4757 2867 4757 2875 4757 2803 4758 2875 4758 2811 4758 2811 4759 2875 4759 2883 4759 2811 4760 2883 4760 2820 4760 2823 4761 2888 4761 2825 4761 2825 4762 2888 4762 2882 4762 2825 4763 2882 4763 2822 4763 2822 4764 2882 4764 2874 4764 2822 4765 2874 4765 2819 4765 2819 4766 2874 4766 2866 4766 2819 4767 2866 4767 2810 4767 2810 4768 2866 4768 2853 4768 2810 4769 2853 4769 2802 4769 1150 4770 1152 4770 949 4770 949 4771 1152 4771 1159 4771 949 4772 1159 4772 968 4772 968 4773 1159 4773 1164 4773 968 4774 1164 4774 983 4774 1166 4775 1245 4775 1131 4775 1131 4776 1245 4776 1265 4776 1131 4777 1265 4777 1143 4777 1143 4778 1265 4778 1273 4778 1143 4779 1273 4779 1147 4779 1147 4780 1273 4780 1286 4780 1147 4781 1286 4781 1160 4781 1160 4782 1286 4782 1290 4782 1160 4783 1290 4783 1177 4783 2155 4784 2231 4784 2225 4784 2225 4785 2231 4785 2292 4785 2225 4786 2292 4786 2288 4786 2288 4787 2292 4787 2334 4787 2288 4788 2334 4788 2329 4788 2329 4789 2334 4789 2373 4789 2329 4790 2373 4790 2364 4790 2364 4791 2373 4791 2428 4791 2364 4792 2428 4792 2399 4792 2399 4793 2428 4793 2462 4793 2399 4794 2462 4794 2452 4794 2452 4795 2462 4795 2504 4795 2452 4796 2504 4796 2500 4796 2500 4797 2504 4797 2551 4797 2500 4798 2551 4798 2547 4798 2547 4799 2551 4799 2593 4799 2547 4800 2593 4800 2590 4800 2590 4801 2593 4801 2661 4801 2590 4802 2661 4802 2642 4802 2642 4803 2661 4803 2731 4803 2642 4804 2731 4804 2696 4804 2696 4805 2731 4805 2772 4805 2696 4806 2772 4806 2762 4806 2762 4807 2772 4807 2798 4807 2762 4808 2798 4808 2790 4808 2231 4809 2155 4809 2172 4809 2172 4810 2155 4810 2083 4810 2172 4811 2083 4811 2087 4811 2087 4812 2083 4812 2027 4812 2087 4813 2027 4813 2029 4813 2029 4814 2027 4814 1951 4814 2029 4815 1951 4815 1953 4815 1953 4816 1951 4816 1900 4816 1953 4817 1900 4817 1908 4817 1908 4818 1900 4818 1827 4818 1908 4819 1827 4819 1831 4819 1831 4820 1827 4820 1758 4820 1831 4821 1758 4821 1763 4821 1763 4822 1758 4822 1673 4822 1763 4823 1673 4823 1676 4823 1676 4824 1673 4824 1613 4824 1676 4825 1613 4825 1615 4825 1615 4826 1613 4826 1559 4826 1615 4827 1559 4827 1557 4827 1557 4828 1559 4828 1495 4828 1557 4829 1495 4829 1493 4829 1493 4830 1495 4830 1430 4830 1493 4831 1430 4831 1428 4831 1428 4832 1430 4832 1328 4832 1428 4833 1328 4833 1323 4833 1323 4834 1328 4834 1265 4834 1323 4835 1265 4835 1245 4835 1200 4836 1296 4836 1202 4836 1202 4837 1296 4837 1300 4837 1202 4838 1300 4838 1220 4838 1220 4839 1300 4839 1305 4839 1220 4840 1305 4840 1236 4840 1236 4841 1305 4841 1309 4841 1236 4842 1309 4842 1257 4842 2614 4843 2652 4843 2647 4843 2647 4844 2652 4844 2692 4844 2647 4845 2692 4845 2677 4845 2538 4846 2564 4846 2553 4846 2553 4847 2564 4847 2599 4847 2553 4848 2599 4848 2582 4848 2582 4849 2599 4849 2652 4849 2582 4850 2652 4850 2614 4850 2395 4851 2484 4851 2448 4851 2448 4852 2484 4852 2525 4852 2448 4853 2525 4853 2510 4853 2510 4854 2525 4854 2564 4854 2510 4855 2564 4855 2538 4855 2448 4856 2371 4856 2395 4856 2395 4857 2371 4857 2340 4857 2395 4858 2340 4858 2336 4858 1915 4859 1980 4859 1936 4859 1936 4860 1980 4860 2035 4860 1936 4861 2035 4861 2022 4861 2022 4862 2035 4862 2085 4862 2022 4863 2085 4863 2071 4863 2071 4864 2085 4864 2147 4864 2071 4865 2147 4865 2114 4865 2114 4866 2147 4866 2208 4866 2114 4867 2208 4867 2177 4867 2177 4868 2208 4868 2247 4868 2177 4869 2247 4869 2227 4869 2227 4870 2247 4870 2296 4870 2227 4871 2296 4871 2277 4871 2277 4872 2296 4872 2336 4872 2277 4873 2336 4873 2308 4873 1716 4874 1798 4874 1767 4874 1767 4875 1798 4875 1859 4875 1767 4876 1859 4876 1868 4876 1868 4877 1859 4877 1915 4877 1868 4878 1915 4878 1936 4878 1388 4879 1458 4879 1443 4879 1443 4880 1458 4880 1517 4880 1443 4881 1517 4881 1511 4881 1511 4882 1517 4882 1571 4882 1511 4883 1571 4883 1536 4883 1536 4884 1571 4884 1597 4884 1536 4885 1597 4885 1582 4885 1582 4886 1597 4886 1649 4886 1582 4887 1649 4887 1647 4887 1443 4888 1374 4888 1388 4888 1388 4889 1374 4889 1309 4889 1388 4890 1309 4890 1305 4890 2539 4891 2556 4891 2565 4891 2565 4892 2556 4892 2585 4892 2565 4893 2585 4893 2600 4893 2600 4894 2585 4894 2615 4894 2600 4895 2615 4895 2653 4895 2396 4896 2449 4896 2485 4896 2485 4897 2449 4897 2511 4897 2485 4898 2511 4898 2526 4898 2526 4899 2511 4899 2539 4899 2526 4900 2539 4900 2565 4900 2449 4901 2396 4901 2372 4901 2372 4902 2396 4902 2337 4902 2372 4903 2337 4903 2341 4903 1717 4904 1768 4904 1799 4904 1799 4905 1768 4905 1841 4905 1799 4906 1841 4906 1860 4906 1860 4907 1841 4907 1907 4907 1860 4908 1907 4908 1916 4908 1916 4909 1907 4909 1955 4909 1916 4910 1955 4910 1981 4910 1981 4911 1955 4911 2024 4911 1981 4912 2024 4912 2036 4912 2036 4913 2024 4913 2072 4913 2036 4914 2072 4914 2086 4914 2086 4915 2072 4915 2116 4915 2086 4916 2116 4916 2149 4916 2149 4917 2116 4917 2178 4917 2149 4918 2178 4918 2209 4918 2209 4919 2178 4919 2228 4919 2209 4920 2228 4920 2248 4920 2248 4921 2228 4921 2280 4921 2248 4922 2280 4922 2297 4922 2297 4923 2280 4923 2310 4923 2297 4924 2310 4924 2337 4924 1389 4925 1444 4925 1459 4925 1459 4926 1444 4926 1512 4926 1459 4927 1512 4927 1518 4927 1518 4928 1512 4928 1537 4928 1518 4929 1537 4929 1572 4929 1572 4930 1537 4930 1583 4930 1572 4931 1583 4931 1598 4931 1598 4932 1583 4932 1648 4932 1598 4933 1648 4933 1652 4933 1237 4934 1308 4934 1301 4934 1301 4935 1308 4935 1389 4935 1301 4936 1389 4936 1380 4936 1380 4937 1389 4937 1459 4937 1380 4938 1459 4938 1457 4938 1457 4939 1459 4939 1518 4939 1457 4940 1518 4940 1516 4940 1516 4941 1518 4941 1572 4941 1516 4942 1572 4942 1570 4942 1570 4943 1572 4943 1598 4943 1570 4944 1598 4944 1602 4944 1602 4945 1598 4945 1652 4945 1602 4946 1652 4946 1656 4946 1656 4947 1652 4947 1717 4947 1656 4948 1717 4948 1723 4948 1723 4949 1717 4949 1799 4949 1723 4950 1799 4950 1805 4950 1805 4951 1799 4951 1860 4951 1805 4952 1860 4952 1870 4952 1870 4953 1860 4953 1916 4953 1870 4954 1916 4954 1920 4954 1920 4955 1916 4955 1981 4955 1920 4956 1981 4956 1991 4956 1991 4957 1981 4957 2036 4957 1991 4958 2036 4958 2042 4958 2042 4959 2036 4959 2086 4959 2042 4960 2086 4960 2094 4960 2094 4961 2086 4961 2149 4961 2094 4962 2149 4962 2170 4962 2170 4963 2149 4963 2209 4963 2170 4964 2209 4964 2222 4964 2222 4965 2209 4965 2248 4965 2222 4966 2248 4966 2268 4966 2268 4967 2248 4967 2297 4967 2268 4968 2297 4968 2307 4968 2307 4969 2297 4969 2337 4969 2307 4970 2337 4970 2344 4970 2344 4971 2337 4971 2396 4971 2344 4972 2396 4972 2426 4972 2426 4973 2396 4973 2485 4973 2426 4974 2485 4974 2499 4974 2499 4975 2485 4975 2526 4975 2499 4976 2526 4976 2544 4976 2544 4977 2526 4977 2565 4977 2544 4978 2565 4978 2575 4978 2575 4979 2565 4979 2600 4979 2575 4980 2600 4980 2617 4980 2617 4981 2600 4981 2653 4981 2617 4982 2653 4982 2666 4982 1221 4983 1301 4983 1297 4983 1297 4984 1301 4984 1380 4984 1297 4985 1380 4985 1366 4985 1366 4986 1380 4986 1457 4986 1366 4987 1457 4987 1450 4987 1450 4988 1457 4988 1516 4988 1450 4989 1516 4989 1514 4989 1514 4990 1516 4990 1570 4990 1514 4991 1570 4991 1568 4991 1568 4992 1570 4992 1602 4992 1568 4993 1602 4993 1604 4993 1604 4994 1602 4994 1656 4994 1604 4995 1656 4995 1660 4995 1660 4996 1656 4996 1723 4996 1660 4997 1723 4997 1730 4997 1730 4998 1723 4998 1805 4998 1730 4999 1805 4999 1810 4999 1810 5000 1805 5000 1870 5000 1810 5001 1870 5001 1874 5001 1874 5002 1870 5002 1920 5002 1874 5003 1920 5003 1930 5003 1930 5004 1920 5004 1991 5004 1930 5005 1991 5005 2000 5005 2000 5006 1991 5006 2042 5006 2000 5007 2042 5007 2048 5007 2048 5008 2042 5008 2094 5008 2048 5009 2094 5009 2110 5009 2110 5010 2094 5010 2170 5010 2110 5011 2170 5011 2182 5011 2182 5012 2170 5012 2222 5012 2182 5013 2222 5013 2230 5013 2230 5014 2222 5014 2268 5014 2230 5015 2268 5015 2291 5015 2291 5016 2268 5016 2307 5016 2291 5017 2307 5017 2327 5017 2327 5018 2307 5018 2344 5018 2327 5019 2344 5019 2359 5019 2359 5020 2344 5020 2426 5020 2359 5021 2426 5021 2445 5021 2445 5022 2426 5022 2499 5022 2445 5023 2499 5023 2515 5023 2515 5024 2499 5024 2544 5024 2515 5025 2544 5025 2550 5025 2550 5026 2544 5026 2575 5026 2550 5027 2575 5027 2591 5027 2591 5028 2575 5028 2617 5028 2591 5029 2617 5029 2637 5029 2637 5030 2617 5030 2666 5030 2637 5031 2666 5031 2683 5031 2376 5032 2359 5032 2423 5032 2423 5033 2359 5033 2445 5033 2423 5034 2445 5034 2457 5034 2457 5035 2445 5035 2515 5035 2457 5036 2515 5036 2520 5036 2520 5037 2515 5037 2550 5037 2520 5038 2550 5038 2563 5038 2563 5039 2550 5039 2591 5039 2563 5040 2591 5040 2602 5040 2602 5041 2591 5041 2637 5041 2602 5042 2637 5042 2664 5042 2664 5043 2637 5043 2683 5043 2664 5044 2683 5044 2723 5044 1201 5045 1297 5045 1291 5045 1291 5046 1297 5046 1366 5046 1291 5047 1366 5047 1348 5047 1348 5048 1366 5048 1450 5048 1348 5049 1450 5049 1446 5049 1446 5050 1450 5050 1514 5050 1446 5051 1514 5051 1510 5051 1510 5052 1514 5052 1568 5052 1510 5053 1568 5053 1566 5053 1566 5054 1568 5054 1604 5054 1566 5055 1604 5055 1606 5055 1606 5056 1604 5056 1660 5056 1606 5057 1660 5057 1662 5057 1662 5058 1660 5058 1730 5058 1662 5059 1730 5059 1736 5059 1736 5060 1730 5060 1810 5060 1736 5061 1810 5061 1816 5061 1816 5062 1810 5062 1874 5062 1816 5063 1874 5063 1883 5063 1883 5064 1874 5064 1930 5064 1883 5065 1930 5065 1935 5065 1935 5066 1930 5066 2000 5066 1935 5067 2000 5067 2002 5067 2002 5068 2000 5068 2048 5068 2002 5069 2048 5069 2070 5069 2070 5070 2048 5070 2110 5070 2070 5071 2110 5071 2125 5071 2125 5072 2110 5072 2182 5072 2125 5073 2182 5073 2186 5073 2186 5074 2182 5074 2230 5074 2186 5075 2230 5075 2246 5075 2246 5076 2230 5076 2291 5076 2246 5077 2291 5077 2295 5077 2295 5078 2291 5078 2327 5078 2295 5079 2327 5079 2339 5079 2339 5080 2327 5080 2359 5080 2339 5081 2359 5081 2376 5081 1179 5082 1291 5082 1287 5082 1287 5083 1291 5083 1348 5083 1287 5084 1348 5084 1341 5084 1341 5085 1348 5085 1446 5085 1341 5086 1446 5086 1442 5086 1442 5087 1446 5087 1510 5087 1442 5088 1510 5088 1504 5088 1504 5089 1510 5089 1566 5089 1504 5090 1566 5090 1564 5090 1564 5091 1566 5091 1606 5091 1564 5092 1606 5092 1609 5092 1609 5093 1606 5093 1662 5093 1609 5094 1662 5094 1666 5094 1666 5095 1662 5095 1736 5095 1666 5096 1736 5096 1750 5096 1750 5097 1736 5097 1816 5097 1750 5098 1816 5098 1818 5098 1818 5099 1816 5099 1883 5099 1818 5100 1883 5100 1887 5100 1887 5101 1883 5101 1935 5101 1887 5102 1935 5102 1938 5102 1938 5103 1935 5103 2002 5103 1938 5104 2002 5104 2016 5104 2016 5105 2002 5105 2070 5105 2016 5106 2070 5106 2076 5106 2076 5107 2070 5107 2125 5107 2076 5108 2125 5108 2136 5108 2136 5109 2125 5109 2186 5109 2136 5110 2186 5110 2211 5110 2211 5111 2186 5111 2246 5111 2211 5112 2246 5112 2262 5112 2262 5113 2246 5113 2295 5113 2262 5114 2295 5114 2309 5114 2309 5115 2295 5115 2339 5115 2309 5116 2339 5116 2347 5116 2347 5117 2339 5117 2376 5117 2347 5118 2376 5118 2384 5118 2384 5119 2376 5119 2423 5119 2384 5120 2423 5120 2437 5120 2437 5121 2423 5121 2457 5121 2437 5122 2457 5122 2474 5122 2474 5123 2457 5123 2520 5123 2474 5124 2520 5124 2528 5124 2528 5125 2520 5125 2563 5125 2528 5126 2563 5126 2573 5126 2573 5127 2563 5127 2602 5127 2573 5128 2602 5128 2621 5128 2621 5129 2602 5129 2664 5129 2621 5130 2664 5130 2676 5130 2676 5131 2664 5131 2723 5131 2676 5132 2723 5132 2746 5132 1163 5133 1287 5133 1276 5133 1276 5134 1287 5134 1341 5134 1276 5135 1341 5135 1337 5135 1337 5136 1341 5136 1442 5136 1337 5137 1442 5137 1438 5137 1438 5138 1442 5138 1504 5138 1438 5139 1504 5139 1502 5139 1502 5140 1504 5140 1564 5140 1502 5141 1564 5141 1562 5141 1562 5142 1564 5142 1609 5142 1562 5143 1609 5143 1612 5143 1612 5144 1609 5144 1666 5144 1612 5145 1666 5145 1671 5145 1671 5146 1666 5146 1750 5146 1671 5147 1750 5147 1754 5147 1754 5148 1750 5148 1818 5148 1754 5149 1818 5149 1826 5149 1826 5150 1818 5150 1887 5150 1826 5151 1887 5151 1889 5151 1889 5152 1887 5152 1938 5152 1889 5153 1938 5153 1948 5153 1948 5154 1938 5154 2016 5154 1948 5155 2016 5155 2023 5155 2023 5156 2016 5156 2076 5156 2023 5157 2076 5157 2082 5157 2082 5158 2076 5158 2136 5158 2082 5159 2136 5159 2142 5159 2142 5160 2136 5160 2211 5160 2142 5161 2211 5161 2224 5161 2224 5162 2211 5162 2262 5162 2224 5163 2262 5163 2282 5163 2282 5164 2262 5164 2309 5164 2282 5165 2309 5165 2321 5165 2321 5166 2309 5166 2347 5166 2321 5167 2347 5167 2353 5167 2353 5168 2347 5168 2384 5168 2353 5169 2384 5169 2388 5169 2388 5170 2384 5170 2437 5170 2388 5171 2437 5171 2447 5171 2447 5172 2437 5172 2474 5172 2447 5173 2474 5173 2487 5173 2487 5174 2474 5174 2528 5174 2487 5175 2528 5175 2546 5175 2546 5176 2528 5176 2573 5176 2546 5177 2573 5177 2579 5177 2579 5178 2573 5178 2621 5178 2579 5179 2621 5179 2631 5179 2631 5180 2621 5180 2676 5180 2631 5181 2676 5181 2689 5181 2689 5182 2676 5182 2746 5182 2689 5183 2746 5183 2759 5183 1148 5184 1276 5184 1266 5184 1266 5185 1276 5185 1337 5185 1266 5186 1337 5186 1330 5186 1330 5187 1337 5187 1438 5187 1330 5188 1438 5188 1431 5188 1431 5189 1438 5189 1502 5189 1431 5190 1502 5190 1498 5190 1498 5191 1502 5191 1562 5191 1498 5192 1562 5192 1560 5192 1560 5193 1562 5193 1612 5193 1560 5194 1612 5194 1614 5194 1614 5195 1612 5195 1671 5195 1614 5196 1671 5196 1675 5196 1675 5197 1671 5197 1754 5197 1675 5198 1754 5198 1761 5198 1761 5199 1754 5199 1826 5199 1761 5200 1826 5200 1828 5200 1828 5201 1826 5201 1889 5201 1828 5202 1889 5202 1901 5202 1901 5203 1889 5203 1948 5203 1901 5204 1948 5204 1952 5204 1952 5205 1948 5205 2023 5205 1952 5206 2023 5206 2028 5206 2028 5207 2023 5207 2082 5207 2028 5208 2082 5208 2084 5208 2084 5209 2082 5209 2142 5209 2084 5210 2142 5210 2156 5210 2156 5211 2142 5211 2224 5211 2156 5212 2224 5212 2226 5212 2226 5213 2224 5213 2282 5213 2226 5214 2282 5214 2289 5214 2289 5215 2282 5215 2321 5215 2289 5216 2321 5216 2330 5216 2330 5217 2321 5217 2353 5217 2330 5218 2353 5218 2365 5218 2365 5219 2353 5219 2388 5219 2365 5220 2388 5220 2400 5220 2400 5221 2388 5221 2447 5221 2400 5222 2447 5222 2453 5222 2453 5223 2447 5223 2487 5223 2453 5224 2487 5224 2501 5224 2501 5225 2487 5225 2546 5225 2501 5226 2546 5226 2548 5226 2548 5227 2546 5227 2579 5227 2548 5228 2579 5228 2592 5228 2592 5229 2579 5229 2631 5229 2592 5230 2631 5230 2643 5230 2643 5231 2631 5231 2689 5231 2643 5232 2689 5232 2697 5232 2697 5233 2689 5233 2759 5233 2697 5234 2759 5234 2763 5234 1229 5235 1248 5235 1293 5235 1293 5236 1248 5236 1324 5236 1293 5237 1324 5237 1322 5237 1322 5238 1324 5238 1429 5238 1322 5239 1429 5239 1427 5239 1427 5240 1429 5240 1494 5240 1427 5241 1494 5241 1490 5241 1490 5242 1494 5242 1558 5242 1490 5243 1558 5243 1556 5243 1556 5244 1558 5244 1616 5244 1556 5245 1616 5245 1618 5245 1618 5246 1616 5246 1677 5246 1618 5247 1677 5247 1679 5247 1679 5248 1677 5248 1764 5248 1679 5249 1764 5249 1770 5249 1770 5250 1764 5250 1840 5250 1770 5251 1840 5251 1845 5251 1845 5252 1840 5252 1909 5252 1845 5253 1909 5253 1918 5253 1918 5254 1909 5254 1954 5254 1918 5255 1954 5255 1979 5255 1979 5256 1954 5256 2030 5256 1979 5257 2030 5257 2038 5257 2038 5258 2030 5258 2088 5258 2038 5259 2088 5259 2096 5259 2096 5260 2088 5260 2174 5260 2096 5261 2174 5261 2181 5261 2181 5262 2174 5262 2232 5262 2181 5263 2232 5263 2244 5263 2244 5264 2232 5264 2293 5264 2244 5265 2293 5265 2299 5265 2299 5266 2293 5266 2335 5266 2299 5267 2335 5267 2345 5267 2345 5268 2335 5268 2374 5268 2345 5269 2374 5269 2383 5269 2383 5270 2374 5270 2431 5270 2383 5271 2431 5271 2439 5271 2439 5272 2431 5272 2463 5272 2439 5273 2463 5273 2483 5273 2483 5274 2463 5274 2505 5274 2483 5275 2505 5275 2518 5275 2518 5276 2505 5276 2552 5276 2518 5277 2552 5277 2561 5277 2561 5278 2552 5278 2594 5278 2561 5279 2594 5279 2613 5279 2613 5280 2594 5280 2662 5280 2613 5281 2662 5281 2675 5281 2675 5282 2662 5282 2732 5282 2675 5283 2732 5283 2755 5283 2755 5284 2732 5284 2773 5284 2755 5285 2773 5285 2789 5285 1318 5286 1322 5286 1368 5286 1368 5287 1322 5287 1427 5287 1368 5288 1427 5288 1419 5288 1419 5289 1427 5289 1490 5289 1419 5290 1490 5290 1483 5290 1483 5291 1490 5291 1556 5291 1483 5292 1556 5292 1554 5292 1554 5293 1556 5293 1618 5293 1554 5294 1618 5294 1620 5294 1620 5295 1618 5295 1679 5295 1620 5296 1679 5296 1683 5296 1683 5297 1679 5297 1770 5297 1683 5298 1770 5298 1774 5298 1774 5299 1770 5299 1845 5299 1774 5300 1845 5300 1853 5300 1853 5301 1845 5301 1918 5301 1853 5302 1918 5302 1922 5302 1922 5303 1918 5303 1979 5303 1922 5304 1979 5304 1983 5304 1983 5305 1979 5305 2038 5305 1983 5306 2038 5306 2044 5306 2044 5307 2038 5307 2096 5307 2044 5308 2096 5308 2112 5308 2112 5309 2096 5309 2181 5309 2112 5310 2181 5310 2184 5310 2184 5311 2181 5311 2244 5311 2184 5312 2244 5312 2260 5312 2260 5313 2244 5313 2299 5313 2260 5314 2299 5314 2312 5314 2312 5315 2299 5315 2345 5315 2312 5316 2345 5316 2351 5316 2351 5317 2345 5317 2383 5317 2351 5318 2383 5318 2390 5318 2390 5319 2383 5319 2439 5319 2390 5320 2439 5320 2451 5320 2451 5321 2439 5321 2483 5321 2451 5322 2483 5322 2498 5322 2498 5323 2483 5323 2518 5323 2498 5324 2518 5324 2522 5324 2522 5325 2518 5325 2561 5325 2522 5326 2561 5326 2571 5326 2571 5327 2561 5327 2613 5327 2571 5328 2613 5328 2627 5328 2627 5329 2613 5329 2675 5329 2627 5330 2675 5330 2691 5330 2691 5331 2675 5331 2755 5331 2691 5332 2755 5332 2761 5332 2761 5333 2755 5333 2789 5333 2761 5334 2789 5334 2797 5334 1167 5335 1229 5335 1178 5335 1178 5336 1229 5336 1293 5336 1178 5337 1293 5337 1272 5337 1272 5338 1293 5338 1322 5338 1272 5339 1322 5339 1318 5339 2854 5340 2803 5340 2797 5340 2797 5341 2803 5341 2771 5341 2797 5342 2771 5342 2761 5342 2761 5343 2771 5343 2695 5343 2761 5344 2695 5344 2691 5344 2691 5345 2695 5345 2635 5345 2691 5346 2635 5346 2627 5346 2627 5347 2635 5347 2577 5347 2627 5348 2577 5348 2571 5348 2571 5349 2577 5349 2524 5349 2571 5350 2524 5350 2522 5350 2522 5351 2524 5351 2503 5351 2522 5352 2503 5352 2498 5352 2498 5353 2503 5353 2455 5353 2498 5354 2455 5354 2451 5354 2451 5355 2455 5355 2398 5355 2451 5356 2398 5356 2390 5356 2390 5357 2398 5357 2361 5357 2390 5358 2361 5358 2351 5358 2351 5359 2361 5359 2322 5359 2351 5360 2322 5360 2312 5360 2312 5361 2322 5361 2276 5361 2312 5362 2276 5362 2260 5362 2260 5363 2276 5363 2188 5363 2260 5364 2188 5364 2184 5364 2184 5365 2188 5365 2118 5365 2184 5366 2118 5366 2112 5366 2112 5367 2118 5367 2046 5367 2112 5368 2046 5368 2044 5368 2044 5369 2046 5369 1989 5369 2044 5370 1989 5370 1983 5370 1983 5371 1989 5371 1924 5371 1983 5372 1924 5372 1922 5372 1922 5373 1924 5373 1858 5373 1922 5374 1858 5374 1853 5374 1853 5375 1858 5375 1778 5375 1853 5376 1778 5376 1774 5376 1774 5377 1778 5377 1685 5377 1774 5378 1685 5378 1683 5378 1683 5379 1685 5379 1622 5379 1683 5380 1622 5380 1620 5380 1620 5381 1622 5381 1550 5381 1620 5382 1550 5382 1554 5382 1554 5383 1550 5383 1478 5383 1554 5384 1478 5384 1483 5384 1483 5385 1478 5385 1417 5385 1483 5386 1417 5386 1419 5386 1419 5387 1417 5387 1364 5387 1419 5388 1364 5388 1368 5388 1368 5389 1364 5389 1316 5389 1368 5390 1316 5390 1318 5390 1318 5391 1316 5391 1264 5391 1318 5392 1264 5392 1272 5392 1272 5393 1264 5393 1165 5393 1272 5394 1165 5394 1178 5394 2121 5395 2188 5395 2195 5395 2195 5396 2188 5396 2276 5396 2195 5397 2276 5397 2281 5397 2281 5398 2276 5398 2322 5398 2281 5399 2322 5399 2324 5399 2324 5400 2322 5400 2361 5400 2324 5401 2361 5401 2363 5401 2363 5402 2361 5402 2398 5402 2363 5403 2398 5403 2402 5403 2402 5404 2398 5404 2455 5404 2402 5405 2455 5405 2461 5405 2461 5406 2455 5406 2503 5406 2461 5407 2503 5407 2507 5407 2507 5408 2503 5408 2524 5408 2507 5409 2524 5409 2535 5409 2535 5410 2524 5410 2577 5410 2535 5411 2577 5411 2581 5411 2581 5412 2577 5412 2635 5412 2581 5413 2635 5413 2641 5413 2641 5414 2635 5414 2695 5414 2641 5415 2695 5415 2719 5415 2719 5416 2695 5416 2771 5416 2719 5417 2771 5417 2775 5417 2775 5418 2771 5418 2803 5418 2775 5419 2803 5419 2811 5419 2188 5420 2121 5420 2118 5420 2118 5421 2121 5421 2050 5421 2118 5422 2050 5422 2046 5422 2046 5423 2050 5423 1993 5423 2046 5424 1993 5424 1989 5424 1989 5425 1993 5425 1926 5425 1989 5426 1926 5426 1924 5426 1924 5427 1926 5427 1862 5427 1924 5428 1862 5428 1858 5428 1858 5429 1862 5429 1780 5429 1858 5430 1780 5430 1778 5430 1778 5431 1780 5431 1687 5431 1778 5432 1687 5432 1685 5432 1685 5433 1687 5433 1624 5433 1685 5434 1624 5434 1622 5434 1622 5435 1624 5435 1548 5435 1622 5436 1548 5436 1550 5436 1550 5437 1548 5437 1475 5437 1550 5438 1475 5438 1478 5438 1478 5439 1475 5439 1415 5439 1478 5440 1415 5440 1417 5440 1417 5441 1415 5441 1358 5441 1417 5442 1358 5442 1364 5442 1364 5443 1358 5443 1314 5443 1364 5444 1314 5444 1316 5444 1316 5445 1314 5445 1256 5445 1316 5446 1256 5446 1264 5446 1264 5447 1256 5447 1161 5447 1264 5448 1161 5448 1165 5448 2537 5449 2535 5449 2555 5449 2555 5450 2535 5450 2581 5450 2555 5451 2581 5451 2584 5451 2584 5452 2581 5452 2641 5452 2584 5453 2641 5453 2646 5453 2646 5454 2641 5454 2719 5454 2646 5455 2719 5455 2725 5455 2725 5456 2719 5456 2775 5456 2725 5457 2775 5457 2782 5457 2782 5458 2775 5458 2811 5458 2782 5459 2811 5459 2820 5459 1928 5460 1993 5460 1995 5460 1995 5461 1993 5461 2050 5461 1995 5462 2050 5462 2052 5462 2052 5463 2050 5463 2121 5463 2052 5464 2121 5464 2127 5464 2127 5465 2121 5465 2195 5465 2127 5466 2195 5466 2207 5466 2207 5467 2195 5467 2281 5467 2207 5468 2281 5468 2284 5468 2284 5469 2281 5469 2324 5469 2284 5470 2324 5470 2328 5470 2328 5471 2324 5471 2363 5471 2328 5472 2363 5472 2367 5472 2367 5473 2363 5473 2402 5473 2367 5474 2402 5474 2417 5474 2417 5475 2402 5475 2461 5475 2417 5476 2461 5476 2465 5476 2465 5477 2461 5477 2507 5477 2465 5478 2507 5478 2509 5478 2509 5479 2507 5479 2535 5479 2509 5480 2535 5480 2537 5480 1993 5481 1928 5481 1926 5481 1926 5482 1928 5482 1864 5482 1926 5483 1864 5483 1862 5483 1862 5484 1864 5484 1782 5484 1862 5485 1782 5485 1780 5485 1780 5486 1782 5486 1689 5486 1780 5487 1689 5487 1687 5487 1687 5488 1689 5488 1626 5488 1687 5489 1626 5489 1624 5489 1624 5490 1626 5490 1546 5490 1624 5491 1546 5491 1548 5491 1548 5492 1546 5492 1473 5492 1548 5493 1473 5493 1475 5493 1475 5494 1473 5494 1413 5494 1475 5495 1413 5495 1415 5495 1415 5496 1413 5496 1356 5496 1415 5497 1356 5497 1358 5497 1358 5498 1356 5498 1312 5498 1358 5499 1312 5499 1314 5499 1314 5500 1312 5500 1247 5500 1314 5501 1247 5501 1256 5501 1256 5502 1247 5502 1153 5502 1256 5503 1153 5503 1161 5503 2883 5504 2823 5504 2820 5504 2820 5505 2823 5505 2784 5505 2820 5506 2784 5506 2782 5506 2782 5507 2784 5507 2734 5507 2782 5508 2734 5508 2725 5508 2725 5509 2734 5509 2651 5509 2725 5510 2651 5510 2646 5510 2646 5511 2651 5511 2587 5511 2646 5512 2587 5512 2584 5512 2584 5513 2587 5513 2558 5513 2584 5514 2558 5514 2555 5514 2555 5515 2558 5515 2541 5515 2555 5516 2541 5516 2537 5516 2537 5517 2541 5517 2513 5517 2537 5518 2513 5518 2509 5518 2509 5519 2513 5519 2471 5519 2509 5520 2471 5520 2465 5520 2465 5521 2471 5521 2430 5521 2465 5522 2430 5522 2417 5522 2417 5523 2430 5523 2369 5523 2417 5524 2369 5524 2367 5524 2367 5525 2369 5525 2332 5525 2367 5526 2332 5526 2328 5526 2328 5527 2332 5527 2286 5527 2328 5528 2286 5528 2284 5528 2284 5529 2286 5529 2213 5529 2284 5530 2213 5530 2207 5530 2207 5531 2213 5531 2129 5531 2207 5532 2129 5532 2127 5532 2127 5533 2129 5533 2063 5533 2127 5534 2063 5534 2052 5534 2052 5535 2063 5535 1997 5535 2052 5536 1997 5536 1995 5536 1995 5537 1997 5537 1932 5537 1995 5538 1932 5538 1928 5538 1928 5539 1932 5539 1866 5539 1928 5540 1866 5540 1864 5540 1864 5541 1866 5541 1784 5541 1864 5542 1784 5542 1782 5542 1782 5543 1784 5543 1691 5543 1782 5544 1691 5544 1689 5544 1689 5545 1691 5545 1628 5545 1689 5546 1628 5546 1626 5546 1626 5547 1628 5547 1544 5547 1626 5548 1544 5548 1546 5548 1546 5549 1544 5549 1471 5549 1546 5550 1471 5550 1473 5550 1473 5551 1471 5551 1411 5551 1473 5552 1411 5552 1413 5552 1413 5553 1411 5553 1351 5553 1413 5554 1351 5554 1356 5554 1356 5555 1351 5555 1304 5555 1356 5556 1304 5556 1312 5556 1312 5557 1304 5557 1244 5557 1312 5558 1244 5558 1247 5558 1247 5559 1244 5559 1151 5559 1247 5560 1151 5560 1153 5560 2131 5561 2213 5561 2218 5561 2218 5562 2213 5562 2286 5562 2218 5563 2286 5563 2287 5563 2287 5564 2286 5564 2332 5564 2287 5565 2332 5565 2333 5565 2333 5566 2332 5566 2369 5566 2333 5567 2369 5567 2370 5567 2370 5568 2369 5568 2430 5568 2370 5569 2430 5569 2433 5569 2433 5570 2430 5570 2471 5570 2433 5571 2471 5571 2472 5571 2472 5572 2471 5572 2513 5572 2472 5573 2513 5573 2516 5573 2516 5574 2513 5574 2541 5574 2516 5575 2541 5575 2542 5575 2542 5576 2541 5576 2558 5576 2542 5577 2558 5577 2559 5577 2559 5578 2558 5578 2587 5578 2559 5579 2587 5579 2588 5579 2588 5580 2587 5580 2651 5580 2588 5581 2651 5581 2654 5581 2654 5582 2651 5582 2734 5582 2654 5583 2734 5583 2735 5583 2735 5584 2734 5584 2784 5584 2735 5585 2784 5585 2787 5585 2787 5586 2784 5586 2823 5586 2787 5587 2823 5587 2825 5587 2213 5588 2131 5588 2129 5588 2129 5589 2131 5589 2064 5589 2129 5590 2064 5590 2063 5590 2063 5591 2064 5591 1998 5591 2063 5592 1998 5592 1997 5592 1997 5593 1998 5593 1933 5593 1997 5594 1933 5594 1932 5594 1932 5595 1933 5595 1867 5595 1932 5596 1867 5596 1866 5596 1866 5597 1867 5597 1785 5597 1866 5598 1785 5598 1784 5598 1784 5599 1785 5599 1692 5599 1784 5600 1692 5600 1691 5600 1691 5601 1692 5601 1629 5601 1691 5602 1629 5602 1628 5602 1628 5603 1629 5603 1542 5603 1628 5604 1542 5604 1544 5604 1544 5605 1542 5605 1469 5605 1544 5606 1469 5606 1471 5606 1471 5607 1469 5607 1409 5607 1471 5608 1409 5608 1411 5608 1411 5609 1409 5609 1349 5609 1411 5610 1349 5610 1351 5610 1351 5611 1349 5611 1302 5611 1351 5612 1302 5612 1304 5612 1304 5613 1302 5613 1242 5613 1304 5614 1242 5614 1244 5614 1244 5615 1242 5615 1149 5615 1244 5616 1149 5616 1151 5616 947 5617 1149 5617 1150 5617 1150 5618 1149 5618 1242 5618 1150 5619 1242 5619 1243 5619 1243 5620 1242 5620 1302 5620 1243 5621 1302 5621 1303 5621 1303 5622 1302 5622 1349 5622 1303 5623 1349 5623 1350 5623 1350 5624 1349 5624 1409 5624 1350 5625 1409 5625 1410 5625 1410 5626 1409 5626 1469 5626 1410 5627 1469 5627 1470 5627 1470 5628 1469 5628 1542 5628 1470 5629 1542 5629 1543 5629 1543 5630 1542 5630 1629 5630 1543 5631 1629 5631 1627 5631 1627 5632 1629 5632 1692 5632 1627 5633 1692 5633 1690 5633 1690 5634 1692 5634 1785 5634 1690 5635 1785 5635 1783 5635 1783 5636 1785 5636 1867 5636 1783 5637 1867 5637 1865 5637 1865 5638 1867 5638 1933 5638 1865 5639 1933 5639 1931 5639 1931 5640 1933 5640 1998 5640 1931 5641 1998 5641 1996 5641 1996 5642 1998 5642 2064 5642 1996 5643 2064 5643 2062 5643 2062 5644 2064 5644 2131 5644 2062 5645 2131 5645 2128 5645 2128 5646 2131 5646 2218 5646 2128 5647 2218 5647 2212 5647 2212 5648 2218 5648 2287 5648 2212 5649 2287 5649 2285 5649 2285 5650 2287 5650 2333 5650 2285 5651 2333 5651 2331 5651 2331 5652 2333 5652 2370 5652 2331 5653 2370 5653 2368 5653 2368 5654 2370 5654 2433 5654 2368 5655 2433 5655 2429 5655 2429 5656 2433 5656 2472 5656 2429 5657 2472 5657 2470 5657 2470 5658 2472 5658 2516 5658 2470 5659 2516 5659 2512 5659 2512 5660 2516 5660 2542 5660 2512 5661 2542 5661 2540 5661 2540 5662 2542 5662 2559 5662 2540 5663 2559 5663 2557 5663 2557 5664 2559 5664 2588 5664 2557 5665 2588 5665 2586 5665 2586 5666 2588 5666 2654 5666 2586 5667 2654 5667 2650 5667 2650 5668 2654 5668 2735 5668 2650 5669 2735 5669 2733 5669 2733 5670 2735 5670 2787 5670 2733 5671 2787 5671 2783 5671 2783 5672 2787 5672 2825 5672 2783 5673 2825 5673 2822 5673 2126 5674 2212 5674 2206 5674 2206 5675 2212 5675 2285 5675 2206 5676 2285 5676 2283 5676 2283 5677 2285 5677 2331 5677 2283 5678 2331 5678 2326 5678 2326 5679 2331 5679 2368 5679 2326 5680 2368 5680 2366 5680 2366 5681 2368 5681 2429 5681 2366 5682 2429 5682 2416 5682 2416 5683 2429 5683 2470 5683 2416 5684 2470 5684 2464 5684 2464 5685 2470 5685 2512 5685 2464 5686 2512 5686 2508 5686 2508 5687 2512 5687 2540 5687 2508 5688 2540 5688 2536 5688 2536 5689 2540 5689 2557 5689 2536 5690 2557 5690 2554 5690 2554 5691 2557 5691 2586 5691 2554 5692 2586 5692 2583 5692 2583 5693 2586 5693 2650 5693 2583 5694 2650 5694 2645 5694 2645 5695 2650 5695 2733 5695 2645 5696 2733 5696 2724 5696 2724 5697 2733 5697 2783 5697 2724 5698 2783 5698 2781 5698 2781 5699 2783 5699 2822 5699 2781 5700 2822 5700 2819 5700 2212 5701 2126 5701 2128 5701 2128 5702 2126 5702 2051 5702 2128 5703 2051 5703 2062 5703 2062 5704 2051 5704 1994 5704 2062 5705 1994 5705 1996 5705 1996 5706 1994 5706 1927 5706 1996 5707 1927 5707 1931 5707 1931 5708 1927 5708 1863 5708 1931 5709 1863 5709 1865 5709 1865 5710 1863 5710 1781 5710 1865 5711 1781 5711 1783 5711 1783 5712 1781 5712 1688 5712 1783 5713 1688 5713 1690 5713 1690 5714 1688 5714 1625 5714 1690 5715 1625 5715 1627 5715 1627 5716 1625 5716 1545 5716 1627 5717 1545 5717 1543 5717 1543 5718 1545 5718 1472 5718 1543 5719 1472 5719 1470 5719 1470 5720 1472 5720 1412 5720 1470 5721 1412 5721 1410 5721 1410 5722 1412 5722 1355 5722 1410 5723 1355 5723 1350 5723 1350 5724 1355 5724 1310 5724 1350 5725 1310 5725 1303 5725 1303 5726 1310 5726 1246 5726 1303 5727 1246 5727 1243 5727 1243 5728 1246 5728 1152 5728 1243 5729 1152 5729 1150 5729 2536 5730 2554 5730 2534 5730 2534 5731 2554 5731 2583 5731 2534 5732 2583 5732 2580 5732 2580 5733 2583 5733 2645 5733 2580 5734 2645 5734 2640 5734 2640 5735 2645 5735 2724 5735 2640 5736 2724 5736 2718 5736 2718 5737 2724 5737 2781 5737 2718 5738 2781 5738 2774 5738 2774 5739 2781 5739 2819 5739 2774 5740 2819 5740 2810 5740 1925 5741 1994 5741 1992 5741 1992 5742 1994 5742 2051 5742 1992 5743 2051 5743 2049 5743 2049 5744 2051 5744 2126 5744 2049 5745 2126 5745 2120 5745 2120 5746 2126 5746 2206 5746 2120 5747 2206 5747 2194 5747 2194 5748 2206 5748 2283 5748 2194 5749 2283 5749 2278 5749 2278 5750 2283 5750 2326 5750 2278 5751 2326 5751 2323 5751 2323 5752 2326 5752 2366 5752 2323 5753 2366 5753 2362 5753 2362 5754 2366 5754 2416 5754 2362 5755 2416 5755 2401 5755 2401 5756 2416 5756 2464 5756 2401 5757 2464 5757 2460 5757 2460 5758 2464 5758 2508 5758 2460 5759 2508 5759 2506 5759 2506 5760 2508 5760 2536 5760 2506 5761 2536 5761 2534 5761 1994 5762 1925 5762 1927 5762 1927 5763 1925 5763 1861 5763 1927 5764 1861 5764 1863 5764 1863 5765 1861 5765 1779 5765 1863 5766 1779 5766 1781 5766 1781 5767 1779 5767 1686 5767 1781 5768 1686 5768 1688 5768 1688 5769 1686 5769 1623 5769 1688 5770 1623 5770 1625 5770 1625 5771 1623 5771 1547 5771 1625 5772 1547 5772 1545 5772 1545 5773 1547 5773 1474 5773 1545 5774 1474 5774 1472 5774 1472 5775 1474 5775 1414 5775 1472 5776 1414 5776 1412 5776 1412 5777 1414 5777 1357 5777 1412 5778 1357 5778 1355 5778 1355 5779 1357 5779 1313 5779 1355 5780 1313 5780 1310 5780 1310 5781 1313 5781 1255 5781 1310 5782 1255 5782 1246 5782 1246 5783 1255 5783 1159 5783 1246 5784 1159 5784 1152 5784 2117 5785 2194 5785 2187 5785 2187 5786 2194 5786 2278 5786 2187 5787 2278 5787 2275 5787 2275 5788 2278 5788 2323 5788 2275 5789 2323 5789 2320 5789 2320 5790 2323 5790 2362 5790 2320 5791 2362 5791 2360 5791 2360 5792 2362 5792 2401 5792 2360 5793 2401 5793 2397 5793 2397 5794 2401 5794 2460 5794 2397 5795 2460 5795 2454 5795 2454 5796 2460 5796 2506 5796 2454 5797 2506 5797 2502 5797 2502 5798 2506 5798 2534 5798 2502 5799 2534 5799 2523 5799 2523 5800 2534 5800 2580 5800 2523 5801 2580 5801 2576 5801 2576 5802 2580 5802 2640 5802 2576 5803 2640 5803 2634 5803 2634 5804 2640 5804 2718 5804 2634 5805 2718 5805 2694 5805 2694 5806 2718 5806 2774 5806 2694 5807 2774 5807 2770 5807 2770 5808 2774 5808 2810 5808 2770 5809 2810 5809 2802 5809 2194 5810 2117 5810 2120 5810 2120 5811 2117 5811 2045 5811 2120 5812 2045 5812 2049 5812 2049 5813 2045 5813 1988 5813 2049 5814 1988 5814 1992 5814 1992 5815 1988 5815 1923 5815 1992 5816 1923 5816 1925 5816 1925 5817 1923 5817 1857 5817 1925 5818 1857 5818 1861 5818 1861 5819 1857 5819 1777 5819 1861 5820 1777 5820 1779 5820 1779 5821 1777 5821 1684 5821 1779 5822 1684 5822 1686 5822 1686 5823 1684 5823 1621 5823 1686 5824 1621 5824 1623 5824 1623 5825 1621 5825 1549 5825 1623 5826 1549 5826 1547 5826 1547 5827 1549 5827 1476 5827 1547 5828 1476 5828 1474 5828 1474 5829 1476 5829 1416 5829 1474 5830 1416 5830 1414 5830 1414 5831 1416 5831 1362 5831 1414 5832 1362 5832 1357 5832 1357 5833 1362 5833 1315 5833 1357 5834 1315 5834 1313 5834 1313 5835 1315 5835 1263 5835 1313 5836 1263 5836 1255 5836 1255 5837 1263 5837 1164 5837 1255 5838 1164 5838 1159 5838 1013 5839 1164 5839 1175 5839 1175 5840 1164 5840 1263 5840 1175 5841 1263 5841 1271 5841 1271 5842 1263 5842 1315 5842 1271 5843 1315 5843 1317 5843 1317 5844 1315 5844 1362 5844 1317 5845 1362 5845 1367 5845 1367 5846 1362 5846 1416 5846 1367 5847 1416 5847 1418 5847 1418 5848 1416 5848 1476 5848 1418 5849 1476 5849 1482 5849 1482 5850 1476 5850 1549 5850 1482 5851 1549 5851 1552 5851 1552 5852 1549 5852 1621 5852 1552 5853 1621 5853 1619 5853 1619 5854 1621 5854 1684 5854 1619 5855 1684 5855 1682 5855 1682 5856 1684 5856 1777 5856 1682 5857 1777 5857 1773 5857 1773 5858 1777 5858 1857 5858 1773 5859 1857 5859 1852 5859 1852 5860 1857 5860 1923 5860 1852 5861 1923 5861 1921 5861 1921 5862 1923 5862 1988 5862 1921 5863 1988 5863 1982 5863 1982 5864 1988 5864 2045 5864 1982 5865 2045 5865 2043 5865 2043 5866 2045 5866 2117 5866 2043 5867 2117 5867 2111 5867 2111 5868 2117 5868 2187 5868 2111 5869 2187 5869 2183 5869 2183 5870 2187 5870 2275 5870 2183 5871 2275 5871 2259 5871 2259 5872 2275 5872 2320 5872 2259 5873 2320 5873 2311 5873 2311 5874 2320 5874 2360 5874 2311 5875 2360 5875 2350 5875 2350 5876 2360 5876 2397 5876 2350 5877 2397 5877 2389 5877 2389 5878 2397 5878 2454 5878 2389 5879 2454 5879 2450 5879 2450 5880 2454 5880 2502 5880 2450 5881 2502 5881 2496 5881 2496 5882 2502 5882 2523 5882 2496 5883 2523 5883 2521 5883 2521 5884 2523 5884 2576 5884 2521 5885 2576 5885 2570 5885 2570 5886 2576 5886 2634 5886 2570 5887 2634 5887 2626 5887 2626 5888 2634 5888 2694 5888 2626 5889 2694 5889 2690 5889 2690 5890 2694 5890 2770 5890 2690 5891 2770 5891 2760 5891 2760 5892 2770 5892 2802 5892 2760 5893 2802 5893 2796 5893 1317 5894 1367 5894 1321 5894 1321 5895 1367 5895 1418 5895 1321 5896 1418 5896 1426 5896 1426 5897 1418 5897 1482 5897 1426 5898 1482 5898 1488 5898 1488 5899 1482 5899 1552 5899 1488 5900 1552 5900 1555 5900 1555 5901 1552 5901 1619 5901 1555 5902 1619 5902 1617 5902 1617 5903 1619 5903 1682 5903 1617 5904 1682 5904 1678 5904 1678 5905 1682 5905 1773 5905 1678 5906 1773 5906 1769 5906 1769 5907 1773 5907 1852 5907 1769 5908 1852 5908 1844 5908 1844 5909 1852 5909 1921 5909 1844 5910 1921 5910 1917 5910 1917 5911 1921 5911 1982 5911 1917 5912 1982 5912 1978 5912 1978 5913 1982 5913 2043 5913 1978 5914 2043 5914 2037 5914 2037 5915 2043 5915 2111 5915 2037 5916 2111 5916 2095 5916 2095 5917 2111 5917 2183 5917 2095 5918 2183 5918 2179 5918 2179 5919 2183 5919 2259 5919 2179 5920 2259 5920 2243 5920 2243 5921 2259 5921 2311 5921 2243 5922 2311 5922 2298 5922 2298 5923 2311 5923 2350 5923 2298 5924 2350 5924 2343 5924 2343 5925 2350 5925 2389 5925 2343 5926 2389 5926 2381 5926 2381 5927 2389 5927 2450 5927 2381 5928 2450 5928 2438 5928 2438 5929 2450 5929 2496 5929 2438 5930 2496 5930 2480 5930 2480 5931 2496 5931 2521 5931 2480 5932 2521 5932 2517 5932 2517 5933 2521 5933 2570 5933 2517 5934 2570 5934 2560 5934 2560 5935 2570 5935 2626 5935 2560 5936 2626 5936 2612 5936 2612 5937 2626 5937 2690 5937 2612 5938 2690 5938 2673 5938 2673 5939 2690 5939 2760 5939 2673 5940 2760 5940 2754 5940 2754 5941 2760 5941 2796 5941 2754 5942 2796 5942 2788 5942 1166 5943 1175 5943 1228 5943 1228 5944 1175 5944 1271 5944 1228 5945 1271 5945 1292 5945 1292 5946 1271 5946 1317 5946 1292 5947 1317 5947 1321 5947 1228 5948 1292 5948 1245 5948 1245 5949 1292 5949 1321 5949 1245 5950 1321 5950 1323 5950 1323 5951 1321 5951 1426 5951 1323 5952 1426 5952 1428 5952 1428 5953 1426 5953 1488 5953 1428 5954 1488 5954 1493 5954 1493 5955 1488 5955 1555 5955 1493 5956 1555 5956 1557 5956 1557 5957 1555 5957 1617 5957 1557 5958 1617 5958 1615 5958 1615 5959 1617 5959 1678 5959 1615 5960 1678 5960 1676 5960 1676 5961 1678 5961 1769 5961 1676 5962 1769 5962 1763 5962 1763 5963 1769 5963 1844 5963 1763 5964 1844 5964 1831 5964 1831 5965 1844 5965 1917 5965 1831 5966 1917 5966 1908 5966 1908 5967 1917 5967 1978 5967 1908 5968 1978 5968 1953 5968 1953 5969 1978 5969 2037 5969 1953 5970 2037 5970 2029 5970 2029 5971 2037 5971 2095 5971 2029 5972 2095 5972 2087 5972 2087 5973 2095 5973 2179 5973 2087 5974 2179 5974 2172 5974 2172 5975 2179 5975 2243 5975 2172 5976 2243 5976 2231 5976 2231 5977 2243 5977 2298 5977 2231 5978 2298 5978 2292 5978 2292 5979 2298 5979 2343 5979 2292 5980 2343 5980 2334 5980 2334 5981 2343 5981 2381 5981 2334 5982 2381 5982 2373 5982 2373 5983 2381 5983 2438 5983 2373 5984 2438 5984 2428 5984 2428 5985 2438 5985 2480 5985 2428 5986 2480 5986 2462 5986 2462 5987 2480 5987 2517 5987 2462 5988 2517 5988 2504 5988 2504 5989 2517 5989 2560 5989 2504 5990 2560 5990 2551 5990 2551 5991 2560 5991 2612 5991 2551 5992 2612 5992 2593 5992 2593 5993 2612 5993 2673 5993 2593 5994 2673 5994 2661 5994 2661 5995 2673 5995 2754 5995 2661 5996 2754 5996 2731 5996 2731 5997 2754 5997 2788 5997 2731 5998 2788 5998 2772 5998 2790 5999 2758 5999 2762 5999 2762 6000 2758 6000 2684 6000 2762 6001 2684 6001 2696 6001 2696 6002 2684 6002 2630 6002 2696 6003 2630 6003 2642 6003 2642 6004 2630 6004 2578 6004 2642 6005 2578 6005 2590 6005 2590 6006 2578 6006 2545 6006 2590 6007 2545 6007 2547 6007 2547 6008 2545 6008 2486 6008 2547 6009 2486 6009 2500 6009 2500 6010 2486 6010 2446 6010 2500 6011 2446 6011 2452 6011 2452 6012 2446 6012 2387 6012 2452 6013 2387 6013 2399 6013 2399 6014 2387 6014 2352 6014 2399 6015 2352 6015 2364 6015 2364 6016 2352 6016 2319 6016 2364 6017 2319 6017 2329 6017 2329 6018 2319 6018 2279 6018 2329 6019 2279 6019 2288 6019 2288 6020 2279 6020 2223 6020 2288 6021 2223 6021 2225 6021 2225 6022 2223 6022 2141 6022 2225 6023 2141 6023 2155 6023 2155 6024 2141 6024 2081 6024 2155 6025 2081 6025 2083 6025 2083 6026 2081 6026 2021 6026 2083 6027 2021 6027 2027 6027 2027 6028 2021 6028 1939 6028 2027 6029 1939 6029 1951 6029 1951 6030 1939 6030 1888 6030 1951 6031 1888 6031 1900 6031 1900 6032 1888 6032 1825 6032 1900 6033 1825 6033 1827 6033 1827 6034 1825 6034 1752 6034 1827 6035 1752 6035 1758 6035 1758 6036 1752 6036 1670 6036 1758 6037 1670 6037 1673 6037 1673 6038 1670 6038 1611 6038 1673 6039 1611 6039 1613 6039 1613 6040 1611 6040 1561 6040 1613 6041 1561 6041 1559 6041 1559 6042 1561 6042 1501 6042 1559 6043 1501 6043 1495 6043 1495 6044 1501 6044 1437 6044 1495 6045 1437 6045 1430 6045 1430 6046 1437 6046 1336 6046 1430 6047 1336 6047 1328 6047 1328 6048 1336 6048 1273 6048 1328 6049 1273 6049 1265 6049 2785 6050 2740 6050 2758 6050 2758 6051 2740 6051 2674 6051 2758 6052 2674 6052 2684 6052 2684 6053 2674 6053 2620 6053 2684 6054 2620 6054 2630 6054 2630 6055 2620 6055 2572 6055 2630 6056 2572 6056 2578 6056 2578 6057 2572 6057 2527 6057 2578 6058 2527 6058 2545 6058 2545 6059 2527 6059 2473 6059 2545 6060 2473 6060 2486 6060 2486 6061 2473 6061 2436 6061 2486 6062 2436 6062 2446 6062 2446 6063 2436 6063 2382 6063 2446 6064 2382 6064 2387 6064 2387 6065 2382 6065 2346 6065 2387 6066 2346 6066 2352 6066 2352 6067 2346 6067 2306 6067 2352 6068 2306 6068 2319 6068 2319 6069 2306 6069 2261 6069 2319 6070 2261 6070 2279 6070 2279 6071 2261 6071 2210 6071 2279 6072 2210 6072 2223 6072 2223 6073 2210 6073 2135 6073 2223 6074 2135 6074 2141 6074 2141 6075 2135 6075 2075 6075 2141 6076 2075 6076 2081 6076 2081 6077 2075 6077 2015 6077 2081 6078 2015 6078 2021 6078 2021 6079 2015 6079 1937 6079 2021 6080 1937 6080 1939 6080 1939 6081 1937 6081 1886 6081 1939 6082 1886 6082 1888 6082 1888 6083 1886 6083 1817 6083 1888 6084 1817 6084 1825 6084 1825 6085 1817 6085 1749 6085 1825 6086 1749 6086 1752 6086 1752 6087 1749 6087 1665 6087 1752 6088 1665 6088 1670 6088 1670 6089 1665 6089 1607 6089 1670 6090 1607 6090 1611 6090 1611 6091 1607 6091 1563 6091 1611 6092 1563 6092 1561 6092 1561 6093 1563 6093 1503 6093 1561 6094 1503 6094 1501 6094 1501 6095 1503 6095 1441 6095 1501 6096 1441 6096 1437 6096 1437 6097 1441 6097 1340 6097 1437 6098 1340 6098 1336 6098 1336 6099 1340 6099 1286 6099 1336 6100 1286 6100 1273 6100 2766 6101 2722 6101 2740 6101 2740 6102 2722 6102 2663 6102 2740 6103 2663 6103 2674 6103 2674 6104 2663 6104 2601 6104 2674 6105 2601 6105 2620 6105 2620 6106 2601 6106 2562 6106 2620 6107 2562 6107 2572 6107 2572 6108 2562 6108 2519 6108 2572 6109 2519 6109 2527 6109 2527 6110 2519 6110 2456 6110 2527 6111 2456 6111 2473 6111 2473 6112 2456 6112 2420 6112 2473 6113 2420 6113 2436 6113 2436 6114 2420 6114 2375 6114 2436 6115 2375 6115 2382 6115 2382 6116 2375 6116 2338 6116 2382 6117 2338 6117 2346 6117 2346 6118 2338 6118 2294 6118 2346 6119 2294 6119 2306 6119 2306 6120 2294 6120 2245 6120 2306 6121 2245 6121 2261 6121 2261 6122 2245 6122 2185 6122 2261 6123 2185 6123 2210 6123 2210 6124 2185 6124 2124 6124 2210 6125 2124 6125 2135 6125 2135 6126 2124 6126 2069 6126 2135 6127 2069 6127 2075 6127 2075 6128 2069 6128 2001 6128 2075 6129 2001 6129 2015 6129 2015 6130 2001 6130 1934 6130 2015 6131 1934 6131 1937 6131 1937 6132 1934 6132 1882 6132 1937 6133 1882 6133 1886 6133 1886 6134 1882 6134 1815 6134 1886 6135 1815 6135 1817 6135 1817 6136 1815 6136 1735 6136 1817 6137 1735 6137 1749 6137 1749 6138 1735 6138 1661 6138 1749 6139 1661 6139 1665 6139 1665 6140 1661 6140 1605 6140 1665 6141 1605 6141 1607 6141 1607 6142 1605 6142 1565 6142 1607 6143 1565 6143 1563 6143 1563 6144 1565 6144 1509 6144 1563 6145 1509 6145 1503 6145 1503 6146 1509 6146 1445 6146 1503 6147 1445 6147 1441 6147 1441 6148 1445 6148 1347 6148 1441 6149 1347 6149 1340 6149 1340 6150 1347 6150 1290 6150 1340 6151 1290 6151 1286 6151 2375 6152 2420 6152 2358 6152 2358 6153 2420 6153 2456 6153 2358 6154 2456 6154 2444 6154 2444 6155 2456 6155 2519 6155 2444 6156 2519 6156 2514 6156 2514 6157 2519 6157 2562 6157 2514 6158 2562 6158 2549 6158 2549 6159 2562 6159 2601 6159 2549 6160 2601 6160 2589 6160 2589 6161 2601 6161 2663 6161 2589 6162 2663 6162 2636 6162 2636 6163 2663 6163 2722 6163 2636 6164 2722 6164 2682 6164 1200 6165 1290 6165 1296 6165 1296 6166 1290 6166 1347 6166 1296 6167 1347 6167 1365 6167 1365 6168 1347 6168 1445 6168 1365 6169 1445 6169 1449 6169 1449 6170 1445 6170 1509 6170 1449 6171 1509 6171 1513 6171 1513 6172 1509 6172 1565 6172 1513 6173 1565 6173 1567 6173 1567 6174 1565 6174 1605 6174 1567 6175 1605 6175 1603 6175 1603 6176 1605 6176 1661 6176 1603 6177 1661 6177 1659 6177 1659 6178 1661 6178 1735 6178 1659 6179 1735 6179 1728 6179 1728 6180 1735 6180 1815 6180 1728 6181 1815 6181 1809 6181 1809 6182 1815 6182 1882 6182 1809 6183 1882 6183 1873 6183 1873 6184 1882 6184 1934 6184 1873 6185 1934 6185 1929 6185 1929 6186 1934 6186 2001 6186 1929 6187 2001 6187 1999 6187 1999 6188 2001 6188 2069 6188 1999 6189 2069 6189 2047 6189 2047 6190 2069 6190 2124 6190 2047 6191 2124 6191 2109 6191 2109 6192 2124 6192 2185 6192 2109 6193 2185 6193 2180 6193 2180 6194 2185 6194 2245 6194 2180 6195 2245 6195 2229 6195 2229 6196 2245 6196 2294 6196 2229 6197 2294 6197 2290 6197 2290 6198 2294 6198 2338 6198 2290 6199 2338 6199 2325 6199 2325 6200 2338 6200 2375 6200 2325 6201 2375 6201 2358 6201 2720 6202 2665 6202 2682 6202 2682 6203 2665 6203 2616 6203 2682 6204 2616 6204 2636 6204 2636 6205 2616 6205 2574 6205 2636 6206 2574 6206 2589 6206 2589 6207 2574 6207 2543 6207 2589 6208 2543 6208 2549 6208 2549 6209 2543 6209 2497 6209 2549 6210 2497 6210 2514 6210 2514 6211 2497 6211 2425 6211 2514 6212 2425 6212 2444 6212 2444 6213 2425 6213 2342 6213 2444 6214 2342 6214 2358 6214 2358 6215 2342 6215 2305 6215 2358 6216 2305 6216 2325 6216 2325 6217 2305 6217 2267 6217 2325 6218 2267 6218 2290 6218 2290 6219 2267 6219 2221 6219 2290 6220 2221 6220 2229 6220 2229 6221 2221 6221 2158 6221 2229 6222 2158 6222 2180 6222 2180 6223 2158 6223 2089 6223 2180 6224 2089 6224 2109 6224 2109 6225 2089 6225 2041 6225 2109 6226 2041 6226 2047 6226 2047 6227 2041 6227 1990 6227 2047 6228 1990 6228 1999 6228 1999 6229 1990 6229 1919 6229 1999 6230 1919 6230 1929 6230 1929 6231 1919 6231 1869 6231 1929 6232 1869 6232 1873 6232 1873 6233 1869 6233 1802 6233 1873 6234 1802 6234 1809 6234 1809 6235 1802 6235 1722 6235 1809 6236 1722 6236 1728 6236 1728 6237 1722 6237 1655 6237 1728 6238 1655 6238 1659 6238 1659 6239 1655 6239 1599 6239 1659 6240 1599 6240 1603 6240 1603 6241 1599 6241 1569 6241 1603 6242 1569 6242 1567 6242 1567 6243 1569 6243 1515 6243 1567 6244 1515 6244 1513 6244 1513 6245 1515 6245 1456 6245 1513 6246 1456 6246 1449 6246 1449 6247 1456 6247 1379 6247 1449 6248 1379 6248 1365 6248 1365 6249 1379 6249 1300 6249 1365 6250 1300 6250 1296 6250 2692 6251 2652 6251 2665 6251 2665 6252 2652 6252 2599 6252 2665 6253 2599 6253 2616 6253 2616 6254 2599 6254 2564 6254 2616 6255 2564 6255 2574 6255 2574 6256 2564 6256 2525 6256 2574 6257 2525 6257 2543 6257 2543 6258 2525 6258 2484 6258 2543 6259 2484 6259 2497 6259 2497 6260 2484 6260 2395 6260 2497 6261 2395 6261 2425 6261 2425 6262 2395 6262 2336 6262 2425 6263 2336 6263 2342 6263 2342 6264 2336 6264 2296 6264 2342 6265 2296 6265 2305 6265 2305 6266 2296 6266 2247 6266 2305 6267 2247 6267 2267 6267 2267 6268 2247 6268 2208 6268 2267 6269 2208 6269 2221 6269 2221 6270 2208 6270 2147 6270 2221 6271 2147 6271 2158 6271 2158 6272 2147 6272 2085 6272 2158 6273 2085 6273 2089 6273 2089 6274 2085 6274 2035 6274 2089 6275 2035 6275 2041 6275 2041 6276 2035 6276 1980 6276 2041 6277 1980 6277 1990 6277 1990 6278 1980 6278 1915 6278 1990 6279 1915 6279 1919 6279 1919 6280 1915 6280 1859 6280 1919 6281 1859 6281 1869 6281 1869 6282 1859 6282 1798 6282 1869 6283 1798 6283 1802 6283 1802 6284 1798 6284 1716 6284 1802 6285 1716 6285 1722 6285 1722 6286 1716 6286 1649 6286 1722 6287 1649 6287 1655 6287 1655 6288 1649 6288 1597 6288 1655 6289 1597 6289 1599 6289 1599 6290 1597 6290 1571 6290 1599 6291 1571 6291 1569 6291 1569 6292 1571 6292 1517 6292 1569 6293 1517 6293 1515 6293 1515 6294 1517 6294 1458 6294 1515 6295 1458 6295 1456 6295 1456 6296 1458 6296 1388 6296 1456 6297 1388 6297 1379 6297 1379 6298 1388 6298 1305 6298 1379 6299 1305 6299 1300 6299 583 6300 586 6300 587 6300 586 6301 599 6301 587 6301 585 6302 594 6302 586 6302 599 6303 586 6303 594 6303 2175 6304 1913 6304 1936 6304 2175 6305 1936 6305 2022 6305 2175 6306 2022 6306 2071 6306 2175 6307 2071 6307 2114 6307 2175 6308 2114 6308 2177 6308 2595 6309 2175 6309 2177 6309 2595 6310 2177 6310 2227 6310 2595 6311 2227 6311 2277 6311 2595 6312 2277 6312 2308 6312 2595 6313 2308 6313 2340 6313 2595 6314 2340 6314 2371 6314 2595 6315 2371 6315 2448 6315 2595 6316 2448 6316 2510 6316 2595 6317 2510 6317 2538 6317 2595 6318 2538 6318 2553 6318 2595 6319 2553 6319 2582 6319 2595 6320 2582 6320 2614 6320 2826 6321 2595 6321 2614 6321 2826 6322 2614 6322 2647 6322 2826 6323 2647 6323 2677 6323 2826 6324 2677 6324 2736 6324 2826 6325 2736 6325 2768 6325 2826 6326 2768 6326 2791 6326 2826 6327 2791 6327 2806 6327 2826 6328 2806 6328 2830 6328 2826 6329 2830 6329 2836 6329 742 6330 727 6330 712 6330 712 6331 727 6331 689 6331 712 6332 689 6332 685 6332 685 6333 689 6333 661 6333 685 6334 661 6334 664 6334 664 6335 661 6335 633 6335 664 6336 633 6336 627 6336 627 6337 633 6337 614 6337 627 6338 614 6338 610 6338 610 6339 614 6339 599 6339 610 6340 599 6340 594 6340 1101 6341 1033 6341 915 6341 915 6342 1033 6342 858 6342 915 6343 858 6343 851 6343 851 6344 858 6344 818 6344 851 6345 818 6345 813 6345 813 6346 818 6346 773 6346 813 6347 773 6347 778 6347 778 6348 773 6348 727 6348 778 6349 727 6349 742 6349 1309 6350 1329 6350 1257 6350 1257 6351 1329 6351 1206 6351 1257 6352 1206 6352 1204 6352 1204 6353 1206 6353 1158 6353 1204 6354 1158 6354 1174 6354 1174 6355 1158 6355 1033 6355 1174 6356 1033 6356 1101 6356 1443 6357 1420 6357 1374 6357 1374 6358 1420 6358 1329 6358 1374 6359 1329 6359 1309 6359 1582 6360 1551 6360 1536 6360 1536 6361 1551 6361 1487 6361 1536 6362 1487 6362 1511 6362 1511 6363 1487 6363 1420 6363 1511 6364 1420 6364 1443 6364 1767 6365 1608 6365 1647 6365 1647 6366 1608 6366 1551 6366 1647 6367 1551 6367 1582 6367 1608 6368 1767 6368 1757 6368 1757 6369 1767 6369 1868 6369 1757 6370 1868 6370 1877 6370 1877 6371 1868 6371 1936 6371 1877 6372 1936 6372 1913 6372 2856 6373 2850 6373 2852 6373 2852 6374 2850 6374 2836 6374 2852 6375 2836 6375 2830 6375 2909 6376 2886 6376 2903 6376 2903 6377 2886 6377 2871 6377 2903 6378 2871 6378 2870 6378 2870 6379 2871 6379 2856 6379 2870 6380 2856 6380 2852 6380 2961 6381 2951 6381 2958 6381 2958 6382 2951 6382 2938 6382 2958 6383 2938 6383 2937 6383 2937 6384 2938 6384 2928 6384 2937 6385 2928 6385 2925 6385 2925 6386 2928 6386 2909 6386 2925 6387 2909 6387 2903 6387 2595 6388 2403 6388 2175 6388 2404 6389 2596 6389 2176 6389 2624 6390 2900 6390 2919 6390 2919 6391 2945 6391 2628 6391 2628 6392 2945 6392 2632 6392 2715 6393 3056 6393 2713 6393 3056 6394 3081 6394 2713 6394 3156 6395 3146 6395 2707 6395 2707 6396 3146 6396 2709 6396 2709 6397 3146 6397 3121 6397 2709 6398 3121 6398 2712 6398 2712 6399 3121 6399 3100 6399 2712 6400 3100 6400 3084 6400 2948 6401 2920 6401 2629 6401 2920 6402 2901 6402 2625 6402 1842 6403 1855 6403 2137 6403 2137 6404 2133 6404 1842 6404 1842 6405 2133 6405 1823 6405 1975 6406 1973 6406 1775 6406 1721 6407 1966 6407 1727 6407 1966 6408 1969 6408 1727 6408 1766 6409 1756 6409 1971 6409 1824 6410 2134 6410 1843 6410 2134 6411 2138 6411 1843 6411 1843 6412 2138 6412 1856 6412 2119 6413 2115 6413 2427 6413 2427 6414 2649 6414 2644 6414 2596 6415 2404 6415 2598 6415 2714 6416 2712 6416 3084 6416 2714 6417 3084 6417 3059 6417 2714 6418 3059 6418 2655 6418 2714 6419 2655 6419 2432 6419 2714 6420 2432 6420 1974 6420 1974 6421 2432 6421 2113 6421 1974 6422 2113 6422 1776 6422 1974 6423 1776 6423 1766 6423 1974 6424 1766 6424 1971 6424 1977 6425 1976 6425 1800 6425 1977 6426 1800 6426 1813 6426 1977 6427 1813 6427 2122 6427 1977 6428 2122 6428 2422 6428 1977 6429 2422 6429 2638 6429 1977 6430 2638 6430 2717 6430 2595 6431 2826 6431 2597 6431 2597 6432 2826 6432 2837 6432 2597 6433 2837 6433 2603 6433 2603 6434 2837 6434 2846 6434 2603 6435 2846 6435 2610 6435 2610 6436 2846 6436 2859 6436 2610 6437 2859 6437 2618 6437 2618 6438 2859 6438 2878 6438 2618 6439 2878 6439 2622 6439 2878 6440 2900 6440 2622 6440 2622 6441 2900 6441 2624 6441 2622 6442 2624 6442 2411 6442 2411 6443 2624 6443 2413 6443 2411 6444 2413 6444 2139 6444 2139 6445 2413 6445 2137 6445 2139 6446 2137 6446 1871 6446 1871 6447 2137 6447 1855 6447 2632 6448 2945 6448 2638 6448 2638 6449 2945 6449 2976 6449 2638 6450 2976 6450 2717 6450 2717 6451 2976 6451 3003 6451 2717 6452 3003 6452 2716 6452 2716 6453 3003 6453 2715 6453 2715 6454 3003 6454 3033 6454 2715 6455 3033 6455 3056 6455 2713 6456 3081 6456 2711 6456 2711 6457 3081 6457 3099 6457 2711 6458 3099 6458 2710 6458 2710 6459 3099 6459 3120 6459 2710 6460 3120 6460 2708 6460 2708 6461 3120 6461 3145 6461 2708 6462 3145 6462 2706 6462 2706 6463 3145 6463 3155 6463 2706 6464 3155 6464 2704 6464 2704 6465 3155 6465 3162 6465 2704 6466 3162 6466 2702 6466 2702 6467 3162 6467 3168 6467 2702 6468 3168 6468 2701 6468 2701 6469 3168 6469 2703 6469 2703 6470 3168 6470 3163 6470 2703 6471 3163 6471 2705 6471 2705 6472 3163 6472 3156 6472 2705 6473 3156 6473 2707 6473 2655 6474 3059 6474 2649 6474 2649 6475 3059 6475 3035 6475 2649 6476 3035 6476 2644 6476 2644 6477 3035 6477 3004 6477 2644 6478 3004 6478 2639 6478 2639 6479 3004 6479 2978 6479 2639 6480 2978 6480 2633 6480 2633 6481 2978 6481 2948 6481 2633 6482 2948 6482 2629 6482 1872 6483 1856 6483 2140 6483 2140 6484 1856 6484 2138 6484 2140 6485 2138 6485 2412 6485 2412 6486 2138 6486 2414 6486 2412 6487 2414 6487 2623 6487 2623 6488 2414 6488 2625 6488 2623 6489 2625 6489 2880 6489 2880 6490 2625 6490 2901 6490 1876 6491 1872 6491 2150 6491 2150 6492 1872 6492 2140 6492 2150 6493 2140 6493 2410 6493 2410 6494 2140 6494 2412 6494 2410 6495 2412 6495 2619 6495 2619 6496 2412 6496 2623 6496 2619 6497 2623 6497 2861 6497 2861 6498 2623 6498 2880 6498 2827 6499 2596 6499 2838 6499 2838 6500 2596 6500 2598 6500 2838 6501 2598 6501 2848 6501 2848 6502 2598 6502 2604 6502 2848 6503 2604 6503 2861 6503 2861 6504 2604 6504 2611 6504 2861 6505 2611 6505 2619 6505 1913 6506 2175 6506 1898 6506 1898 6507 2175 6507 2171 6507 1898 6508 2171 6508 1884 6508 1884 6509 2171 6509 2157 6509 1884 6510 2157 6510 1875 6510 1875 6511 2157 6511 2151 6511 1875 6512 2151 6512 1871 6512 1871 6513 2151 6513 2148 6513 1871 6514 2148 6514 2139 6514 1813 6515 1823 6515 2122 6515 2122 6516 1823 6516 2130 6516 2122 6517 2130 6517 2422 6517 2422 6518 2130 6518 2419 6518 2422 6519 2419 6519 2638 6519 2638 6520 2419 6520 2632 6520 1975 6521 1775 6521 1976 6521 1976 6522 1775 6522 1786 6522 1976 6523 1786 6523 1800 6523 1775 6524 1973 6524 1765 6524 1765 6525 1973 6525 1972 6525 1765 6526 1972 6526 1755 6526 1755 6527 1972 6527 1745 6527 1745 6528 1972 6528 1970 6528 1745 6529 1970 6529 1726 6529 1726 6530 1970 6530 1968 6530 1726 6531 1968 6531 1967 6531 1726 6532 1967 6532 1720 6532 1720 6533 1967 6533 1965 6533 1720 6534 1965 6534 1714 6534 1714 6535 1965 6535 1963 6535 1714 6536 1963 6536 1711 6536 1711 6537 1963 6537 1961 6537 1711 6538 1961 6538 1960 6538 1711 6539 1960 6539 1715 6539 1715 6540 1960 6540 1962 6540 1715 6541 1962 6541 1721 6541 1721 6542 1962 6542 1964 6542 1721 6543 1964 6543 1966 6543 1971 6544 1756 6544 1969 6544 1969 6545 1756 6545 1746 6545 1969 6546 1746 6546 1727 6546 1787 6547 1776 6547 2115 6547 2115 6548 1776 6548 2113 6548 2115 6549 2113 6549 2427 6549 2427 6550 2113 6550 2432 6550 2427 6551 2432 6551 2649 6551 2649 6552 2432 6552 2655 6552 1787 6553 2115 6553 1801 6553 1801 6554 2115 6554 2119 6554 1801 6555 2119 6555 1814 6555 1814 6556 2119 6556 2123 6556 1814 6557 2123 6557 1824 6557 1824 6558 2123 6558 2132 6558 1824 6559 2132 6559 2134 6559 1885 6560 1876 6560 2159 6560 2159 6561 1876 6561 2152 6561 2159 6562 2152 6562 2406 6562 2406 6563 2152 6563 2408 6563 2406 6564 2408 6564 2604 6564 2604 6565 2408 6565 2611 6565 1899 6566 1885 6566 2173 6566 2173 6567 1885 6567 2159 6567 2173 6568 2159 6568 2404 6568 2404 6569 2159 6569 2406 6569 2404 6570 2406 6570 2598 6570 2598 6571 2406 6571 2604 6571 1914 6572 1899 6572 2176 6572 2176 6573 1899 6573 2173 6573 2176 6574 2173 6574 2404 6574 2644 6575 2639 6575 2427 6575 2427 6576 2639 6576 2424 6576 2427 6577 2424 6577 2119 6577 2119 6578 2424 6578 2123 6578 2132 6579 2123 6579 2421 6579 2421 6580 2123 6580 2424 6580 2421 6581 2424 6581 2633 6581 2633 6582 2424 6582 2639 6582 2134 6583 2132 6583 2418 6583 2418 6584 2132 6584 2421 6584 2418 6585 2421 6585 2629 6585 2629 6586 2421 6586 2633 6586 2138 6587 2134 6587 2414 6587 2414 6588 2134 6588 2418 6588 2414 6589 2418 6589 2625 6589 2625 6590 2418 6590 2629 6590 2625 6591 2629 6591 2920 6591 2619 6592 2611 6592 2410 6592 2410 6593 2611 6593 2408 6593 2410 6594 2408 6594 2150 6594 2150 6595 2408 6595 2152 6595 2150 6596 2152 6596 1876 6596 2411 6597 2139 6597 2409 6597 2409 6598 2139 6598 2148 6598 2409 6599 2148 6599 2407 6599 2407 6600 2148 6600 2151 6600 2407 6601 2151 6601 2405 6601 2405 6602 2151 6602 2157 6602 2405 6603 2157 6603 2403 6603 2403 6604 2157 6604 2171 6604 2403 6605 2171 6605 2175 6605 2133 6606 2137 6606 2415 6606 2415 6607 2137 6607 2413 6607 2415 6608 2413 6608 2628 6608 2628 6609 2413 6609 2624 6609 2628 6610 2624 6610 2919 6610 2628 6611 2632 6611 2415 6611 2415 6612 2632 6612 2419 6612 2415 6613 2419 6613 2133 6613 2133 6614 2419 6614 2130 6614 2133 6615 2130 6615 1823 6615 2622 6616 2411 6616 2618 6616 2618 6617 2411 6617 2409 6617 2618 6618 2409 6618 2610 6618 2610 6619 2409 6619 2407 6619 2610 6620 2407 6620 2603 6620 2603 6621 2407 6621 2405 6621 2603 6622 2405 6622 2597 6622 2597 6623 2405 6623 2403 6623 2597 6624 2403 6624 2595 6624 591 6625 595 6625 590 6625 593 6626 592 6626 589 6626 601 6627 615 6627 612 6627 601 6628 612 6628 595 6628 601 6629 595 6629 591 6629 601 6630 591 6630 592 6630 601 6631 592 6631 593 6631 1281 6632 1331 6632 1311 6632 1281 6633 1311 6633 1258 6633 1281 6634 1258 6634 1205 6634 1281 6635 1205 6635 1176 6635 1281 6636 1176 6636 1162 6636 2176 6637 2178 6637 2116 6637 2176 6638 2116 6638 2072 6638 2176 6639 2072 6639 2024 6639 2176 6640 2024 6640 1955 6640 2176 6641 1955 6641 1907 6641 2176 6642 1907 6642 1914 6642 2596 6643 2615 6643 2585 6643 2596 6644 2585 6644 2556 6644 2596 6645 2556 6645 2539 6645 2596 6646 2539 6646 2511 6646 2596 6647 2511 6647 2449 6647 2596 6648 2449 6648 2372 6648 2596 6649 2372 6649 2341 6649 2596 6650 2341 6650 2310 6650 2596 6651 2310 6651 2280 6651 2596 6652 2280 6652 2228 6652 2596 6653 2228 6653 2178 6653 2596 6654 2178 6654 2176 6654 2827 6655 2841 6655 2831 6655 2827 6656 2831 6656 2808 6656 2827 6657 2808 6657 2793 6657 2827 6658 2793 6658 2769 6658 2827 6659 2769 6659 2737 6659 2827 6660 2737 6660 2678 6660 2827 6661 2678 6661 2648 6661 2827 6662 2648 6662 2615 6662 2827 6663 2615 6663 2596 6663 612 6664 615 6664 628 6664 628 6665 615 6665 637 6665 628 6666 637 6666 667 6666 667 6667 637 6667 662 6667 667 6668 662 6668 686 6668 686 6669 662 6669 707 6669 686 6670 707 6670 713 6670 713 6671 707 6671 757 6671 757 6672 707 6672 760 6672 757 6673 760 6673 799 6673 799 6674 760 6674 819 6674 799 6675 819 6675 824 6675 824 6676 819 6676 852 6676 852 6677 819 6677 860 6677 852 6678 860 6678 916 6678 916 6679 860 6679 937 6679 916 6680 937 6680 1107 6680 1107 6681 937 6681 1092 6681 1107 6682 1092 6682 1176 6682 1176 6683 1092 6683 1162 6683 1311 6684 1331 6684 1375 6684 1375 6685 1331 6685 1423 6685 1375 6686 1423 6686 1444 6686 1444 6687 1423 6687 1512 6687 1512 6688 1423 6688 1489 6688 1512 6689 1489 6689 1537 6689 1537 6690 1489 6690 1553 6690 1537 6691 1553 6691 1583 6691 1583 6692 1553 6692 1648 6692 1648 6693 1553 6693 1610 6693 1648 6694 1610 6694 1768 6694 1768 6695 1610 6695 1759 6695 1768 6696 1759 6696 1841 6696 1841 6697 1759 6697 1878 6697 1841 6698 1878 6698 1907 6698 1907 6699 1878 6699 1914 6699 2831 6700 2841 6700 2855 6700 2855 6701 2841 6701 2851 6701 2855 6702 2851 6702 2873 6702 2873 6703 2851 6703 2869 6703 2873 6704 2869 6704 2872 6704 2873 6705 2872 6705 2904 6705 2904 6706 2872 6706 2887 6706 2904 6707 2887 6707 2911 6707 2904 6708 2911 6708 2926 6708 2926 6709 2911 6709 2929 6709 2926 6710 2929 6710 2940 6710 2940 6711 2929 6711 2941 6711 2940 6712 2941 6712 2960 6712 2960 6713 2941 6713 2954 6713 2960 6714 2954 6714 2963 6714 2777 6715 2795 6715 2721 6715 2693 6716 2777 6716 2721 6716 2739 6717 2795 6717 2757 6717 2757 6718 2809 6718 2767 6718 2767 6719 2829 6719 2786 6719 2786 6720 2845 6720 2792 6720 2799 6721 2885 6721 2805 6721 2824 6722 2931 6722 2833 6722 3399 6723 3422 6723 3416 6723 2833 6724 2969 6724 2854 6724 3422 6725 3453 6725 3446 6725 3416 6726 3422 6726 3446 6726 3497 6727 3498 6727 3504 6727 2888 6728 3048 6728 2882 6728 2866 6729 2999 6729 2853 6729 2853 6730 2968 6730 2832 6730 3452 6731 3421 6731 3445 6731 3468 6732 3452 6732 3445 6732 3421 6733 3397 6733 3415 6733 3445 6734 3421 6734 3415 6734 3367 6735 3332 6735 3361 6735 3287 6736 3247 6736 3285 6736 3247 6737 3193 6737 3244 6737 2766 6738 2807 6738 2756 6738 3193 6739 3111 6739 3191 6739 3111 6740 3070 6740 3114 6740 3031 6741 2989 6741 3038 6741 3114 6742 3031 6742 3038 6742 2903 6743 2944 6743 2925 6743 2739 6744 2721 6744 2795 6744 3095 6745 3115 6745 3189 6745 3167 6746 3095 6746 3189 6746 2824 6747 2805 6747 2931 6747 3397 6748 3367 6748 3415 6748 3187 6749 3112 6749 3094 6749 3164 6750 3187 6750 3094 6750 3070 6751 3031 6751 3114 6751 2992 6752 2993 6752 2961 6752 2961 6753 2993 6753 2989 6753 2961 6754 2989 6754 2951 6754 3113 6755 3117 6755 3073 6755 3073 6756 3117 6756 3041 6756 3073 6757 3041 6757 3034 6757 3034 6758 3041 6758 2996 6758 3034 6759 2996 6759 2990 6759 2990 6760 2996 6760 2963 6760 2990 6761 2963 6761 2954 6761 2769 6762 2765 6762 2737 6762 2737 6763 2765 6763 2693 6763 2737 6764 2693 6764 2678 6764 3113 6765 3196 6765 3195 6765 3195 6766 3196 6766 3248 6766 3195 6767 3248 6767 3245 6767 3245 6768 3248 6768 3288 6768 3245 6769 3288 6769 3286 6769 3286 6770 3288 6770 3333 6770 3286 6771 3333 6771 3331 6771 3331 6772 3333 6772 3368 6772 3331 6773 3368 6773 3363 6773 3363 6774 3368 6774 3399 6774 3363 6775 3399 6775 3416 6775 3199 6776 3226 6776 3263 6776 3263 6777 3226 6777 3272 6777 3263 6778 3272 6778 3313 6778 3313 6779 3272 6779 3309 6779 3313 6780 3309 6780 3345 6780 3345 6781 3309 6781 3328 6781 3345 6782 3328 6782 3359 6782 3359 6783 3328 6783 3331 6783 3359 6784 3331 6784 3363 6784 3226 6785 3199 6785 3153 6785 3153 6786 3199 6786 3110 6786 3153 6787 3110 6787 3074 6787 3074 6788 3110 6788 3021 6788 3074 6789 3021 6789 2985 6789 2985 6790 3021 6790 2956 6790 2985 6791 2956 6791 2923 6791 2923 6792 2956 6792 2885 6792 2923 6793 2885 6793 2863 6793 2863 6794 2885 6794 2799 6794 2863 6795 2799 6795 2792 6795 2969 6796 3002 6796 2854 6796 2854 6797 3002 6797 3023 6797 2854 6798 3023 6798 2867 6798 2867 6799 3023 6799 3043 6799 2867 6800 3043 6800 2875 6800 2875 6801 3043 6801 3050 6801 2875 6802 3050 6802 2883 6802 2883 6803 3050 6803 3052 6803 2883 6804 3052 6804 2888 6804 3453 6805 3473 6805 3470 6805 3470 6806 3473 6806 3486 6806 3470 6807 3486 6807 3481 6807 3481 6808 3486 6808 3497 6808 3481 6809 3497 6809 3495 6809 3504 6810 3498 6810 3506 6810 3506 6811 3498 6811 3496 6811 3506 6812 3496 6812 3503 6812 3503 6813 3496 6813 3484 6813 3503 6814 3484 6814 3494 6814 3494 6815 3484 6815 3472 6815 3494 6816 3472 6816 3480 6816 3480 6817 3472 6817 3452 6817 3480 6818 3452 6818 3468 6818 3048 6819 3042 6819 2882 6819 2882 6820 3042 6820 3022 6820 2882 6821 3022 6821 2874 6821 2874 6822 3022 6822 2999 6822 2874 6823 2999 6823 2866 6823 2832 6824 2930 6824 2821 6824 2821 6825 2930 6825 2884 6825 2821 6826 2884 6826 2804 6826 2804 6827 2884 6827 2862 6827 2804 6828 2862 6828 2798 6828 2798 6829 2862 6829 2844 6829 2798 6830 2844 6830 2790 6830 2790 6831 2844 6831 2828 6831 2790 6832 2828 6832 2785 6832 2785 6833 2828 6833 2807 6833 2785 6834 2807 6834 2766 6834 3225 6835 3311 6835 3271 6835 3271 6836 3311 6836 3344 6836 3271 6837 3344 6837 3308 6837 3308 6838 3344 6838 3357 6838 3308 6839 3357 6839 3327 6839 3327 6840 3357 6840 3361 6840 3327 6841 3361 6841 3330 6841 3330 6842 3361 6842 3332 6842 3330 6843 3332 6843 3287 6843 3311 6844 3225 6844 3260 6844 3260 6845 3225 6845 3152 6845 3260 6846 3152 6846 3198 6846 3198 6847 3152 6847 3072 6847 3198 6848 3072 6848 3109 6848 3109 6849 3072 6849 2983 6849 3109 6850 2983 6850 3019 6850 3019 6851 2983 6851 2922 6851 3019 6852 2922 6852 2952 6852 2952 6853 2922 6853 2862 6853 2952 6854 2862 6854 2884 6854 2756 6855 2794 6855 2738 6855 2738 6856 2794 6856 2776 6856 2738 6857 2776 6857 2720 6857 2720 6858 2776 6858 2764 6858 2720 6859 2764 6859 2692 6859 2692 6860 2764 6860 2736 6860 2692 6861 2736 6861 2677 6861 2961 6862 2958 6862 2992 6862 2992 6863 2958 6863 2937 6863 2992 6864 2937 6864 2977 6864 2977 6865 2937 6865 2925 6865 2977 6866 2925 6866 2944 6866 2806 6867 2834 6867 2830 6867 2830 6868 2834 6868 2865 6868 2830 6869 2865 6869 2852 6869 2852 6870 2865 6870 2910 6870 2852 6871 2910 6871 2870 6871 2870 6872 2910 6872 2944 6872 2870 6873 2944 6873 2903 6873 2736 6874 2764 6874 2768 6874 2768 6875 2764 6875 2800 6875 2768 6876 2800 6876 2791 6876 2791 6877 2800 6877 2834 6877 2791 6878 2834 6878 2806 6878 2904 6879 2926 6879 2947 6879 2947 6880 2926 6880 2940 6880 2947 6881 2940 6881 2979 6881 2979 6882 2940 6882 2960 6882 2979 6883 2960 6883 2995 6883 2995 6884 2960 6884 2963 6884 2995 6885 2963 6885 2996 6885 2808 6886 2831 6886 2835 6886 2835 6887 2831 6887 2855 6887 2835 6888 2855 6888 2868 6888 2868 6889 2855 6889 2873 6889 2868 6890 2873 6890 2913 6890 2913 6891 2873 6891 2904 6891 2913 6892 2904 6892 2947 6892 2835 6893 2801 6893 2808 6893 2808 6894 2801 6894 2793 6894 2801 6895 2765 6895 2793 6895 2793 6896 2765 6896 2769 6896 2693 6897 2765 6897 2777 6897 2777 6898 2765 6898 2801 6898 2777 6899 2801 6899 2818 6899 2818 6900 2801 6900 2835 6900 2818 6901 2835 6901 2849 6901 2849 6902 2835 6902 2868 6902 2849 6903 2868 6903 2893 6903 2893 6904 2868 6904 2913 6904 2893 6905 2913 6905 2936 6905 2936 6906 2913 6906 2947 6906 2936 6907 2947 6907 2982 6907 2982 6908 2947 6908 2979 6908 2982 6909 2979 6909 3015 6909 3015 6910 2979 6910 2995 6910 3015 6911 2995 6911 3039 6911 3039 6912 2995 6912 2996 6912 3039 6913 2996 6913 3041 6913 2795 6914 2777 6914 2817 6914 2817 6915 2777 6915 2818 6915 2817 6916 2818 6916 2843 6916 2843 6917 2818 6917 2849 6917 2843 6918 2849 6918 2894 6918 2894 6919 2849 6919 2893 6919 2894 6920 2893 6920 2959 6920 2959 6921 2893 6921 2936 6921 2959 6922 2936 6922 3009 6922 3009 6923 2936 6923 2982 6923 3009 6924 2982 6924 3060 6924 3060 6925 2982 6925 3015 6925 3060 6926 3015 6926 3095 6926 3095 6927 3015 6927 3039 6927 3095 6928 3039 6928 3115 6928 3115 6929 3039 6929 3041 6929 3115 6930 3041 6930 3117 6930 3113 6931 3195 6931 3117 6931 3117 6932 3195 6932 3189 6932 3117 6933 3189 6933 3115 6933 2757 6934 2795 6934 2809 6934 2809 6935 2795 6935 2817 6935 2809 6936 2817 6936 2840 6936 2840 6937 2817 6937 2843 6937 2840 6938 2843 6938 2879 6938 2879 6939 2843 6939 2894 6939 2879 6940 2894 6940 2946 6940 2946 6941 2894 6941 2959 6941 2946 6942 2959 6942 3016 6942 3016 6943 2959 6943 3009 6943 3016 6944 3009 6944 3083 6944 3083 6945 3009 6945 3060 6945 3083 6946 3060 6946 3135 6946 3135 6947 3060 6947 3095 6947 3135 6948 3095 6948 3167 6948 2767 6949 2809 6949 2829 6949 2829 6950 2809 6950 2840 6950 2829 6951 2840 6951 2860 6951 2860 6952 2840 6952 2879 6952 2860 6953 2879 6953 2918 6953 2918 6954 2879 6954 2946 6954 2918 6955 2946 6955 2988 6955 2988 6956 2946 6956 3016 6956 2988 6957 3016 6957 3063 6957 3063 6958 3016 6958 3083 6958 3063 6959 3083 6959 3132 6959 3132 6960 3083 6960 3135 6960 3132 6961 3135 6961 3186 6961 3186 6962 3135 6962 3167 6962 3186 6963 3167 6963 3223 6963 3223 6964 3167 6964 3189 6964 3223 6965 3189 6965 3242 6965 3242 6966 3189 6966 3195 6966 3242 6967 3195 6967 3245 6967 2786 6968 2829 6968 2845 6968 2845 6969 2829 6969 2860 6969 2845 6970 2860 6970 2890 6970 2890 6971 2860 6971 2918 6971 2890 6972 2918 6972 2950 6972 2950 6973 2918 6973 2988 6973 2950 6974 2988 6974 3032 6974 3032 6975 2988 6975 3063 6975 3032 6976 3063 6976 3107 6976 3107 6977 3063 6977 3132 6977 3107 6978 3132 6978 3179 6978 3179 6979 3132 6979 3186 6979 3179 6980 3186 6980 3232 6980 3232 6981 3186 6981 3223 6981 3232 6982 3223 6982 3269 6982 3269 6983 3223 6983 3242 6983 3269 6984 3242 6984 3284 6984 3284 6985 3242 6985 3245 6985 3284 6986 3245 6986 3286 6986 2792 6987 2845 6987 2863 6987 2863 6988 2845 6988 2890 6988 2863 6989 2890 6989 2923 6989 2923 6990 2890 6990 2950 6990 2923 6991 2950 6991 2985 6991 2985 6992 2950 6992 3032 6992 2985 6993 3032 6993 3074 6993 3074 6994 3032 6994 3107 6994 3074 6995 3107 6995 3153 6995 3153 6996 3107 6996 3179 6996 3153 6997 3179 6997 3226 6997 3226 6998 3179 6998 3232 6998 3226 6999 3232 6999 3272 6999 3272 7000 3232 7000 3269 7000 3272 7001 3269 7001 3309 7001 3309 7002 3269 7002 3284 7002 3309 7003 3284 7003 3328 7003 3328 7004 3284 7004 3286 7004 3328 7005 3286 7005 3331 7005 2805 7006 2885 7006 2931 7006 2931 7007 2885 7007 2956 7007 2931 7008 2956 7008 3001 7008 3001 7009 2956 7009 3021 7009 3001 7010 3021 7010 3082 7010 3082 7011 3021 7011 3110 7011 3082 7012 3110 7012 3174 7012 3174 7013 3110 7013 3199 7013 3174 7014 3199 7014 3254 7014 3254 7015 3199 7015 3263 7015 3254 7016 3263 7016 3320 7016 3320 7017 3263 7017 3313 7017 3320 7018 3313 7018 3366 7018 3366 7019 3313 7019 3345 7019 3366 7020 3345 7020 3398 7020 3398 7021 3345 7021 3359 7021 3398 7022 3359 7022 3411 7022 3411 7023 3359 7023 3363 7023 3411 7024 3363 7024 3416 7024 2833 7025 2931 7025 2969 7025 2969 7026 2931 7026 3001 7026 2969 7027 3001 7027 3053 7027 3053 7028 3001 7028 3082 7028 3053 7029 3082 7029 3131 7029 3131 7030 3082 7030 3174 7030 3131 7031 3174 7031 3229 7031 3229 7032 3174 7032 3254 7032 3229 7033 3254 7033 3305 7033 3305 7034 3254 7034 3320 7034 3305 7035 3320 7035 3364 7035 3364 7036 3320 7036 3366 7036 3364 7037 3366 7037 3404 7037 3404 7038 3366 7038 3398 7038 3404 7039 3398 7039 3436 7039 3436 7040 3398 7040 3411 7040 3436 7041 3411 7041 3444 7041 3444 7042 3411 7042 3416 7042 3444 7043 3416 7043 3446 7043 3453 7044 3470 7044 3446 7044 3446 7045 3470 7045 3465 7045 3446 7046 3465 7046 3444 7046 3444 7047 3465 7047 3458 7047 3444 7048 3458 7048 3436 7048 3436 7049 3458 7049 3438 7049 3436 7050 3438 7050 3404 7050 3404 7051 3438 7051 3395 7051 3404 7052 3395 7052 3364 7052 3364 7053 3395 7053 3340 7053 3364 7054 3340 7054 3305 7054 3305 7055 3340 7055 3266 7055 3305 7056 3266 7056 3229 7056 3229 7057 3266 7057 3166 7057 3229 7058 3166 7058 3131 7058 3131 7059 3166 7059 3089 7059 3131 7060 3089 7060 3053 7060 3053 7061 3089 7061 3002 7061 3053 7062 3002 7062 2969 7062 3414 7063 3438 7063 3449 7063 3449 7064 3438 7064 3458 7064 3449 7065 3458 7065 3467 7065 3467 7066 3458 7066 3465 7066 3467 7067 3465 7067 3479 7067 3479 7068 3465 7068 3470 7068 3479 7069 3470 7069 3481 7069 3438 7070 3414 7070 3395 7070 3395 7071 3414 7071 3352 7071 3395 7072 3352 7072 3340 7072 3340 7073 3352 7073 3281 7073 3340 7074 3281 7074 3266 7074 3266 7075 3281 7075 3192 7075 3266 7076 3192 7076 3166 7076 3166 7077 3192 7077 3103 7077 3166 7078 3103 7078 3089 7078 3089 7079 3103 7079 3023 7079 3089 7080 3023 7080 3002 7080 3425 7081 3449 7081 3456 7081 3456 7082 3449 7082 3467 7082 3456 7083 3467 7083 3477 7083 3477 7084 3467 7084 3479 7084 3477 7085 3479 7085 3493 7085 3493 7086 3479 7086 3481 7086 3493 7087 3481 7087 3495 7087 3449 7088 3425 7088 3414 7088 3414 7089 3425 7089 3372 7089 3414 7090 3372 7090 3352 7090 3352 7091 3372 7091 3294 7091 3352 7092 3294 7092 3281 7092 3281 7093 3294 7093 3210 7093 3281 7094 3210 7094 3192 7094 3192 7095 3210 7095 3124 7095 3192 7096 3124 7096 3103 7096 3103 7097 3124 7097 3043 7097 3103 7098 3043 7098 3023 7098 3497 7099 3504 7099 3495 7099 3495 7100 3504 7100 3500 7100 3495 7101 3500 7101 3493 7101 3493 7102 3500 7102 3483 7102 3493 7103 3483 7103 3477 7103 3477 7104 3483 7104 3460 7104 3477 7105 3460 7105 3456 7105 3456 7106 3460 7106 3432 7106 3456 7107 3432 7107 3425 7107 3425 7108 3432 7108 3382 7108 3425 7109 3382 7109 3372 7109 3372 7110 3382 7110 3307 7110 3372 7111 3307 7111 3294 7111 3294 7112 3307 7112 3215 7112 3294 7113 3215 7113 3210 7113 3210 7114 3215 7114 3137 7114 3210 7115 3137 7115 3124 7115 3124 7116 3137 7116 3050 7116 3124 7117 3050 7117 3043 7117 3434 7118 3460 7118 3462 7118 3462 7119 3460 7119 3483 7119 3462 7120 3483 7120 3487 7120 3487 7121 3483 7121 3500 7121 3487 7122 3500 7122 3505 7122 3505 7123 3500 7123 3504 7123 3505 7124 3504 7124 3506 7124 3460 7125 3434 7125 3432 7125 3432 7126 3434 7126 3385 7126 3432 7127 3385 7127 3382 7127 3382 7128 3385 7128 3310 7128 3382 7129 3310 7129 3307 7129 3307 7130 3310 7130 3218 7130 3307 7131 3218 7131 3215 7131 3215 7132 3218 7132 3140 7132 3215 7133 3140 7133 3137 7133 3137 7134 3140 7134 3052 7134 3137 7135 3052 7135 3050 7135 2888 7136 3052 7136 3048 7136 3048 7137 3052 7137 3140 7137 3048 7138 3140 7138 3136 7138 3136 7139 3140 7139 3218 7139 3136 7140 3218 7140 3214 7140 3214 7141 3218 7141 3310 7141 3214 7142 3310 7142 3306 7142 3306 7143 3310 7143 3385 7143 3306 7144 3385 7144 3381 7144 3381 7145 3385 7145 3434 7145 3381 7146 3434 7146 3431 7146 3431 7147 3434 7147 3462 7147 3431 7148 3462 7148 3459 7148 3459 7149 3462 7149 3487 7149 3459 7150 3487 7150 3482 7150 3482 7151 3487 7151 3505 7151 3482 7152 3505 7152 3499 7152 3499 7153 3505 7153 3506 7153 3499 7154 3506 7154 3503 7154 3424 7155 3459 7155 3454 7155 3454 7156 3459 7156 3482 7156 3454 7157 3482 7157 3476 7157 3476 7158 3482 7158 3499 7158 3476 7159 3499 7159 3492 7159 3492 7160 3499 7160 3503 7160 3492 7161 3503 7161 3494 7161 3459 7162 3424 7162 3431 7162 3431 7163 3424 7163 3371 7163 3431 7164 3371 7164 3381 7164 3381 7165 3371 7165 3292 7165 3381 7166 3292 7166 3306 7166 3306 7167 3292 7167 3209 7167 3306 7168 3209 7168 3214 7168 3214 7169 3209 7169 3123 7169 3214 7170 3123 7170 3136 7170 3136 7171 3123 7171 3042 7171 3136 7172 3042 7172 3048 7172 3412 7173 3454 7173 3447 7173 3447 7174 3454 7174 3476 7174 3447 7175 3476 7175 3466 7175 3466 7176 3476 7176 3492 7176 3466 7177 3492 7177 3478 7177 3478 7178 3492 7178 3494 7178 3478 7179 3494 7179 3480 7179 3454 7180 3412 7180 3424 7180 3424 7181 3412 7181 3350 7181 3424 7182 3350 7182 3371 7182 3371 7183 3350 7183 3280 7183 3371 7184 3280 7184 3292 7184 3292 7185 3280 7185 3190 7185 3292 7186 3190 7186 3209 7186 3209 7187 3190 7187 3102 7187 3209 7188 3102 7188 3123 7188 3123 7189 3102 7189 3022 7189 3123 7190 3022 7190 3042 7190 3394 7191 3447 7191 3437 7191 3437 7192 3447 7192 3466 7192 3437 7193 3466 7193 3455 7193 3455 7194 3466 7194 3478 7194 3455 7195 3478 7195 3464 7195 3464 7196 3478 7196 3480 7196 3464 7197 3480 7197 3468 7197 3447 7198 3394 7198 3412 7198 3412 7199 3394 7199 3339 7199 3412 7200 3339 7200 3350 7200 3350 7201 3339 7201 3265 7201 3350 7202 3265 7202 3280 7202 3280 7203 3265 7203 3165 7203 3280 7204 3165 7204 3190 7204 3190 7205 3165 7205 3087 7205 3190 7206 3087 7206 3102 7206 3102 7207 3087 7207 2999 7207 3102 7208 2999 7208 3022 7208 2853 7209 2999 7209 2968 7209 2968 7210 2999 7210 3087 7210 2968 7211 3087 7211 3051 7211 3051 7212 3087 7212 3165 7212 3051 7213 3165 7213 3128 7213 3128 7214 3165 7214 3265 7214 3128 7215 3265 7215 3228 7215 3228 7216 3265 7216 3339 7216 3228 7217 3339 7217 3304 7217 3304 7218 3339 7218 3394 7218 3304 7219 3394 7219 3362 7219 3362 7220 3394 7220 3437 7220 3362 7221 3437 7221 3402 7221 3402 7222 3437 7222 3455 7222 3402 7223 3455 7223 3435 7223 3435 7224 3455 7224 3464 7224 3435 7225 3464 7225 3443 7225 3443 7226 3464 7226 3468 7226 3443 7227 3468 7227 3445 7227 2832 7228 2968 7228 2930 7228 2930 7229 2968 7229 3051 7229 2930 7230 3051 7230 2998 7230 2998 7231 3051 7231 3128 7231 2998 7232 3128 7232 3080 7232 3080 7233 3128 7233 3228 7233 3080 7234 3228 7234 3172 7234 3172 7235 3228 7235 3304 7235 3172 7236 3304 7236 3253 7236 3253 7237 3304 7237 3362 7237 3253 7238 3362 7238 3319 7238 3319 7239 3362 7239 3402 7239 3319 7240 3402 7240 3365 7240 3365 7241 3402 7241 3435 7241 3365 7242 3435 7242 3396 7242 3396 7243 3435 7243 3443 7243 3396 7244 3443 7244 3409 7244 3409 7245 3443 7245 3445 7245 3409 7246 3445 7246 3415 7246 3367 7247 3361 7247 3415 7247 3415 7248 3361 7248 3357 7248 3415 7249 3357 7249 3409 7249 3409 7250 3357 7250 3344 7250 3409 7251 3344 7251 3396 7251 3396 7252 3344 7252 3311 7252 3396 7253 3311 7253 3365 7253 3365 7254 3311 7254 3260 7254 3365 7255 3260 7255 3319 7255 3319 7256 3260 7256 3198 7256 3319 7257 3198 7257 3253 7257 3253 7258 3198 7258 3109 7258 3253 7259 3109 7259 3172 7259 3172 7260 3109 7260 3019 7260 3172 7261 3019 7261 3080 7261 3080 7262 3019 7262 2952 7262 3080 7263 2952 7263 2998 7263 2998 7264 2952 7264 2884 7264 2998 7265 2884 7265 2930 7265 3287 7266 3285 7266 3330 7266 3330 7267 3285 7267 3283 7267 3330 7268 3283 7268 3327 7268 3327 7269 3283 7269 3268 7269 3327 7270 3268 7270 3308 7270 3308 7271 3268 7271 3230 7271 3308 7272 3230 7272 3271 7272 3271 7273 3230 7273 3177 7273 3271 7274 3177 7274 3225 7274 3225 7275 3177 7275 3104 7275 3225 7276 3104 7276 3152 7276 3152 7277 3104 7277 3030 7277 3152 7278 3030 7278 3072 7278 3072 7279 3030 7279 2949 7279 3072 7280 2949 7280 2983 7280 2983 7281 2949 7281 2889 7281 2983 7282 2889 7282 2922 7282 2922 7283 2889 7283 2844 7283 2922 7284 2844 7284 2862 7284 3247 7285 3244 7285 3285 7285 3285 7286 3244 7286 3240 7286 3285 7287 3240 7287 3283 7287 3283 7288 3240 7288 3221 7288 3283 7289 3221 7289 3268 7289 3268 7290 3221 7290 3182 7290 3268 7291 3182 7291 3230 7291 3230 7292 3182 7292 3130 7292 3230 7293 3130 7293 3177 7293 3177 7294 3130 7294 3062 7294 3177 7295 3062 7295 3104 7295 3104 7296 3062 7296 2987 7296 3104 7297 2987 7297 3030 7297 3030 7298 2987 7298 2917 7298 3030 7299 2917 7299 2949 7299 2949 7300 2917 7300 2858 7300 2949 7301 2858 7301 2889 7301 2889 7302 2858 7302 2828 7302 2889 7303 2828 7303 2844 7303 3193 7304 3191 7304 3244 7304 3244 7305 3191 7305 3187 7305 3244 7306 3187 7306 3240 7306 3240 7307 3187 7307 3164 7307 3240 7308 3164 7308 3221 7308 3221 7309 3164 7309 3133 7309 3221 7310 3133 7310 3182 7310 3182 7311 3133 7311 3079 7311 3182 7312 3079 7312 3130 7312 3130 7313 3079 7313 3014 7313 3130 7314 3014 7314 3062 7314 3062 7315 3014 7315 2943 7315 3062 7316 2943 7316 2987 7316 2987 7317 2943 7317 2877 7317 2987 7318 2877 7318 2917 7318 2917 7319 2877 7319 2839 7319 2917 7320 2839 7320 2858 7320 2858 7321 2839 7321 2807 7321 2858 7322 2807 7322 2828 7322 3111 7323 3114 7323 3191 7323 3191 7324 3114 7324 3112 7324 3191 7325 3112 7325 3187 7325 2756 7326 2807 7326 2794 7326 2794 7327 2807 7327 2839 7327 2794 7328 2839 7328 2815 7328 2815 7329 2839 7329 2877 7329 2815 7330 2877 7330 2842 7330 2842 7331 2877 7331 2943 7331 2842 7332 2943 7332 2892 7332 2892 7333 2943 7333 3014 7333 2892 7334 3014 7334 2955 7334 2955 7335 3014 7335 3079 7335 2955 7336 3079 7336 3007 7336 3007 7337 3079 7337 3133 7337 3007 7338 3133 7338 3057 7338 3057 7339 3133 7339 3164 7339 3057 7340 3164 7340 3094 7340 2815 7341 2842 7341 2816 7341 2816 7342 2842 7342 2892 7342 2816 7343 2892 7343 2847 7343 2847 7344 2892 7344 2955 7344 2847 7345 2955 7345 2891 7345 2891 7346 2955 7346 3007 7346 2891 7347 3007 7347 2935 7347 2935 7348 3007 7348 3057 7348 2935 7349 3057 7349 2981 7349 2981 7350 3057 7350 3094 7350 2981 7351 3094 7351 3013 7351 3013 7352 3094 7352 3112 7352 3013 7353 3112 7353 3037 7353 3037 7354 3112 7354 3114 7354 3037 7355 3114 7355 3038 7355 2794 7356 2815 7356 2776 7356 2776 7357 2815 7357 2816 7357 2989 7358 2993 7358 3038 7358 3038 7359 2993 7359 2992 7359 3038 7360 2992 7360 3037 7360 3037 7361 2992 7361 2977 7361 3037 7362 2977 7362 3013 7362 3013 7363 2977 7363 2944 7363 3013 7364 2944 7364 2981 7364 2981 7365 2944 7365 2910 7365 2981 7366 2910 7366 2935 7366 2935 7367 2910 7367 2865 7367 2935 7368 2865 7368 2891 7368 2891 7369 2865 7369 2834 7369 2891 7370 2834 7370 2847 7370 2847 7371 2834 7371 2800 7371 2847 7372 2800 7372 2816 7372 2816 7373 2800 7373 2764 7373 2816 7374 2764 7374 2776 7374 2990 7375 3010 7375 3034 7375 2907 7376 2934 7376 2962 7376 3073 7377 3085 7377 3113 7377 2973 7378 3006 7378 3020 7378 2962 7379 2973 7379 3020 7379 3113 7380 3150 7380 3196 7380 3006 7381 3078 7381 3088 7381 3020 7382 3006 7382 3088 7382 3078 7383 3129 7383 3105 7383 3088 7384 3078 7384 3105 7384 3129 7385 3178 7385 3151 7385 3258 7386 3290 7386 3278 7386 3391 7387 3407 7387 3410 7387 3486 7388 3485 7388 3497 7388 3498 7389 3488 7389 3496 7389 3419 7390 3417 7390 3433 7390 3429 7391 3419 7391 3433 7391 3433 7392 3405 7392 3420 7392 3472 7393 3450 7393 3452 7393 3452 7394 3427 7394 3421 7394 3369 7395 3322 7395 3349 7395 3387 7396 3369 7396 3349 7396 3126 7397 3077 7397 3125 7397 3193 7398 3160 7398 3111 7398 3077 7399 3005 7399 3097 7399 3125 7400 3077 7400 3097 7400 3111 7401 3091 7401 3070 7401 3005 7402 2971 7402 3028 7402 3097 7403 3005 7403 3028 7403 3031 7404 3012 7404 2989 7404 2933 7405 2905 7405 2964 7405 3028 7406 2933 7406 2964 7406 2989 7407 2938 7407 2951 7407 2907 7408 2887 7408 2872 7408 2934 7409 2973 7409 2962 7409 3073 7410 3034 7410 3085 7410 3224 7411 3258 7411 3236 7411 3370 7412 3391 7412 3376 7412 3418 7413 3419 7413 3429 7413 3498 7414 3497 7414 3488 7414 3417 7415 3405 7415 3433 7415 3484 7416 3496 7416 3475 7416 3289 7417 3256 7417 3312 7417 2971 7418 2933 7418 3028 7418 3031 7419 3070 7419 3012 7419 3150 7420 3202 7420 3196 7420 3196 7421 3202 7421 3241 7421 3196 7422 3241 7422 3248 7422 3248 7423 3241 7423 3279 7423 3248 7424 3279 7424 3288 7424 3288 7425 3279 7425 3321 7425 3288 7426 3321 7426 3333 7426 3333 7427 3321 7427 3360 7427 3333 7428 3360 7428 3368 7428 3261 7429 3233 7429 3300 7429 3300 7430 3233 7430 3219 7430 3300 7431 3219 7431 3257 7431 3257 7432 3219 7432 3200 7432 3257 7433 3200 7433 3236 7433 3236 7434 3200 7434 3178 7434 3236 7435 3178 7435 3224 7435 3486 7436 3473 7436 3469 7436 3469 7437 3473 7437 3453 7437 3469 7438 3453 7438 3441 7438 3441 7439 3453 7439 3422 7439 3441 7440 3422 7440 3423 7440 3423 7441 3422 7441 3399 7441 3423 7442 3399 7442 3393 7442 3393 7443 3399 7443 3368 7443 3393 7444 3368 7444 3360 7444 3341 7445 3278 7445 3318 7445 3318 7446 3278 7446 3290 7446 3318 7447 3290 7447 3325 7447 3278 7448 3341 7448 3303 7448 3303 7449 3341 7449 3379 7449 3303 7450 3379 7450 3342 7450 3342 7451 3379 7451 3393 7451 3342 7452 3393 7452 3360 7452 3392 7453 3347 7453 3376 7453 3376 7454 3347 7454 3325 7454 3376 7455 3325 7455 3370 7455 3347 7456 3392 7456 3374 7456 3374 7457 3392 7457 3428 7457 3374 7458 3428 7458 3403 7458 3403 7459 3428 7459 3441 7459 3403 7460 3441 7460 3423 7460 3486 7461 3469 7461 3485 7461 3485 7462 3469 7462 3457 7462 3485 7463 3457 7463 3471 7463 3471 7464 3457 7464 3430 7464 3471 7465 3430 7465 3442 7465 3442 7466 3430 7466 3410 7466 3442 7467 3410 7467 3429 7467 3429 7468 3410 7468 3407 7468 3429 7469 3407 7469 3418 7469 3426 7470 3420 7470 3406 7470 3406 7471 3420 7471 3405 7471 3406 7472 3405 7472 3390 7472 3420 7473 3426 7473 3439 7473 3439 7474 3426 7474 3451 7474 3439 7475 3451 7475 3461 7475 3461 7476 3451 7476 3463 7476 3461 7477 3463 7477 3475 7477 3475 7478 3463 7478 3472 7478 3475 7479 3472 7479 3484 7479 3472 7480 3463 7480 3450 7480 3450 7481 3463 7481 3451 7481 3450 7482 3451 7482 3440 7482 3440 7483 3451 7483 3426 7483 3440 7484 3426 7484 3408 7484 3408 7485 3426 7485 3406 7485 3408 7486 3406 7486 3387 7486 3387 7487 3406 7487 3390 7487 3387 7488 3390 7488 3369 7488 3421 7489 3427 7489 3388 7489 3388 7490 3427 7490 3413 7490 3388 7491 3413 7491 3375 7491 3375 7492 3413 7492 3378 7492 3375 7493 3378 7493 3335 7493 3335 7494 3378 7494 3349 7494 3335 7495 3349 7495 3312 7495 3312 7496 3349 7496 3322 7496 3312 7497 3322 7497 3289 7497 3421 7498 3388 7498 3397 7498 3397 7499 3388 7499 3337 7499 3397 7500 3337 7500 3367 7500 3367 7501 3337 7501 3299 7501 3367 7502 3299 7502 3332 7502 3332 7503 3299 7503 3255 7503 3332 7504 3255 7504 3287 7504 3287 7505 3255 7505 3212 7505 3287 7506 3212 7506 3247 7506 3247 7507 3212 7507 3160 7507 3247 7508 3160 7508 3193 7508 3256 7509 3222 7509 3251 7509 3251 7510 3222 7510 3176 7510 3251 7511 3176 7511 3213 7511 3213 7512 3176 7512 3126 7512 3213 7513 3126 7513 3169 7513 2989 7514 3012 7514 2938 7514 2938 7515 3012 7515 2994 7515 2938 7516 2994 7516 2928 7516 2928 7517 2994 7517 2970 7517 2928 7518 2970 7518 2909 7518 2909 7519 2970 7519 2964 7519 2909 7520 2964 7520 2886 7520 2886 7521 2964 7521 2905 7521 2886 7522 2905 7522 2871 7522 2907 7523 2962 7523 2887 7523 2887 7524 2962 7524 2967 7524 2887 7525 2967 7525 2911 7525 2911 7526 2967 7526 2991 7526 2911 7527 2991 7527 2929 7527 2929 7528 2991 7528 3010 7528 2929 7529 3010 7529 2941 7529 2941 7530 3010 7530 2990 7530 2941 7531 2990 7531 2954 7531 3034 7532 3010 7532 3085 7532 3085 7533 3010 7533 2991 7533 3085 7534 2991 7534 3061 7534 3061 7535 2991 7535 2967 7535 3061 7536 2967 7536 3036 7536 3036 7537 2967 7537 2962 7537 3036 7538 2962 7538 3020 7538 3113 7539 3085 7539 3150 7539 3150 7540 3085 7540 3061 7540 3150 7541 3061 7541 3127 7541 3127 7542 3061 7542 3036 7542 3127 7543 3036 7543 3098 7543 3098 7544 3036 7544 3020 7544 3098 7545 3020 7545 3088 7545 3105 7546 3134 7546 3088 7546 3088 7547 3134 7547 3148 7547 3088 7548 3148 7548 3098 7548 3098 7549 3148 7549 3173 7549 3098 7550 3173 7550 3127 7550 3127 7551 3173 7551 3202 7551 3127 7552 3202 7552 3150 7552 3129 7553 3151 7553 3105 7553 3105 7554 3151 7554 3171 7554 3105 7555 3171 7555 3134 7555 3134 7556 3171 7556 3188 7556 3134 7557 3188 7557 3148 7557 3148 7558 3188 7558 3217 7558 3148 7559 3217 7559 3173 7559 3173 7560 3217 7560 3241 7560 3173 7561 3241 7561 3202 7561 3178 7562 3200 7562 3151 7562 3151 7563 3200 7563 3219 7563 3151 7564 3219 7564 3171 7564 3171 7565 3219 7565 3233 7565 3171 7566 3233 7566 3188 7566 3188 7567 3233 7567 3261 7567 3188 7568 3261 7568 3217 7568 3217 7569 3261 7569 3279 7569 3217 7570 3279 7570 3241 7570 3279 7571 3261 7571 3321 7571 3321 7572 3261 7572 3300 7572 3258 7573 3278 7573 3236 7573 3236 7574 3278 7574 3303 7574 3236 7575 3303 7575 3257 7575 3257 7576 3303 7576 3342 7576 3257 7577 3342 7577 3300 7577 3300 7578 3342 7578 3360 7578 3300 7579 3360 7579 3321 7579 3325 7580 3347 7580 3318 7580 3318 7581 3347 7581 3374 7581 3318 7582 3374 7582 3341 7582 3341 7583 3374 7583 3403 7583 3341 7584 3403 7584 3379 7584 3379 7585 3403 7585 3423 7585 3379 7586 3423 7586 3393 7586 3391 7587 3410 7587 3376 7587 3376 7588 3410 7588 3430 7588 3376 7589 3430 7589 3392 7589 3392 7590 3430 7590 3457 7590 3392 7591 3457 7591 3428 7591 3428 7592 3457 7592 3469 7592 3428 7593 3469 7593 3441 7593 3497 7594 3485 7594 3488 7594 3488 7595 3485 7595 3471 7595 3488 7596 3471 7596 3474 7596 3474 7597 3471 7597 3442 7597 3474 7598 3442 7598 3448 7598 3448 7599 3442 7599 3429 7599 3448 7600 3429 7600 3433 7600 3496 7601 3488 7601 3475 7601 3475 7602 3488 7602 3474 7602 3475 7603 3474 7603 3461 7603 3461 7604 3474 7604 3448 7604 3461 7605 3448 7605 3439 7605 3439 7606 3448 7606 3433 7606 3439 7607 3433 7607 3420 7607 3452 7608 3450 7608 3427 7608 3427 7609 3450 7609 3440 7609 3427 7610 3440 7610 3413 7610 3413 7611 3440 7611 3408 7611 3413 7612 3408 7612 3378 7612 3378 7613 3408 7613 3387 7613 3378 7614 3387 7614 3349 7614 3256 7615 3251 7615 3312 7615 3312 7616 3251 7616 3273 7616 3312 7617 3273 7617 3335 7617 3335 7618 3273 7618 3317 7618 3335 7619 3317 7619 3375 7619 3375 7620 3317 7620 3337 7620 3375 7621 3337 7621 3388 7621 3238 7622 3251 7622 3213 7622 3251 7623 3238 7623 3273 7623 3273 7624 3238 7624 3277 7624 3273 7625 3277 7625 3317 7625 3317 7626 3277 7626 3299 7626 3317 7627 3299 7627 3337 7627 3237 7628 3277 7628 3211 7628 3211 7629 3277 7629 3238 7629 3211 7630 3238 7630 3197 7630 3197 7631 3238 7631 3213 7631 3197 7632 3213 7632 3169 7632 3299 7633 3277 7633 3255 7633 3255 7634 3277 7634 3237 7634 3126 7635 3125 7635 3169 7635 3169 7636 3125 7636 3149 7636 3169 7637 3149 7637 3197 7637 3197 7638 3149 7638 3159 7638 3197 7639 3159 7639 3211 7639 3211 7640 3159 7640 3194 7640 3211 7641 3194 7641 3237 7641 3237 7642 3194 7642 3212 7642 3237 7643 3212 7643 3255 7643 3125 7644 3097 7644 3149 7644 3149 7645 3097 7645 3108 7645 3149 7646 3108 7646 3159 7646 3159 7647 3108 7647 3144 7647 3159 7648 3144 7648 3194 7648 3194 7649 3144 7649 3160 7649 3194 7650 3160 7650 3212 7650 3111 7651 3160 7651 3091 7651 3091 7652 3160 7652 3144 7652 3091 7653 3144 7653 3068 7653 3068 7654 3144 7654 3108 7654 3068 7655 3108 7655 3046 7655 3046 7656 3108 7656 3097 7656 3046 7657 3097 7657 3028 7657 3070 7658 3091 7658 3012 7658 3012 7659 3091 7659 3068 7659 3012 7660 3068 7660 2994 7660 2994 7661 3068 7661 3046 7661 2994 7662 3046 7662 2970 7662 2970 7663 3046 7663 3028 7663 2970 7664 3028 7664 2964 7664 2750 7665 2717 7665 2748 7665 2747 7666 2748 7666 2717 7666 2747 7667 2717 7667 2716 7667 2747 7668 2716 7668 2715 7668 2747 7669 2715 7669 2713 7669 2747 7670 2713 7670 2711 7670 2747 7671 2711 7671 2710 7671 2747 7672 2710 7672 2708 7672 2747 7673 2708 7673 2706 7673 2747 7674 2706 7674 2704 7674 2747 7675 2704 7675 2702 7675 2747 7676 2702 7676 2701 7676 2747 7677 2701 7677 2703 7677 2747 7678 2703 7678 2705 7678 2747 7679 2705 7679 2707 7679 2747 7680 2707 7680 2709 7680 2747 7681 2709 7681 2712 7681 2747 7682 2712 7682 2714 7682 2162 7683 2099 7683 2189 7683 2189 7684 2198 7684 2162 7684 2263 7685 2300 7685 2377 7685 2263 7686 2377 7686 2475 7686 2263 7687 2475 7687 2529 7687 2263 7688 2529 7688 2566 7688 2263 7689 2566 7689 2607 7689 2263 7690 2607 7690 2658 7690 2263 7691 2658 7691 2685 7691 1984 7692 901 7692 921 7692 1984 7693 921 7693 1210 7693 1984 7694 1210 7694 1222 7694 1984 7695 1222 7695 1707 7695 1984 7696 1707 7696 1741 7696 1984 7697 1741 7697 1792 7697 1984 7698 1792 7698 1836 7698 1984 7699 1836 7699 1894 7699 1984 7700 1894 7700 1944 7700 1984 7701 1944 7701 2007 7701 1984 7702 2007 7702 2714 7702 1984 7703 2714 7703 1974 7703 2714 7704 2007 7704 2059 7704 2714 7705 2059 7705 2104 7705 2714 7706 2104 7706 2167 7706 2714 7707 2167 7707 2203 7707 2714 7708 2203 7708 2238 7708 2714 7709 2238 7709 2254 7709 2714 7710 2254 7710 2263 7710 1697 7711 1707 7711 1222 7711 1697 7712 1222 7712 1009 7712 1697 7713 1009 7713 1020 7713 1697 7714 1020 7714 1230 7714 1697 7715 1230 7715 1238 7715 1697 7716 1238 7716 1249 7716 1697 7717 1249 7717 1259 7717 1697 7718 1259 7718 1267 7718 1697 7719 1267 7719 1277 7719 1697 7720 1277 7720 1282 7720 1697 7721 1282 7721 1384 7721 1697 7722 1384 7722 1525 7722 1697 7723 1525 7723 1640 7723 1697 7724 1640 7724 1819 7724 1819 7725 1956 7725 1890 7725 1819 7726 1890 7726 1832 7726 1819 7727 1832 7727 1788 7727 1819 7728 1788 7728 1737 7728 1819 7729 1737 7729 1703 7729 1819 7730 1703 7730 1697 7730 2300 7731 2263 7731 2249 7731 2300 7732 2249 7732 2233 7732 2300 7733 2233 7733 2198 7733 2300 7734 2198 7734 2189 7734 2685 7735 2726 7735 2263 7735 2263 7736 2726 7736 2714 7736 2726 7737 2743 7737 2714 7737 2714 7738 2743 7738 2747 7738 917 7739 938 7739 929 7739 929 7740 938 7740 995 7740 929 7741 995 7741 985 7741 985 7742 995 7742 1222 7742 985 7743 1222 7743 1210 7743 901 7744 885 7744 921 7744 921 7745 885 7745 893 7745 1168 7746 1184 7746 1180 7746 1180 7747 1184 7747 1195 7747 1180 7748 1195 7748 1190 7748 1195 7749 1216 7749 1190 7749 1190 7750 1216 7750 1384 7750 1190 7751 1384 7751 1282 7751 1074 7752 1102 7752 1093 7752 1093 7753 1102 7753 1137 7753 1093 7754 1137 7754 1133 7754 1133 7755 1137 7755 1282 7755 1133 7756 1282 7756 1277 7756 1048 7757 1078 7757 1066 7757 1066 7758 1078 7758 1126 7758 1066 7759 1126 7759 1121 7759 1121 7760 1126 7760 1277 7760 1121 7761 1277 7761 1267 7761 1024 7762 1053 7762 1040 7762 1040 7763 1053 7763 1115 7763 1040 7764 1115 7764 1109 7764 1109 7765 1115 7765 1267 7765 1109 7766 1267 7766 1259 7766 999 7767 1029 7767 1015 7767 1015 7768 1029 7768 1097 7768 1015 7769 1097 7769 1084 7769 1084 7770 1097 7770 1259 7770 1084 7771 1259 7771 1249 7771 975 7772 1003 7772 991 7772 991 7773 1003 7773 1070 7773 991 7774 1070 7774 1060 7774 1060 7775 1070 7775 1249 7775 1060 7776 1249 7776 1238 7776 956 7777 979 7777 971 7777 971 7778 979 7778 1044 7778 971 7779 1044 7779 1034 7779 1034 7780 1044 7780 1238 7780 1034 7781 1238 7781 1230 7781 933 7782 961 7782 950 7782 950 7783 961 7783 1020 7783 950 7784 1020 7784 1009 7784 1890 7785 1956 7785 1940 7785 1940 7786 1956 7786 2077 7786 1940 7787 2077 7787 2003 7787 2003 7788 2077 7788 2053 7788 2053 7789 2077 7789 2189 7789 2053 7790 2189 7790 2099 7790 1984 7791 1974 7791 1971 7791 1984 7792 1971 7792 1969 7792 1984 7793 1969 7793 1966 7793 1984 7794 1966 7794 1964 7794 1984 7795 1964 7795 1962 7795 1984 7796 1962 7796 1960 7796 1984 7797 1960 7797 1961 7797 1984 7798 1961 7798 1963 7798 1984 7799 1963 7799 1965 7799 1984 7800 1965 7800 1967 7800 1984 7801 1967 7801 1968 7801 1984 7802 1968 7802 1970 7802 1984 7803 1970 7803 1972 7803 1984 7804 1972 7804 1985 7804 1985 7805 1972 7805 1973 7805 1985 7806 1973 7806 1975 7806 1985 7807 1975 7807 1976 7807 1985 7808 1976 7808 1977 7808 1985 7809 1977 7809 1987 7809 2191 7810 2101 7810 2164 7810 2164 7811 2200 7811 2191 7811 2266 7812 2717 7812 2728 7812 2266 7813 2728 7813 2688 7813 2266 7814 2688 7814 2660 7814 2266 7815 2660 7815 2609 7815 2266 7816 2609 7816 2569 7816 2266 7817 2569 7817 2531 7817 2266 7818 2531 7818 2477 7818 2266 7819 2477 7819 2380 7819 2266 7820 2380 7820 2304 7820 1987 7821 1977 7821 2717 7821 1987 7822 2717 7822 2010 7822 1987 7823 2010 7823 1947 7823 1987 7824 1947 7824 1897 7824 1987 7825 1897 7825 1839 7825 1987 7826 1839 7826 1795 7826 1987 7827 1795 7827 1744 7827 1987 7828 1744 7828 1710 7828 1987 7829 1710 7829 1225 7829 1987 7830 1225 7830 1213 7830 1987 7831 1213 7831 924 7831 1987 7832 924 7832 904 7832 2717 7833 2266 7833 2256 7833 2717 7834 2256 7834 2240 7834 2717 7835 2240 7835 2205 7835 2717 7836 2205 7836 2169 7836 2717 7837 2169 7837 2106 7837 2717 7838 2106 7838 2061 7838 2717 7839 2061 7839 2010 7839 1700 7840 1822 7840 1643 7840 1700 7841 1643 7841 1528 7841 1700 7842 1528 7842 1387 7842 1700 7843 1387 7843 1285 7843 1700 7844 1285 7844 1280 7844 1700 7845 1280 7845 1270 7845 1700 7846 1270 7846 1262 7846 1700 7847 1262 7847 1252 7847 1700 7848 1252 7848 1241 7848 1700 7849 1241 7849 1233 7849 1700 7850 1233 7850 1023 7850 1700 7851 1023 7851 1012 7851 1700 7852 1012 7852 1225 7852 1700 7853 1225 7853 1710 7853 1822 7854 1700 7854 1706 7854 1822 7855 1706 7855 1740 7855 1822 7856 1740 7856 1791 7856 1822 7857 1791 7857 1835 7857 1822 7858 1835 7858 1893 7858 1822 7859 1893 7859 1959 7859 2304 7860 2191 7860 2200 7860 2304 7861 2200 7861 2235 7861 2304 7862 2235 7862 2251 7862 2304 7863 2251 7863 2266 7863 2717 7864 2750 7864 2728 7864 2728 7865 2750 7865 2745 7865 1213 7866 1225 7866 988 7866 988 7867 1225 7867 998 7867 988 7868 998 7868 932 7868 932 7869 998 7869 941 7869 932 7870 941 7870 920 7870 904 7871 924 7871 888 7871 888 7872 924 7872 896 7872 1193 7873 1198 7873 1183 7873 1183 7874 1198 7874 1187 7874 1183 7875 1187 7875 1171 7875 1285 7876 1387 7876 1193 7876 1193 7877 1387 7877 1219 7877 1193 7878 1219 7878 1198 7878 1280 7879 1285 7879 1136 7879 1136 7880 1285 7880 1140 7880 1136 7881 1140 7881 1096 7881 1096 7882 1140 7882 1105 7882 1096 7883 1105 7883 1077 7883 1270 7884 1280 7884 1124 7884 1124 7885 1280 7885 1129 7885 1124 7886 1129 7886 1069 7886 1069 7887 1129 7887 1081 7887 1069 7888 1081 7888 1051 7888 1262 7889 1270 7889 1112 7889 1112 7890 1270 7890 1118 7890 1112 7891 1118 7891 1043 7891 1043 7892 1118 7892 1056 7892 1043 7893 1056 7893 1027 7893 1252 7894 1262 7894 1087 7894 1087 7895 1262 7895 1100 7895 1087 7896 1100 7896 1018 7896 1018 7897 1100 7897 1032 7897 1018 7898 1032 7898 1002 7898 1241 7899 1252 7899 1063 7899 1063 7900 1252 7900 1073 7900 1063 7901 1073 7901 994 7901 994 7902 1073 7902 1006 7902 994 7903 1006 7903 978 7903 1233 7904 1241 7904 1037 7904 1037 7905 1241 7905 1047 7905 1037 7906 1047 7906 974 7906 974 7907 1047 7907 982 7907 974 7908 982 7908 959 7908 1012 7909 1023 7909 953 7909 953 7910 1023 7910 964 7910 953 7911 964 7911 936 7911 2006 7912 2080 7912 1943 7912 1943 7913 2080 7913 1959 7913 1943 7914 1959 7914 1893 7914 2101 7915 2191 7915 2056 7915 2056 7916 2191 7916 2080 7916 2056 7917 2080 7917 2006 7917 2857 7918 2846 7918 2837 7918 2905 7919 2924 7919 2871 7919 3005 7920 2980 7920 2971 7920 3049 7921 2980 7921 3005 7921 3077 7922 3049 7922 3005 7922 3326 7923 3322 7923 3369 7923 3369 7924 3351 7924 3326 7924 3006 7925 3040 7925 3078 7925 3006 7926 2975 7926 3040 7926 2921 7927 2934 7927 2907 7927 2927 7928 2876 7928 2899 7928 2953 7929 2927 7929 2899 7929 2974 7930 2927 7930 2953 7930 3008 7931 2974 7931 2953 7931 3346 7932 3323 7932 3301 7932 3358 7933 3323 7933 3346 7933 3329 7934 3323 7934 3358 7934 3353 7935 3329 7935 3358 7935 3314 7936 3329 7936 3353 7936 3338 7937 3314 7937 3353 7937 3338 7938 3293 7938 3314 7938 2942 7939 2932 7939 2997 7939 2881 7940 2932 7940 2942 7940 2869 7941 2851 7941 2898 7941 2869 7942 2898 7942 2906 7942 2869 7943 2906 7943 2921 7943 2869 7944 2921 7944 2907 7944 2869 7945 2907 7945 2872 7945 3386 7946 3400 7946 3384 7946 3384 7947 3400 7947 3383 7947 3384 7948 3383 7948 3356 7948 3356 7949 3383 7949 3343 7949 3356 7950 3343 7950 3324 7950 3324 7951 3343 7951 3316 7951 3324 7952 3316 7952 3291 7952 3291 7953 3316 7953 3282 7953 3291 7954 3282 7954 3264 7954 3264 7955 3282 7955 3249 7955 3264 7956 3249 7956 3227 7956 3227 7957 3249 7957 3206 7957 3227 7958 3206 7958 3180 7958 3180 7959 3206 7959 3158 7959 3180 7960 3158 7960 3141 7960 3141 7961 3158 7961 3119 7961 3141 7962 3119 7962 3096 7962 3096 7963 3119 7963 3076 7963 3096 7964 3076 7964 3058 7964 3058 7965 3076 7965 3040 7965 3058 7966 3040 7966 3017 7966 3017 7967 3040 7967 2975 7967 3017 7968 2975 7968 2965 7968 2965 7969 2975 7969 2921 7969 2965 7970 2921 7970 2906 7970 3400 7971 3386 7971 3401 7971 3401 7972 3386 7972 3373 7972 3401 7973 3373 7973 3389 7973 3389 7974 3373 7974 3348 7974 3389 7975 3348 7975 3377 7975 3377 7976 3348 7976 3336 7976 3377 7977 3336 7977 3351 7977 3351 7978 3336 7978 3302 7978 3351 7979 3302 7979 3326 7979 3326 7980 3302 7980 3252 7980 3326 7981 3252 7981 3274 7981 3274 7982 3252 7982 3203 7982 3274 7983 3203 7983 3220 7983 3220 7984 3203 7984 3157 7984 3220 7985 3157 7985 3181 7985 3181 7986 3157 7986 3116 7986 3181 7987 3116 7987 3139 7987 3139 7988 3116 7988 3071 7988 3139 7989 3071 7989 3092 7989 3092 7990 3071 7990 3027 7990 3092 7991 3027 7991 3049 7991 3049 7992 3027 7992 2966 7992 3049 7993 2966 7993 2980 7993 2980 7994 2966 7994 2912 7994 2980 7995 2912 7995 2924 7995 2924 7996 2912 7996 2856 7996 2924 7997 2856 7997 2871 7997 2912 7998 2899 7998 2856 7998 2856 7999 2899 7999 2876 7999 2856 8000 2876 8000 2850 8000 2850 8001 2876 8001 2857 8001 2850 8002 2857 8002 2836 8002 2836 8003 2857 8003 2837 8003 2836 8004 2837 8004 2826 8004 2942 8005 2898 8005 2881 8005 2881 8006 2898 8006 2851 8006 2881 8007 2851 8007 2841 8007 2848 8008 2864 8008 2838 8008 2838 8009 2864 8009 2841 8009 2838 8010 2841 8010 2827 8010 2878 8011 2859 8011 2902 8011 2902 8012 2859 8012 2846 8012 2902 8013 2846 8013 2857 8013 3120 8014 3099 8014 3207 8014 3207 8015 3099 8015 3081 8015 3207 8016 3081 8016 3175 8016 3175 8017 3081 8017 3056 8017 3175 8018 3056 8018 3147 8018 3147 8019 3056 8019 3033 8019 3147 8020 3033 8020 3106 8020 3106 8021 3033 8021 3003 8021 3106 8022 3003 8022 3069 8022 3069 8023 3003 8023 2976 8023 3069 8024 2976 8024 3045 8024 3045 8025 2976 8025 2945 8025 3045 8026 2945 8026 3000 8026 3000 8027 2945 8027 2919 8027 3000 8028 2919 8028 2972 8028 2972 8029 2919 8029 2900 8029 2972 8030 2900 8030 2939 8030 2939 8031 2900 8031 2878 8031 2939 8032 2878 8032 2902 8032 3155 8033 3145 8033 3243 8033 3243 8034 3145 8034 3120 8034 3243 8035 3120 8035 3207 8035 3163 8036 3168 8036 3267 8036 3267 8037 3168 8037 3162 8037 3267 8038 3162 8038 3259 8038 3259 8039 3162 8039 3155 8039 3259 8040 3155 8040 3243 8040 3059 8041 3084 8041 3142 8041 3142 8042 3084 8042 3100 8042 3142 8043 3100 8043 3183 8043 3183 8044 3100 8044 3121 8044 3183 8045 3121 8045 3216 8045 3216 8046 3121 8046 3146 8046 3216 8047 3146 8047 3235 8047 3235 8048 3146 8048 3156 8048 3235 8049 3156 8049 3250 8049 3250 8050 3156 8050 3163 8050 3250 8051 3163 8051 3267 8051 3004 8052 3035 8052 3090 8052 3090 8053 3035 8053 3059 8053 3090 8054 3059 8054 3142 8054 3018 8055 2978 8055 3055 8055 3055 8056 2978 8056 3004 8056 3055 8057 3004 8057 3090 8057 2901 8058 2920 8058 2957 8058 2957 8059 2920 8059 2948 8059 2957 8060 2948 8060 2984 8060 2984 8061 2948 8061 2978 8061 2984 8062 2978 8062 3018 8062 2861 8063 2880 8063 2908 8063 2908 8064 2880 8064 2901 8064 2908 8065 2901 8065 2957 8065 2848 8066 2861 8066 2864 8066 2864 8067 2861 8067 2908 8067 2905 8068 2933 8068 2924 8068 2924 8069 2933 8069 2971 8069 2924 8070 2971 8070 2980 8070 3220 8071 3181 8071 3222 8071 3222 8072 3181 8072 3139 8072 3222 8073 3139 8073 3176 8073 3176 8074 3139 8074 3092 8074 3176 8075 3092 8075 3126 8075 3126 8076 3092 8076 3049 8076 3126 8077 3049 8077 3077 8077 3222 8078 3256 8078 3220 8078 3220 8079 3256 8079 3289 8079 3220 8080 3289 8080 3274 8080 3274 8081 3289 8081 3322 8081 3274 8082 3322 8082 3326 8082 3419 8083 3401 8083 3417 8083 3417 8084 3401 8084 3389 8084 3417 8085 3389 8085 3405 8085 3405 8086 3389 8086 3377 8086 3405 8087 3377 8087 3390 8087 3390 8088 3377 8088 3351 8088 3390 8089 3351 8089 3369 8089 3391 8090 3383 8090 3407 8090 3407 8091 3383 8091 3400 8091 3407 8092 3400 8092 3418 8092 3418 8093 3400 8093 3401 8093 3418 8094 3401 8094 3419 8094 3040 8095 3076 8095 3078 8095 3078 8096 3076 8096 3119 8096 3078 8097 3119 8097 3129 8097 3129 8098 3119 8098 3158 8098 3129 8099 3158 8099 3178 8099 3178 8100 3158 8100 3206 8100 3178 8101 3206 8101 3224 8101 3224 8102 3206 8102 3249 8102 3224 8103 3249 8103 3258 8103 3258 8104 3249 8104 3282 8104 3258 8105 3282 8105 3290 8105 3290 8106 3282 8106 3316 8106 3290 8107 3316 8107 3325 8107 3325 8108 3316 8108 3343 8108 3325 8109 3343 8109 3370 8109 3370 8110 3343 8110 3383 8110 3370 8111 3383 8111 3391 8111 3006 8112 2973 8112 2975 8112 2975 8113 2973 8113 2934 8113 2975 8114 2934 8114 2921 8114 3386 8115 3346 8115 3373 8115 3373 8116 3346 8116 3334 8116 3373 8117 3334 8117 3348 8117 3348 8118 3334 8118 3315 8118 3348 8119 3315 8119 3336 8119 3336 8120 3315 8120 3275 8120 3336 8121 3275 8121 3302 8121 3302 8122 3275 8122 3231 8122 3302 8123 3231 8123 3252 8123 3252 8124 3231 8124 3170 8124 3252 8125 3170 8125 3203 8125 3203 8126 3170 8126 3138 8126 3203 8127 3138 8127 3157 8127 3157 8128 3138 8128 3093 8128 3157 8129 3093 8129 3116 8129 3116 8130 3093 8130 3054 8130 3116 8131 3054 8131 3071 8131 3071 8132 3054 8132 3008 8132 3071 8133 3008 8133 3027 8133 3027 8134 3008 8134 2953 8134 3027 8135 2953 8135 2966 8135 2966 8136 2953 8136 2899 8136 2966 8137 2899 8137 2912 8137 3346 8138 3386 8138 3358 8138 3358 8139 3386 8139 3384 8139 3358 8140 3384 8140 3353 8140 3353 8141 3384 8141 3356 8141 3353 8142 3356 8142 3338 8142 3338 8143 3356 8143 3324 8143 3338 8144 3324 8144 3295 8144 3295 8145 3324 8145 3291 8145 3295 8146 3291 8146 3270 8146 3270 8147 3291 8147 3264 8147 3270 8148 3264 8148 3239 8148 3239 8149 3264 8149 3227 8149 3239 8150 3227 8150 3205 8150 3205 8151 3227 8151 3180 8151 3205 8152 3180 8152 3154 8152 3154 8153 3180 8153 3141 8153 3154 8154 3141 8154 3118 8154 3118 8155 3141 8155 3096 8155 3118 8156 3096 8156 3075 8156 3075 8157 3096 8157 3058 8157 3075 8158 3058 8158 3044 8158 3044 8159 3058 8159 3017 8159 3044 8160 3017 8160 2997 8160 2997 8161 3017 8161 2965 8161 2997 8162 2965 8162 2942 8162 2942 8163 2965 8163 2906 8163 2942 8164 2906 8164 2898 8164 3161 8165 3122 8165 3170 8165 3170 8166 3122 8166 3086 8166 3170 8167 3086 8167 3138 8167 3138 8168 3086 8168 3047 8168 3138 8169 3047 8169 3093 8169 3093 8170 3047 8170 3011 8170 3093 8171 3011 8171 3054 8171 3054 8172 3011 8172 2974 8172 3054 8173 2974 8173 3008 8173 3346 8174 3301 8174 3334 8174 3334 8175 3301 8175 3262 8175 3334 8176 3262 8176 3315 8176 3315 8177 3262 8177 3234 8177 3315 8178 3234 8178 3275 8178 3275 8179 3234 8179 3208 8179 3275 8180 3208 8180 3231 8180 3231 8181 3208 8181 3161 8181 3231 8182 3161 8182 3170 8182 3154 8183 3143 8183 3205 8183 3205 8184 3143 8184 3201 8184 3205 8185 3201 8185 3239 8185 3239 8186 3201 8186 3246 8186 3239 8187 3246 8187 3270 8187 3270 8188 3246 8188 3276 8188 3270 8189 3276 8189 3295 8189 3295 8190 3276 8190 3293 8190 3295 8191 3293 8191 3338 8191 2932 8192 2986 8192 2997 8192 2997 8193 2986 8193 3026 8193 2997 8194 3026 8194 3044 8194 3044 8195 3026 8195 3064 8195 3044 8196 3064 8196 3075 8196 3075 8197 3064 8197 3101 8197 3075 8198 3101 8198 3118 8198 3118 8199 3101 8199 3143 8199 3118 8200 3143 8200 3154 8200 2841 8201 2864 8201 2881 8201 2881 8202 2864 8202 2908 8202 2881 8203 2908 8203 2932 8203 2932 8204 2908 8204 2957 8204 2932 8205 2957 8205 2986 8205 2986 8206 2957 8206 2984 8206 2986 8207 2984 8207 3026 8207 3026 8208 2984 8208 3018 8208 3026 8209 3018 8209 3064 8209 3064 8210 3018 8210 3055 8210 3064 8211 3055 8211 3101 8211 3101 8212 3055 8212 3090 8212 3101 8213 3090 8213 3143 8213 3143 8214 3090 8214 3142 8214 3143 8215 3142 8215 3201 8215 3201 8216 3142 8216 3183 8216 3201 8217 3183 8217 3246 8217 3246 8218 3183 8218 3216 8218 3246 8219 3216 8219 3276 8219 3276 8220 3216 8220 3235 8220 3276 8221 3235 8221 3293 8221 3293 8222 3235 8222 3250 8222 3293 8223 3250 8223 3314 8223 3314 8224 3250 8224 3267 8224 3314 8225 3267 8225 3329 8225 3329 8226 3267 8226 3259 8226 3329 8227 3259 8227 3323 8227 3323 8228 3259 8228 3243 8228 3323 8229 3243 8229 3301 8229 3301 8230 3243 8230 3207 8230 3301 8231 3207 8231 3262 8231 3262 8232 3207 8232 3175 8232 3262 8233 3175 8233 3234 8233 3234 8234 3175 8234 3147 8234 3234 8235 3147 8235 3208 8235 3208 8236 3147 8236 3106 8236 3208 8237 3106 8237 3161 8237 3161 8238 3106 8238 3069 8238 3161 8239 3069 8239 3122 8239 3122 8240 3069 8240 3045 8240 3122 8241 3045 8241 3086 8241 3086 8242 3045 8242 3000 8242 3086 8243 3000 8243 3047 8243 3047 8244 3000 8244 2972 8244 3047 8245 2972 8245 3011 8245 3011 8246 2972 8246 2939 8246 3011 8247 2939 8247 2974 8247 2974 8248 2939 8248 2902 8248 2974 8249 2902 8249 2927 8249 2927 8250 2902 8250 2857 8250 2927 8251 2857 8251 2876 8251 1217 8252 1384 8252 1216 8252 2745 8253 2750 8253 2748 8253 2380 8254 2300 8254 2304 8254 2304 8255 2300 8255 2189 8255 2304 8256 2189 8256 2191 8256 2191 8257 2189 8257 2077 8257 2191 8258 2077 8258 2080 8258 2080 8259 2077 8259 1956 8259 2080 8260 1956 8260 1959 8260 1959 8261 1956 8261 1819 8261 1959 8262 1819 8262 1822 8262 1822 8263 1819 8263 1640 8263 1822 8264 1640 8264 1643 8264 1643 8265 1640 8265 1525 8265 1643 8266 1525 8266 1528 8266 1528 8267 1525 8267 1384 8267 1528 8268 1384 8268 1387 8268 1387 8269 1384 8269 1217 8269 1387 8270 1217 8270 1219 8270 2300 8271 2380 8271 2377 8271 2377 8272 2380 8272 2477 8272 2377 8273 2477 8273 2475 8273 2475 8274 2477 8274 2531 8274 2475 8275 2531 8275 2529 8275 2529 8276 2531 8276 2569 8276 2529 8277 2569 8277 2566 8277 2566 8278 2569 8278 2609 8278 2566 8279 2609 8279 2607 8279 2607 8280 2609 8280 2660 8280 2607 8281 2660 8281 2658 8281 2658 8282 2660 8282 2688 8282 2658 8283 2688 8283 2685 8283 2685 8284 2688 8284 2728 8284 2685 8285 2728 8285 2726 8285 2726 8286 2728 8286 2745 8286 2726 8287 2745 8287 2743 8287 2743 8288 2745 8288 2748 8288 2743 8289 2748 8289 2747 8289 2006 8290 2003 8290 2056 8290 2056 8291 2003 8291 2053 8291 2056 8292 2053 8292 2101 8292 2101 8293 2053 8293 2099 8293 2101 8294 2099 8294 2164 8294 2164 8295 2099 8295 2162 8295 2164 8296 2162 8296 2200 8296 2200 8297 2162 8297 2198 8297 2200 8298 2198 8298 2235 8298 2235 8299 2198 8299 2233 8299 2235 8300 2233 8300 2251 8300 2251 8301 2233 8301 2249 8301 2251 8302 2249 8302 2266 8302 2266 8303 2249 8303 2263 8303 2266 8304 2263 8304 2256 8304 2256 8305 2263 8305 2254 8305 2256 8306 2254 8306 2240 8306 2240 8307 2254 8307 2238 8307 2240 8308 2238 8308 2205 8308 2205 8309 2238 8309 2203 8309 2205 8310 2203 8310 2169 8310 2169 8311 2203 8311 2167 8311 2169 8312 2167 8312 2106 8312 2106 8313 2167 8313 2104 8313 2106 8314 2104 8314 2061 8314 2061 8315 2104 8315 2059 8315 2061 8316 2059 8316 2010 8316 2010 8317 2059 8317 2007 8317 1984 8318 902 8318 901 8318 902 8319 1984 8319 904 8319 904 8320 1984 8320 1985 8320 904 8321 1985 8321 1987 8321 1171 8322 1181 8322 1183 8322 1183 8323 1181 8323 1191 8323 1183 8324 1191 8324 1193 8324 1181 8325 1171 8325 1169 8325 1169 8326 1171 8326 1187 8326 1169 8327 1187 8327 1185 8327 1185 8328 1187 8328 1198 8328 1185 8329 1198 8329 1196 8329 1196 8330 1198 8330 1219 8330 1196 8331 1219 8331 1217 8331 1169 8332 1180 8332 1181 8332 1181 8333 1180 8333 1190 8333 1181 8334 1190 8334 1191 8334 1180 8335 1169 8335 1168 8335 1168 8336 1169 8336 1185 8336 1168 8337 1185 8337 1184 8337 1184 8338 1185 8338 1196 8338 1184 8339 1196 8339 1195 8339 1195 8340 1196 8340 1217 8340 1195 8341 1217 8341 1216 8341 902 8342 885 8342 901 8342 888 8343 902 8343 904 8343 902 8344 888 8344 885 8344 885 8345 888 8345 896 8345 885 8346 896 8346 893 8346 893 8347 896 8347 924 8347 893 8348 924 8348 921 8348 1213 8349 1210 8349 924 8349 924 8350 1210 8350 921 8350 1285 8351 1193 8351 1283 8351 1283 8352 1193 8352 1191 8352 1283 8353 1191 8353 1282 8353 1282 8354 1191 8354 1190 8354 1213 8355 988 8355 1210 8355 1210 8356 988 8356 986 8356 1210 8357 986 8357 985 8357 1140 8358 1285 8358 1138 8358 1138 8359 1285 8359 1283 8359 1138 8360 1283 8360 1137 8360 1137 8361 1283 8361 1282 8361 929 8362 985 8362 986 8362 917 8363 941 8363 938 8363 938 8364 941 8364 998 8364 938 8365 998 8365 995 8365 941 8366 917 8366 920 8366 920 8367 917 8367 929 8367 920 8368 929 8368 932 8368 932 8369 929 8369 986 8369 932 8370 986 8370 988 8370 1138 8371 1105 8371 1140 8371 1074 8372 1105 8372 1102 8372 1102 8373 1105 8373 1138 8373 1102 8374 1138 8374 1137 8374 1105 8375 1074 8375 1077 8375 1077 8376 1074 8376 1093 8376 1077 8377 1093 8377 1096 8377 1096 8378 1093 8378 1133 8378 1096 8379 1133 8379 1136 8379 998 8380 1225 8380 995 8380 995 8381 1225 8381 1223 8381 995 8382 1223 8382 1222 8382 1280 8383 1136 8383 1278 8383 1278 8384 1136 8384 1133 8384 1278 8385 1133 8385 1277 8385 1225 8386 1012 8386 1223 8386 1223 8387 1012 8387 1010 8387 1223 8388 1010 8388 1222 8388 1222 8389 1010 8389 1009 8389 1129 8390 1280 8390 1127 8390 1127 8391 1280 8391 1278 8391 1127 8392 1278 8392 1126 8392 1126 8393 1278 8393 1277 8393 950 8394 1009 8394 1010 8394 933 8395 964 8395 961 8395 961 8396 964 8396 1023 8396 961 8397 1023 8397 1020 8397 964 8398 933 8398 936 8398 936 8399 933 8399 950 8399 936 8400 950 8400 953 8400 953 8401 950 8401 1010 8401 953 8402 1010 8402 1012 8402 1127 8403 1081 8403 1129 8403 1048 8404 1081 8404 1078 8404 1078 8405 1081 8405 1127 8405 1078 8406 1127 8406 1126 8406 1081 8407 1048 8407 1051 8407 1051 8408 1048 8408 1066 8408 1051 8409 1066 8409 1069 8409 1069 8410 1066 8410 1121 8410 1069 8411 1121 8411 1124 8411 1233 8412 1230 8412 1023 8412 1023 8413 1230 8413 1020 8413 1124 8414 1121 8414 1270 8414 1270 8415 1121 8415 1267 8415 1233 8416 1037 8416 1230 8416 1230 8417 1037 8417 1035 8417 1230 8418 1035 8418 1034 8418 1118 8419 1270 8419 1116 8419 1116 8420 1270 8420 1267 8420 1116 8421 1267 8421 1115 8421 971 8422 1034 8422 1035 8422 956 8423 982 8423 979 8423 979 8424 982 8424 1047 8424 979 8425 1047 8425 1044 8425 982 8426 956 8426 959 8426 959 8427 956 8427 971 8427 959 8428 971 8428 974 8428 974 8429 971 8429 1035 8429 974 8430 1035 8430 1037 8430 1116 8431 1056 8431 1118 8431 1024 8432 1056 8432 1053 8432 1053 8433 1056 8433 1116 8433 1053 8434 1116 8434 1115 8434 1056 8435 1024 8435 1027 8435 1027 8436 1024 8436 1040 8436 1027 8437 1040 8437 1043 8437 1043 8438 1040 8438 1109 8438 1043 8439 1109 8439 1112 8439 1047 8440 1241 8440 1044 8440 1044 8441 1241 8441 1239 8441 1044 8442 1239 8442 1238 8442 1112 8443 1109 8443 1262 8443 1262 8444 1109 8444 1259 8444 1241 8445 1063 8445 1239 8445 1239 8446 1063 8446 1061 8446 1239 8447 1061 8447 1238 8447 1238 8448 1061 8448 1060 8448 1100 8449 1262 8449 1098 8449 1098 8450 1262 8450 1259 8450 1098 8451 1259 8451 1097 8451 991 8452 1060 8452 1061 8452 975 8453 1006 8453 1003 8453 1003 8454 1006 8454 1073 8454 1003 8455 1073 8455 1070 8455 1006 8456 975 8456 978 8456 978 8457 975 8457 991 8457 978 8458 991 8458 994 8458 994 8459 991 8459 1061 8459 994 8460 1061 8460 1063 8460 1098 8461 1032 8461 1100 8461 999 8462 1032 8462 1029 8462 1029 8463 1032 8463 1098 8463 1029 8464 1098 8464 1097 8464 1032 8465 999 8465 1002 8465 1002 8466 999 8466 1015 8466 1002 8467 1015 8467 1018 8467 1018 8468 1015 8468 1084 8468 1018 8469 1084 8469 1087 8469 1073 8470 1252 8470 1070 8470 1070 8471 1252 8471 1250 8471 1070 8472 1250 8472 1249 8472 1252 8473 1087 8473 1250 8473 1250 8474 1087 8474 1084 8474 1250 8475 1084 8475 1249 8475</p>
        </triangles>
      </mesh>
    </geometry>
  </library_geometries>
  <library_materials>
    <material id="mat_gripper_lh_tip" name="gripper_lh_tip">
      <instance_effect url="#effect_gripper_lh_tip"/>
    </material>
  </library_materials>
  <library_visual_scenes>
    <visual_scene id="myscene">
      <node id="node0" name="node0">
        <instance_geometry url="#geometry0">
          <bind_material>
            <technique_common>
              <instance_material symbol="ref_gripper_lh_tip" target="#mat_gripper_lh_tip"/>
            </technique_common>
          </bind_material>
        </instance_geometry>
      </node>
    </visual_scene>
  </library_visual_scenes>
  <scene>
    <instance_visual_scene url="#myscene"/>
  </scene>
</COLLADA>
