<COLLADA xmlns="http://www.collada.org/2005/11/COLLADASchema" version="1.4.1">
  <asset>
    <contributor/>
    <created>2025-11-18T20:42:15.816431</created>
    <modified>2025-11-18T20:42:15.816446</modified>
    <unit name="meter" meter="1.0"/>
    <up_axis>Z_UP</up_axis>
  </asset>
  <library_effects>
    <effect id="effect_gr_rh_link" name="effect_gr_rh_link">
      <profile_COMMON>
        <technique sid="common">
          <phong>
            <emission>
              <color>0.0 0.0 0.0 1.0</color>
            </emission>
            <ambient>
              <color>0.0 0.0 0.0 1.0</color>
            </ambient>
            <diffuse>
              <color>0.800000011920929 0.800000011920929 0.800000011920929 1.0</color>
            </diffuse>
            <specular>
              <color>1 1 1 1.0</color>
            </specular>
            <shininess>
              <float>0.0</float>
            </shininess>
            <reflective>
              <color>0.0 0.0 0.0 1.0</color>
            </reflective>
            <reflectivity>
              <float>0.0</float>
            </reflectivity>
            <transparent>
              <color>0.0 0.0 0.0 1.0</color>
            </transparent>
            <transparency>
              <float>1.0</float>
            </transparency>
          </phong>
        </technique>
        <extra>
          <technique profile="GOOGLEEARTH">
            <double_sided>0</double_sided>
          </technique>
        </extra>
      </profile_COMMON>
    </effect>
  </library_effects>
  <library_geometries>
    <geometry id="geometry0" name="gr_rh_link">
      <mesh>
        <source id="cubeverts-array0">
          <float_array count="5478" id="cubeverts-array0-array">-0.01839835 5.789968e-08 0.02481635 -0.01839835 0.009000058 0.02481635 -0.0183983 -0.002999942 0.02481632 -0.0183983 0.006000058 0.02481632 -0.01836858 -0.002999942 0.02533973 -0.01836858 5.789968e-08 0.02533973 -0.01836858 0.006000058 0.02533973 -0.01836858 0.009000058 0.02533973 -0.01834955 5.789968e-08 0.02429437 -0.01834955 0.009000058 0.02429437 -0.0183495 -0.002999942 0.02429435 -0.0183495 0.006000058 0.02429435 -0.01826101 -0.002999942 0.02585283 -0.01826101 0.006000058 0.02585283 -0.01826097 5.789968e-08 0.02585281 -0.01826097 0.009000058 0.02585281 -0.01822329 -0.002999942 0.02378551 -0.01822329 5.789968e-08 0.02378551 -0.01822329 0.006000058 0.02378551 -0.01822329 0.009000058 0.02378551 -0.01807802 -0.002999942 0.02634411 -0.01807802 0.006000058 0.02634411 -0.01807797 5.789968e-08 0.02634409 -0.01807797 0.009000058 0.02634409 -0.0180225 5.789968e-08 0.0233012 -0.0180225 0.009000058 0.0233012 -0.01802249 -0.002999942 0.02330124 -0.01802249 0.006000058 0.02330124 -0.01801728 -0.004205855 0.02547925 -0.01801728 -0.00351403 0.02547925 -0.0178987 -0.003418977 0.02513692 -0.01788052 -0.004313626 0.02508487 -0.01782369 -0.002999942 0.02680254 -0.01782369 5.789968e-08 0.02680254 -0.01782369 0.006000058 0.02680254 -0.01782369 0.009000058 0.02680254 -0.01778016 -0.004300666 0.02575324 -0.01775163 5.789968e-08 0.02285235 -0.01775163 0.009000058 0.02285235 -0.01775161 -0.002999942 0.02285239 -0.01775161 0.006000058 0.02285239 -0.0177441 -0.003406259 0.0257953 -0.01774179 -0.004393963 0.0246848 -0.01771762 -0.003315319 0.0246143 -0.0176983 0.009000058 0.02482299 -0.0176983 0.01054252 0.02482299 -0.01769656 0.01054252 0.02499412 -0.01766953 0.009000058 0.02528454 -0.017659 0.01054252 0.02440931 -0.01765487 0.009000058 0.02438585 -0.01763827 0.01054252 0.02545961 -0.01760132 -0.004440659 0.02427974 -0.01756519 0.009000058 0.02573506 -0.01755887 -0.007393542 0.02488706 -0.01755834 -0.004719942 0.02482635 -0.01754366 0.009000058 0.02396082 -0.01754165 0.01054252 0.0239551 -0.0175341 -0.003269749 0.0240859 -0.01753405 -0.004719942 0.02524312 -0.0175208 -0.007393542 0.0244317 -0.01751845 -0.007393542 0.02534221 -0.01751721 -0.004719942 0.02441092 -0.0175038 5.789968e-08 0.02721785 -0.0175038 0.009000058 0.02721785 -0.01750375 -0.002999942 0.02721784 -0.01750375 0.006000058 0.02721784 -0.01750308 0.01054252 0.02590883 -0.01746702 -0.003325921 0.02611507 -0.01746008 -0.004450135 0.02387245 -0.01745219 -0.007499942 0.0249191 -0.01744486 -0.004719942 0.02565088 -0.01742015 -0.007499942 0.02447513 -0.01741821 -0.004404095 0.02617146 -0.01741673 -0.002999942 0.02244904 -0.01741673 5.789968e-08 0.02244904 -0.01741673 0.006000058 0.02244904 -0.01741673 0.009000058 0.02244904 -0.01741159 -0.004719942 0.0240071 -0.01740663 -0.007499942 0.02536189 -0.01740536 -0.007393542 0.02398957 -0.01740072 -0.007393542 0.02578374 -0.01739332 -0.003279226 0.02367866 -0.01738811 0.009000058 0.02616226 -0.0173673 0.009000058 0.02355845 -0.01735011 0.01054252 0.02352686 -0.0173115 -0.007499942 0.02404347 -0.01729479 0.01054252 0.02632918 -0.01729293 -0.004719942 0.02603961 -0.01728489 -0.007499942 0.02579005 -0.01727683 -0.004404094 0.02334401 -0.0172623 0.0106773 0.02382212 -0.01725239 -0.003325922 0.02327354 -0.01724512 0.01078976 0.02440516 -0.01724405 -0.004719942 0.02362483 -0.01721594 -0.007393542 0.02357373 -0.01720916 -0.007393542 0.0261986 -0.01719484 0.01084026 0.02499491 -0.01718665 -0.003279225 0.02643967 -0.01718362 -0.002999942 0.02491512 -0.01717883 -0.004719942 0.02503208 -0.01716792 -0.004719942 0.02461055 -0.01715497 -0.002999942 0.02451785 -0.01714314 0.009000058 0.02655449 -0.01714283 -0.002999942 0.02531135 -0.01713015 0.009000058 0.02318864 -0.01712956 -0.007499942 0.02363722 -0.01712542 5.789968e-08 0.0275807 -0.01712542 0.009000058 0.0275807 -0.01712536 -0.002999942 0.02758069 -0.01712536 0.006000058 0.02758069 -0.017114 -0.00340626 0.0228737 -0.01711214 0.01082809 0.02558304 -0.01711209 -0.004719942 0.02544845 -0.01709561 -0.004300663 0.02282143 -0.01709064 -0.007499942 0.02619055 -0.01708976 0.01054252 0.02313661 -0.01708203 -0.004719942 0.02639979 -0.01707973 -0.004719942 0.02419819 -0.01705777 -0.002999942 0.02413158 -0.0170522 -0.004450135 0.02659438 -0.01703387 -0.002999942 0.02569447 -0.01702535 -0.002999942 0.02210023 -0.01702535 0.006000058 0.02210023 -0.01702534 5.789968e-08 0.02210026 -0.01702534 0.009000058 0.02210026 -0.01701925 0.01054252 0.02670885 -0.01701876 -0.004719942 0.02327348 -0.0169982 0.01075342 0.02616124 -0.01697689 -0.003514028 0.0224791 -0.01697688 -0.004205859 0.0224791 -0.01696998 -0.004719942 0.02584546 -0.01695815 -0.007393542 0.02319644 -0.01694942 -0.007393542 0.02657455 -0.01691728 -0.004719942 0.02380906 -0.01690435 -0.003269749 0.02676521 -0.01689497 -0.002999942 0.02376805 -0.01687983 -0.007499942 0.02326875 -0.01686003 -0.002999942 0.02605284 -0.01685463 0.01061729 0.02672136 -0.01683809 0.009000058 0.02286047 -0.01683695 0.009000058 0.02690104 -0.01682978 -0.007499942 0.02655124 -0.01681741 -0.004719942 0.02672259 -0.0167701 -0.004440659 0.02692034 -0.01676791 0.01054252 0.0227953 -0.01675734 -0.004719942 0.0262096 -0.01674129 -0.004719942 0.02296166 -0.0166981 0.01092888 0.02376101 -0.01669702 -0.002999942 0.02788296 -0.01669702 5.789968e-08 0.02788296 -0.01669702 0.006000058 0.02788296 -0.01669702 0.009000058 0.02788296 -0.01668781 0.01103828 0.02434479 -0.01668609 -0.004719942 0.02345641 -0.01668418 0.01054252 0.02703719 -0.01668299 0.01075556 0.02319302 -0.01667152 -0.002999942 0.02343832 -0.01665226 0.01108221 0.02493614 -0.0166396 -0.007393542 0.02286884 -0.01662918 -0.007393542 0.0269005 -0.01662659 -0.002999942 0.02637558 -0.01662355 -0.002999942 0.02484628 -0.01659291 -0.002999942 0.0252056 -0.01659197 0.01106004 0.02552669 -0.01658627 -0.002999942 0.0218138 -0.01658627 0.006000058 0.0218138 -0.01658626 5.789968e-08 0.02181382 -0.01658626 0.009000058 0.02181382 -0.01657881 -0.002999942 0.02448844 -0.01656991 -0.007499942 0.02294924 -0.01656695 -0.004313629 0.02240034 -0.01656669 -0.003406257 0.02240004 -0.0165385 -0.003315319 0.02718834 -0.01651028 -0.007499942 0.02686116 -0.01650778 0.01097211 0.02610812 -0.01650559 -0.004719942 0.02700006 -0.01649831 0.009000058 0.02258199 -0.01648953 -0.004393963 0.02724452 -0.01648823 -0.002999942 0.0255507 -0.01648141 -0.004719942 0.02652846 -0.01647789 0.009000058 0.02719248 -0.01646065 -0.002999942 0.02414773 -0.0164185 -0.004719942 0.02269703 -0.01640088 0.01081963 0.02667221 -0.01639857 -0.006999942 0.02484983 -0.01639857 -0.002999942 0.02484983 -0.01639857 5.789968e-08 0.02484983 -0.01639857 0.006000058 0.02484983 -0.01639857 0.009000058 0.02484983 -0.01639421 -0.002999942 0.0231524 -0.01639403 -0.004719942 0.02315225 -0.01639359 0.01054252 0.02251252 -0.01636776 -0.006999942 0.02518435 -0.01636776 5.789968e-08 0.02518435 -0.01636776 0.009000058 0.02518435 -0.01636773 -0.002999942 0.0251843 -0.01636773 0.006000058 0.0251843 -0.01635425 -0.006999942 0.02451683 -0.01635425 5.789968e-08 0.02451683 -0.01635425 0.009000058 0.02451683 -0.01635422 -0.002999942 0.02451688 -0.01635422 0.006000058 0.02451688 -0.01634066 -0.002999942 0.02665289 -0.01632683 -0.007393542 0.02263595 -0.01631409 -0.002999942 0.02586649 -0.016299 0.01054252 0.02730498 -0.01628683 0.01119587 0.02515189 -0.01627457 0.01119587 0.02455202 -0.01627424 -0.002999942 0.02383902 -0.01627278 0.01060477 0.02721101 -0.01626324 -0.006999942 0.02550354 -0.01626324 5.789968e-08 0.02550354 -0.01626324 0.009000058 0.02550354 -0.01626323 -0.002999942 0.02550353 -0.01626323 0.006000058 0.02550353 -0.01625787 -0.007393542 0.02716683 -0.0162369 -0.006999942 0.02420212 -0.0162369 5.789968e-08 0.02420212 -0.0162369 0.009000058 0.02420212 -0.01623689 -0.002999942 0.02420214 -0.01623689 0.006000058 0.02420214 -0.01622834 -0.002999942 0.02811786 -0.01622834 0.006000058 0.02811786 -0.01622831 5.789968e-08 0.02811791 -0.01622831 0.009000058 0.02811791 -0.01621244 -0.004313625 0.0275647 -0.01620922 -0.007499942 0.02268844 -0.01617645 -0.003418978 0.02760647 -0.01615421 -0.004719942 0.02722535 -0.01615158 -0.004719942 0.02679119 -0.01615113 -0.00332592 0.02232046 -0.01615112 -0.004393966 0.02232046 -0.01614181 -0.007499942 0.02711089 -0.01612216 -0.007499942 0.02500365 -0.01612151 -0.003495443 0.02501 -0.01611917 0.009000058 0.02236007 -0.01611719 -0.003495443 0.02471469 -0.01611617 -0.007499942 0.02470731 -0.01610933 -0.002999942 0.02159616 -0.01610933 5.789968e-08 0.02159616 -0.01610933 0.006000058 0.02159616 -0.01610933 0.009000058 0.02159616 -0.01610618 0.01111146 0.02372038 -0.01610311 0.01121863 0.02430467 -0.01609221 0.01093779 0.02315248 -0.01609031 -0.002999942 0.02579149 -0.01609031 0.006000058 0.02579149 -0.01609029 -0.006999942 0.02579147 -0.01609029 5.789968e-08 0.02579147 -0.01609029 0.009000058 0.02579147 -0.01607809 -0.002999942 0.02613918 -0.01607576 0.009000058 0.02742084 -0.01607147 -0.002999942 0.02291902 -0.01606141 0.01070006 0.02260895 -0.0160583 -0.004719942 0.02248614 -0.01605707 -0.007499942 0.02529282 -0.01605527 -0.003495443 0.02529782 -0.01605512 0.01125665 0.02515662 -0.01605246 -0.002999942 0.02392141 -0.01605246 0.006000058 0.02392141 -0.01605244 -0.006999942 0.02392143 -0.01605244 5.789968e-08 0.02392143 -0.01605244 0.009000058 0.02392143 -0.01605107 -0.004719942 0.02290694 -0.01604625 0.01122837 0.02548923 -0.01604257 -0.003495443 0.02442892 -0.01603942 -0.007499942 0.02442102 -0.01602771 -0.002999942 0.02357582 -0.01601093 -0.002999942 0.02687633 -0.01599327 0.01113081 0.0260728 -0.01598338 -0.007393542 0.0224513 -0.01597732 0.01054252 0.0222962 -0.01593927 -0.004205854 0.02788033 -0.01593927 -0.00351403 0.02788033 -0.01592484 0.01096646 0.02663954 -0.01592466 -0.007499942 0.025558 -0.01592231 -0.003495443 0.02556154 -0.01590196 -0.003495443 0.0241692 -0.0158964 -0.007499942 0.02416141 -0.01587451 0.01054252 0.02750471 -0.01585765 -0.002999942 0.02603376 -0.01585765 0.006000058 0.02603376 -0.01585764 -0.006999942 0.02603374 -0.01585764 5.789968e-08 0.02603374 -0.01585764 0.009000058 0.02603374 -0.01584645 -0.007393542 0.02736568 -0.01584193 0.01073767 0.02718144 -0.01581019 -0.002999942 0.02368875 -0.01581019 0.006000058 0.02368875 -0.01581017 -0.006999942 0.02368877 -0.01581017 5.789968e-08 0.02368877 -0.01581017 0.009000058 0.02368877 -0.01580872 -0.007499942 0.02249415 -0.01579057 -0.002999942 0.02635684 -0.01577909 -0.004719942 0.02698884 -0.0157719 -0.004719942 0.02739285 -0.01575155 -0.002999942 0.02338067 -0.01573555 -0.007499942 0.02729282 -0.01573265 -0.007499942 0.02578379 -0.0157303 -0.003495443 0.02578595 -0.01573009 -0.00444066 0.02223958 -0.01572998 -0.003279225 0.02223913 -0.01572983 -0.002999942 0.02828011 -0.01572983 0.006000058 0.02828011 -0.01572981 5.789968e-08 0.02828016 -0.01572981 0.009000058 0.02828016 -0.01572967 0.01132033 0.02456315 -0.01571311 -0.002999942 0.02274516 -0.01570997 0.009000058 0.02220022 -0.01570347 -0.003495443 0.0239505 -0.0156954 -0.007499942 0.02394358 -0.01566952 -0.004719942 0.02233424 -0.01566889 -0.004719942 0.02272883 -0.01564739 -0.002999942 0.02703911 -0.01564153 0.009000058 0.0275799 -0.01561663 -0.007393542 0.02231885 -0.01560523 -0.002999942 0.0214522 -0.01560523 5.789968e-08 0.02145219 -0.01560523 0.006000058 0.0214522 -0.01560523 0.009000058 0.02145219 -0.01558343 -0.004300666 0.02781197 -0.01557693 -0.006999942 0.02621819 -0.01557693 5.789968e-08 0.02621819 -0.01557693 0.009000058 0.02621819 -0.01557692 -0.002999942 0.02621819 -0.01557692 0.006000058 0.02621819 -0.01553078 0.01054252 0.02215241 -0.01552897 -0.003406259 0.02780177 -0.01552223 -0.006999942 0.02351583 -0.01552223 -0.002999942 0.02351583 -0.01552223 5.789968e-08 0.02351583 -0.01552223 0.006000058 0.02351583 -0.01552223 0.009000058 0.02351583 -0.01550488 0.009841217 0.02516786 -0.01550488 0.01135485 0.02516786 -0.01550006 0.01132802 0.0242854 -0.01549569 0.0112222 0.02370088 -0.01549263 0.009841213 0.02456799 -0.01549263 0.01135485 0.02456799 -0.01549217 -0.007499942 0.02595706 -0.01549031 -0.003495443 0.02595809 -0.0154834 0.01133047 0.02547125 -0.01548289 0.01104832 0.02313301 -0.01546406 -0.002999942 0.02650996 -0.01546338 0.01135822 0.02456716 -0.0154626 0.01122707 0.02605585 -0.01546185 0.01080882 0.0225898 -0.01545444 -0.003495444 0.02378336 -0.01544811 -0.007499942 0.02378017 -0.01544263 -0.002999942 0.0232431 -0.01543512 0.009720057 0.02517756 -0.01543385 0.01105553 0.02662385 -0.01542264 0.01054252 0.02763076 -0.01542253 0.009720057 0.02456115 -0.01540708 -0.007393542 0.02749118 -0.01539755 0.01081828 0.02716724 -0.01538058 -0.007499942 0.02237243 -0.01537663 -0.004719942 0.02711468 -0.01536805 -0.004719942 0.02749844 -0.01536435 0.01136766 0.02520609 -0.0153361 0.009720057 0.02522407 -0.01533001 -0.002999942 0.02263622 -0.0153252 0.01136888 0.024521 -0.01532169 0.009720057 0.02451872 -0.01530676 -0.003269749 0.02215825 -0.01530675 -0.004450135 0.02215825 -0.01530388 -0.007499942 0.02740146 -0.01528077 0.009000058 0.02210637 -0.01526219 -0.002999942 0.02633552 -0.01526219 0.006000058 0.02633552 -0.01526218 -0.006999942 0.02633551 -0.01526218 5.789968e-08 0.02633551 -0.01526218 0.009000058 0.02633551 -0.01526172 -0.004719942 0.02224508 -0.01526111 -0.002999942 0.02713629 -0.01526048 -0.004719942 0.02262397 -0.01526034 0.009720057 0.02530299 -0.01525806 0.01136888 0.0253065 -0.01524277 0.009720057 0.02444296 -0.01523445 -0.007393542 0.02224143 -0.01522705 0.01119587 0.02625587 -0.01522479 0.01136766 0.02441471 -0.01521791 0.009720057 0.02540383 -0.01521721 -0.007499942 0.02606775 -0.01521619 -0.003495443 0.02606803 -0.01521591 0.01132033 0.02571097 -0.01521267 -0.002999942 0.02836609 -0.01521267 5.789968e-08 0.02836609 -0.01521267 0.006000058 0.02836609 -0.01521267 0.009000058 0.02836609 -0.0152119 0.01135822 0.02544468 -0.01521107 0.009841213 0.02547393 -0.01521107 0.01135485 0.02547393 -0.015203 -0.006999942 0.02341134 -0.015203 -0.002999942 0.02341133 -0.015203 5.789968e-08 0.02341134 -0.015203 0.006000058 0.02341133 -0.015203 0.009000058 0.02341134 -0.01519626 0.009720057 0.02434394 -0.01518705 0.009000058 0.02766531 -0.01518656 0.009841214 0.02427418 -0.01518656 0.01135485 0.02427418 -0.01517532 0.01125665 0.02372394 -0.01517236 -0.003495444 0.02368148 -0.01517059 0.01119587 0.02349223 -0.0151689 -0.007499942 0.0236807 -0.01511351 -0.003325921 0.0277217 -0.01511286 -0.002999942 0.02659186 -0.01511281 -0.002999942 0.02316851 -0.01508528 -0.002999942 0.02138515 -0.01508528 0.006000058 0.02138515 -0.01508527 5.789968e-08 0.02138516 -0.01508527 0.009000058 0.02138516 -0.01506649 0.01054252 0.0220852 -0.01504026 -0.004404096 0.02770763 -0.0149579 -0.004719942 0.02716442 -0.01495607 0.01054252 0.0276796 -0.01495271 -0.007393542 0.02753964 -0.01495271 -0.004719942 0.02753964 -0.01494651 0.01084536 0.02716864 -0.0149378 -0.007499942 0.02232693 -0.01493551 0.01108545 0.02662539 -0.01493382 -0.002999942 0.0225955 -0.01492923 -0.006999942 0.02637987 -0.01492923 -0.002999942 0.02637987 -0.01492923 5.789968e-08 0.02637987 -0.01492923 0.006000058 0.02637987 -0.01492923 0.009000058 0.02637987 -0.0149272 0.0112039 0.02626664 -0.01492376 -0.007499942 0.02610943 -0.01492376 -0.003495443 0.02610943 -0.014874 -0.007499942 0.02365093 -0.014874 -0.003495444 0.02365093 -0.01487056 0.0112039 0.02349372 -0.01486853 -0.006999942 0.02338049 -0.01486853 -0.002999942 0.02338049 -0.01486853 5.789968e-08 0.02338049 -0.01486853 0.006000058 0.02338049 -0.01486853 0.009000058 0.02338049 -0.01486444 0.01108545 0.02313492 -0.01486383 -0.002999942 0.02716491 -0.01485991 -0.007499942 0.02743348 -0.01485332 0.01084536 0.02259168 -0.01484505 -0.007393542 0.02222072 -0.01484505 -0.004719942 0.02222072 -0.01484222 0.009000058 0.02208075 -0.01484169 0.01054252 0.02208076 -0.01483976 -0.004719942 0.02259595 -0.01477477 -0.002999942 0.0231597 -0.01475749 -0.004404094 0.02205273 -0.01475748 -0.00331532 0.02205246 -0.0147523 -0.002999942 0.02659894 -0.0147247 0.009000058 0.02767476 -0.0146922 -0.003279225 0.02764119 -0.01468849 5.789968e-08 0.0283738 -0.01468849 0.009000058 0.0283738 -0.01468848 -0.002999942 0.02837385 -0.01468848 0.006000058 0.02837385 -0.01464961 -0.007499942 0.02608414 -0.01462717 0.01119587 0.02626813 -0.0146254 -0.003495443 0.02607888 -0.01462244 0.01125665 0.02603642 -0.01461677 5.789968e-08 0.02635341 -0.01461677 0.009000058 0.02635341 -0.0146112 0.009841213 0.02548618 -0.0146112 0.01135485 0.02548618 -0.0146015 0.009720057 0.02541642 -0.0146011 -0.007499942 0.02368729 -0.01459476 -0.006999942 0.02634902 -0.01459476 -0.002999942 0.02634902 -0.01459476 0.006000058 0.02634902 -0.01459476 0.009000058 0.02634902 -0.01458669 0.009841213 0.02428643 -0.01458669 0.01135485 0.02428643 -0.01458586 0.01135822 0.02431568 -0.01458185 0.01132033 0.02404939 -0.01458157 -0.003495444 0.02369233 -0.01457985 0.009720057 0.02435653 -0.01457297 0.01136766 0.02534565 -0.01457071 0.01119587 0.02350449 -0.01456331 -0.007393542 0.02751893 -0.01456115 -0.002999942 0.02139651 -0.01456115 5.789968e-08 0.02139651 -0.01456115 0.006000058 0.02139651 -0.01456115 0.009000058 0.02139651 -0.01455793 0.01054254 0.02765931 -0.01455739 5.789968e-08 0.02341957 -0.01455739 0.009000058 0.02341957 -0.01455499 0.009720057 0.0253174 -0.0145397 0.01136888 0.02445386 -0.01453742 0.009720057 0.02445737 -0.01453715 -0.004719942 0.02713637 -0.01453656 -0.002999942 0.02262415 -0.01453604 -0.004719942 0.02751528 -0.01453558 -0.006999942 0.02342485 -0.01453558 -0.002999942 0.02342485 -0.01453558 0.006000058 0.02342485 -0.01453558 0.009000058 0.02342485 -0.01449578 0.01081849 0.0271856 -0.01449384 -0.007499942 0.02235897 -0.01449099 -0.004450135 0.02760211 -0.01447607 0.009720057 0.02524164 -0.01447256 0.01136888 0.02523936 -0.01446761 -0.002999942 0.02712411 -0.01446166 0.009720057 0.02453629 -0.01444392 0.01054265 0.02211758 -0.01444149 -0.002999942 0.02321694 -0.0144375 0.01105576 0.02664414 -0.01443342 0.01136766 0.02455426 -0.01442971 -0.004719942 0.02226192 -0.01442105 -0.004719942 0.0226457 -0.01441713 -0.007499942 0.02738792 -0.01440494 0.009000058 0.02212409 -0.01439815 -0.002999942 0.0265309 -0.01439068 -0.007393542 0.02226918 -0.01438794 -0.007499942 0.0259985 -0.01438573 0.01122732 0.02607778 -0.01437523 0.009720057 0.02519921 -0.01436264 0.009720057 0.0245828 -0.01434332 -0.003495443 0.025977 -0.01434311 -0.007499942 0.02378345 -0.0143412 0.01133074 0.02549451 -0.01433438 0.01135822 0.0251932 -0.01431663 5.789968e-08 0.02626256 -0.01431663 0.009000058 0.02626256 -0.01430746 -0.003495444 0.02380227 -0.01430513 0.009841211 0.02519237 -0.01430513 0.01135485 0.02519237 -0.01429288 0.009841209 0.0245925 -0.01429288 0.01135485 0.0245925 -0.01427629 0.01132831 0.02431032 -0.01427553 -0.006999942 0.02624454 -0.01427553 -0.002999942 0.02624454 -0.01427553 0.006000058 0.02624454 -0.01427553 0.009000058 0.02624454 -0.01426913 -0.003269749 0.02755949 -0.0142671 0.009000058 0.02760797 -0.01426117 5.789968e-08 0.02352249 -0.01426117 0.009000058 0.02352249 -0.01425681 0.01122249 0.02372611 -0.0142464 0.01104861 0.02315818 -0.01424519 0.01080911 0.02261457 -0.01422083 -0.006999942 0.02354217 -0.01422083 -0.002999942 0.02354217 -0.01422083 0.006000058 0.02354217 -0.01422083 0.009000058 0.02354217 -0.01421433 -0.004300665 0.02194839 -0.0142143 -0.003418978 0.02194825 -0.01418113 -0.007393542 0.02744151 -0.01416901 5.789968e-08 0.02830318 -0.01416901 0.009000058 0.02830318 -0.014169 -0.002999942 0.02830323 -0.014169 0.006000058 0.02830323 -0.01416683 0.01054257 0.02758271 -0.01415192 -0.007499942 0.02585674 -0.01415031 -0.002999942 0.02272128 -0.01412873 -0.004719942 0.02703148 -0.01412824 -0.004719942 0.02742612 -0.0141258 -0.002999942 0.02333807 -0.01411302 -0.007499942 0.02393464 -0.01409429 -0.003495443 0.02580986 -0.0140845 -0.002999942 0.02701513 -0.01406809 0.01132033 0.02519721 -0.01406765 -0.004440659 0.02752078 -0.01406746 -0.003495444 0.02397441 -0.01406589 -0.002999942 0.02639073 -0.01406218 -0.007499942 0.02246755 -0.01405466 0.01054256 0.02221054 -0.01405231 0.01073809 0.02721788 -0.01404194 5.789968e-08 0.0261113 -0.01404194 0.009000058 0.0261113 -0.01402586 -0.004719942 0.02236751 -0.01401861 -0.004719942 0.02277154 -0.01399283 5.789968e-08 0.02368475 -0.01399283 0.009000058 0.02368475 -0.01398898 -0.007499942 0.02726617 -0.01398759 -0.006999942 0.02607159 -0.01398759 -0.002999942 0.02607159 -0.01398759 0.006000058 0.02607159 -0.01398759 0.009000058 0.02607159 -0.01397982 0.009000058 0.02223531 -0.01395334 -0.007499942 0.02566603 -0.01395131 -0.007393542 0.02239468 -0.01394752 0.01096693 0.0266798 -0.01394012 -0.006999942 0.02372662 -0.01394012 -0.002999942 0.02372662 -0.01394012 0.006000058 0.02372662 -0.01394012 0.009000058 0.02372662 -0.01392232 -0.007499942 0.02413323 -0.0138958 -0.003495444 0.02559116 -0.01387545 -0.003495444 0.02419882 -0.01385849 -0.004205854 0.02188003 -0.01385849 -0.00351403 0.02188003 -0.01385615 0.0111313 0.02611632 -0.01383982 -0.002999942 0.02351851 -0.01382674 0.009000058 0.02746678 -0.01381438 -0.007393542 0.02730906 -0.0138047 5.789968e-08 0.02590623 -0.0138047 0.009000058 0.02590623 -0.01380215 -0.007499942 0.02543596 -0.01378895 0.01054264 0.0274506 -0.0137868 -0.002999942 0.02288399 -0.01378056 -0.007499942 0.02436923 -0.0137795 0.0112289 0.02553539 -0.01377003 -0.002999942 0.02618453 -0.01376408 5.789968e-08 0.02389924 -0.01376408 0.009000058 0.02389924 -0.01375519 -0.003495444 0.02533144 -0.01374653 -0.004719942 0.02685333 -0.01374532 -0.006999942 0.02583893 -0.01374532 -0.002999942 0.02583893 -0.01374532 0.006000058 0.02583893 -0.01374532 0.009000058 0.02583893 -0.01374264 0.01125665 0.02460374 -0.01374249 -0.003495444 0.02446254 -0.01373946 -0.004719942 0.02727422 -0.01372613 -0.002999942 0.02684127 -0.01371976 -0.00331532 0.02745421 -0.01370747 -0.006999942 0.02396889 -0.01370747 -0.002999942 0.02396889 -0.01370747 0.006000058 0.02396889 -0.01370747 0.009000058 0.02396889 -0.01370597 -0.007499942 0.02517801 -0.01369489 -0.007499942 0.02463087 -0.01368395 0.0105426 0.02235763 -0.01368057 -0.003495444 0.02504567 -0.01367625 -0.003495444 0.02475036 -0.01367447 0.01121919 0.02435412 -0.01366963 -0.007499942 0.02490506 -0.0136659 -0.002999942 0.02815581 -0.0136659 5.789968e-08 0.02815581 -0.0136659 0.006000058 0.02815581 -0.0136659 0.009000058 0.02815581 -0.01365595 -0.007499942 0.02264941 -0.01364756 0.01111203 0.02377044 -0.01364687 0.01070063 0.02265812 -0.01364662 -0.004393962 0.0274399 -0.01364615 -0.004719942 0.02296919 -0.01364354 -0.004719942 0.02253501 -0.01363832 0.01093836 0.02320244 -0.01362296 0.01060539 0.02726496 -0.01361528 5.789968e-08 0.02565631 -0.01361528 0.009000058 0.02565631 -0.01359452 -0.002999942 0.02375134 -0.01358847 -0.007499942 0.02707191 -0.01358532 -0.004313625 0.02219566 -0.01358493 5.789968e-08 0.02415662 -0.01358493 0.009000058 0.02415662 -0.01358492 -0.003406259 0.02219574 -0.01357734 0.009000058 0.02241167 -0.01356086 -0.006999942 0.02555824 -0.01356086 -0.002999942 0.02555824 -0.01356086 0.006000058 0.02555824 -0.01356086 0.009000058 0.02555824 -0.01353989 -0.007393542 0.02259353 -0.01353727 -0.002999942 0.02593924 -0.01353452 -0.006999942 0.02425682 -0.01353452 -0.002999942 0.02425682 -0.01353452 0.006000058 0.02425682 -0.01353452 0.009000058 0.02425682 -0.01352319 0.01119587 0.02520835 -0.01351093 0.01119587 0.02460847 -0.01348196 5.789968e-08 0.02537248 -0.01348196 0.009000058 0.02537248 -0.01347313 0.01082031 0.02673182 -0.01347093 -0.007393542 0.0271244 -0.01346348 0.01054252 0.02728427 -0.0134632 5.789968e-08 0.02444562 -0.0134632 0.009000058 0.02444562 -0.01345709 -0.002999942 0.02310742 -0.01344351 -0.006999942 0.02524353 -0.01344351 -0.002999942 0.02524353 -0.01344351 0.006000058 0.02524353 -0.01344351 0.009000058 0.02524353 -0.01343 -0.006999942 0.02457601 -0.01343 -0.002999942 0.02457601 -0.01343 0.006000058 0.02457601 -0.01343 0.009000058 0.02457601 -0.01341562 0.009000058 0.02725504 -0.01341058 5.789968e-08 0.02506713 -0.01341058 0.009000058 0.02506713 -0.01340423 5.789968e-08 0.02475361 -0.01340423 0.009000058 0.02475361 -0.01340357 -0.004719942 0.02660798 -0.0134034 -0.002999942 0.02660783 -0.01339931 -0.002999942 0.02402752 -0.01339919 -0.006999942 0.02491053 -0.01339919 -0.002999942 0.02491053 -0.01339919 0.006000058 0.02491053 -0.01339919 0.009000058 0.02491053 -0.01337926 -0.004719942 0.02706334 -0.01335679 -0.002999942 0.02565325 -0.01334343 0.01097284 0.02617255 -0.01333655 0.01054261 0.02255675 -0.01331634 -0.004719942 0.02323191 -0.01330823 -0.004393963 0.02251584 -0.01330823 -0.003325921 0.02251584 -0.01329217 -0.004719942 0.0227603 -0.01328749 -0.007499942 0.02289913 -0.01326178 -0.002999942 0.02433643 -0.01323568 0.01106083 0.02559503 -0.01323563 -0.002999942 0.02533755 -0.01323079 -0.004313623 0.02736001 -0.01322779 -0.007499942 0.02681107 -0.01320741 0.009000058 0.02264883 -0.01319047 -0.002999942 0.0279349 -0.01319047 0.006000058 0.0279349 -0.01319046 5.789968e-08 0.02793496 -0.01319046 0.009000058 0.02793496 -0.01318722 -0.002999942 0.02466624 -0.0131784 -0.002999942 0.02500428 -0.01317661 -0.003418981 0.02734973 -0.01317117 -0.002999942 0.02338478 -0.01316858 -0.007393542 0.02285986 -0.01315816 -0.007393542 0.02689152 -0.01315141 0.01108302 0.02500742 -0.01312615 -0.002999942 0.0263219 -0.01311156 -0.004719942 0.02630381 -0.01310977 0.01054265 0.02703378 -0.0130918 0.01103912 0.02441801 -0.0130577 0.01092973 0.02383513 -0.01305647 -0.004719942 0.0267987 -0.0130496 0.01075641 0.023267 -0.01304496 0.009000058 0.02697851 -0.01304043 -0.004719942 0.02355075 -0.01302767 -0.004440659 0.02284002 -0.01302722 -0.003279225 0.0228399 -0.01302215 0.01054254 0.02280227 -0.01302166 0.01061819 0.02679941 -0.01298035 -0.004719942 0.02303778 -0.01296797 -0.007499942 0.02320912 -0.01293768 -0.002999942 0.02370753 -0.01291791 -0.007499942 0.02649154 -0.01290269 -0.002999942 0.02599218 -0.01288041 -0.004719942 0.02595116 -0.01287914 0.009000058 0.02294094 -0.01285547 0.01075438 0.02624559 -0.01284834 -0.007393542 0.02318581 -0.0128396 -0.007393542 0.02656392 -0.01282779 -0.004719942 0.02391487 -0.01282097 0.01054254 0.02675691 -0.01282086 -0.004205856 0.02728125 -0.01282084 -0.003514031 0.02728124 -0.012779 -0.004719942 0.02648688 -0.01276384 -0.002999942 0.02406587 -0.01275336 -0.002999942 0.02764546 -0.01275336 5.789968e-08 0.02764551 -0.01275336 0.006000058 0.02764546 -0.01275336 0.009000058 0.02764551 -0.01274556 -0.004450135 0.02316598 -0.01274556 -0.003269749 0.02316598 -0.01274528 0.01054265 0.02309107 -0.01273994 -0.002999942 0.02562866 -0.01272487 0.009000058 0.02664475 -0.01271813 0.01082911 0.0256725 -0.01271799 -0.004719942 0.02556204 -0.01271573 -0.004719942 0.02336057 -0.01270705 -0.007499942 0.02356983 -0.01270215 -0.004300667 0.02693891 -0.01270204 -0.003418975 0.026939 -0.01268569 -0.004719942 0.02431186 -0.01266815 -0.007499942 0.02612308 -0.01265494 -0.002999942 0.02444895 -0.01264282 -0.002999942 0.0252424 -0.01262983 -0.004719942 0.02514971 -0.01261894 -0.004719942 0.02472819 -0.0126142 -0.002999942 0.02484513 -0.01261157 0.01084133 0.02508823 -0.01260061 0.009000058 0.02328082 -0.0125886 -0.007393542 0.02356177 -0.01258182 -0.007393542 0.02618663 -0.01257545 0.01054261 0.02644251 -0.01255371 -0.004719942 0.02613553 -0.01253729 0.01079086 0.02450102 -0.01252093 -0.004404096 0.02641634 -0.0125207 -0.003315319 0.02641648 -0.01251281 -0.007499942 0.02397031 -0.01250483 -0.004719942 0.02372075 -0.01249635 0.01067841 0.02391916 -0.01249479 0.01054252 0.02344478 -0.01248623 -0.007499942 0.02571684 -0.01246409 0.009000058 0.02626285 -0.01239704 -0.007393542 0.02397662 -0.01239241 -0.007393542 0.02577079 -0.01239113 -0.007499942 0.02439844 -0.01238617 -0.004719942 0.02575326 -0.01237955 -0.004404095 0.02358889 -0.01237931 -0.003315319 0.02358877 -0.01237869 0.009000058 0.02366008 -0.01237766 -0.007499942 0.02528518 -0.01237633 0.0105426 0.02609511 -0.01236439 -0.002999942 0.02729397 -0.01236439 5.789968e-08 0.02729397 -0.01236439 0.006000058 0.02729397 -0.01236439 0.009000058 0.02729397 -0.0123529 -0.004719942 0.02410948 -0.01234564 -0.007499942 0.02484121 -0.01233768 -0.004450135 0.02588791 -0.01233768 -0.003269749 0.02588791 -0.01232846 0.01054264 0.02377025 -0.01228055 -0.004719942 0.02534945 -0.01227931 -0.007393542 0.02441815 -0.01227696 -0.007393542 0.02532866 -0.01226971 0.009000058 0.02584324 -0.01226371 -0.004719942 0.02451724 -0.01223942 -0.004719942 0.02493401 -0.01223889 -0.007393542 0.0248733 -0.01222924 0.01054256 0.0257244 -0.01221884 0.009000058 0.0240694 -0.01219644 -0.004440659 0.02548062 -0.01219635 0.01054257 0.02414813 -0.01219611 -0.003279225 0.02548094 -0.01214706 0.009000058 0.02539736 -0.01213628 0.01054265 0.02533514 -0.01212499 0.009000058 0.02449869 -0.01211975 0.01054254 0.02453923 -0.01209946 0.009000058 0.02493737 -0.01209946 0.01054252 0.02493737 -0.01205597 -0.004393963 0.02507556 -0.01205597 -0.003325921 0.02507556 -0.01203229 -0.002999942 0.02688832 -0.01203229 0.006000058 0.02688832 -0.01203225 5.789968e-08 0.02688831 -0.01203225 0.009000058 0.02688831 -0.0120176 -0.004300666 0.02400712 -0.01201746 -0.003418978 0.02400708 -0.01198734 -0.002999942 0.02293778 -0.01198734 5.789968e-08 0.02293778 -0.01198734 0.006000058 0.02293778 -0.01198734 0.009000058 0.02293778 -0.01191724 -0.004313625 0.02467549 -0.01191711 -0.003406259 0.02467588 -0.01178048 -0.004205854 0.02428111 -0.01178048 -0.00351403 0.02428111 -0.0117645 -0.002999942 0.02643763 -0.0117645 0.006000058 0.02643763 -0.01176446 5.789968e-08 0.02643762 -0.01176446 0.009000058 0.02643762 -0.01172989 5.789968e-08 0.02339445 -0.01172989 0.009000058 0.02339445 -0.01172987 -0.002999942 0.02339445 -0.01172987 0.006000058 0.02339445 -0.01156703 -0.002999942 0.02595199 -0.01156703 5.789968e-08 0.02595199 -0.01156703 0.006000058 0.02595199 -0.01156703 0.009000058 0.02595199 -0.01154351 -0.002999942 0.02388446 -0.01154351 0.006000058 0.02388446 -0.01154349 5.789968e-08 0.02388446 -0.01154349 0.009000058 0.02388446 -0.01144435 5.789968e-08 0.0254423 -0.01144435 0.009000058 0.0254423 -0.01144431 -0.002999942 0.0254423 -0.01144431 0.006000058 0.0254423 -0.01143242 -0.002999942 0.02439681 -0.01143242 5.789968e-08 0.02439681 -0.01143242 0.006000058 0.02439681 -0.01143242 0.009000058 0.02439681 -0.01139914 5.789968e-08 0.02492 -0.01139914 0.009000058 0.02492 -0.01139911 -0.002999942 0.02492 -0.01139911 0.006000058 0.02492 -0.003499774 -0.002999942 -3.981863e-05 -0.003499774 0.006000058 -3.981863e-05 -0.003499744 5.789968e-08 -3.981942e-05 -0.003499744 0.009000058 -3.981942e-05 -0.003466461 -0.002999942 0.0004833742 -0.003466461 5.789968e-08 0.0004833742 -0.003466461 0.006000058 0.0004833742 -0.003466461 0.009000058 0.0004833742 -0.003454566 -0.002999942 -0.0005621181 -0.003454566 0.006000058 -0.0005621181 -0.003454532 5.789968e-08 -0.0005621194 -0.003454532 0.009000058 -0.0005621194 -0.003355386 5.789968e-08 0.0009957224 -0.003355386 0.009000058 0.0009957224 -0.003355374 -0.002999942 0.0009957221 -0.003355374 0.006000058 0.0009957221 -0.003331851 -0.002999942 -0.001071806 -0.003331851 5.789968e-08 -0.001071806 -0.003331851 0.006000058 -0.001071806 -0.003331851 0.009000058 -0.001071806 -0.003169007 -0.002999942 0.00148573 -0.003169007 0.006000058 0.00148573 -0.003168989 5.789968e-08 0.001485729 -0.003168989 0.009000058 0.001485729 -0.003134423 5.789968e-08 -0.001557441 -0.003134423 0.009000058 -0.001557441 -0.003134383 -0.002999942 -0.001557447 -0.003134383 0.006000058 -0.001557447 -0.002999386 0.003350058 -6.070546e-05 -0.002999386 0.006000058 -6.070546e-05 -0.002971955 0.003350058 0.0004092492 -0.002971955 0.006000058 0.0004092492 -0.002952962 0.003350058 -0.0005291654 -0.002952962 0.006000058 -0.0005291654 -0.00291154 -0.002999942 0.001942404 -0.00291154 5.789968e-08 0.001942404 -0.00291154 0.006000058 0.001942404 -0.00291154 0.009000058 0.001942404 -0.002871344 0.003350058 0.0008691269 -0.002871344 0.006000058 0.0008691269 -0.002866632 5.789968e-08 -0.002008131 -0.002866632 0.009000058 -0.002008131 -0.002866593 -0.002999942 -0.002008145 -0.002866593 0.006000058 -0.002008145 -0.002833826 0.003350058 -0.0009845955 -0.002833826 0.006000058 -0.0009845955 -0.002799416 0.009000058 -5.718767e-05 -0.002799416 0.01054252 -5.718767e-05 -0.002797681 0.01054252 0.0001139385 -0.002781854 -0.004205854 0.001531216 -0.002781854 -0.00351403 0.001531216 -0.002774453 -0.003419219 0.001168946 -0.002773329 -0.004313625 0.001113876 -0.002770648 0.009000058 0.000404361 -0.002766943 -0.003344491 0.0008012697 -0.00276468 -0.004393963 0.0006905297 -0.002760123 0.01054252 -0.0004708747 -0.002759357 -0.003293463 0.0004299547 -0.002755989 0.009000058 -0.0004943348 -0.002755924 -0.004440659 0.0002618914 -0.002751734 -0.003269749 5.677051e-05 -0.002747119 -0.004450135 -0.0001691034 -0.002742929 -0.003279225 -0.0003742243 -0.002739391 0.01054252 0.0005794269 -0.002735696 -0.004404095 -0.0007282892 -0.002734173 -0.003325921 -0.0008028626 -0.002725524 -0.003406259 -0.001226209 -0.002724399 -0.004300666 -0.001281279 -0.002716999 -0.004205854 -0.001643548 -0.002716999 -0.00351403 -0.001643548 -0.002700032 0.003350058 0.001307604 -0.002700032 0.006000058 0.001307604 -0.002666305 0.009000058 0.0008548798 -0.002659445 -0.007393542 -5.432759e-05 -0.002659445 -0.004719942 -5.432759e-05 -0.002644912 0.003350058 -0.001415782 -0.002644912 0.006000058 -0.001415782 -0.002644774 0.009000058 -0.0009193639 -0.002642768 0.01054252 -0.0009250827 -0.002635202 -0.007393542 0.0003623701 -0.002635195 -0.004719942 0.00036242 -0.002621643 -0.004719942 -0.00045009 -0.002618204 -0.007393542 -0.0004696876 -0.002604204 0.01054252 0.00102865 -0.002553067 -0.007499942 -5.2189e-05 -0.002546071 -0.007393542 0.000770145 -0.002546041 -0.004719942 0.0007702411 -0.002534487 -0.002999942 -0.002413788 -0.002534487 5.789968e-08 -0.002413788 -0.002534487 0.006000058 -0.002413788 -0.002534487 0.009000058 -0.002413788 -0.002525281 -0.004719942 -0.0008357999 -0.002523385 -0.007499942 0.0003920056 -0.002512495 -0.007393542 -0.0008734822 -0.002505257 -0.007499942 -0.0004947996 -0.002489231 0.009000058 0.00128208 -0.002471822 -0.004300665 0.001718758 -0.002468418 0.009000058 -0.00132173 -0.002462236 0.003350058 0.001713883 -0.002462236 0.006000058 0.001713883 -0.002451228 0.01054252 -0.001353323 -0.00242469 -0.003406259 0.001747269 -0.002416999 -0.007499942 0.0008242111 -0.002395914 0.01054252 0.001448998 -0.002394247 -0.007393542 0.001158956 -0.002394181 -0.004719942 0.001159092 -0.002390872 0.003350058 -0.001812106 -0.002390872 0.006000058 -0.001812106 -0.002381297 -0.007499942 -0.0009222964 -0.002372502 -0.004719942 -0.001202836 -0.002363417 0.0106773 -0.001058055 -0.002351309 -0.004313625 -0.001844835 -0.002351309 -0.003406259 -0.001844835 -0.002346245 0.01078976 -0.0004750153 -0.002344919 -0.007393542 -0.001255769 -0.002295956 0.01084026 0.0001147296 -0.002284523 -0.002999942 -4.666407e-05 -0.002279092 -0.004719942 0.0001642033 -0.00227046 -0.004719942 -0.0002573633 -0.002257866 -0.002999942 0.0003507305 -0.002244258 0.009000058 0.001674308 -0.002241778 -0.002999942 -0.0004426325 -0.002237122 -0.007499942 0.001231324 -0.002231271 0.009000058 -0.001691535 -0.002213259 0.01082809 0.0007028552 -0.002210117 -0.004719942 0.0005801785 -0.002190879 0.01054252 -0.001743574 -0.002184933 -0.007499942 -0.001321718 -0.002184514 -0.004719942 -0.0006701663 -0.00218347 -0.007393542 0.00151923 -0.002183356 -0.004719942 0.001519396 -0.002166728 -0.004719942 -0.001543004 -0.002163811 0.003350058 0.002077961 -0.002163811 0.006000058 0.002077961 -0.002162663 -0.002999942 0.0007374877 -0.002145519 -0.002999942 -0.002765276 -0.002145519 0.006000058 -0.002765276 -0.002145516 5.789968e-08 -0.002765331 -0.002145516 0.009000058 -0.002765331 -0.002130854 -0.002999942 -0.0008251666 -0.002120368 0.01054252 0.001828671 -0.002119604 -0.007393542 -0.001607134 -0.002099321 0.01075342 0.00128106 -0.002077961 0.003350058 -0.002163811 -0.002077961 0.006000058 -0.002163811 -0.002065883 -0.004719942 0.0009763975 -0.002062368 -0.003325918 0.001966442 -0.002024181 -0.004719942 -0.001060149 -0.002001787 -0.002999942 0.001101849 -0.001998571 -0.004404094 0.002005034 -0.001989279 -0.007499942 0.001601039 -0.001980356 -0.004393963 -0.002049018 -0.001980356 -0.003325921 -0.002049018 -0.001955751 0.01061729 0.001841182 -0.001955123 -0.002999942 -0.001182674 -0.001939209 0.009000058 -0.002019709 -0.001938067 0.009000058 0.002020865 -0.001922189 -0.007499942 -0.001680996 -0.001918927 -0.007393542 0.001842096 -0.001918753 -0.004719942 0.001842277 -0.001912562 -0.004719942 -0.001848708 -0.00186903 0.01054252 -0.00208488 -0.001851302 -0.004719942 0.001339368 -0.001842097 -0.007393542 -0.001918927 -0.001812106 0.003350058 0.002390872 -0.001812106 0.006000058 0.002390872 -0.001799219 0.01092888 -0.001119172 -0.001794921 -0.004719942 -0.001414031 -0.001788927 0.01103828 -0.0005353863 -0.001785301 0.01054252 0.002157012 -0.001784115 0.01075556 -0.00168716 -0.001780059 -0.002999942 0.001432723 -0.001753384 0.01108221 5.595608e-05 -0.001743982 -0.0032833 0.002159038 -0.00172464 -0.002999942 -3.524229e-05 -0.001720049 -0.002999942 -0.001504284 -0.001713883 0.003350058 -0.002462236 -0.001713883 0.006000058 -0.002462236 -0.001708417 5.789968e-08 -0.003054778 -0.001708417 0.009000058 -0.003054778 -0.001708413 -0.002999942 -0.003054722 -0.001708413 0.006000058 -0.003054722 -0.001698408 -0.002999942 0.0003019442 -0.001693092 0.01106004 0.0006465086 -0.001684656 -0.002999942 -0.0003710757 -0.00168104 -0.007499942 0.00192216 -0.001615669 -0.004719942 -0.002113112 -0.001608901 0.01097211 0.001227936 -0.001607135 -0.007393542 0.002119603 -0.001606895 -0.004719942 0.002119787 -0.001606874 -0.002999942 0.0006274613 -0.001604766 -0.004440659 -0.002255754 -0.001604766 -0.003279225 -0.002255754 -0.001601084 -0.007499942 -0.001989252 -0.001599434 0.009000058 -0.002298189 -0.001579899 -0.002999942 -0.0006925817 -0.001579011 0.009000058 0.002312299 -0.00157368 -0.004719942 0.001656731 -0.001520017 -0.004450135 0.002294517 -0.001519231 -0.007393542 -0.002183469 -0.00150454 -0.004719942 -0.001719763 -0.001504182 -0.002999942 0.001720041 -0.001502001 0.01081963 0.00179203 -0.001499693 -0.006999942 -3.035273e-05 -0.001499693 -0.002999942 -3.035273e-05 -0.001499693 5.789968e-08 -3.035273e-05 -0.001499693 0.003350058 -3.035273e-05 -0.001499693 0.006000058 -3.035273e-05 -0.001499693 0.009000058 -3.035273e-05 -0.001494715 0.01054252 -0.002367662 -0.001468876 -0.006999942 0.0003041664 -0.001468876 5.789968e-08 0.0003041664 -0.001468876 0.009000058 0.0003041664 -0.001468847 -0.002999942 0.0003041213 -0.001468847 0.003350058 0.0003041213 -0.001468847 0.006000058 0.0003041213 -0.001455366 -0.006999942 -0.000363351 -0.001455366 5.789968e-08 -0.000363351 -0.001455366 0.009000058 -0.000363351 -0.001455338 -0.002999942 -0.0003633048 -0.001455338 0.003350058 -0.0003633048 -0.001455338 0.006000058 -0.0003633048 -0.001453554 -0.002999942 0.0009288367 -0.001432724 -0.002999942 -0.001780111 -0.001423349 -0.00326841 0.002352993 -0.001415782 0.003350058 0.002644912 -0.001415782 0.006000058 0.002644912 -0.001414396 -0.002999942 -0.0009874421 -0.001400119 0.01054252 0.002424802 -0.001387949 0.01119587 0.0002717092 -0.001375694 0.01119587 -0.0003281659 -0.001373899 0.01060477 0.00233083 -0.00136436 -0.006999942 0.0006233621 -0.00136436 5.789968e-08 0.0006233621 -0.00136436 0.009000058 0.0006233621 -0.001364346 -0.002999942 0.0006233455 -0.001364346 0.003350058 0.0006233455 -0.001364346 0.006000058 0.0006233455 -0.00133802 -0.006999942 -0.0006780564 -0.00133802 5.789968e-08 -0.0006780564 -0.00133802 0.009000058 -0.0006780564 -0.001338007 -0.002999942 -0.0006780392 -0.001338007 0.003350058 -0.0006780392 -0.001338007 0.006000058 -0.0006780392 -0.001321754 -0.007499942 0.002184912 -0.001307604 0.003350058 -0.002700032 -0.001307604 0.006000058 -0.002700032 -0.001282673 -0.004719942 -0.002330311 -0.001255769 -0.007393542 0.002344918 -0.001255459 -0.004719942 0.002345084 -0.001244398 -0.002999942 0.001194546 -0.001242471 -0.004719942 0.001917679 -0.001232977 -0.002999942 -0.003275632 -0.001232977 5.789968e-08 -0.003275632 -0.001232977 0.006000058 -0.003275632 -0.001232977 0.009000058 -0.003275632 -0.001231361 -0.007499942 -0.002237102 -0.001229244 -0.007499942 -2.511108e-05 -0.001229242 -0.003495444 -2.511105e-05 -0.001227112 -0.004450135 -0.002463627 -0.001227112 -0.003269749 -0.002463627 -0.001220294 0.009000058 -0.002520107 -0.001207302 0.01111146 -0.001159795 -0.001204228 0.01121863 -0.0005755147 -0.00120401 -0.003495444 0.0002490505 -0.001204006 -0.007499942 0.0002490468 -0.00119456 -0.002999942 -0.001244385 -0.001193335 0.01093779 -0.001727705 -0.001192844 -0.007499942 -0.0002979818 -0.001192835 -0.003495444 -0.0002980135 -0.001191432 -0.002999942 0.0009113125 -0.001191432 0.003350058 0.0009113125 -0.001191432 0.006000058 0.0009113125 -0.001191409 -0.006999942 0.0009112871 -0.001191409 5.789968e-08 0.0009112871 -0.001191409 0.009000058 0.0009112871 -0.001182674 -0.002999942 0.001955123 -0.001176883 0.009000058 0.002540658 -0.001162927 -0.004719942 -0.001966933 -0.001162524 0.01070006 -0.002271229 -0.001158957 -0.007393542 -0.002394247 -0.001156244 0.01125665 0.0002764423 -0.001153582 -0.002999942 -0.0009587739 -0.001153582 0.003350058 -0.0009587739 -0.001153582 0.006000058 -0.0009587739 -0.001153561 -0.006999942 -0.0009587477 -0.001153561 5.789968e-08 -0.0009587477 -0.001153561 0.009000058 -0.0009587477 -0.001151168 -0.00444066 0.002517639 -0.001147368 0.01122837 0.0006090551 -0.001118412 -0.007499942 0.0005107298 -0.001118404 -0.003495444 0.0005107237 -0.001101849 -0.002999942 -0.002001787 -0.001096645 -0.007499942 -0.000555914 -0.001096614 -0.003495444 -0.0005559723 -0.001094386 0.01113081 0.001192624 -0.001078443 0.01054252 -0.002583982 -0.001025957 0.01096646 0.001759359 -0.001007573 -0.003293204 0.002604867 -0.0009874582 -0.002999942 0.001414391 -0.0009845955 0.003350058 0.002833826 -0.0009845955 0.006000058 0.002833826 -0.0009767166 -0.003495444 0.0007467871 -0.0009766998 -0.007499942 0.0007467735 -0.0009756343 0.01054252 0.002624526 -0.0009587739 -0.002999942 0.001153582 -0.0009587739 0.003350058 0.001153582 -0.0009587739 0.006000058 0.001153582 -0.0009587551 -0.006999942 0.001153561 -0.0009587551 5.789968e-08 0.001153561 -0.0009587551 0.009000058 0.001153561 -0.0009454684 -0.007499942 -0.000785977 -0.0009454037 -0.003495444 -0.0007860523 -0.0009430457 0.01073767 0.00230126 -0.000928853 -0.002999942 -0.00145355 -0.0009222858 -0.007499942 0.002381252 -0.0009210307 -0.004719942 -0.002495465 -0.0009113125 -0.002999942 -0.001191432 -0.0009113125 0.003350058 -0.001191432 -0.0009113125 0.006000058 -0.001191432 -0.0009112945 -0.006999942 -0.00119141 -0.0009112945 5.789968e-08 -0.00119141 -0.0009112945 0.009000058 -0.00119141 -0.0009001163 -0.003293463 -0.002643615 -0.0008734829 -0.007393542 0.002512494 -0.0008731027 -0.004719942 0.002512626 -0.0008691269 0.003350058 -0.002871344 -0.0008691269 0.006000058 -0.002871344 -0.0008689535 -0.004719942 0.002113326 -0.0008307904 0.01132033 -0.0003170343 -0.0008250703 -0.002999942 0.002130841 -0.0008242024 -0.007499942 -0.002416953 -0.0008110915 0.009000058 -0.002679961 -0.0007860526 -0.003495444 0.0009454034 -0.0007860319 -0.007499942 0.0009453872 -0.0007843353 -0.004393965 0.002739541 -0.0007817133 -0.004719942 -0.002147126 -0.0007701457 -0.007393542 -0.002546071 -0.0007468935 -0.007499942 -0.0009766372 -0.0007467874 -0.003495444 -0.0009767164 -0.0007426537 0.009000058 0.002699716 -0.0007374941 -0.002999942 -0.002162654 -0.0007371328 -0.004404096 -0.002733326 -0.0007298785 -0.002999942 -0.003423051 -0.0007298785 0.006000058 -0.003423051 -0.0007298703 5.789968e-08 -0.003422998 -0.0007298703 0.009000058 -0.003422998 -0.0006925693 -0.002999942 0.001579881 -0.0006896226 -0.003343992 0.002797155 -0.0006780461 -0.006999942 0.001338015 -0.0006780461 5.789968e-08 0.001338015 -0.0006780461 0.009000058 0.001338015 -0.0006780392 -0.002999942 0.001338007 -0.0006780392 0.003350058 0.001338007 -0.0006780392 0.006000058 0.001338007 -0.0006318966 0.01054252 -0.002727766 -0.0006274496 -0.002999942 -0.001606855 -0.0006233521 -0.006999942 -0.001364354 -0.0006233521 5.789968e-08 -0.001364354 -0.0006233521 0.009000058 -0.001364354 -0.0006233455 -0.002999942 -0.001364346 -0.0006233455 0.003350058 -0.001364346 -0.0006233455 0.006000058 -0.001364346 -0.0006060048 0.009841217 0.0002876829 -0.0006060022 0.01135485 0.0002876829 -0.0006011759 0.01132802 -0.000594781 -0.0005968062 0.0112222 -0.001179299 -0.0005937482 0.009841213 -0.0003121919 -0.0005937479 0.01135485 -0.0003121919 -0.0005845164 0.01133047 0.0005910732 -0.0005840124 0.01104832 -0.001747172 -0.0005747586 -0.00334449 -0.002822701 -0.0005645014 0.01135822 -0.0003130215 -0.0005637224 0.01122707 0.00117567 -0.0005629752 0.01080882 -0.002290383 -0.0005559872 -0.007499942 0.001096626 -0.0005559726 -0.003495444 0.001096613 -0.0005388165 -0.004719942 -0.002604861 -0.0005362371 0.009720057 0.0002973784 -0.0005349713 0.01105553 0.001743673 -0.0005291654 0.003350058 0.002952962 -0.0005291654 0.006000058 0.002952962 -0.0005237623 0.01054252 0.002750577 -0.000523645 0.009720057 -0.0003190301 -0.0005108752 -0.007499942 -0.001118337 -0.0005107241 -0.003495444 -0.001118404 -0.000498669 0.01081828 0.002287063 -0.0004947465 -0.007499942 0.002505184 -0.0004696882 -0.007393542 0.002618204 -0.0004692428 -0.004719942 0.002618284 -0.0004658466 -0.004719942 0.00223701 -0.0004654685 0.01136766 0.0003259133 -0.0004423793 -0.002999942 0.002241768 -0.000437217 0.009720057 0.0003438875 -0.0004263187 0.01136888 -0.0003591832 -0.000422808 0.009720057 -0.0003614565 -0.0004220314 -0.004313629 0.002958704 -0.0004092492 0.003350058 -0.002971955 -0.0004092492 0.006000058 -0.002971955 -0.0003919556 -0.007499942 -0.00252331 -0.0003818927 0.009000058 -0.002773806 -0.0003751229 -0.003418978 0.002987332 -0.0003738811 -0.004719942 -0.002254205 -0.0003710251 -0.002999942 0.001684611 -0.0003633048 -0.002999942 0.001455338 -0.0003633048 0.003350058 0.001455338 -0.0003633048 0.006000058 0.001455338 -0.0003632995 -0.006999942 0.001455332 -0.0003632995 5.789968e-08 0.001455332 -0.0003632995 0.009000058 0.001455332 -0.0003623708 -0.007393542 -0.002635202 -0.0003614565 0.009720057 0.0004228079 -0.0003591827 0.01136888 0.0004263194 -0.0003507403 -0.002999942 -0.002257871 -0.0003438876 0.009720057 -0.000437217 -0.0003377284 -0.002999942 0.003483668 -0.0003377284 5.789968e-08 0.003483668 -0.0003377284 0.006000058 0.003483668 -0.0003377284 0.009000058 0.003483668 -0.0003281659 0.01119587 0.001375694 -0.0003259128 0.01136766 -0.0004654694 -0.0003190302 0.009720057 0.0005236448 -0.0003170343 0.01132033 0.0008307908 -0.0003130214 0.01135822 0.0005645021 -0.0003121919 0.009841213 0.0005937485 -0.0003121919 0.01135485 0.0005937485 -0.0003041213 -0.002999942 -0.001468847 -0.0003041213 0.003350058 -0.001468847 -0.0003041213 0.006000058 -0.001468847 -0.0003041163 -0.006999942 -0.00146884 -0.0003041163 5.789968e-08 -0.00146884 -0.0003041163 0.009000058 -0.00146884 -0.0003018955 -0.002999942 -0.001698362 -0.0002980518 -0.007499942 0.001192859 -0.0002980139 -0.003495444 0.001192834 -0.0002973784 0.009720057 -0.0005362371 -0.0002881663 0.009000058 0.002785132 -0.0002876829 0.009841214 -0.000606003 -0.0002876829 0.01135485 -0.0006060034 -0.0002764423 0.01125665 -0.001156244 -0.000271709 0.01119587 -0.001387949 -0.0002525889 -0.003419216 -0.003000033 -0.000252583 -0.004300667 -0.003000036 -0.0002492457 -0.007499942 -0.001203971 -0.000249051 -0.003495444 -0.00120401 -0.0002104043 -0.002999942 -0.00349367 -0.0002104043 0.006000058 -0.00349367 -0.0002103949 5.789968e-08 -0.003493618 -0.0002103949 0.009000058 -0.003493618 -0.0001676127 0.01054252 -0.002794979 -0.0001445652 -0.004719942 -0.002656061 -6.486819e-05 -0.004205858 0.003174756 -6.486006e-05 -0.003514029 0.003174761 -6.070546e-05 0.003350058 0.002999386 -6.070546e-05 0.006000058 0.002999386 -5.718766e-05 0.01054252 0.002799416 -5.432828e-05 -0.007393542 0.002659445 -5.382551e-05 -0.004719942 0.002659455 -5.223086e-05 -0.007499942 0.002553066 -4.76314e-05 0.01084536 0.002288458 -4.687663e-05 -0.004719942 0.002284519 -4.623733e-05 -0.002999942 0.002284532 -3.662626e-05 0.01108545 0.001745214 -3.525438e-05 -0.002999942 0.00172464 -3.035273e-05 -0.006999942 0.001499693 -3.035273e-05 -0.002999942 0.001499693 -3.035273e-05 5.789968e-08 0.001499693 -3.035273e-05 0.003350058 0.001499693 -3.035273e-05 0.006000058 0.001499693 -3.035273e-05 0.009000058 0.001499693 -2.832321e-05 0.0112039 0.001386461 -2.511237e-05 -0.003495443 0.001229243 -2.511108e-05 -0.007499942 0.001229244 2.487912e-05 -0.007499942 -0.001229248 2.511149e-05 -0.003495443 -0.001229243 2.832321e-05 0.0112039 -0.001386461 3.035273e-05 -0.006999942 -0.001499693 3.035273e-05 -0.002999942 -0.001499693 3.035273e-05 5.789968e-08 -0.001499693 3.035273e-05 0.003350058 -0.001499693 3.035273e-05 0.006000058 -0.001499693 3.035273e-05 0.009000058 -0.001499693 3.444378e-05 0.01108545 -0.001745259 3.52302e-05 -0.002999942 -0.00172464 4.556075e-05 0.01084536 -0.0022885 4.666407e-05 -0.002999942 -0.002284523 4.668252e-05 -0.004719942 -0.002284523 5.214714e-05 -0.007499942 -0.002553067 5.432691e-05 -0.007393542 -0.002659445 5.665843e-05 0.009000058 -0.002799427 5.718767e-05 0.01054252 -0.002799416 6.070546e-05 0.003350058 -0.002999386 6.070546e-05 0.006000058 -0.002999386 6.484275e-05 -0.003514026 -0.003174757 6.485052e-05 -0.004205856 -0.003174761 0.0001741816 0.009000058 0.002794577 0.0001863927 5.789968e-08 0.003495016 0.0001863927 0.009000058 0.003495016 0.0001864007 -0.002999942 0.003495033 0.0001864007 0.006000058 0.003495033 0.0002490497 -0.003495443 0.001204011 0.0002490879 -0.007499942 0.001204036 0.0002525685 -0.004300663 0.003000045 0.0002529162 -0.004719942 -0.002647941 0.0002717091 0.01119587 0.001387949 0.0002764423 0.01125665 0.001156244 0.0002876829 0.009841213 0.0006060027 0.0002876829 0.01135485 0.000606003 0.0002973784 0.009720057 0.0005362371 0.000297821 -0.007499942 -0.001192884 0.0002980134 -0.003495443 -0.001192835 0.0003012315 -0.00340626 0.002973544 0.0003041163 -0.006999942 0.00146884 0.0003041163 -0.002999942 0.00146884 0.0003041163 5.789968e-08 0.00146884 0.0003041163 0.003350058 0.00146884 0.0003041163 0.006000058 0.00146884 0.0003041163 0.009000058 0.00146884 0.0003121919 0.009841213 -0.0005937483 0.0003121919 0.01135485 -0.000593748 0.0003130214 0.01135822 -0.000564502 0.0003137906 -0.002999942 -0.003485905 0.0003137906 5.789968e-08 -0.003485905 0.0003137906 0.006000058 -0.003485905 0.0003137906 0.009000058 -0.003485905 0.0003170343 0.01132033 -0.0008307904 0.0003190301 0.009720057 -0.000523645 0.0003240907 -0.002999942 0.001694283 0.0003259127 0.01136766 0.0004654694 0.0003281659 0.01119587 -0.001375694 0.0003409517 0.01054254 0.002779133 0.0003438876 0.009720057 0.000437217 0.0003591816 0.01136888 -0.0004263211 0.0003614565 0.009720057 -0.000422808 0.0003623695 -0.007393542 0.002635202 0.0003627981 -0.004719942 0.002635115 0.0003632995 -0.006999942 -0.001455332 0.0003632995 -0.002999942 -0.001455332 0.0003632995 5.789968e-08 -0.001455332 0.0003632995 0.003350058 -0.001455332 0.0003632995 0.006000058 -0.001455332 0.0003632995 0.009000058 -0.001455332 0.0003737121 -0.004719942 0.002254232 0.0003792576 -0.002999942 0.002253302 0.0003870073 0.006000058 0.002974931 0.0003919024 -0.007499942 0.002523348 0.0003930351 -0.002999942 -0.001679628 0.0004031017 0.01081849 0.002305424 0.0004092208 0.003350058 0.002971917 0.0004220068 -0.003406262 -0.002958719 0.0004220141 -0.004313624 -0.002958714 0.000422808 0.009720057 0.0003614565 0.0004263182 0.01136888 0.0003591835 0.000437217 0.009720057 -0.0003438876 0.0004426558 -0.002999942 -0.002241732 0.0004549554 0.01054265 -0.002762604 0.0004613823 0.01105576 0.00176396 0.0004654648 0.01136766 -0.0003259154 0.0004656788 -0.004719942 -0.002237045 0.000469687 -0.007393542 -0.002618204 0.0004939399 0.009000058 -0.002756089 0.000494695 -0.007499942 -0.002505224 0.0005070621 0.006000058 -0.002956836 0.0005107233 -0.003495443 0.001118405 0.0005107381 -0.007499942 0.001118417 0.0005131505 0.01122732 0.001197597 0.000523645 0.009720057 0.0003190301 0.0005291355 0.003350058 -0.002952926 0.0005362371 0.009720057 -0.0002973784 0.0005558253 -0.007499942 -0.00109669 0.0005559725 -0.003495443 -0.001096614 0.0005576754 0.01133074 0.0006143295 0.0005645004 0.01135822 0.0003130216 0.0005937467 0.01135485 0.0003121919 0.0005937473 0.009841211 0.0003121919 0.0006059958 0.01135485 -0.000287683 0.0006060003 0.009841209 -0.000287683 0.0006225929 0.01132831 -0.0005698636 0.0006233521 -0.006999942 0.001364354 0.0006233521 -0.002999942 0.001364354 0.0006233521 5.789968e-08 0.001364354 0.0006233521 0.003350058 0.001364354 0.0006233521 0.006000058 0.001364354 0.0006233521 0.009000058 0.001364354 0.0006317782 0.009000058 0.002727793 0.0006420692 0.01122249 -0.001154075 0.0006447476 -0.004719942 -0.002580683 0.0006524825 0.01104861 -0.001721995 0.000653686 0.01080911 -0.00226561 0.0006692699 -0.002999942 0.001589873 0.000671782 -0.003325922 0.002769297 0.0006780461 -0.006999942 -0.001338015 0.0006780461 -0.002999942 -0.001338015 0.0006780461 5.789968e-08 -0.001338015 0.0006780461 0.003350058 -0.001338015 0.0006780461 0.006000058 -0.001338015 0.0006780461 0.009000058 -0.001338015 0.0007063477 -0.002999942 0.003427984 0.0007063477 0.006000058 0.003427984 0.0007063528 5.789968e-08 0.003427994 0.0007063528 0.009000058 0.003427994 0.0007320528 0.01054257 0.002702534 0.0007336608 -0.002999942 -0.001561205 0.0007371251 -0.004404094 0.00273333 0.0007467674 -0.007499942 0.0009766994 0.0007467871 -0.003495443 0.0009767177 0.0007701446 -0.007393542 0.002546071 0.000770537 -0.004719942 0.002545963 0.0007815738 -0.004719942 0.002147177 0.0007843189 -0.004393962 -0.002739551 0.0007843297 -0.00332592 -0.002739545 0.0007859515 -0.007499942 -0.0009454895 0.0007860528 -0.003495443 -0.0009454044 0.0007915378 -0.002999942 0.002143529 0.0008241278 -0.007499942 0.002416958 0.0008252068 -0.002999942 -0.00213076 0.0008260767 0.006000058 0.002884026 0.0008307897 0.01132033 0.0003170343 0.0008309301 5.789968e-08 -0.003399985 0.0008309301 0.009000058 -0.003399985 0.0008309452 -0.002999942 -0.003399931 0.0008309452 0.006000058 -0.003399931 0.0008442219 0.01054256 -0.002669644 0.0008465698 0.01073809 0.002337698 0.0008688162 -0.004719942 -0.002113382 0.0008691377 0.003350058 0.002871358 0.0008734819 -0.007393542 -0.002512495 0.0009112945 -0.006999942 0.00119141 0.0009112945 -0.002999942 0.00119141 0.0009112945 5.789968e-08 0.00119141 0.0009112945 0.003350058 0.00119141 0.0009112945 0.006000058 0.00119141 0.0009112945 0.009000058 0.00119141 0.0009190556 0.009000058 -0.002644869 0.0009222115 -0.007499942 -0.00238126 0.0009420937 0.006000058 -0.00284824 0.0009453874 -0.007499942 0.000786038 0.0009454038 -0.003495443 0.0007860534 0.0009513639 0.01096693 0.001799619 0.0009587551 -0.006999942 -0.001153561 0.0009587551 -0.002999942 -0.001153561 0.0009587551 5.789968e-08 -0.001153561 0.0009587551 0.003350058 -0.001153561 0.0009587551 0.006000058 -0.001153561 0.0009587551 0.009000058 -0.001153561 0.0009766574 -0.007499942 -0.0007468672 0.0009767171 -0.003495443 -0.0007467878 0.0009846069 0.003350058 -0.00283384 0.0009851995 -0.002999942 0.00141598 0.001022175 -0.004719942 -0.002455769 0.001042223 -0.002999942 -0.00137455 0.001042729 0.0111313 0.001236138 0.001047747 -0.003279225 0.002562832 0.001072142 0.009000058 0.002586602 0.001096614 -0.003495443 0.0005559731 0.001096621 -0.007499942 0.0005559788 0.001102716 -0.003283301 -0.002546948 0.001109934 0.01054264 0.002570422 0.001118378 -0.007499942 -0.0005107848 0.001118405 -0.003495443 -0.0005107242 0.001119376 0.0112289 0.0006552086 0.001151153 -0.004440659 -0.002517648 0.001153561 -0.006999942 0.0009587477 0.001153561 -0.002999942 0.0009587477 0.001153561 5.789968e-08 0.0009587477 0.001153561 0.003350058 0.0009587477 0.001153561 0.006000058 0.0009587477 0.001153561 0.009000058 0.0009587477 0.001156242 0.01125665 -0.0002764424 0.001158956 -0.007393542 0.002394247 0.00115928 -0.004719942 0.002394101 0.001162819 -0.004719942 0.001966997 0.001176208 -0.002999942 0.001959003 0.001182674 -0.002999942 -0.001955123 0.001191409 -0.006999942 -0.0009112871 0.001191409 -0.002999942 -0.0009112871 0.001191409 5.789968e-08 -0.0009112871 0.001191409 0.003350058 -0.0009112871 0.001191409 0.006000058 -0.0009112871 0.001191409 0.009000058 -0.0009112871 0.001192831 -0.007499942 0.0002980096 0.001192835 -0.003495443 0.0002980139 0.001204005 -0.007499942 -0.0002490834 0.001204011 -0.003495443 -0.0002490508 0.001210447 -0.002999942 0.003284025 0.001210447 5.789968e-08 0.003284025 0.001210447 0.006000058 0.003284025 0.001210447 0.009000058 0.003284025 0.001214927 0.0105426 -0.002522554 0.001224411 0.01121919 -0.0005260648 0.001227111 -0.004450135 0.002463627 0.001229243 -0.003495443 2.511107e-05 0.001229244 -0.007499942 2.511108e-05 0.00123131 -0.007499942 0.002237123 0.001242365 -0.004719942 -0.001917747 0.001246689 0.006000058 0.002728688 0.001251317 0.01111203 -0.001109735 0.001252009 0.01070063 -0.002222066 0.001255769 -0.007393542 -0.002344919 0.001258073 -0.002999942 0.001180208 0.001260559 0.01093836 -0.001677741 0.001275924 0.01060539 0.002384783 0.001305237 -0.002999942 -0.001127828 0.001307614 0.003350058 0.002700044 0.001321536 0.009000058 -0.002468509 0.001321704 -0.007499942 -0.002184935 0.001329434 5.789968e-08 -0.003237726 0.001329434 0.009000058 -0.003237726 0.001329457 -0.002999942 -0.003237676 0.001329457 0.006000058 -0.003237676 0.00133802 -0.006999942 0.0006780564 0.00133802 -0.002999942 0.0006780564 0.00133802 5.789968e-08 0.0006780564 0.00133802 0.003350058 0.0006780564 0.00133802 0.006000058 0.0006780564 0.00133802 0.009000058 0.0006780564 0.001356076 0.006000058 -0.00267601 0.00136436 -0.006999942 -0.0006233621 0.00136436 -0.002999942 -0.0006233621 0.00136436 5.789968e-08 -0.0006233621 0.00136436 0.003350058 -0.0006233621 0.00136436 0.006000058 -0.0006233621 0.00136436 0.009000058 -0.0006233621 0.001375694 0.01119587 0.0003281659 0.001376772 -0.004719942 -0.002275983 0.001387949 0.01119587 -0.000271709 0.001415792 0.003350058 -0.002644925 0.001423349 -0.00326841 -0.002352993 0.001425027 -0.003269749 0.002354688 0.001425752 0.01082031 0.001851642 0.001435395 0.01054252 0.002404088 0.001455366 -0.006999942 0.000363351 0.001455366 -0.002999942 0.000363351 0.001455366 5.789968e-08 0.000363351 0.001455366 0.003350058 0.000363351 0.001455366 0.006000058 0.000363351 0.001455366 0.009000058 0.000363351 0.001468876 -0.006999942 -0.0003041664 0.001468876 -0.002999942 -0.0003041664 0.001468876 5.789968e-08 -0.0003041664 0.001468876 0.003350058 -0.0003041664 0.001468876 0.006000058 -0.0003041664 0.001468876 0.009000058 -0.0003041664 0.001475959 -0.002999942 0.0008928441 0.00148326 0.009000058 0.002374856 0.001499693 -0.006999942 3.035273e-05 0.001499693 -0.002999942 3.035273e-05 0.001499693 5.789968e-08 3.035273e-05 0.001499693 0.003350058 3.035273e-05 0.001499693 0.006000058 3.035273e-05 0.001499693 0.009000058 3.035273e-05 0.001504463 -0.004719942 0.001719831 0.001511201 -0.002999942 -0.0008318028 0.00151923 -0.007393542 0.00218347 0.001519462 -0.004719942 0.00218328 0.001519882 -0.002999942 0.001706197 0.001520003 -0.004450135 -0.002294526 0.00152551 -0.002999942 -0.001701184 0.001555454 0.01097284 0.001292365 0.001562329 0.01054261 -0.002323434 0.001573605 -0.004719942 -0.001656802 0.001601082 -0.007499942 0.001989323 0.001604766 -0.004440659 0.002255755 0.001607134 -0.007393542 -0.002119604 0.001629345 -0.002999942 0.0005664623 0.001639455 0.006000058 0.0025124 0.001651126 -0.002999942 -0.0004994273 0.001663201 0.01106083 0.0007148466 0.001681041 -0.007499942 -0.001922231 0.001687376 5.789968e-08 0.003066359 0.001687376 0.009000058 0.003066359 0.001687389 -0.002999942 0.003066385 0.001687389 0.006000058 0.003066385 0.001691468 0.009000058 -0.002231354 0.001700619 -0.004719942 -0.002045366 0.001711504 -0.002999942 0.000215324 0.001713857 0.003350058 0.002462204 0.001718872 -0.002999942 -0.0001452257 0.001739769 0.006000058 -0.002444007 0.001747472 0.01108302 0.0001272375 0.001789111 0.01054265 0.002153605 0.001794871 -0.004719942 0.001414094 0.001798141 -0.002999942 -0.00300278 0.001798141 5.789968e-08 -0.00300278 0.001798141 0.006000058 -0.00300278 0.001798141 0.009000058 -0.00300278 0.001807077 0.01103912 -0.0004621675 0.001810585 -0.002999942 0.001393934 0.00181208 0.003350058 -0.002390842 0.001815175 -0.002999942 -0.001387944 0.001841175 0.01092973 -0.001045049 0.001842096 -0.007393542 0.001918927 0.001842248 -0.004719942 0.001918723 0.001849284 0.01075641 -0.001613179 0.001851255 -0.004719942 -0.001339433 0.001853918 0.009000058 0.002098329 0.001876726 0.01054254 -0.002077912 0.001877219 0.01061819 0.001919226 0.001915193 -0.003315319 0.002085187 0.001918927 -0.007393542 -0.001842097 0.001919189 -0.003303392 -0.002053322 0.001922205 -0.007499942 0.00168108 0.001980355 -0.004393963 0.002049019 0.001986466 -0.004719942 -0.001769058 0.001989299 -0.007499942 -0.001601122 0.001995601 0.006000058 0.002239999 0.001998562 -0.004404096 -0.002005039 0.002019741 0.009000058 -0.001939239 0.002024155 -0.004719942 0.001060199 0.002038158 -0.002999942 0.001033067 0.002041533 -0.002999942 -0.001026305 0.002043407 0.01075438 0.00136541 0.002065859 -0.004719942 -0.0009764491 0.00207791 0.003350058 0.002163749 0.002077912 0.01054254 0.001876726 0.002084602 0.006000058 -0.002157418 0.002119603 -0.007393542 0.001607135 0.002119708 -0.004719942 0.001606958 0.002126458 5.789968e-08 0.002779918 0.002126458 0.009000058 0.002779918 0.002126473 -0.002999942 0.002779948 0.002126473 0.006000058 0.002779948 0.002153605 0.01054265 -0.001789111 0.002163758 0.003350058 -0.002077901 0.002174007 0.009000058 0.001764566 0.002180751 0.01082911 0.0007923223 0.002183469 -0.007393542 -0.001519231 0.002184504 -0.004719942 0.000670199 0.002184919 -0.007499942 0.001321742 0.002194662 -0.002999942 0.0006361473 0.002196734 -0.002999942 -0.000628894 0.002210109 -0.004719942 -0.0005802116 0.002226482 -0.002999942 -0.002700515 0.002226482 0.006000058 -0.002700515 0.002226537 5.789968e-08 -0.002700518 0.002226537 0.009000058 -0.002700518 0.002227936 -0.004719942 -0.001453229 0.002237108 -0.007499942 -0.001231349 0.002270459 -0.004719942 0.0002573747 0.002274687 -0.002999942 0.0002170594 0.002275379 -0.002999942 -0.0002095716 0.002279092 -0.004719942 -0.0001642147 0.002287314 0.01084133 0.0002080503 0.00229827 0.009000058 -0.001599364 0.002307166 0.006000058 0.001917556 0.002323434 0.01054261 0.001562329 0.002344919 -0.007393542 0.001255769 0.002344997 -0.004719942 0.001255643 0.002351308 -0.004313626 0.001844836 0.002361591 0.01079086 -0.0003791583 0.002381254 -0.007499942 0.0009222496 0.002382865 0.006000058 -0.001822633 0.002390839 0.003350058 0.001812066 0.002393678 -0.003398183 -0.001766233 0.002394247 -0.007393542 -0.001158957 0.002399673 -0.003418977 0.001818359 0.002402534 0.01067841 -0.0009610151 0.002404088 0.01054252 -0.001435395 0.002416954 -0.007499942 -0.0008241661 0.002419645 -0.004719942 -0.001104941 0.002434794 0.009000058 0.00138267 0.002462201 0.003350058 -0.001713844 0.002471818 -0.004300666 -0.00171876 0.002505216 -0.007499942 0.0004947361 0.002512495 -0.007393542 0.0008734825 0.002512536 -0.004719942 0.0008733952 0.002517847 -0.002999942 0.002431141 0.002517847 5.789968e-08 0.002431141 0.002517847 0.006000058 0.002431141 0.002517847 0.009000058 0.002431141 0.002520191 0.009000058 -0.001220096 0.002522554 0.0105426 0.001214927 0.002523342 -0.007499942 -0.0003919438 0.002546071 -0.007393542 -0.0007701453 0.002553057 -0.007499942 5.218881e-05 0.002557308 -0.004719942 -0.0007319719 0.002567192 0.006000058 0.001552265 0.002570422 0.01054264 -0.001109934 0.002604869 -0.002999942 -0.00233766 0.002604869 0.006000058 -0.00233766 0.002604924 5.789968e-08 -0.002337673 0.002604924 0.009000058 -0.002337673 0.002618189 -0.004719942 0.0004696174 0.002618204 -0.007393542 0.0004696877 0.002627897 0.006000058 -0.00144712 0.002629167 0.009000058 0.0009630579 0.002635202 -0.007393542 -0.0003623702 0.002637837 -0.004719942 -0.0003426484 0.002644931 0.003350058 0.001415806 0.002659445 -0.007393542 5.432759e-05 0.002659445 -0.004719942 5.432759e-05 0.002669644 0.01054256 0.0008442219 0.002680043 0.009000058 -0.0008107796 0.002700052 0.003350058 -0.001307627 0.002702534 0.01054257 -0.0007320528 0.002716998 -0.00351403 0.001643549 0.002716999 -0.004205854 0.001643548 0.002724399 -0.004300666 0.001281279 0.002724525 -0.003418978 0.001281338 0.002735696 -0.004404095 0.0007282894 0.002735958 -0.003315319 0.000728359 0.002747119 -0.004450135 0.0001691039 0.002747119 -0.003269749 0.0001691036 0.002751823 0.009000058 0.0005171764 0.002755924 -0.004440659 -0.0002618909 0.002756338 -0.003279225 -0.0002616847 0.002762604 0.01054265 0.0004549554 0.00276468 -0.004393963 -0.0006905292 0.00276468 -0.003325921 -0.0006905294 0.002769882 0.006000058 0.001152306 0.002773329 -0.004313625 -0.001113876 0.002773572 -0.003406259 -0.001113549 0.00277389 0.009000058 -0.0003814941 0.002779133 0.01054254 -0.0003409517 0.002781854 -0.004205854 -0.001531215 0.002781854 -0.00351403 -0.001531215 0.002799416 0.009000058 5.718766e-05 0.002799416 0.01054252 5.718766e-05 0.002814239 0.006000058 -0.001039288 0.002833885 0.003350058 0.0009846794 0.002852731 -0.002999942 0.002027788 0.002852731 0.006000058 0.002027788 0.002852745 5.789968e-08 0.002027826 0.002852745 0.009000058 0.002027826 0.002871406 0.003350058 -0.0008692083 0.002910681 0.006000058 0.0007266094 0.002924814 -0.002999942 -0.001922358 0.002924814 5.789968e-08 -0.001922358 0.002924814 0.006000058 -0.001922358 0.002924814 0.009000058 -0.001922358 0.002937698 0.006000058 -0.0006082423 0.002953002 0.003350058 0.0005292461 0.002971999 0.003350058 -0.0004093282 0.002986454 0.006000058 0.00028468 0.002995527 0.006000058 -0.0001636089 0.002999386 0.003350058 6.070546e-05 0.003123611 -0.002999942 0.001578941 0.003123611 0.006000058 0.001578941 0.003123618 5.789968e-08 0.001578982 0.003123618 0.009000058 0.001578982 0.003179088 5.789968e-08 -0.00146391 0.003179088 0.009000058 -0.00146391 0.003179138 -0.002999942 -0.001463926 0.003179138 0.006000058 -0.001463926 0.00332441 -0.002999942 0.001094668 0.00332441 5.789968e-08 0.001094668 0.00332441 0.006000058 0.001094668 0.00332441 0.009000058 0.001094668 0.003362085 5.789968e-08 -0.0009726323 0.003362085 0.009000058 -0.0009726323 0.003362135 -0.002999942 -0.00097265 0.003362135 0.006000058 -0.00097265 0.003450623 -0.002999942 0.0005858348 0.003450623 0.006000058 0.0005858348 0.00345067 5.789968e-08 0.0005858068 0.00345067 0.009000058 0.0005858068 0.003469699 -0.002999942 -0.0004595511 0.003469699 5.789968e-08 -0.0004595511 0.003469699 0.006000058 -0.0004595511 0.003469699 0.009000058 -0.0004595511 0.003499417 -0.002999942 6.385821e-05 0.003499417 0.006000058 6.385821e-05 0.003499469 5.789968e-08 6.383561e-05 0.003499469 0.009000058 6.383561e-05</float_array>
          <technique_common>
            <accessor count="1826" source="#cubeverts-array0-array" stride="3">
              <param type="float" name="X"/>
              <param type="float" name="Y"/>
              <param type="float" name="Z"/>
            </accessor>
          </technique_common>
        </source>
        <source id="cubenormals-array0">
          <float_array count="11382" id="cubenormals-array0-array">0.2746505 -0.002113314 -0.9615417 0.4012902 0.001881191 -0.915949 0.4351628 -0.002836923 -0.9003474 0.5397537 0.00249895 -0.8418193 0.5828384 -0.003316775 -0.8125814 0.6647728 0.002911356 -0.74704 0.7133233 -0.003582193 -0.7008259 0.7733441 0.003082468 -0.633979 0.8227391 -0.003653625 -0.5684075 0.8629454 0.003008157 -0.5052882 0.9078785 -0.003517669 -0.4192188 0.9313861 0.002712447 -0.3640228 0.9662363 -0.003149527 -0.2576384 0.9769017 0.002219329 -0.2136778 0.9960766 -0.00253351 -0.08845851 0.9983047 0.001519144 -0.05818308 0.9965218 -0.001694188 0.08331515 0.9951348 0.000569974 0.09852204 0.9100426 -0.001645514 0.4145114 0.8418056 0.001466111 0.5397787 0.8256767 -0.002459008 0.5641381 0.747056 0.002222338 0.6647575 0.505234 0.002385785 0.8629791 0.4735534 -0.001792717 0.8807634 0.363921 0.001939616 0.9314278 0.7169258 -0.003065586 0.6971428 0.634007 0.002732956 0.7733225 0.5972085 -0.002158499 0.8020831 0.1060518 0 -0.9943606 0.09871295 -0.001260897 -0.9951152 0.2529524 0.00106578 -0.9674781 0.9675575 -0.0006655617 0.25265 0.9674539 -0.0005987393 0.2530465 0.9158965 0.0004944171 0.4014142 0.05836546 0 0.9982954 0.05310921 0.0008218347 0.9985883 0.2135885 -0.0008445547 0.9769233 0.1985449 0.001713388 0.9800902 0.3396722 -0.001306101 0.940543 -0.3397 -0.001264908 -0.940533 -0.5148901 0.001134311 -0.8572553 -0.8357027 0.001740207 -0.5491793 -0.8793918 -0.002114021 -0.476094 -0.9369842 0.00186904 -0.3493668 -0.9675558 -0.002212432 -0.2526478 -0.9912516 0.00192599 -0.1319718 -0.9998906 -0.002218023 -0.0146244 -0.9957814 0.001897679 0.0917375 -0.9745229 -0.00215612 0.2242776 -0.9503509 0.001783995 0.3111753 -0.89293 -0.00200112 0.4501913 -0.857234 0.00159943 0.5149245 -0.7598279 -0.001755057 0.6501219 -0.721289 0.001327773 0.6926329 -0.5828279 -0.001438848 0.8125944 -0.5491513 0.0009608332 0.8357224 -0.3722588 -0.001048283 0.9281284 -0.7404919 -0.001925377 -0.6720625 -0.6926681 0.001524758 -0.7212549 -0.5572796 -0.001700542 -0.8303231 -0.3110481 0.0006320275 -0.950394 -0.09185676 -0.0007527475 -0.9957719 -0.1018602 0 -0.9947987 -0.3492528 0.0005241918 0.9370284 -0.1401713 -0.0005623369 0.9901271 -0.132068 0 0.9912407 -0.2746505 -0.002113314 0.9615417 -0.4013033 0.001881614 0.9159434 -0.4351628 -0.002834575 0.9003474 -0.5397423 0.002501066 0.8418267 -0.5828401 -0.003316435 0.8125801 -0.6647586 0.002910469 0.7470526 -0.7133213 -0.003584396 0.7008281 -0.7733533 0.003081831 0.6339678 -0.8227333 -0.003652207 0.5684158 -0.8629435 0.003009917 0.5052916 -0.907882 -0.003517074 0.419211 -0.9313868 0.002712406 0.3640207 -0.9662365 -0.003149416 0.2576375 -0.9769017 0.002219329 0.2136778 -0.9960766 -0.00253351 0.08845851 -0.9983047 0.001519178 0.05818282 -0.9965219 -0.001694239 -0.08331481 -0.9951345 0.0005703074 -0.09852428 -0.9100348 -0.00164478 -0.4145287 -0.841809 0.001466274 -0.5397734 -0.8256684 -0.00246171 -0.5641505 -0.7470517 0.002219643 -0.6647623 -0.5052501 0.002390999 -0.8629697 -0.4735344 -0.001792052 -0.8807735 -0.3639169 0.001939746 -0.9314293 -0.7169372 -0.003065421 -0.697131 -0.6339983 0.002734536 -0.7733296 -0.5972231 -0.002153737 -0.8020723 -0.1060518 0 0.9943606 -0.09871295 -0.001260897 0.9951152 -0.2529524 0.00106578 0.9674781 -0.9675624 -0.0006645102 -0.2526315 -0.9674559 -0.0005958693 -0.2530388 -0.915894 0.0004971127 -0.4014197 -0.05836546 -0 -0.9982954 -0.05310921 0.0008218347 -0.9985883 -0.2135885 -0.0008445547 -0.9769233 -0.1985402 0.001714185 -0.9800912 -0.3396722 -0.00130543 -0.940543 0 1 0 0 1 -0 0 1 0 -0 1 0 0 1 0 0 1 0 0 1 0 -0 1 0 0 1 0 0 1 0 0 1 0 0 1 0 -0 1 0 0 1 0 -0 1 0 0 1 0 0 1 0 0 1 0 0 1 0 0 1 0 0 1 0 0 1 0 0 1 0 0 1 0 0 1 0 0 1 0 0 1 0 0 1 0 0 1 0 0 1 0 0 1 0 0 1 0 0 1 0 0 1 0 0 1 0 0 1 0 0 1 0 0 1 0 0 1 0 0 1 0 0 1 0 0 1 0 0 1 0 0 1 0 0 1 0 0 1 0 0 1 0 0 1 0 0 1 0 0 1 0 0 1 0 0 1 0 0 1 0 0 1 0 0 1 0 0 1 0 0 1 0 0 1 0 0 1 0 0 1 0 0 1 0 0 1 0 0 1 0 0 1 0 0 1 0 0 1 0 0 1 0 0 1 0 0 1 0 0 1 0 0 1 0 0 1 0 0 1 -0 0 1 0 -0.507874 -0.7058207 -0.4938433 -0.5071669 -0.7076529 -0.4919442 0.4047292 -0.7231835 0.5596427 0.4228645 -0.7061455 0.5679297 -0.5833471 -0.7095027 -0.3953631 -0.5864186 -0.7039669 -0.4006794 -0.6414398 -0.7113582 -0.2872704 -0.6479611 -0.7021621 -0.2951519 -0.6799259 -0.7130302 -0.1711396 -0.6905297 -0.7004722 -0.180298 -0.6976607 -0.7146569 -0.05034758 -0.7129167 -0.6987111 -0.05960382 -0.6941389 -0.7162889 0.0714232 -0.714241 -0.6970197 0.06342956 -0.6697176 -0.7177863 0.1904235 -0.6943195 -0.6954466 0.1851335 -0.6251023 -0.7192529 0.303187 -0.6537955 -0.6938411 0.3018875 -0.5617601 -0.7206704 0.4062755 -0.5936697 -0.6923338 0.4101588 -0.4817553 -0.7219784 0.4966479 -0.5157095 -0.6908848 0.5066773 -0.3874626 -0.7232138 0.5716945 -0.4221912 -0.6894168 0.5886078 -0.2817314 -0.7244557 0.6291196 -0.3158029 -0.6880016 0.6533929 -0.1679462 -0.7255943 0.6673133 -0.1996481 -0.686727 0.6989611 0.06939337 -0.7350774 0.6744224 0.1848035 -0.737221 0.6498868 0.1450985 -0.6825826 0.7162594 0.2966734 -0.7333885 0.6116586 0.247925 -0.6835601 0.6864976 0.342021 -0.6916396 0.636126 -0.07722072 -0.685427 0.7240351 -0.04941292 -0.7267166 0.685158 0.03850368 -0.6887593 0.723967 -0.1400166 -0.868429 0.4756326 -0.1945481 -0.8644536 0.463542 -0.3474896 -0.8657129 -0.3602669 -0.3573369 -0.8686637 -0.3431234 0.288333 -0.8685739 0.4030428 0.3040029 -0.8656211 0.3978472 -0.4017685 -0.8617168 -0.3098809 -0.4132709 -0.8693693 -0.2709317 -0.4547046 -0.8701786 -0.1898233 -0.4545499 -0.8598313 -0.2325392 -0.4819995 -0.8700863 -0.1030838 -0.484724 -0.8620485 -0.1480372 -0.4951254 -0.868727 -0.01281484 -0.4997697 -0.8630064 -0.07382564 -0.5011042 -0.8653869 1.223957e-05 -0.4682097 -0.8625263 0.1919065 -0.4680896 -0.8676512 0.1675514 -0.4273702 -0.8608713 0.2761435 -0.4291845 -0.867749 0.250624 -0.3736206 -0.8694091 0.3233193 -0.2323663 -0.8684678 0.4379151 -0.2513487 -0.8648727 0.4345331 -0.149056 -0.8663301 0.4767121 -0.05881189 -0.8668421 0.4951019 -0.06862412 -0.8638405 0.4990694 0.03323437 -0.8662383 0.4985245 0.02477236 -0.8625876 0.505301 0.1233414 -0.8684042 0.4802718 0.1134102 -0.8645427 0.4895958 0.2086703 -0.8695065 0.4476775 0.1859195 -0.8631555 0.4694642 0.2508608 -0.8636507 0.4372369 -0.4964308 -0.8656832 0.06441303 -0.4902945 -0.8680063 0.07858932 -0.4869966 -0.8648124 0.1222041 -0.3113067 -0.8662301 0.3908115 -0.3078029 -0.8672533 0.3913171 -0.3684982 -0.8636306 0.3440222 -0.2882953 -0.8685797 -0.4030571 -0.3040088 -0.8656203 -0.3978442 0.1400147 -0.8684299 -0.4756316 0.1945505 -0.8644524 -0.4635431 0.3475092 -0.8657082 0.3602591 0.3573758 -0.8686615 0.3430884 0.4017713 -0.8617147 0.3098832 0.4132923 -0.8693695 0.2708988 0.4547109 -0.8701808 0.1897981 0.4545475 -0.8598319 0.2325419 0.4820074 -0.8700852 0.103057 0.4847254 -0.862048 0.1480359 0.4951291 -0.8687253 0.0127917 0.4997675 -0.8630078 0.07382353 0.5010998 -0.8653895 -1.513942e-05 0.4682111 -0.862527 -0.1919001 0.4680902 -0.867651 -0.1675503 0.427364 -0.860874 -0.276145 0.4291778 -0.8677496 -0.2506334 0.3736217 -0.8694099 -0.3233161 0.2323827 -0.8684658 -0.4379101 0.2513496 -0.8648733 -0.4345315 0.1490636 -0.8663284 -0.4767128 0.05882848 -0.8668398 -0.495104 0.06862333 -0.863843 -0.4990652 -0.03320372 -0.8662316 -0.4985383 -0.02476826 -0.8625915 -0.5052945 -0.1233153 -0.8683986 -0.4802886 -0.1134077 -0.8645448 -0.4895926 -0.2086418 -0.8695056 -0.4476926 -0.1859113 -0.8631563 -0.4694659 -0.2508473 -0.8636533 -0.4372398 0.4964327 -0.865682 -0.06441357 0.49029 -0.8680072 -0.07860742 0.4869956 -0.8648137 -0.1221997 0.3113126 -0.8662285 -0.3908105 0.3078087 -0.8672518 -0.391316 0.3684959 -0.8636281 -0.3440309 -0.4046116 -0.7232953 -0.5595834 -0.4228811 -0.7061349 -0.5679306 0.5078874 -0.7057905 0.4938726 0.5071177 -0.707785 0.491805 0.5833393 -0.7094812 0.3954133 0.5863445 -0.7040646 0.400616 0.6414961 -0.7113069 0.2872721 0.6480284 -0.7020935 0.2951677 0.6797705 -0.7132182 0.1709736 0.6906066 -0.7003876 0.1803322 0.6974238 -0.7148917 0.05029901 0.712734 -0.6988986 0.0595888 0.6941445 -0.7162942 -0.07131653 0.7140205 -0.6972474 -0.06340998 0.6699117 -0.7176123 -0.1903967 0.6943451 -0.6954191 -0.185141 0.6252766 -0.7190658 -0.3032711 0.6539647 -0.6936446 -0.3019724 0.5617593 -0.72063 -0.4063484 0.5938189 -0.6921499 -0.4102529 0.4818819 -0.7218605 -0.4966964 0.5157286 -0.690859 -0.5066931 0.387554 -0.723055 -0.5718334 0.4222899 -0.6892366 -0.588748 0.2816735 -0.7244182 -0.6291887 0.315885 -0.6878026 -0.6535627 0.1678226 -0.7257433 -0.6671823 0.1996474 -0.6867298 -0.6989585 -0.06930197 -0.735124 -0.6743811 -0.1847703 -0.7372023 -0.6499172 -0.1450942 -0.6825874 -0.7162557 -0.296714 -0.7333933 -0.6116332 -0.247943 -0.6835035 -0.6865473 -0.3419552 -0.6917546 -0.6360363 0.07719685 -0.685666 -0.7238112 0.04943788 -0.7268643 -0.6849995 -0.0384946 -0.6889392 -0.7237962 0 -1 0 0 -1 0 0 -1 0 0 -1 0 0 -1 0 0 -1 0 0 -1 0 0 -1 0 0 -1 0 0 -1 0 0 -1 0 0 -1 -0 0 -1 0 0 -1 0 0 -1 0 0 -1 0 0 -1 0 0 -1 0 0 -1 0 0 -1 0 0 -1 0 0 -1 0 0 -1 0 0 -1 0 0 -1 0 0 -1 0 0 -1 0 0 -1 0 0 -1 -0 0 -1 -0 0 -1 0 0 -1 0 0 -1 -0 0 -1 -0 0 -1 0 0 -1 0 0 -1 0 -0 -1 0 0 -1 0 0 -1 -0 0 -1 0 0 -1 -0 0 -1 0 0 -1 0 0 -1 -0 0 -1 0 0 -1 0 0 -1 0 0 -1 0 0 -1 0 0 -1 0 0 -1 0 0 -1 0 0 -1 0 0 -1 0 0 -1 0 0 -1 0 0 -1 0 0 -1 0 0 -1 0 0 -1 0 0 -1 0 0 -1 0 0.1886636 -2.176203e-06 0.9820417 0.1886539 -3.914014e-06 0.9820436 0.1881912 -0.0002696048 0.9821324 0.1887133 -0.0002328742 0.9820322 0.1888694 -0.0001535739 0.9820023 0.1887162 -0.0001439538 0.9820317 0.1890404 8.070285e-06 0.9819694 0.1877074 -6.573737e-05 0.982225 0.1886307 -0.0003618776 0.982048 0.1896118 -0.0001869812 0.9818591 0.1892328 4.171647e-05 0.9819322 0.1885928 -0.0002833267 0.9820554 0.1881174 -0.0002533367 0.9821466 0.1886575 0 0.982043 -0.944788 -6.264936e-06 -0.3276823 -0.9448484 -0.000668022 -0.3275073 -0.9446661 0.0007426711 -0.3280324 -0.9451327 -0.001853831 -0.3266815 -0.9444458 0.001023437 -0.3286657 -0.9450427 -0.0007159897 -0.3269461 -0.9446039 -1.562539e-05 -0.3282128 -0.9448043 0 -0.3276353 -0.9448048 -1.88579e-05 -0.3276338 -0.9448019 4.343895e-05 -0.3276421 -0.9447942 0.0001699629 -0.3276643 -0.9448177 -0.0001508553 -0.3275964 -0.9448619 -0.0006350781 -0.3274685 -0.9448031 9.194501e-06 -0.3276387 -0.7561448 4.098169e-05 0.6544043 -0.7561447 0 0.6544043 -0.7560393 -0.0007379496 0.6545259 -0.7560611 -0.0006196453 0.6545008 -0.7564119 0.0007410891 0.6540952 -0.7554707 -0.001867659 0.6551797 -0.7568568 0.001032902 0.65358 -0.7556639 -0.0007093636 0.6549591 -0.7565528 0 0.6539326 -0.7561432 -2.499478e-05 0.6544061 -0.7561479 5.491034e-05 0.6544007 -0.7561466 4.143428e-05 0.6544023 -0.7561284 -0.0001094622 0.6544233 -0.756211 0.0004557176 0.6543276 0.9450016 -0 0.3270657 0.9445703 -0.0006871931 0.3283083 0.9451546 0.001018451 0.3266217 0.9444711 -0.001835649 0.3285893 0.944936 0.0007327659 0.3272541 0.9447623 -0.000614077 0.3277555 0.9448117 -7.733327e-05 0.3276138 0.9447809 -0.0003301175 0.3277026 0.9448006 -5.29009e-05 0.3276457 0.9448034 -2.998214e-06 0.327638 0.9448026 -2.283394e-05 0.3276403 0.9448122 -7.334547e-05 0.3276124 0.9447446 -0.0004905617 0.3278073 0.9448019 -2.678308e-05 0.3276421 0.7557428 0 -0.6548686 0.7566316 -0.0007098161 -0.653841 0.7554296 0.001044687 -0.655229 0.756796 -0.001817829 -0.6536486 0.7558771 0.0007365237 -0.6547131 0.7562265 -0.0006173458 -0.6543096 0.7562565 -0.0007811066 -0.654275 0.7561451 0 -0.6544039 0.7561451 5.869576e-05 -0.6544039 0.7561483 1.991685e-05 -0.6544003 0.7561375 9.539679e-05 -0.6544127 0.7561365 0.0001059358 -0.6544138 0.7561446 6.285337e-06 -0.6544046 0.7561484 -6.602769e-05 -0.6544002 -0.188302 -0 -0.9821112 -0.1886193 -0.0001487613 -0.9820503 -0.1884429 -0.0001487725 -0.9820842 -0.1886068 -0.0002424782 -0.9820527 -0.1891431 -0.0002424474 -0.9819494 -0.1886633 -1.524275e-06 -0.9820418 -0.1877072 -1.516551e-06 -0.9822251 -0.1886714 -0.0003627908 -0.9820402 -0.1895705 -0.0003626388 -0.9818671 -0.1886498 -2.021379e-06 -0.9820444 -0.1880834 -2.01531e-06 -0.9821531 -0.1886981 -0.0002701492 -0.9820351 -0.1891829 -0.0002699799 -0.9819419 -0.1886809 -3.121111e-06 -0.9820385 0.9675585 0.00026289 0.2526469 0.8758842 -0.0002627478 0.4825211 0.8793938 0.0002946341 0.4760951 0.7349253 -0.0002990828 0.678148 0.7404932 0.0003309247 0.6720637 0.5513083 -0.0003306773 0.8343015 0.5572848 0.000219734 0.8303214 0.335595 -0.0002196679 0.9420063 0.3396946 0.0001103563 0.9405358 0.1004387 -0.0001070182 0.9949432 0.1018602 0 0.9947987 0.9658915 -0.0002315216 0.2589473 0.999893 0.0002273619 0.01462757 0.9997958 -0.0001944243 0.02020595 0.9745241 0.0001973432 -0.2242826 0.9755902 -0.0001645095 -0.2195992 0.8929343 0.0001605185 -0.4501871 0.8946702 -0.0001300816 -0.446727 0.7598264 0.0001288528 -0.650126 0.7617921 -9.773461e-05 -0.6478215 0.582848 9.610486e-05 -0.8125812 0.5845804 -6.293815e-05 -0.8113358 0.3722423 6.576335e-05 -0.9281356 0.3734456 -3.056304e-05 -0.9276521 0.1401776 3.316654e-05 -0.9901263 0.1406213 0 -0.9900634 -0.4957802 0.8657305 0.06864943 -0.4850705 0.8656242 0.1241022 -0.1884407 0.8657297 0.4636833 -0.1350519 0.8656214 0.4821416 0.3073418 0.8657318 0.3950309 0.2905613 0.8684542 0.4016982 -0.356271 0.8681433 -0.3455404 -0.3500149 0.865625 -0.3580264 0.2493784 0.8621569 0.4410169 0.2158664 0.8691444 0.4449605 0.1355499 0.8686547 0.4765137 0.1637862 0.860656 0.4821259 0.05061655 0.8693776 0.4915491 0.07714048 0.8628479 0.4995427 -0.03551619 0.8692972 0.4930122 0.0009856682 0.8627858 0.5055686 -0.1210885 0.8681427 0.4813167 -0.07088881 0.8637795 0.4988583 -0.2026073 0.868452 0.4524836 -0.277436 0.8691435 0.4094127 -0.2572483 0.8621528 0.4364814 -0.3449124 0.8686535 0.3556353 -0.3356499 0.8606535 0.382903 -0.3940438 0.8628449 0.3165883 -0.4003899 0.8693782 0.2896023 -0.4373466 0.862784 0.2536371 -0.4447295 0.8692955 0.2157336 -0.4674653 0.8637798 0.1880447 -0.4773832 0.8681431 0.1357678 -0.4931639 0.8684537 0.05076948 -0.4932724 0.8691471 -0.03557393 -0.5066266 0.8621536 -0.004536344 -0.4804376 0.8686563 -0.1208964 -0.499425 0.8606552 -0.09923332 -0.450988 0.8693789 -0.2019656 -0.4711928 0.8628443 -0.1829673 -0.409182 0.8692978 -0.2772931 -0.4383298 0.8627845 -0.2519321 -0.3965774 0.8637826 -0.3108152 0.3559143 0.868461 0.3451093 0.3468482 0.8657269 0.3608507 0.4965219 0.8656269 -0.06446688 0.4859335 0.8657268 -0.1199399 0.1924281 0.8656275 -0.4622343 0.1390885 0.8657289 -0.4807992 -0.3040885 0.8656256 -0.397772 -0.29082 0.8681467 -0.4021753 -0.2506874 0.8637906 -0.4370602 -0.1864158 0.8627777 -0.4699616 -0.2157537 0.8693005 -0.4447101 -0.1134535 0.8628407 -0.4925793 -0.1351595 0.8693741 -0.475311 -0.05065044 0.8686615 -0.4928101 -0.0265233 0.8606763 -0.5084613 0.03556937 0.8691706 -0.4932313 0.1209005 0.8684673 -0.480778 0.06822585 0.8621767 -0.5019926 0.2027803 0.868127 -0.4530294 0.27731 0.8692753 -0.4092183 0.2532145 0.8637615 -0.4356587 0.3440803 0.8693663 -0.3546985 0.3138091 0.8627606 -0.3964442 0.3698538 0.8628421 -0.3445455 0.4013867 0.8686587 -0.2903805 0.4271327 0.8606339 -0.2772488 0.4449851 0.8691299 -0.2158737 0.4689025 0.8621351 -0.1919731 0.4768886 0.8684461 -0.1355677 0.5038328 0.8638 0.001416429 0.4936982 0.8681502 -0.05076787 0.5001649 0.8628035 0.07351976 0.4929782 0.8693164 0.03551603 0.4833199 0.8628364 0.1480382 0.4792042 0.8693939 0.1204885 0.4521649 0.8686576 0.2024373 0.409393 0.869146 0.2774571 0.4536595 0.8606401 0.2312824 0.4006586 0.8621616 0.3100807 -0.5141663 0.7053977 -0.4879008 -0.5215398 0.7098865 -0.473347 -0.6019435 0.7023982 -0.3798694 -0.6656771 0.7011471 -0.2554736 -0.6167882 0.7127888 -0.333923 -0.7022579 0.7016344 -0.1205939 -0.6781558 0.7132653 -0.1770798 -0.7100428 0.7039148 0.01852529 -0.7027574 0.7113553 -0.01027853 -0.6882277 0.707994 0.1583894 -0.6896737 0.7071357 0.155914 -0.6270952 0.711893 0.3161646 -0.649283 0.7034709 0.289068 -0.5819952 0.7014683 0.4113682 -0.4908004 0.7012386 0.5170873 -0.5324911 0.7133541 0.4556085 -0.4089596 0.7124913 0.5701826 -0.120085 0.7047682 0.6992005 0.2381202 0.7131779 0.6592996 0.1572856 0.7011076 0.6954922 -0.09863842 0.7104981 0.6967517 0.01855343 0.7020413 0.7118945 0.07139409 0.7132571 0.6972569 -0.3796067 0.7028024 0.6016375 -0.2525521 0.7092147 0.6582035 -0.2637942 0.7055796 0.6577006 0.2896335 0.7022243 0.6503794 0.4060927 0.7105247 0.5746679 0.3955368 0.7044501 0.5893223 0.5174928 0.7051579 0.4847201 0.5225139 0.708581 0.4742281 -0.3930102 0.7089798 -0.5855685 -0.4054192 0.7051625 -0.5817055 0.6090758 0.702684 0.3677794 0.6737349 0.701061 0.2336555 0.6180539 0.7113696 0.3346082 0.7083144 0.7003198 0.08856054 0.6784579 0.7129588 0.1771575 0.7111105 0.7004606 -0.06063697 0.7007236 0.7133591 0.01025098 0.6819921 0.7014914 -0.2068732 0.6837176 0.7125797 -0.1573547 0.6224401 0.7033891 -0.3432377 0.6282555 0.7106107 -0.316745 0.4285004 0.7042708 -0.56603 0.5381448 0.7059647 -0.4604498 0.5345113 0.707322 -0.4625941 0.3023551 0.7020656 -0.6447366 0.4106736 0.7096066 -0.5725431 0.1620245 0.7007248 -0.6947898 0.2613788 0.7120057 -0.6517124 -0.1345922 0.7007985 -0.7005472 -0.2766473 0.702446 -0.6557712 -0.2385535 0.7119333 -0.6604872 0.09825694 0.7132143 -0.6940251 0.01401534 0.7002651 -0.7137453 -0.07138016 0.7133915 -0.6971208 0 1 0 -0 1 0 0 1 0 0 1 0 0 1 0 0 1 0 0 1 -0 0 1 0 0 1 -0 0 1 0 0 1 0 0 1 0 -0 1 0 0 1 0 0 1 0 0 1 0 -0 1 0 0 1 0 -0 1 0 0 1 0 0 1 0 0 1 0 0 1 -0 0 1 -0 0 1 0 0 1 0 0 1 0 0 1 0 0 1 0 0 1 0 0 1 0 0 1 0 0 1 0 0 1 0 0 1 0 0 1 0 0 1 0 0 1 0 0 1 0 0 1 0 0 1 0 0 1 0 0 1 0 0 1 0 -0 1 0 0 1 0 -0 1 -0 0 1 0 -0 1 -0 0 1 0 0 1 0 0 1 0 0 1 0 0 1 0 0 1 0 0 1 0 0 1 0 0 1 0 0 1 0 0 1 0 0 1 0 0 1 0 0 1 0 0 1 0 0 1 0 0 1 0 0 1 0 0.09184407 0 0.9957734 0.09184407 0 0.9957734 0.3110537 0 0.9503923 0.3110537 0 0.9503923 0.5149003 0 0.85725 0.5149003 0 0.85725 0.6926582 0 0.721266 0.6926582 0 0.721266 0.8356949 0 0.5491939 0.8356949 0 0.5491939 0.9369802 0 0.3493822 0.9369802 0 0.3493822 0.9912591 0 0.13193 0.9912591 0 0.13193 0.9957853 0 -0.0917149 0.9957853 0 -0.0917149 0.9503461 0 -0.311195 0.9503461 0 -0.311195 0.857242 0 -0.5149137 0.857242 0 -0.5149137 0.7212816 0 -0.6926419 0.7212816 0 -0.6926419 0.5491434 0 -0.8357281 0.5491434 0 -0.8357281 0.3492643 0 -0.9370242 0.3492643 0 -0.9370242 0.1320693 0 -0.9912406 0.1320693 0 -0.9912406 0.976922 -0.003342745 -0.2135702 0.9439696 0.003081172 -0.3300181 0.93148 -0.004351135 -0.3637665 0.890452 0.003505237 -0.4550638 0.8630859 -0.005528529 -0.5050269 0.8160726 0.005445525 -0.5779237 0.7734477 -0.005429775 -0.6338369 0.7218497 0.004711574 -0.6920338 0.6647539 -0.00552728 -0.7470419 0.6154777 0.004479474 -0.7881415 0.5396994 -0.005070191 -0.8418425 0.4972733 0.003973559 -0.8675849 0.4013422 -0.004349848 -0.9159178 0.3688048 0.002968242 -0.9295021 0.2530995 -0.003254688 -0.9674348 0.2322811 0.00176502 -0.9726471 -0.2136104 -0.005464251 -0.9769037 -0.3065031 0.006103822 -0.9518501 -0.3638574 -0.005107178 -0.9314407 -0.4611087 0.005663053 -0.8873255 -0.5051466 -0.004573915 -0.8630214 -0.6027724 0.004987041 -0.7978976 -0.6338847 -0.003836252 -0.773418 -0.7275378 0.004116033 -0.6860554 -0.7470087 -0.002864668 -0.664808 -0.8318661 0.003062512 -0.5549678 -0.8417824 -0.001674259 -0.5398145 -0.912848 0.001811433 -0.4082956 0.9987039 0 -0.05089687 0.998309 -0.001864617 -0.05810068 0.9813532 0.001717644 -0.1922058 0.09217587 -0.001872819 -0.995741 0.09863083 -2.775309e-05 -0.9951241 -0.0197484 1.297039e-05 -0.999805 -0.05832265 -0.005600019 -0.9982821 -0.143265 0.00631854 -0.9896643 -0.9951009 0 -0.09886447 -0.9955172 -0.001228083 -0.09457248 -0.9674317 0.001258547 -0.2531293 -0.9682081 0.00033305 -0.2501459 -0.9158871 -0.0002961275 -0.4014357 -0.09184971 -0 -0.9957729 -0.09184971 -0 -0.9957729 -0.3110742 -0 -0.9503857 -0.3110742 -0 -0.9503857 -0.5148836 -0 -0.8572601 -0.5148836 -0 -0.8572601 -0.6926568 -0 -0.7212673 -0.6926568 -0 -0.7212673 -0.8356963 -0 -0.549192 -0.8356963 -0 -0.549192 -0.9369802 -0 -0.3493822 -0.9369802 -0 -0.3493822 -0.9912595 -0 -0.1319272 -0.9912595 -0 -0.1319272 -0.9957855 0 0.0917126 -0.9957855 0 0.0917126 -0.9503475 0 0.3111907 -0.9503475 0 0.3111907 -0.8572392 0 0.5149183 -0.8572392 0 0.5149183 -0.7212816 0 0.6926419 -0.7212816 0 0.6926419 -0.5491434 0 0.8357281 -0.5491434 0 0.8357281 -0.3492693 0 0.9370224 -0.3492693 0 0.9370224 -0.1320637 0 0.9912413 -0.1320637 0 0.9912413 -0 -1 0 0 -1 0 0 -1 0 0 -1 0 0 -1 0 0 -1 0 0 -1 0 0 -1 0 0 -1 0 0 -1 0 0 -1 0 0 -1 0 0 -1 0 0 -1 0 0 -1 0 0 -1 0 0 -1 0 0 -1 0 0 -1 0 0 -1 0 0 -1 0 0 -1 0 0 -1 0 0 -1 0 0 -1 0 0 -1 0 0 -1 -0 0 -1 0 0 -1 0 0 -1 0 0 -1 0 0 -1 0 0 -1 0 0 -1 0 0 -1 0 0 -1 0 0 -1 0 0 -1 0 0 -1 0 0 -1 0 0 -1 0 0 -1 0 0 -1 0 0 -1 0 0 -1 0 0 -1 0 0 -1 0 0 -1 0 0 -1 0 0 -1 0 0 -1 0 0 -1 0 0 -1 0 0 -1 0 0 -1 0 0 -1 0 0 -1 0 0 -1 0 0 -1 0 0 -1 -0 0 -1 -0 0 -1 0 0 -1 -0 0 -1 0 0 -1 0 0 -1 -0 0 -1 0 0 -1 0 0 -1 -0 0 -1 0 0 -1 -0 0 -1 0 0 -1 0 0 -1 0 0 -1 0 0 -1 -0 0 -1 0 0 -1 0 0 -1 0 0 -1 0 0 -1 0 0 -1 0 0 -1 0 0 -1 0 0 -1 0 0 -1 0 0 -1 0 0 -1 0 0 -1 0 0 -1 0 0 -1 0 0 -1 0 0 -1 0 -0.9741963 -0.005864386 0.2256264 -0.9575601 0.006092627 0.2881694 -0.9237653 -0.005941792 0.3829129 -0.8960112 0.006161807 0.4439887 -0.8481528 -0.006010904 0.5297176 -0.8093132 0.006225289 0.5873443 -0.7493829 -0.006070376 0.6621091 -0.6998805 0.00627468 0.7142323 -0.6301959 -0.006115643 0.7764121 -0.5708216 0.006319074 0.8210498 -0.4937977 -0.006151665 0.8695551 -0.425736 0.006348147 0.9048251 -0.3439504 -0.006179154 0.9389675 -0.2686901 0.006370022 0.9632056 -0.1846905 -0.00619566 0.9827772 0.1444279 -0.005703189 0.9894989 0.1922024 0.003575804 0.9813488 0.3053111 -0.004253386 0.9522432 0.5779312 0.002467304 0.8160818 0.597966 -0.003594584 0.8015135 0.6920352 0.003211609 0.7218565 0.7217211 -0.005365088 0.6921632 0.7881443 0.0043495 0.6154751 0.8258169 -0.006060808 0.5639057 0.8675821 0.004715147 0.4972717 0.9073543 -0.005914989 0.4203251 0.9294982 0.004027967 0.3688046 0.9641762 -0.004862653 0.2652176 -0.104107 0.006375982 0.9945456 -0.02043638 -0.006201908 0.9997719 0.05089613 0.004501385 0.9986939 -0.9999484 0 0.01016432 -0.9980465 -0.00577622 0.06220855 -0.9922326 0.006007279 0.1242512 0.4578716 -0.002640064 0.8890145 0.4550643 -0.001808261 0.8904567 0.3300215 0.001816364 0.9439717 0.9946883 -0 0.1029326 0.9957377 -0.003240894 0.09217362 0.9726452 0.002571655 0.2322813 0.1231344 0.9495414 -0.2884596 0.07330351 0.9725949 -0.220649 0.1767218 0.9808507 -0.08186153 0.4717191 0.8480656 -0.2413836 0.3965197 0.819739 0.4132798 0.3144883 0.8664063 -0.3878625 0.3001451 0.8731454 -0.3840963 0.2113004 0.8529816 0.4772573 0.2716618 0.8375658 -0.4740079 0.1843677 0.978115 -0.09643536 0.2544433 0.9641592 -0.07520387 0.2205999 0.9725019 0.07467175 0.1772836 0.843196 0.5075343 0.1891798 0.8582879 -0.4770249 0.03232455 0.8617785 0.5062539 0.09993549 0.8539963 0.510591 -0.07384293 0.8569386 -0.5101014 -0.1170268 0.9855913 -0.1221248 -0.1215009 0.985715 0.116634 -0.253971 0.834654 -0.4887241 -0.2209855 0.9731987 -0.06363875 -0.1398568 0.8538598 0.5013616 -0.3907114 0.8435645 -0.368434 -0.3016745 0.8657528 -0.3993303 -0.2963055 0.8682889 -0.3978411 -0.2313101 0.8395339 0.491608 -0.4113549 0.869181 -0.2744296 -0.4158412 0.866832 -0.275097 -0.3403509 0.8571451 0.3866051 -0.4719956 0.8500115 0.2338818 -0.4619496 0.8634691 0.2025429 -0.498596 0.853749 0.1500481 -0.490912 0.8668578 0.08696596 -0.5089012 0.830186 -0.2276196 0.4514923 0.8644917 0.2209273 0.02384396 0.9491446 0.3139364 0.1166366 0.985714 0.1215066 -0.1166333 0.9857151 -0.1215012 -0.3196035 0.8285671 0.4597064 -0.3048526 0.8575033 0.414431 -0.2937603 0.9558603 -0.006004009 -0.3333799 0.9402399 0.06933129 -0.2858502 0.951686 0.1121752 -0.2544185 0.963021 0.08866697 -0.1767517 0.9803078 0.08806534 -0.1749232 0.9803525 0.09116307 -0.09293958 0.9919257 0.08628874 -0.121596 0.9856961 0.116694 -0.05884898 0.9734641 0.2211431 -0.1228721 0.9483037 0.2926136 -0.0576385 0.943157 0.3273114 -0.03664438 0.9491938 0.3125515 0.03791457 0.931888 -0.3607591 0.06822371 0.9477254 -0.3117086 -0.05593611 0.9478209 -0.3138578 -0.02313474 0.931668 -0.3625736 0.02595047 0.8597524 0.5100514 -0.05317931 0.8594739 0.5084059 -0.05322167 0.8594556 0.5084326 0.5127458 0.8581441 -0.02608786 0.5015413 0.8650649 -0.01090659 0.5137597 0.8566306 0.04727587 0.1685902 0.9782786 0.1206167 0.1415407 0.9853131 0.09552188 0.1165694 0.9888356 0.09282187 0.09836383 0.9908336 0.09259204 0.08489875 0.9899234 0.1133309 0.08213051 0.980828 0.176723 0.08982032 0.9794602 0.1805268 -0.00300355 0.9999924 0.002496429 0.4332163 0.8281955 -0.3555502 0.4168268 0.874202 -0.2490511 0.4267039 0.866713 -0.2583259 0.4221961 0.895109 -0.1432839 0.4221981 0.8951077 -0.1432858 0.4117506 0.9109197 -0.02620603 0.4117492 0.9109204 -0.02620479 0.3955095 0.9139181 0.09124704 0.395525 0.9139126 0.0912348 0.3737134 0.9040489 0.207446 0.3736923 0.9040542 0.2074609 0.346614 0.8814558 0.3207717 0.3465973 0.8814586 0.3207819 0.3244154 0.8578909 0.3984693 -0.00933144 0.8813219 -0.4724242 -0.0499832 0.8586636 -0.5100964 0.04679336 0.859763 -0.5085451 0.070249 0.8671754 -0.4930232 0.1210895 0.8538636 -0.5062156 -0.159376 0.8541834 -0.4949445 -0.1714273 0.8605839 -0.4795915 -0.1758046 0.8982294 -0.4028359 -0.1758085 0.8982302 -0.4028322 -0.1797384 0.9394663 -0.2917144 -0.179734 0.9394657 -0.2917188 -0.1811371 0.9674891 -0.1765053 -0.181138 0.9674891 -0.1765044 -0.1809271 0.9758315 -0.1225491 -0.1417303 0.9858174 -0.08986954 -0.0997201 0.9908044 -0.09144758 -0.08877233 0.9894671 -0.1143431 -0.4249541 0.8485796 0.3151614 -0.4132967 0.8597792 0.2999426 -0.402705 0.8178865 0.4109628 -0.5008262 0.8649793 -0.03136936 -0.5103396 0.8599573 0.005187526 -0.5093754 0.8581771 0.06378595 -0.4871146 0.8600896 -0.151543 -0.5093463 0.8504406 -0.1315946 -0.5125856 0.8572542 -0.0486948 0.3933027 0.8584785 0.3291317 0.4149271 0.85013 0.3242138 0.4578562 0.8494186 0.2624037 0.484615 0.8670107 0.1159344 0.4941294 0.8626339 0.1081609 0.4812153 0.8555762 0.1908435 0.5155786 0.8473067 -0.1274752 0.467911 0.8790184 -0.09157555 0.5167119 0.8369178 -0.1804921 0.3001848 0.8543035 0.4243282 0.2865869 0.8579376 0.426393 0.2611698 0.8192825 0.510457 0.2260605 0.8797815 0.4181881 0.2260596 0.8797814 0.4181886 0.2498907 0.9178901 0.3082731 0.2498705 0.9178912 0.3082862 0.2701698 0.9430477 0.1940855 0.2701678 0.943048 0.194087 0.2805879 0.9518141 0.1237751 0.3301925 0.9402696 0.08286077 0.2934154 0.9559662 0.005996419 0.5685705 0.7678534 -0.2951759 0.2990957 0.9533523 -0.04075852 0.3073346 0.9383746 -0.1581095 0.3073496 0.9383674 -0.1581232 0.3112675 0.9101951 -0.2732351 0.3112691 0.910194 -0.2732367 0.3108091 0.8692229 -0.3845115 0.1623422 0.9693738 0.1842813 0.1623494 0.9693735 0.1842756 0.149119 0.942495 0.29911 0.149098 0.9424936 0.2991247 0.1337596 0.9023165 0.4097966 0.1337598 0.9023166 0.4097966 0.1194944 0.8589874 0.4978572 0.1877371 0.9675711 -0.1689994 0.187722 0.9675765 -0.1689854 0.1910216 0.9395558 -0.284158 0.1910313 0.9395511 -0.2841669 0.1916475 0.8983158 -0.3953476 0.1916462 0.8983167 -0.3953464 0.1903365 0.859015 -0.4752527 0.0392428 0.9136574 0.4045865 0.03923556 0.9136555 0.4045913 0.04382959 0.9431917 0.3293454 0.1109404 0.948288 0.297392 0.07501117 0.964174 0.2544439 0.09376387 0.9897542 -0.1076797 0.1008975 0.9903734 -0.09476376 0.1137219 0.9897484 -0.08640229 0.1221656 0.9773244 -0.1729524 0.09514365 0.9853477 -0.1415538 0.09351444 0.9887685 -0.1165851 0.06955241 0.9129624 -0.4020723 0.06955489 0.9129633 -0.4020699 -0.05356151 0.9129341 -0.404577 -0.05356785 0.9129309 -0.4045832 -0.0560987 0.9136351 0.402646 -0.0561027 0.9136336 0.402649 -0.1216646 0.9766489 0.1770726 -0.08964945 0.9858365 0.1417372 -0.08969612 0.9891308 0.1165109 -0.09023207 0.9798725 -0.1780676 -0.0926435 0.9798825 -0.1767696 -0.08129793 0.9525 -0.2934864 -0.1591806 0.954141 -0.253528 -0.1701603 0.9692987 0.1774981 -0.1701553 0.9693005 0.1774929 -0.1615964 0.9424205 0.2927969 -0.161605 0.9424165 0.2928051 -0.1507648 0.9022486 0.404002 -0.150758 0.9022523 0.4039962 -0.138978 0.8543576 0.5007577 -0.2782919 0.9429216 0.1829001 -0.2782881 0.9429236 0.1828956 -0.2626377 0.9177705 0.297857 -0.2626364 0.9177713 0.2978554 -0.2432858 0.8796812 0.4086233 -0.2432994 0.8796713 0.4086366 -0.2268694 0.8437256 0.4864746 -0.3339592 0.9412684 -0.04984754 -0.3001521 0.9461856 -0.1210022 -0.3010941 0.9382253 -0.1705161 -0.3011027 0.9382243 -0.1705062 -0.3003182 0.9100503 -0.2856877 -0.3003165 0.9100503 -0.2856894 -0.2953074 0.8690802 -0.396854 -0.3598006 0.8812815 0.306409 -0.3597977 0.8812839 0.3064053 -0.3822579 0.9038766 0.192057 -0.3822489 0.9038831 0.1920449 -0.399316 0.9137359 0.07505637 -0.3993248 0.913731 0.07506849 -0.4107696 0.9107264 -0.04296453 -0.4107725 0.9107251 -0.04296067 -0.4164373 0.8949135 -0.1603427 -0.4164174 0.8949183 -0.160368 -0.4162252 0.8665231 -0.275489 -0.9997914 -0 -0.02042315 -0.9997917 -5.986821e-06 -0.02040775 0.02043178 0 -0.9997913 0.02038274 -0.0002412362 -0.9997922 -0.02041933 0 0.9997914 -0.02045079 -0.0001547009 0.9997908 -0.9997925 -0.0003109727 -0.02036858 -0.9997913 -0 -0.02043177 0.9997916 0 0.02041384 0.9997911 -3.979569e-06 0.02043866 0.9997906 -0.000205269 0.02045983 0.9997916 0 0.02041812 -0.02042334 -2.166572e-06 0.9997914 -0.02040982 0 0.9997917 0.02041133 -4.606512e-06 -0.9997917 0.02042318 0 -0.9997914 0.01770644 0.4999962 -0.8658466 0.01784077 0.4999741 -0.8658566 0.01768072 0.499999 -0.8658454 0.01767515 0.5000007 -0.8658446 0.01768564 0.4999629 -0.8658662 -0.9904691 0 -0.1377352 -0.965043 0.005454953 -0.2620348 -0.905125 -0.002588391 -0.4251376 -0.6925107 0.004811462 -0.7213915 -0.726926 0.0005983887 -0.6867155 -0.3878372 -0.0004484315 -0.9217278 -0.3165467 0.004413415 -0.9485666 -0.09490927 -0.001285529 -0.9954851 -0.02835415 0 -0.999598 -0.8658471 0.4999957 -0.01769497 -0.8658566 0.4999797 -0.01768413 -0.8658547 0.4999829 -0.01768325 -0.8658451 0.4999996 -0.01768305 -0.1377333 0 0.9904693 -0.2620835 0.005457261 0.9650298 -0.4251448 -0.002585453 0.9051217 -0.7213874 0.004811177 0.6925151 -0.6867136 0.0005988158 0.7269278 -0.9217322 -0.0004482357 0.3878266 -0.9485686 0.004413261 0.3165408 -0.9954849 -0.001285496 0.09491056 -0.9995978 0 0.02835508 -0.01768076 0.5000009 0.8658444 -0.01768285 0.4999719 0.8658611 -0.01768902 0.4999962 0.8658469 -0.01771154 0.5000032 0.8658425 -0.01740891 0.499956 0.8658758 0.1377333 0 -0.9904694 0.2620409 0.005455374 -0.9650413 0.4251305 -0.002587256 -0.9051284 0.7213957 0.004812802 -0.6925064 0.6867054 0.0005980027 -0.7269356 0.9217296 -0.0004486674 -0.3878329 0.9485686 0.004413261 -0.3165408 0.9954852 -0.001285564 -0.09490789 0.999598 0 -0.02835323 0.9904696 -0 0.1377315 0.965043 0.005455258 0.2620348 0.905125 -0.002587899 0.4251376 0.6925107 0.004812298 0.7213915 0.7269322 0.0005984108 0.686709 0.3878224 -0.0004484716 0.921734 0.316535 0.004413107 0.9485705 0.09490924 -0.00128553 0.9954851 0.02835415 -0 0.999598 0.8658581 0.4999769 0.01768411 0.865847 0.4999961 0.01768896 0.8658776 0.4999485 0.01753634 0.8658434 0.5000022 0.01769651 0 1 0 0 1 0 0 1 0 0 1 0 0 1 0 0 1 0 0 1 0 0 1 0 0 1 0 0 1 0 0 1 0 0 1 0 0 1 0 0 1 0 -0.8417896 -0.001889179 -0.5398025 -0.7689461 0.001781584 -0.6393111 -0.7469817 -0.002226073 -0.6648408 -0.6650634 0.002085093 -0.7467841 -0.6337795 -0.002505449 -0.7735097 -0.5463153 0.00233537 -0.8375763 -0.5049738 -0.002725999 -0.8631304 -0.4154084 0.002530494 -0.9096315 -0.3637338 -0.00289593 -0.9314984 -0.2751665 0.002668229 -0.9613929 -0.2135361 -0.003005901 -0.9769305 -0.1287842 0.002754603 -0.9916688 0.1691758 0.002754387 -0.9855821 0.2532535 -0.003006039 -0.9673953 0.3141994 0.002668214 -0.9493533 0.4014715 -0.002895933 -0.915867 0.4522104 0.002530523 -0.8919078 0.5398015 -0.002726 -0.8417879 0.5800665 0.002335528 -0.8145658 0.6648405 -0.002505302 -0.7469813 0.6950066 0.0020852 -0.7190003 0.7735102 -0.00222602 -0.6337798 0.7944129 0.001781447 -0.6073756 0.8631321 -0.001889406 -0.5049747 -0.05808065 -0.003057077 -0.9983072 0.02042384 0.002784836 -0.9997876 0.0988033 -0.003057183 -0.9951023 -0.9951069 0 -0.09880377 -0.995469 -0.000583463 -0.09508408 -0.9673994 0.0006120408 -0.2532547 -0.9701805 -0.001223506 -0.2423808 -0.91587 0.001278509 -0.4014732 -0.9232117 -0.00191637 -0.384287 -0.8556296 0.001419981 -0.5175866 0.9985219 0 -0.05435134 0.9983118 -0.0005554658 -0.05808092 0.9792707 0.0005290178 -0.2025556 0.9769345 -0.001057113 -0.2135369 0.9381359 0.001001046 -0.3462659 0.9315014 -0.00150015 -0.3637346 0.8760549 0.001420164 -0.4822092 0.1322428 -7.448779e-06 -0.9912174 0.3495537 -9.166141e-06 -0.9369164 0.3494876 -4.314844e-06 -0.9369409 0.5493469 -4.714635e-06 -0.8355944 0.549214 6.220538e-06 -0.8356819 0.7213896 6.529652e-06 -0.6925296 0.7214012 5.369056e-06 -0.6925173 0.8573552 5.332705e-06 -0.5147254 0.8574137 -2.490241e-06 -0.5146278 0.9504485 -2.367667e-06 -0.3108824 0.9504321 1.2485e-06 -0.3109324 0.9957896 1.092475e-06 -0.09166897 0.9957917 -5.034546e-07 -0.09164587 0.1321382 -1.942614e-07 -0.9912313 -0.09164612 -2.666898e-07 -0.9957916 -0.09154718 -7.098986e-06 -0.9958008 -0.3109319 -8.90816e-06 -0.9504322 -0.3109997 -4.005931e-06 -0.9504099 -0.5146266 -4.477608e-06 -0.8574144 -0.5147629 6.443859e-06 -0.8573326 -0.6925172 6.698004e-06 -0.7214015 -0.6925058 5.615695e-06 -0.7214123 -0.8356812 5.537882e-06 -0.5492148 -0.835619 -2.243617e-06 -0.5493094 -0.9369411 -2.139789e-06 -0.3494869 -0.9369586 1.294087e-06 -0.3494402 -0.9912179 1.115462e-06 -0.1322388 -0.9912153 -2.356802e-07 -0.1322583 0.04067831 0.8656231 -0.4990411 -0.01679215 0.8657097 -0.5002646 -0.4118405 0.8656232 -0.2847524 -0.4433944 0.865623 -0.23259 -0.450891 0.8657098 0.2173565 -0.4231262 0.8656231 0.2676954 -0.2880648 0.8655131 0.4097632 -0.2928236 0.8682579 0.4004779 0.2187776 0.8682576 -0.4452696 0.2292098 0.865513 -0.445365 -0.3403932 0.8637474 0.3715818 -0.3565413 0.869298 0.3423438 -0.386863 0.863749 0.3229161 -0.4123462 0.8681102 0.2763247 -0.4537738 0.8683015 0.2003543 -0.4942969 0.8686605 0.03315728 -0.499349 0.8652428 0.04478193 -0.4916276 0.8691868 -0.05307159 -0.5047258 0.862783 -0.02928114 -0.474768 0.8692769 -0.1376692 -0.4949551 0.8626615 -0.1040891 -0.445473 0.8681048 -0.21897 -0.4731031 0.8637388 -0.1735764 -0.3733608 0.8637386 -0.3384629 -0.4007433 0.8681046 -0.2929147 -0.3219604 0.8626609 -0.3900737 -0.3423333 0.8692766 -0.3566038 -0.2602367 0.8627828 -0.4334544 -0.2752289 0.8691866 -0.4108084 -0.2000935 0.8686608 -0.4532008 -0.1921409 0.8652425 -0.4630737 -0.1187469 0.8679048 -0.4823281 -0.1306466 0.8653117 -0.4839083 -0.03319233 0.8683018 -0.4949245 -0.07363471 0.8641024 -0.4979006 0.05332771 0.8681105 -0.493498 0.1377081 0.8692982 -0.4747179 0.1064248 0.8637491 -0.4925556 0.1711025 0.8637472 -0.4739879 -0.4873046 0.8649541 0.1199534 -0.4836011 0.868417 0.1094623 -0.4751821 0.8641025 0.1659179 0.9951069 -0 0.09880375 0.9951017 8.189983e-06 0.09885596 0.9673997 1.209434e-05 0.2532547 0.9674299 -6.570938e-06 0.253139 0.9158705 -9.354441e-07 0.4014738 0.9158882 -7.78836e-06 0.4014336 0.8417905 8.93631e-07 0.5398043 0.8417844 2.638223e-06 0.5398138 0.7469825 1.464497e-05 0.6648436 0.7470099 8.25127e-06 0.6648131 0.633783 2.29806e-05 0.7735109 0.6338969 -3.280556e-08 0.7734176 0.5049739 1.752992e-05 0.8631346 0.5051482 -1.401876e-05 0.8630326 0.3637352 6.855489e-06 0.9315023 0.3638701 -1.578253e-05 0.9314497 0.213537 8.121143e-06 0.976935 0.2136031 -2.443595e-06 0.9769206 0.05808092 2.31834e-05 0.9983119 0.05832295 -1.470666e-05 0.9982978 -0.09880379 1.485311e-05 0.9951069 -0.09862457 -1.329813e-05 0.9951247 -0.2532569 1.329038e-05 0.9673991 -0.2531021 -1.171965e-05 0.9674396 -0.4014741 1.19204e-05 0.9158704 -0.4013438 -1.03031e-05 0.9159275 -0.5398027 1.035559e-05 0.8417916 -0.5396958 -9.492011e-06 0.8418602 -0.6648436 8.277857e-06 0.7469825 -0.664769 -7.35114e-06 0.7470491 -0.7735109 7.394226e-06 0.633783 -0.7734551 -6.371461e-06 0.6338511 -0.8631346 5.45007e-06 0.5049739 -0.8631029 -4.350544e-06 0.5050281 -0.9315023 4.520899e-06 0.3637355 -0.9314856 -2.607066e-06 0.363778 -0.976935 3.3029e-06 0.2135371 -0.9769285 -1.458722e-06 0.2135669 -0.9983119 1.497929e-06 0.05808093 -0.9983113 0 0.05809052 0 1 0 0 1 -0 0 1 0 -0 1 0 0 1 0 0 1 0 0 1 0 -0 1 0 0 1 0 0 1 0 0 1 0 0 1 0 -0 1 0 0 1 0 -0 1 0 0 1 0 0 1 0 0 1 0 0 1 0 0 1 0 0 1 0 0 1 0 0 1 0 0 1 0 0 1 0 0 1 0 0 1 0 0 1 0 0 1 0 0 1 0 0 1 0 0 1 0 0 1 0 0 1 0 0 1 0 0 1 0 0 1 0 0 1 0 0 1 0 0 1 0 0 1 0 0 1 0 0 1 0 -0 1 -0 0 1 0 0 1 0 0 1 0 0 1 0 0 1 0 0 1 0 0 1 0 0 1 0 0 1 0 0 1 0 0 1 0 0 1 0 0 1 0 0 1 0 0 1 0 0 1 0 0 1 0 0 1 0 0 1 0 0 1 0 0 1 0 0 1 0 0 1 0 0 1 0 0 1 0 0 1 0 0 1 0 0 1 0 0 1 0 0 1 -0 0 1 0 0.7069613 -0.7060553 -0.0411304 0.7047096 -0.7060372 0.06997032 0.04113167 -0.7060331 0.7069834 0.04649689 -0.7176071 0.6948943 0.07485366 -0.7176235 -0.6923968 0.06997227 -0.7060174 -0.7047293 0.1534483 -0.6954208 0.7020282 0.264261 -0.6871451 0.6767554 0.1642571 -0.7264328 0.6673194 0.3695523 -0.6814932 0.631663 0.2750191 -0.732538 0.6226978 0.4655248 -0.6785896 0.5681574 0.3768067 -0.7361114 0.5622782 0.548691 -0.6785619 0.4883564 0.4678419 -0.7372749 0.4873906 0.6160675 -0.6814618 0.3950578 0.5464139 -0.7360994 0.3994865 0.665437 -0.6871006 0.2916957 0.610938 -0.7325323 0.300252 0.695197 -0.6953983 0.181995 0.660051 -0.7264317 0.1913885 0.6923846 -0.7176358 0.07484946 0.6948825 -0.7176189 -0.04649169 0.6673349 -0.726418 -0.1642588 0.7020369 -0.6954116 -0.1534502 0.6227047 -0.7325248 -0.2750386 0.6767868 -0.6871094 -0.2642731 0.5622865 -0.7360957 -0.3768247 0.6316816 -0.6814691 -0.3695648 0.4873677 -0.7372766 -0.4678632 0.5681759 -0.6785649 -0.4655381 0.3994673 -0.736115 -0.546407 0.4883396 -0.6785879 -0.5486738 0.3002325 -0.7325473 -0.6109295 0.3950438 -0.6814885 -0.616047 0.1913864 -0.7264455 -0.6600366 0.2916821 -0.6871355 -0.665407 0.1819929 -0.6954068 -0.6951892 0.4225152 -0.8684295 -0.2594439 0.4549188 -0.8644531 -0.2139383 0.01678262 -0.8657122 0.5002607 0.03558228 -0.8686638 0.4941226 0.0557963 -0.8685752 -0.4924062 0.04068149 -0.8656227 -0.4990413 0.09083251 -0.8617174 0.4991919 0.1254575 -0.8693693 0.4779721 0.2105427 -0.8701782 0.4454903 0.1818207 -0.8598315 0.4771068 0.288914 -0.8700853 0.3993498 0.2608266 -0.8620467 0.434563 0.3591117 -0.8687261 0.3411066 0.3217018 -0.8630058 0.389524 0.372134 -0.8653881 0.3355886 0.4762224 -0.8625272 0.1710529 0.4598238 -0.8676516 0.1890573 0.5023106 -0.8608718 0.08114018 0.4865657 -0.8677502 0.1013087 0.4939902 -0.8694086 0.01011571 0.4658388 -0.8684666 -0.1695882 0.4776684 -0.8648722 -0.1543668 0.4299475 -0.8663316 -0.2541943 0.3752517 -0.8668406 -0.3282887 0.385188 -0.8638413 -0.3246664 0.309184 -0.8662387 -0.3924739 0.3200126 -0.8625859 -0.3918386 0.2300506 -0.8684039 -0.4392623 0.2436692 -0.8645427 -0.4395353 0.14485 -0.8695054 -0.4722064 0.1763369 -0.8631544 -0.4731489 0.1065357 -0.8636511 -0.4927037 0.4117949 -0.865684 0.2846333 0.4167324 -0.8680072 0.2699955 0.4434944 -0.8648131 0.2353954 0.4929142 -0.86623 -0.08173796 0.4906538 -0.8672519 -0.08445638 0.5040522 -0.8636295 -0.008690836 -0.0558353 -0.8685774 0.492398 -0.04068513 -0.8656199 0.499046 -0.4225139 -0.8684311 0.2594406 -0.4549187 -0.8644533 0.2139378 -0.01679079 -0.8657098 -0.5002645 -0.03562062 -0.8686637 -0.4941199 -0.09083335 -0.8617162 -0.4991938 -0.1254921 -0.8693697 -0.4779622 -0.2105684 -0.8701796 -0.4454756 -0.1818226 -0.8598312 -0.4771068 -0.2889354 -0.8700842 -0.3993368 -0.2608283 -0.8620463 -0.4345627 -0.3591275 -0.8687239 -0.3410955 -0.3217004 -0.863007 -0.3895223 -0.3721344 -0.8653892 -0.3355852 -0.4762214 -0.8625278 -0.171053 -0.4598293 -0.8676506 -0.1890491 -0.50231 -0.8608721 -0.08114016 -0.4865685 -0.8677492 -0.1013039 -0.4939906 -0.8694084 -0.01011517 -0.4658434 -0.8684658 0.1695793 -0.4776665 -0.8648731 0.1543672 -0.4299584 -0.8663295 0.2541829 -0.3752696 -0.8668371 0.3282774 -0.3851865 -0.8638434 0.3246629 -0.3092095 -0.8662335 0.3924652 -0.3200125 -0.8625888 0.3918324 -0.2300803 -0.8683997 0.4392551 -0.2436682 -0.8645461 0.4395291 -0.1448833 -0.8695037 0.4721993 -0.1763384 -0.863156 0.4731453 -0.1065411 -0.8636509 0.4927028 -0.4117953 -0.865682 -0.2846387 -0.4167402 -0.8680077 -0.2699821 -0.4434941 -0.8648133 -0.2353954 -0.4929168 -0.866229 0.08173305 -0.4906522 -0.8672528 0.0844565 -0.504052 -0.8636295 0.008690841 -0.07490866 -0.7177215 0.6922893 -0.06997465 -0.7059934 0.704753 -0.7069944 -0.706022 0.04113233 -0.7047427 -0.7060038 -0.06997363 -0.04113279 -0.706014 -0.7070025 -0.04655416 -0.7177061 -0.6947882 -0.1534295 -0.695512 -0.7019419 -0.2642885 -0.6870654 -0.6768255 -0.1642056 -0.7264153 -0.6673511 -0.3695664 -0.6814657 -0.6316844 -0.2750633 -0.7325142 -0.6227064 -0.4654061 -0.6787903 -0.5680149 -0.3768401 -0.7361999 -0.56214 -0.5485163 -0.6788161 -0.4881994 -0.4677311 -0.7374531 -0.4872274 -0.6160636 -0.6814674 -0.3950544 -0.54626 -0.7362139 -0.399486 -0.6656194 -0.6868901 -0.2917754 -0.6109523 -0.7324772 -0.3003572 -0.6953791 -0.6952038 -0.1820428 -0.6602204 -0.7262638 -0.1914418 -0.6925356 -0.7174946 -0.07480656 -0.6950303 -0.7174788 0.04644324 -0.6675063 -0.7262503 0.1643045 -0.7022195 -0.6952183 0.1534902 -0.6227271 -0.7324666 0.2751431 -0.6769725 -0.6868984 0.2643461 -0.5621322 -0.7362098 0.3768322 -0.6316814 -0.6814702 0.369563 -0.4872538 -0.7374507 0.4677073 -0.5679945 -0.6788176 0.4653912 -0.3994949 -0.7362034 0.5462679 -0.4882188 -0.6787858 0.5485364 -0.3002791 -0.7325199 0.6109396 -0.3950584 -0.6814584 0.616071 -0.1913372 -0.7264247 0.6600736 -0.2917144 -0.6870518 0.6654791 -0.1819724 -0.695497 0.6951042 0 -1 -0 0 -1 0 0 -1 0 0 -1 0 0 -1 0 0 -1 0 0 -1 0 0 -1 0 0 -1 0 0 -1 0 0 -1 0 0 -1 0 0 -1 0 0 -1 0 0 -1 0 0 -1 0 0 -1 0 0 -1 0 0 -1 0 0 -1 0 0 -1 0 0 -1 0 0 -1 0 0 -1 0 0 -1 0 0 -1 0 0 -1 0 0 -1 0 0 -1 0 0 -1 0 0 -1 0 0 -1 0 0 -1 0 0 -1 0 0 -1 -0 0 -1 -0 0 -1 0 0 -1 -0 0 -1 -0 0 -1 0 0 -1 0 0 -1 -0 0 -1 0 0 -1 0 0 -1 -0 0 -1 0 0 -1 0 0 -1 -0 0 -1 0 0 -1 0 0 -1 0 0 -1 0 0 -1 0 0 -1 0 0 -1 0 0 -1 0 0 -1 0 0 -1 0 0 -1 0 0 -1 0 0 -1 0 0 -1 0 0 -1 0 0 -1 0 0.5175844 -3.681062e-06 -0.8556322 0.5175838 2.904142e-07 -0.8556325 0.5175831 6.995797e-06 -0.8556329 0.517584 -1.885576e-06 -0.8556324 0.5175836 1.784528e-06 -0.8556327 0.5175823 4.110537e-05 -0.8556334 0.5175823 0 -0.8556334 0.517589 -3.395641e-05 -0.8556293 0.5175824 1.480082e-05 -0.8556334 0.5176069 -0.0002268628 -0.8556185 0.5173361 0.001811861 -0.8557804 0.5174868 1.082018e-05 -0.8556911 0.5176169 -0.000353959 -0.8556125 0.5177352 -0.0008207238 -0.8555406 0.4825145 -5.422625e-07 0.875888 0.4824152 -5.275992e-05 0.8759427 0.4817337 -0.0008519741 0.8763173 0.48303 0.001479648 0.8756026 0.4815437 -0.00200829 0.8764198 0.4825511 0.00104035 0.8758672 0.4819624 -0.001277418 0.876191 0.4822078 6.423224e-06 0.8760569 0.482294 0.0005199347 0.8760093 0.4822156 0.0001075414 0.8760525 0.4822063 4.197538e-05 0.8760577 0.4822054 3.456962e-05 0.8760582 0.4822041 1.606098e-05 0.8760589 0.4822031 -1.200567e-05 0.8760595 0.9997914 0 0.02042253 0.9997913 2.047105e-06 0.02042645 0.999801 -0.0004593598 0.0199437 0.999792 -0.0002664097 0.02039402 0.99978 0.0002125108 0.02097546 0.9997914 8.829785e-07 0.02042532 0.9998091 -0.0006888803 0.01952362 0.9997907 -0.0003471748 0.02045201 0.9997712 0.0004741314 0.02138482 0.9997914 5.646967e-07 0.02042457 0.9998017 -0.0005577916 0.01990722 0.9997902 -0.0002340668 0.02048388 0.9997866 -5.15107e-05 0.02066145 0.9997842 1.349555e-06 0.02077623 -0.482208 -9.182519e-07 -0.8760567 -0.4822081 -1.511357e-06 -0.8760566 -0.482207 3.405076e-06 -0.8760573 -0.482208 -2.451519e-07 -0.8760567 -0.4822097 -3.997284e-06 -0.8760558 -0.4822071 3.791191e-07 -0.8760573 -0.4822063 1.581604e-06 -0.8760576 -0.4822081 -8.524375e-08 -0.8760567 -0.4822085 -2.787809e-07 -0.8760565 -0.4822078 0 -0.8760568 -0.4822077 4.165779e-06 -0.876057 -0.4822077 4.437259e-06 -0.876057 -0.4822102 -1.470236e-05 -0.8760555 -0.4822087 -6.481505e-06 -0.8760564 -0.4822007 3.448588e-05 -0.8760608 -0.9997914 0 -0.02042264 -0.9997914 -5.787361e-07 -0.02042591 -0.9997914 1.76268e-06 -0.02042243 -0.9997914 -1.629507e-06 -0.02042578 -0.9997913 -1.347712e-06 -0.02042527 -0.9997914 7.148415e-07 -0.02042311 -0.9997914 7.166067e-07 -0.02042311 -0.9997913 -1.347711e-06 -0.02042527 -0.9997914 -1.625971e-06 -0.02042577 -0.9997915 8.127011e-07 -0.02042336 -0.9997914 1.087412e-06 -0.02042281 -0.9997914 -1.016545e-06 -0.02042486 -0.9997914 -0 -0.02042522 -0.9997914 2.060055e-06 -0.02042075 -0.9997914 4.909084e-07 -0.0204226 -0.5173511 -0.001243865 0.8557723 -0.5175329 -0.0004852933 0.8556631 -0.5175471 -0.0004388112 0.8556547 -0.5177124 0 0.8555547 -0.5175834 -1.109436e-07 0.8556328 -0.5175834 -3.167698e-06 0.8556327 -0.5175835 1.388611e-06 0.8556327 -0.5175831 -4.437258e-06 0.8556329 -0.5175853 1.356062e-05 0.8556316 -0.5175857 1.886448e-05 0.8556314 -0.5175833 -8.706278e-07 0.8556329 -0.5175833 2.172762e-07 0.8556328 -0.5179949 0.003129518 0.855378 -0.5175837 -5.264393e-06 0.8556327 -0.517584 0 0.8556324 -0.1322392 -5.773685e-06 0.9912179 -0.3493471 5.32094e-06 0.9369933 -0.3494872 -4.944999e-06 0.9369413 -0.5491139 4.314953e-06 0.8357476 -0.5492133 -3.865447e-06 0.8356822 -0.7213357 3.531457e-06 0.6925856 -0.7214012 -2.970039e-06 0.6925173 -0.8573788 2.582922e-06 0.5146859 -0.8574133 -2.020572e-06 0.5146285 -0.9504194 1.686883e-06 0.3109709 -0.9504321 -1.116722e-06 0.3109322 -0.9957904 7.358987e-07 0.09166028 -0.9957917 -2.369443e-07 0.09164619 -0.1320632 6.424178e-06 0.9912413 0.09164941 -6.563204e-06 0.9957913 0.09182035 5.229026e-06 0.9957756 0.3109325 -5.86563e-06 0.9504321 0.3110712 4.163287e-06 0.9503867 0.5146284 -5.07336e-06 0.8574134 0.5147331 3.321837e-06 0.8573505 0.6925176 -4.077433e-06 0.7214009 0.6925852 2.365502e-06 0.721336 0.8356807 -3.183628e-06 0.5492156 0.8357183 1.524059e-06 0.5491583 0.936941 -2.164352e-06 0.3494875 0.9369553 6.47134e-07 0.3494492 0.9912183 -1.195459e-06 0.1322351 0.9912197 -5.026689e-07 0.1322251 -0.2210604 0.8651941 0.4500795 0.3045474 0.8629622 -0.4031711 0.2985812 0.865075 -0.4031061 0.365778 0.8670607 -0.3382489 0.3755096 0.8640242 -0.3353429 0.460892 0.8690116 -0.1799922 0.5014679 0.8651364 -0.008299193 0.4959866 0.8683298 0.0008043896 0.4892873 0.8671037 0.09342955 0.5004551 0.8620371 0.08022927 0.4633264 0.8671526 0.1826881 0.4739442 0.8636536 0.1716956 0.4426675 0.8650178 0.2361982 0.3652955 0.86655 0.340074 0.2968194 0.8654939 0.4035076 0.3021519 0.8636424 0.4035172 0.2145444 0.8682972 0.4472479 0.225481 0.8650863 0.4480894 0.1270786 0.8695168 0.4772751 0.156175 0.8634354 0.4796754 0.08647475 0.8636634 0.496596 -0.0927377 0.8643941 0.4941887 0.4210257 0.8664595 -0.2683005 0.4220483 0.867231 -0.2641695 0.4544197 0.864675 -0.2141025 -0.05320992 0.8684545 0.492905 -0.036331 0.8657351 0.4991823 0.02016283 0.865619 0.5002971 0.03625805 0.8687054 0.4940003 0.4925072 0.8653926 -0.09237099 0.4890361 0.8681108 -0.08501376 0.4792273 0.8640701 -0.1540267 0.4114832 0.8691453 0.27435 0.4234127 0.8656929 0.267016 0.3713264 0.8646765 0.3383065 -0.1471133 0.8688379 0.4727349 -0.1395815 0.8652334 0.4815477 -0.2211648 0.8651606 0.4500925 0.05508295 0.7053964 0.7066696 0.06469806 0.7082546 0.7029862 0.1923639 0.7032995 0.6843726 0.3229173 0.7019029 0.6348675 0.2187491 0.7106695 0.6686537 0.4410168 0.7011722 0.5602337 0.3613222 0.7120751 0.6019927 0.5417626 0.7011703 0.4635229 0.4859015 0.7125269 0.5061673 0.6211112 0.7019127 0.348625 0.5867372 0.7120714 0.3856081 0.6758844 0.7033358 0.220225 0.6591494 0.7106832 0.2458687 0.6686389 0.7106848 -0.2187442 0.6843184 0.7033349 -0.1924274 0.6019959 0.7120718 -0.3613236 0.6348341 0.7019127 -0.3229617 0.5061677 0.7125266 -0.4859014 0.5602464 0.70117 -0.4410042 0.385605 0.7120749 -0.5867351 0.4635359 0.7011723 -0.5417489 0.2458739 0.710669 -0.6591629 0.3485829 0.7019038 -0.621145 0.6997231 0.7082893 0.0933477 0.7038364 0.7054022 0.08379803 0.7066732 0.7054009 -0.05497688 0.7029505 0.7082903 -0.06469476 0.2201607 0.7033006 -0.6759419 0.08358215 0.7081462 -0.7011012 0.09380159 0.7048747 -0.7031024 -0.0596868 0.7051607 -0.7065309 -0.06483074 0.7068104 -0.704426 -0.09354663 0.7068087 0.7011922 -0.08850081 0.7051614 0.7035019 -0.2056574 0.7038733 -0.6799025 -0.343042 0.7027756 -0.6232404 -0.2194422 0.7084546 -0.6707735 -0.4656955 0.7018762 -0.5389781 -0.3624952 0.7098183 -0.6039497 -0.5681409 0.7011752 -0.4307776 -0.4870366 0.7109084 -0.5073505 -0.64573 0.7006716 -0.3034667 -0.587038 0.7117168 -0.385805 -0.6950102 0.7003687 -0.1626177 -0.6576537 0.7122601 -0.2453104 -0.7010732 0.7003686 0.1340899 -0.6575879 0.7006717 0.2768345 -0.6671238 0.7122595 0.2182483 -0.5852649 0.7011758 0.4072068 -0.6023048 0.7117159 0.3615097 -0.4873239 0.7018768 0.519504 -0.5073507 0.7109079 0.4870371 -0.3682169 0.7027766 0.6087047 -0.3868583 0.709817 0.588643 -0.2332588 0.7038741 0.6709333 -0.2466531 0.7084538 0.661253 -0.6954877 0.7125222 -0.09278527 -0.7137357 0.7002633 -0.01458543 -0.6986969 0.7125221 0.06430352 0 1 -0 0 1 -0 0 1 0 -0 1 0 0 1 0 0 1 0 0 1 0 0 1 0 0 1 0 0 1 -0 0 1 0 0 1 0 0 1 0 0 1 0 0 1 0 0 1 0 -0 1 0 0 1 0 0 1 0 0 1 0 0 1 0 0 1 0 -0 1 0 0 1 0 0 1 0 0 1 0 0 1 0 0 1 0 0 1 0 0 1 0 0 1 0 0 1 0 0 1 0 0 1 0 0 1 0 0 1 0 0 1 0 0 1 0 0 1 0 0 1 0 0 1 0 0 1 0 0 1 0 0 1 0 0 1 0 0 1 0 0 1 0 0 1 0 0 1 0 0 1 0 0 1 0 0 1 0 0 1 0 0 1 0 0 1 0 0 1 0 0 1 0 0 1 0 0 1 0 0 1 0 0 1 0 0 1 0 0 1 0 0 1 0 0 1 0 0 1 0 0.09185483 0 0.9957724 0.09185483 0 0.9957724 0.3110628 0 0.9503894 0.3110628 0 0.9503894 0.5148867 0 0.8572583 0.5148867 0 0.8572583 0.6926658 0 0.7212588 0.6926658 0 0.7212588 0.835699 0 0.5491877 0.835699 0 0.5491877 0.9369819 0 0.3493779 0.9369819 0 0.3493779 0.9912562 0 0.1319509 0.9912562 0 0.1319509 0.9957835 0 -0.09173493 0.9957835 0 -0.09173493 0.9503514 0 -0.3111788 0.9503514 0 -0.3111788 0.8572354 0 -0.5149248 0.8572354 0 -0.5149248 0.7212817 0 -0.6926419 0.7212817 0 -0.6926419 0.5491531 0 -0.8357218 0.5491531 0 -0.8357218 0.349262 0 -0.9370251 0.349262 0 -0.9370251 0.1320704 0 -0.9912404 0.1320704 0 -0.9912404 0.9769227 -0.003344214 -0.2135672 0.943968 0.00307994 -0.3300225 0.9314772 -0.004353076 -0.3637736 0.890443 0.003503778 -0.4550815 0.8630902 -0.005525535 -0.5050196 0.816085 0.005447294 -0.5779063 0.7734444 -0.005431794 -0.6338408 0.7218404 0.00471073 -0.6920435 0.6647562 -0.005526284 -0.7470399 0.6154819 0.004480113 -0.7881383 0.5396899 -0.005071167 -0.8418487 0.4972722 0.003970759 -0.8675855 0.4013402 -0.004352767 -0.9159187 0.3688111 0.002963442 -0.9294996 0.2531026 -0.003259382 -0.967434 0.2322764 0.0017622 -0.9726482 -0.2136022 -0.005461796 -0.9769054 -0.3064889 0.006105666 -0.9518546 -0.3638639 -0.005109448 -0.931438 -0.4611081 0.005660255 -0.8873259 -0.5051442 -0.004576186 -0.8630228 -0.6027795 0.004985868 -0.7978922 -0.6338903 -0.003836967 -0.7734135 -0.7275341 0.00411449 -0.6860592 -0.7470086 -0.002867409 -0.6648082 -0.8318679 0.00306062 -0.5549653 -0.8417824 -0.001675316 -0.5398144 -0.9128495 0.001810548 -0.4082922 0.9987049 0 -0.05087845 0.9983097 -0.001866541 -0.05808971 0.9813537 0.00171611 -0.1922029 0.0921533 -0.001876544 -0.9957431 0.09862475 -2.676401e-05 -0.9951248 -0.01973353 1.387971e-05 -0.9998053 -0.05832142 -0.005601123 -0.9982822 -0.1432707 0.006318417 -0.9896634 -0.9951018 0 -0.09885523 -0.9955187 -0.001229918 -0.09455692 -0.9674284 0.001257367 -0.2531419 -0.968205 0.0003317266 -0.2501581 -0.9158888 -0.0002971699 -0.4014318 -0.09185483 -0 -0.9957724 -0.09185483 -0 -0.9957724 -0.3110628 -0 -0.9503894 -0.3110628 -0 -0.9503894 -0.5148867 -0 -0.8572583 -0.5148867 -0 -0.8572583 -0.6926658 -0 -0.7212588 -0.6926658 -0 -0.7212588 -0.835699 -0 -0.5491877 -0.835699 -0 -0.5491877 -0.9369819 -0 -0.3493779 -0.9369819 -0 -0.3493779 -0.9912562 -0 -0.1319509 -0.9912562 -0 -0.1319509 -0.9957835 0 0.09173493 -0.9957835 0 0.09173493 -0.9503514 0 0.3111788 -0.9503514 0 0.3111788 -0.8572354 0 0.5149248 -0.8572354 0 0.5149248 -0.7212817 0 0.6926419 -0.7212817 0 0.6926419 -0.5491531 0 0.8357218 -0.5491531 0 0.8357218 -0.349262 0 0.9370251 -0.349262 0 0.9370251 -0.1320704 0 0.9912404 -0.1320704 0 0.9912404 -0 -1 0 0 -1 0 0 -1 0 0 -1 0 0 -1 0 0 -1 0 0 -1 0 0 -1 0 0 -1 0 0 -1 0 0 -1 0 0 -1 0 0 -1 0 0 -1 0 0 -1 0 0 -1 0 0 -1 0 0 -1 0 0 -1 0 0 -1 0 0 -1 0 0 -1 0 0 -1 0 0 -1 0 0 -1 0 0 -1 0 0 -1 -0 0 -1 0 0 -1 0 0 -1 0 0 -1 0 0 -1 0 0 -1 0 0 -1 0 0 -1 0 0 -1 0 0 -1 0 0 -1 0 0 -1 0 0 -1 0 0 -1 0 0 -1 0 0 -1 0 0 -1 0 0 -1 0 0 -1 0 0 -1 0 0 -1 0 0 -1 0 0 -1 0 0 -1 0 0 -1 0 0 -1 0 0 -1 0 0 -1 0 0 -1 0 0 -1 0 0 -1 0 0 -1 0 0 -1 -0 0 -1 -0 0 -1 0 0 -1 -0 0 -1 0 0 -1 0 0 -1 -0 0 -1 0 0 -1 0 0 -1 -0 0 -1 0 0 -1 -0 0 -1 0 0 -1 0 0 -1 0 0 -1 0 0 -1 -0 0 -1 0 0 -1 0 0 -1 0 0 -1 0 0 -1 0 0 -1 0 0 -1 0 0 -1 0 0 -1 0 0 -1 0 0 -1 0 0 -1 0 0 -1 0 0 -1 0 0 -1 0 0 -1 0 0 -1 0 -0.9741955 -0.005867063 0.2256297 -0.9575617 0.006088511 0.2881642 -0.9237701 -0.005944868 0.3829015 -0.8960109 0.006161132 0.4439893 -0.8481474 -0.006012592 0.5297262 -0.8093078 0.00622362 0.5873517 -0.7493891 -0.006069746 0.6621022 -0.699888 0.006275335 0.7142251 -0.6301913 -0.006116773 0.7764158 -0.5708194 0.006317351 0.8210512 -0.4937992 -0.006152991 0.8695542 -0.4257299 0.006347942 0.904828 -0.3439444 -0.006179192 0.9389697 -0.268689 0.006369182 0.9632059 -0.1847016 -0.006194777 0.9827752 0.1444127 -0.005706428 0.9895011 0.1922018 0.003575297 0.9813489 0.3053115 -0.004254278 0.952243 0.5779138 0.002467346 0.816094 0.5979646 -0.003599265 0.8015144 0.6920474 0.003208132 0.721845 0.7217265 -0.005366842 0.6921576 0.7881388 0.004345947 0.6154822 0.8258059 -0.006062705 0.5639219 0.8675826 0.004716029 0.4972706 0.9073617 -0.005916288 0.4203089 0.9294962 0.004022432 0.3688097 0.9641728 -0.00486736 0.2652307 -0.1041049 0.006379278 0.9945459 -0.02042358 -0.006200135 0.9997722 0.05087771 0.004498442 0.9986947 -0.9999486 0 0.01013803 -0.9980465 -0.005778931 0.06220767 -0.9922326 0.006004739 0.1242507 0.4578831 -0.002639245 0.8890085 0.4550819 -0.001809281 0.8904477 0.3300238 0.001815941 0.9439709 0.99469 -0 0.1029164 0.9957395 -0.003242102 0.09215342 0.9726465 0.002571194 0.2322762 0.1231347 0.9495402 -0.2884638 0.07330167 0.9725949 -0.2206491 0.1767201 0.9808514 -0.08185733 0.4717102 0.8480683 -0.2413909 0.3965153 0.8197503 0.4132613 0.3144898 0.8664056 -0.3878627 0.3001489 0.8731438 -0.384097 0.2112928 0.8529845 0.4772553 0.2716624 0.837564 -0.4740106 0.184368 0.9781149 -0.09643495 0.2544468 0.9641584 -0.0752028 0.2205994 0.9725016 0.07467625 0.1772824 0.8432009 0.5075267 0.1891811 0.8582912 -0.4770186 0.03231797 0.861779 0.5062534 0.0999352 0.8539963 0.510591 -0.07384679 0.8569347 -0.5101074 -0.1170411 0.9855867 -0.1221483 -0.121501 0.9857152 0.1166321 -0.253965 0.8346622 -0.4887134 -0.2209843 0.9731987 -0.06364228 -0.1398563 0.8538597 0.501362 -0.3907121 0.8435621 -0.3684386 -0.3016812 0.8657497 -0.3993319 -0.2962952 0.8682938 -0.3978378 -0.2313029 0.8395399 0.4916011 -0.4113491 0.8691855 -0.274424 -0.4158453 0.8668314 -0.2750928 -0.3403479 0.8571468 0.386604 -0.4719942 0.8500122 0.2338815 -0.4619468 0.8634717 0.2025384 -0.4985929 0.8537517 0.1500442 -0.4909092 0.8668594 0.08696475 -0.5088951 0.8301912 -0.2276147 0.451488 0.864493 0.2209308 0.02384562 0.9491456 0.3139331 0.1166331 0.985715 0.1215012 -0.1166323 0.9857152 -0.1215006 -0.3195975 0.8285729 0.4597003 -0.3048486 0.8575049 0.4144305 -0.2937573 0.9558613 -0.006001218 -0.3333758 0.9402413 0.06933203 -0.2858503 0.9516863 0.1121727 -0.2544251 0.963019 0.08866984 -0.1767513 0.9803077 0.08806701 -0.1749218 0.9803525 0.0911666 -0.09294131 0.9919253 0.08629079 -0.1215907 0.9856974 0.1166887 -0.05884941 0.9734642 0.221143 -0.1228709 0.948304 0.2926129 -0.05763917 0.9431572 0.3273105 -0.03664317 0.9491946 0.3125494 0.03791111 0.9318843 -0.3607691 0.06822587 0.947725 -0.311709 -0.05593368 0.9478208 -0.3138587 -0.02313673 0.9316701 -0.3625681 0.02594109 0.859752 0.5100526 -0.05317409 0.8594732 0.5084077 -0.05322109 0.8594528 0.5084372 0.5127429 0.858146 -0.02607823 0.5015471 0.8650615 -0.01090862 0.5137643 0.8566284 0.04726578 0.1685898 0.978278 0.1206212 0.141538 0.9853132 0.09552337 0.1165845 0.9888335 0.09282516 0.09836559 0.9908332 0.09259485 0.08490329 0.9899232 0.1133288 0.08213598 0.9808275 0.1767232 0.08982568 0.9794597 0.1805269 -0.003002824 0.9999924 0.002495813 0.4332222 0.8281915 -0.3555522 0.4168325 0.8741979 -0.2490557 0.4266996 0.8667167 -0.2583209 0.4221911 0.8951115 -0.1432828 0.4221957 0.8951088 -0.143287 0.4117485 0.9109206 -0.02620893 0.4117484 0.9109206 -0.02620882 0.3955075 0.9139187 0.09124856 0.3955237 0.9139131 0.09123586 0.3737107 0.9040493 0.207449 0.3736951 0.9040533 0.20746 0.3466152 0.881455 0.3207726 0.3466043 0.8814568 0.3207792 0.3244269 0.8578931 0.3984551 -0.009324395 0.8813225 -0.4724232 -0.04998057 0.8586615 -0.5101002 0.04678217 0.8597608 -0.5085497 0.07024958 0.8671769 -0.4930205 0.1210861 0.8538663 -0.5062119 -0.1593706 0.8541793 -0.4949532 -0.1714344 0.8605865 -0.4795844 -0.1758108 0.8982286 -0.4028348 -0.1758068 0.8982276 -0.4028387 -0.1797373 0.9394676 -0.2917108 -0.1797339 0.9394672 -0.2917142 -0.1811363 0.9674892 -0.176506 -0.1811361 0.9674892 -0.1765062 -0.1809256 0.9758313 -0.1225526 -0.1417273 0.9858177 -0.08987064 -0.09972148 0.9908041 -0.09144822 -0.08877487 0.9894672 -0.1143402 -0.424954 0.8485801 0.3151601 -0.4133085 0.8597686 0.2999569 -0.4027182 0.8178774 0.4109679 -0.5008283 0.8649783 -0.03136119 -0.510336 0.8599595 0.00517415 -0.5093719 0.8581793 0.06378524 -0.4871134 0.8600888 -0.151551 -0.5093471 0.8504391 -0.1316016 -0.5125881 0.8572531 -0.04868695 0.3932986 0.8584805 0.3291315 0.4149199 0.8501333 0.3242142 0.457851 0.8494226 0.2623999 0.4846171 0.8670098 0.1159321 0.4941265 0.8626353 0.1081627 0.4812123 0.8555774 0.1908454 0.5155757 0.8473088 -0.1274733 0.4679084 0.8790199 -0.09157364 0.5167098 0.8369187 -0.1804941 0.3001763 0.8543031 0.4243353 0.2866126 0.8579281 0.4263948 0.2611915 0.8192647 0.5104746 0.2260526 0.8797826 0.4181899 0.2260576 0.8797827 0.4181871 0.2498897 0.9178912 0.3082705 0.249871 0.9178923 0.3082828 0.2701689 0.9430483 0.194084 0.2701662 0.9430487 0.1940861 0.2805854 0.9518144 0.1237792 0.330194 0.9402691 0.082862 0.2934154 0.9559662 0.005994237 0.5685364 0.7678924 -0.2951401 0.2990983 0.9533513 -0.04076115 0.3073385 0.9383726 -0.1581139 0.3073492 0.9383674 -0.1581237 0.3112661 0.9101967 -0.2732313 0.3112677 0.9101958 -0.2732328 0.3108082 0.8692242 -0.3845095 0.1623424 0.9693739 0.1842804 0.1623497 0.9693737 0.1842748 0.1491191 0.9424955 0.2991084 0.1490981 0.9424941 0.299123 0.1337595 0.9023157 0.4097984 0.133766 0.9023166 0.4097944 0.1195024 0.8589894 0.4978517 0.1877373 0.9675711 -0.1689999 0.1877259 0.9675751 -0.1689893 0.1910275 0.9395535 -0.2841613 0.1910295 0.9395525 -0.2841632 0.1916448 0.898317 -0.3953466 0.1916423 0.8983185 -0.3953444 0.190332 0.8590147 -0.4752551 0.03923715 0.9136556 0.4045911 0.03923994 0.9136563 0.4045892 0.04383319 0.9431922 0.3293433 0.1109414 0.9482884 0.2973905 0.07501725 0.9641723 0.2544488 0.09376287 0.9897545 -0.1076782 0.1008966 0.9903737 -0.09476218 0.1137236 0.9897485 -0.08639944 0.122165 0.9773244 -0.1729525 0.09514084 0.9853484 -0.1415513 0.093513 0.9887672 -0.1165971 0.0695551 0.9129634 -0.4020696 0.06955546 0.9129635 -0.4020692 -0.05355861 0.9129347 -0.4045759 -0.05356578 0.9129311 -0.4045829 -0.05609954 0.9136333 0.4026499 -0.05609867 0.9136337 0.4026493 -0.1216665 0.9766487 0.1770718 -0.08964899 0.9858368 0.1417347 -0.08969609 0.9891287 0.1165288 -0.09023503 0.9798721 -0.1780682 -0.09264811 0.9798821 -0.1767694 -0.08130434 0.9525003 -0.2934838 -0.1591656 0.9541413 -0.2535366 -0.1701587 0.9692991 0.1774968 -0.1701561 0.9693001 0.1774941 -0.1615966 0.9424207 0.2927963 -0.1616083 0.9424153 0.2928074 -0.150769 0.9022475 0.4040026 -0.1507621 0.9022513 0.4039967 -0.1389821 0.8543548 0.5007613 -0.2782924 0.9429211 0.1829018 -0.2782882 0.9429234 0.1828969 -0.2626395 0.9177693 0.297859 -0.262635 0.9177722 0.2978541 -0.2432842 0.8796814 0.4086237 -0.2432968 0.8796722 0.4086361 -0.2268671 0.8437268 0.4864734 -0.3339632 0.9412668 -0.04985243 -0.3001552 0.9461835 -0.1210105 -0.3010977 0.9382247 -0.1705124 -0.3011022 0.9382243 -0.1705072 -0.3003168 0.9100514 -0.2856855 -0.3003179 0.9100515 -0.2856843 -0.2953088 0.869076 -0.3968624 -0.3597982 0.881283 0.3064074 -0.3597954 0.8812854 0.306404 -0.3822568 0.9038779 0.1920531 -0.3822519 0.9038815 0.1920464 -0.3993185 0.9137348 0.0750561 -0.3993289 0.9137291 0.07507019 -0.4107743 0.9107245 -0.04295759 -0.4107669 0.9107273 -0.04296738 -0.4164313 0.894915 -0.1603502 -0.4164206 0.8949175 -0.1603636 -0.4162296 0.8665223 -0.2754851 -0.9997914 4.021373e-09 -0.02042424 -0.9997914 -3.162528e-07 -0.02042342 0.02042421 8.042723e-09 -0.9997914 0.02042387 -1.741728e-06 -0.9997914 -0.02042411 -6.112432e-08 0.9997914 -0.02042376 1.65493e-06 0.9997914 -0.9997914 -1.502245e-06 -0.02042393 -0.9997914 4.021373e-09 -0.02042424 0.9997915 0 0.02042416 0.9997914 -2.006076e-08 0.02042429 0.9997914 -4.877752e-06 0.02042513 0.9997914 5.506932e-09 0.02042414 -0.02042427 -1.671729e-08 0.9997914 -0.02042415 4.217112e-09 0.9997915 0.02042308 -4.798553e-07 -0.9997914 0.02042422 -3.458387e-08 -0.9997914 0.01770123 0.4999985 -0.8658453 0.01771497 0.4999963 -0.8658464 0.01767597 0.5000024 -0.8658436 0.01768707 0.4999989 -0.8658454 0.01768798 0.4999957 -0.8658473 -0.990481 2.710216e-08 -0.1376497 -0.9650451 0.005458755 -0.2620268 -0.9051272 -0.002584678 -0.4251332 -0.6925091 0.004815063 -0.7213931 -0.7269333 0.0006009033 -0.6867078 -0.3878141 -0.0004450584 -0.9217375 -0.3165431 0.004415323 -0.9485679 -0.09488524 -0.001284863 -0.9954875 -0.02835785 -1.116686e-08 -0.9995978 -0.8658455 0.4999986 -0.01768856 -0.8658479 0.4999947 -0.01768775 -0.8658469 0.4999963 -0.01768729 -0.8658454 0.499999 -0.01768726 -0.1376519 -4.119584e-07 0.9904807 -0.2620478 0.005458598 0.9650395 -0.4251332 -0.00258439 0.9051272 -0.7213931 0.00481418 0.6925091 -0.6867178 0.0006013619 0.7269239 -0.9217376 -0.000445428 0.3878141 -0.9485704 0.004415312 0.3165354 -0.9954875 -0.001284933 0.0948838 -0.999598 -5.582104e-09 0.02835107 -0.01767582 0.499999 0.8658455 -0.01768773 0.4999955 0.8658473 -0.01768855 0.4999987 0.8658456 -0.01770088 0.5000026 0.865843 -0.01762879 0.4999912 0.865851 0.1376452 -2.330715e-07 -0.9904816 0.2620305 0.00545879 -0.9650442 0.4251326 -0.002584547 -0.9051275 0.7213931 0.00481496 -0.6925091 0.6867103 0.0006011248 -0.726931 0.9217377 -0.0004452078 -0.3878137 0.9485695 0.004415394 -0.3165383 0.9954875 -0.001284954 -0.09488447 0.999598 0 -0.02835066 0.990481 3.794289e-08 0.1376492 0.9650452 0.005458815 0.2620267 0.9051272 -0.002584629 0.4251332 0.6925091 0.0048151 0.7213931 0.7269328 0.0006010009 0.6867083 0.3878141 -0.0004451058 0.9217375 0.3165407 0.004415406 0.9485687 0.09488396 -0.001284891 0.9954875 0.02835462 -5.582804e-09 0.999598 0.8658476 0.4999951 0.01768774 0.8658455 0.4999987 0.01768864 0.8658482 0.4999945 0.01767448 0.8658453 0.499999 0.01768851 0 1 0 0 1 0 0 1 0 0 1 0 0 1 0 0 1 0 0 1 0 0 1 0 0 1 0 0 1 0 0 1 0 0 1 0 0 1 0 0 1 0 0.2135998 -0.001199222 0.9769205 0.3464426 0.001145123 0.9380705 0.3639131 -0.001701358 0.9314314 0.4823749 0.001621705 0.8759634 0.5052399 -0.00216113 0.8629762 0.6075246 0.002011533 0.7942983 0.6339906 -0.002559964 0.7733365 0.7191311 0.002342248 0.6948704 0.7470664 -0.002873402 0.6647431 0.8146749 0.002638236 0.579912 0.8417987 -0.00310099 0.5397828 0.8919925 0.002889647 0.4520409 0.9158901 -0.003271025 0.4014156 0.9494121 0.003066975 0.3140179 0.9674516 -0.003394743 0.2530336 0.9856123 0.003154387 0.1689926 0.9951295 -0.003470087 0.0985148 0.9997902 0.003168766 0.02023498 0.9983009 -0.003469918 -0.05816734 0.9916431 0.003154631 -0.1289734 0.9768969 -0.003394755 -0.2136836 0.9613408 0.003066606 -0.2753444 0.9313827 -0.0032714 -0.3640269 0.9095511 0.002889771 -0.4155819 0.8629497 -0.003100716 -0.5052801 0.8374727 0.002638341 -0.5464728 0.7733517 -0.002873337 -0.6339707 0.746658 0.002342371 -0.665204 0.6647631 -0.002559742 -0.7470498 0.6391664 0.002011862 -0.7690659 0.5397437 -0.002160849 -0.8418266 0.5174228 0.001622 -0.8557283 0.4013019 -0.001701049 -0.9159442 0.384116 0.001145176 -0.9232842 0.2529535 -0.001199173 -0.9674777 0.05454093 0 0.9985116 0.05835457 -0.0006462983 0.9982957 0.2027403 0.0005856919 0.9792324 0.09869841 0 -0.9951174 0.09489734 -0.00067838 -0.9954869 0.2421959 0.0005858294 -0.9702272 -0.9912562 0 -0.1319509 -0.9369819 -0 -0.3493779 -0.9369819 0 -0.3493779 -0.8356991 -0 -0.5491877 -0.8356991 0 -0.5491877 -0.6926658 -0 -0.7212587 -0.6926658 0 -0.7212587 -0.5148867 -0 -0.8572582 -0.5148867 0 -0.8572582 -0.3110628 -0 -0.9503894 -0.3110628 0 -0.9503894 -0.09185483 -0 -0.9957724 -0.09185483 0 -0.9957724 -0.9912562 0 -0.1319509 -0.9957835 0 0.09173493 -0.9957835 0 0.09173493 -0.9503514 0 0.3111788 -0.9503514 0 0.3111788 -0.8572354 0 0.5149247 -0.8572354 0 0.5149247 -0.7212817 0 0.6926419 -0.7212817 0 0.6926419 -0.5491531 0 0.8357218 -0.5491531 0 0.8357218 -0.3492621 0 0.9370251 -0.3492621 0 0.9370251 -0.1320704 0 0.9912404 -0.1320704 0 0.9912404 0 1 0 0 1 0 0 1 0 0 1 -0 0 1 0 0 1 0 0 1 0 0 1 0 0 1 0 0 1 0 -0 1 0 0 1 0 0 1 0 0 1 0 0 1 0 0 1 0 0 1 0 0 1 0 0 1 -0 0 1 0 0 1 0 0 1 0 0 1 -0 0 1 0 -0 1 0 0 1 0 0 1 0 0 1 0 0 1 0 0 1 0 0 1 0 0 1 0 0 1 0 0 1 0 0 1 0 0 1 0 0 1 0 0 1 0 0 1 0 0 1 0 0 1 0 0 1 0 0 1 0 0 1 0 0 1 0 0 1 0 0 1 0 0 1 0 0 1 0 0 1 -0 0 1 0 0 1 -0 0 1 0 0 1 -0 -0 1 -0 0 1 0 -0 1 -0 -0 1 -0 0 1 0 -0 1 -0 0 1 0 0 1 0 0 1 0 0 1 0 0 1 0 0 1 0 0 1 0 0 1 0 0 1 0 0 -1 0 0 -1 0 0 -1 0 0 -1 0 0 -1 -0 0 -1 0 0 -1 0 0 -1 0 0 -1 0 0 -1 0 0 -1 0 0 -1 0 0 -1 0 0 -1 0 0 -1 0 0 -1 0 0 -1 0 0 -1 0 0 -1 0 0 -1 0 0 -1 0 0 -1 0 0 -1 0 -0 -1 0 0 -1 0 0 -1 0 0 -1 0 0 -1 0 0 -1 0 0 -1 0 0 -1 0 0 -1 0 0 -1 0 0 -1 0 0 -1 0 0 -1 0 0 -1 0 0 -1 0 0 -1 -0 0 -1 0 0 -1 -0 0 -1 0 0 -1 0 0 -1 0 -0 -1 0 0 -1 0 -0 -1 0 -0 -1 0 0 -1 0 0 -1 0 0 -1 -0 0 -1 -0 0 -1 0 0 -1 0 0 -1 0 0 -1 0 0 -1 0 0 -1 0 0 -1 0 0 -1 0 0 -1 0 0 -1 0 0 -1 0 0 -1 0 0 -1 0 0 -1 0 -0 -1 0 0 -1 0 -0.05827031 -0 -0.9983008 -0.05827031 -0 -0.9983008 -0.2137227 -0 -0.9768944 -0.2137227 -0 -0.9768944 -0.3639095 -0 -0.9314343 -0.3639095 -0 -0.9314343 -0.5051383 -0 -0.8630384 -0.5051383 -0 -0.8630384 -0.6339285 -0 -0.7733917 -0.6339285 -0 -0.7733917 -0.7471093 -0 -0.6647013 -0.7471093 -0 -0.6647013 -0.8418925 -0 -0.5396452 -0.8418925 -0 -0.5396452 -0.9159467 -0 -0.4013001 -0.9159467 -0 -0.4013001 -0.9674468 -0 -0.2530742 -0.9674468 -0 -0.2530742 -0.9951255 -0 -0.09861645 -0.9951255 -0 -0.09861645 -0.9983008 0 0.05827031 -0.9983008 0 0.05827031 -0.9768944 0 0.2137227 -0.9768944 0 0.2137227 -0.9314343 0 0.3639095 -0.9314343 0 0.3639095 -0.8630384 0 0.5051383 -0.8630384 0 0.5051383 -0.7733917 0 0.6339285 -0.7733917 0 0.6339285 -0.6647013 0 0.7471093 -0.6647013 0 0.7471093 -0.5396452 0 0.8418925 -0.5396452 0 0.8418925 -0.4013001 0 0.9159467 -0.4013001 0 0.9159467 -0.2530742 0 0.9674468 -0.2530742 0 0.9674468 -0.09861645 0 0.9951255 -0.09861645 0 0.9951255 0.9912429 0 0.1320509 0.9370071 0 0.3493104 0.9370071 0 0.3493104 0.8357845 0 0.5490577 0.8357845 0 0.5490577 0.6926548 0 0.7212692 0.6926548 0 0.7212692 0.5147886 0 0.8573171 0.5147886 0 0.8573171 0.3111134 0 0.9503728 0.3111134 0 0.9503728 0.09183272 0 0.9957744 0.09183272 0 0.9957744 0.9912429 0 0.1320509 0.9957744 0 -0.09183272 0.9957744 0 -0.09183272 0.9503728 0 -0.3111134 0.9503728 0 -0.3111134 0.8573171 0 -0.5147886 0.8573171 0 -0.5147886 0.7212692 0 -0.6926548 0.7212692 0 -0.6926548 0.5490577 0 -0.8357845 0.5490577 0 -0.8357845 0.3493104 0 -0.9370071 0.3493104 0 -0.9370071 0.1320509 0 -0.9912429 0.1320509 0 -0.9912429 -0.3110534 0.0014474 -0.9503913 -0.4823602 -0.001346561 -0.8759719 -0.5148993 0.00201861 -0.8572483 -0.6539469 -0.001833499 -0.7565383 -0.692656 0.002470668 -0.7212638 -0.7969596 -0.002223842 -0.6040285 -0.8356917 0.002793178 -0.5491918 -0.9051186 -0.002521033 -0.4251517 -0.936976 0.003008572 -0.3493806 -0.9737444 -0.00269602 -0.2276279 -0.9912543 0.003123296 -0.1319293 -0.9997912 -0.002738827 -0.02024837 -0.9957805 0.003124294 0.09171446 -0.982156 -0.002695743 0.1880485 -0.9503418 0.003008629 0.3111936 -0.9215791 -0.002520305 0.3881825 -0.8572387 0.002793615 0.5149117 -0.8207492 -0.002224487 0.5712844 -0.7212794 0.002469929 0.6926398 -0.6840037 -0.001836982 0.7294762 -0.5491423 0.002015457 0.8357264 -0.5174373 -0.00134435 0.85572 -0.349264 0.001450394 0.9370233 -0.2897137 -0.0007247145 -0.9571131 -0.09184404 0.0007835612 -0.9957731 -0.08437685 0 -0.9964339 -0.3281952 -0.0007236678 0.9446096 -0.1246283 0.0008400558 0.9922031 -0.1320692 0 0.9912405 -0.9912563 0 -0.131951 -0.9369819 -0 -0.3493779 -0.9369819 0 -0.3493779 -0.835699 -0 -0.5491877 -0.835699 0 -0.5491877 -0.6926658 -0 -0.7212588 -0.6926658 0 -0.7212588 -0.5148867 -0 -0.8572583 -0.5148867 0 -0.8572583 -0.3110628 -0 -0.9503893 -0.3110628 0 -0.9503893 -0.09185484 -0 -0.9957725 -0.09185484 0 -0.9957725 -0.9912563 0 -0.131951 -0.9957834 0 0.09173493 -0.9957834 0 0.09173493 -0.9503514 0 0.3111788 -0.9503514 0 0.3111788 -0.8572354 0 0.5149248 -0.8572354 0 0.5149248 -0.7212817 0 0.6926418 -0.7212817 0 0.6926418 -0.5491531 0 0.8357218 -0.5491531 0 0.8357218 -0.3492621 0 0.9370251 -0.3492621 0 0.9370251 -0.1320704 0 0.9912403 -0.1320704 0 0.9912403 0 -1 -0 0 -1 0 0 -1 0 0 -1 0 0 -1 0 0 -1 -0 -0 -1 0 0 -1 -0 0 -1 0 0 -1 0 0 -1 0 0 -1 0 -0 -1 0 0 -1 -0 0 -1 0 0 -1 0 0 -1 0 0 -1 0 0 -1 0 0 -1 0 0 -1 0 0 -1 0 0 -1 0 0 -1 0 0 -1 0 0 -1 0 0 -1 0 0 -1 0 0 -1 0 0 -1 0 0 -1 0 0 -1 0 0 -1 0 0 -1 0 -0 -1 0 0 -1 0 0 -1 0 0 -1 0 0 -1 0 0 -1 0 0 -1 0 0 -1 0 0 -1 0 0 -1 0 0 -1 0 0 -1 0 0 -1 0 0 -1 0 0 -1 0 0 -1 0 0 -1 0 0 -1 0 -0 -1 0 0 -1 0 0 -1 0 0 -1 0 0 -1 0 0 -1 0 0 -1 0 0 -1 0 0 -1 0 0 -1 0 0 -1 0 0 -1 0 0 -1 0 0 -1 0 0 -1 0 0 -1 0 0 -1 0 0 -1 0 0 -1 0 0 -1 0 0 -1 0 -0 -1 0 0 -1 0 0 -1 0 0 -1 0 0 -1 0 0 -1 0 0 -1 0 0 -1 0 0 -1 0 0 -1 0 0 -1 0 0 -1 0 0 -1 0 0 -1 0 0 -1 0 0 -1 0 0 -1 0 0 -1 0 0 -1 0 -0 -1 0 0 -1 0 0 -1 -0 0 -1 0 0 -1 -0 0 -1 0 0 -1 0 0 -1 -0 0 -1 0 0 -1 0 0 -1 -0 0 -1 0 0 -1 0 0 -1 0 0 -1 0 0 -1 0 0 -1 0 0 -1 0 0 -1 -0 0 -1 -0 0 -1 0 0 -1 -0 0 -1 0 0 -1 0 0 -1 0 0 -1 0 0 -1 0 0 -1 0 0 -1 0 0 -1 0 0 -1 0 0 -1 0 0 -1 0 0 -1 0 0 -1 0 0 -1 0 0 -1 0 -0 -1 0 0 -1 0 -0 -1 0 0.9912594 1.226473e-05 0.1319272 0.9370111 1.530581e-05 0.3492995 0.9369802 5.423605e-06 0.3493822 0.8357731 6.496869e-06 0.5490751 0.8356962 -9.154027e-06 0.549192 0.6926582 -9.448057e-06 0.721266 0.6926568 -9.667327e-06 0.7212674 0.5148114 -9.432384e-06 0.8573035 0.5148836 0 0.8572601 0.311105 0 0.9503756 0.3110742 -3.626636e-06 0.9503857 0.09181591 -3.798584e-06 0.9957759 0.0918497 0 0.9957728 0.991245 0 0.1320358 0.9957855 0 -0.0917126 0.995776 1.164728e-05 -0.09181618 0.9503475 1.481153e-05 -0.3111907 0.9503758 4.61364e-06 -0.3111041 0.8572393 4.906989e-06 -0.5149183 0.8573035 -9.050084e-06 -0.5148114 0.7212816 -9.429854e-06 -0.6926419 0.7212675 -7.134996e-06 -0.6926567 0.5491435 -7.590438e-06 -0.8357282 0.5490724 1.918696e-06 -0.8357747 0.3492693 1.221327e-06 -0.9370224 0.3493137 -4.088825e-06 -0.9370058 0.1320637 -3.57089e-06 -0.9912412 0.1320321 0 -0.9912454 0.9912563 1.128891e-05 0.131951 0.9370071 1.412846e-05 0.3493104 0.9369819 6.063308e-06 0.3493779 0.8357845 6.772651e-06 0.5490577 0.835699 -1.064762e-05 0.5491877 0.6926548 -1.11495e-05 0.7212691 0.6926658 -9.460344e-06 0.7212588 0.5147887 -9.391179e-06 0.8573171 0.5148867 3.419689e-06 0.8572583 0.3111134 3.216337e-06 0.9503728 0.3110628 -2.746741e-06 0.9503893 0.09183272 -2.486893e-06 0.9957744 0.09185484 0 0.9957725 0.9912429 0 0.1320509 0.9957834 0 -0.09173493 0.9957744 1.099642e-05 -0.09183272 0.9503514 1.385675e-05 -0.3111788 0.9503728 6.140542e-06 -0.3111134 0.8572354 6.839774e-06 -0.5149248 0.8573171 -1.093173e-05 -0.5147887 0.7212817 -1.139403e-05 -0.6926418 0.7212691 -9.371638e-06 -0.6926548 0.5491531 -9.292492e-06 -0.8357218 0.5490577 3.489868e-06 -0.8357845 0.3492621 3.299629e-06 -0.9370251 0.3493104 -2.476922e-06 -0.9370071 0.1320704 -2.202954e-06 -0.9912404 0.1320509 0 -0.9912429 -0.02164643 0 0.9997657 -0.02167837 5.583424e-06 0.999765 0.1278409 5.937265e-06 0.9917946 0.1278946 -3.526437e-06 0.9917878 0.2746191 -3.673306e-06 0.9615531 0.2745989 0 0.9615589 0.4151936 0 0.9097331 0.4151432 9.678897e-06 0.9097561 0.5463793 9.621723e-06 0.8375378 0.5463721 1.112237e-05 0.8375425 0.6652963 1.080693e-05 0.7465794 0.6653425 0 0.7465382 0.7693437 0 0.6388351 0.7693866 -1.173013e-05 0.6387834 0.8561719 -1.058457e-05 0.516691 0.8561673 -9.036145e-06 0.5166986 0.9237563 -7.364084e-06 0.3829808 0.9237401 0 0.3830197 0.9705697 0 0.2408204 0.9705875 -1.294754e-05 0.2407485 0.9956583 -1.471896e-05 0.09308401 0.9956592 -1.65488e-05 0.09307358 0.9983863 -1.772488e-05 -0.05678802 0.998392 0 -0.05668676 0.9787046 0 -0.2052738 0.9787251 1.746717e-05 -0.205176 0.9370996 1.762483e-05 -0.3490621 0.9370992 1.742371e-05 -0.3490632 0.8744966 1.710788e-05 -0.4850318 0.8744491 0 -0.4851173 0.7922394 0 -0.6102104 0.7921795 -1.716209e-05 -0.6102882 0.6921282 -1.580377e-05 -0.7217746 0.6921381 -1.339476e-05 -0.7217651 0.5765111 -1.136296e-05 -0.8170892 0.5765644 0 -0.8170518 0.4481175 0 -0.8939747 0.4480587 -1.148408e-05 -0.8940041 0.3095093 -1.349613e-05 -0.9508965 0.3094978 -1.559882e-05 -0.9509001 0.1638977 -1.697253e-05 -0.9864773 0.1639935 0 -0.9864614 0.01471282 0 -0.9998918 0.01481167 1.727676e-05 -0.9998903 -0.1347059 1.758937e-05 -0.9908857 -0.134704 1.792758e-05 -0.9908859 -0.2811013 1.777299e-05 -0.9596781 -0.2811989 -0 -0.9596495 -0.4212899 -0 -0.906926 -0.4213807 -1.750638e-05 -0.9068838 -0.5521196 -1.631743e-05 -0.833765 -0.552112 -1.473613e-05 -0.83377 -0.6705113 -1.292722e-05 -0.7418994 -0.6704563 -0 -0.741949 -0.7737294 -0 -0.6335163 -0.7737552 -7.11443e-06 -0.6334847 -0.8596924 -8.809696e-06 -0.510812 -0.8596972 -1.046332e-05 -0.5108039 -0.9263743 -1.162018e-05 -0.3766042 -0.9263492 -0 -0.3766658 -0.9722329 -0 -0.2340152 -0.9722183 1.094657e-05 -0.2340761 -0.9962743 1.128458e-05 -0.08624083 -0.996275 9.953579e-06 -0.08623324 -0.9979827 1.001009e-05 0.06348673 -0.997979 0 0.0635439 -0.977297 0 0.2118739 -0.9772922 -3.904461e-06 0.2118957 -0.9346603 -3.749326e-06 0.3555421 -0.9346796 5.77254e-06 0.3554911 -0.8711112 5.437083e-06 0.4910858 -0.8710959 0 0.4911129 0.8579373 0 0.5137544 0.8579373 0 0.5137544 0.02164782 0 -0.9997656 0.02166557 3.102408e-06 -0.9997653 -0.1278556 3.59991e-06 -0.9917928 -0.1278939 -3.152809e-06 -0.9917879 -0.2746193 -3.056695e-06 -0.9615531 -0.2746024 -0 -0.9615579 -0.4151815 -0 -0.9097386 -0.4151446 7.103779e-06 -0.9097555 -0.54638 7.061815e-06 -0.8375374 -0.546363 1.060419e-05 -0.8375485 -0.6652967 1.01325e-05 -0.7465791 -0.6653399 -0 -0.7465405 -0.7693388 -0 -0.638841 -0.7693896 -1.390944e-05 -0.6387798 -0.8561791 -1.288619e-05 -0.5166792 -0.8561695 -9.620314e-06 -0.5166952 -0.9237558 -8.049901e-06 -0.3829819 -0.9237382 -0 -0.3830245 -0.9705694 -0 -0.2408216 -0.9705892 -1.436053e-05 -0.2407418 -0.9956583 -1.58076e-05 -0.09308328 -0.9956581 -1.551167e-05 -0.09308497 -0.9983862 -1.708136e-05 0.05678847 -0.9983918 0 0.05669088 -0.9787057 0 0.2052684 -0.9787228 1.450236e-05 0.2051871 -0.937099 1.495284e-05 0.3490637 -0.9371049 1.793178e-05 0.3490477 -0.8744928 1.784785e-05 0.4850386 -0.8744432 0 0.4851279 -0.792235 0 0.6102161 -0.7921825 -1.50351e-05 0.6102843 -0.6921402 -1.373575e-05 0.7217631 -0.6921311 -1.593585e-05 0.7217718 -0.5765042 -1.395995e-05 0.8170941 -0.5765695 0 0.8170481 -0.4481228 0 0.893972 -0.4480706 -1.02201e-05 0.8939982 -0.3094968 -1.257036e-05 0.9509005 -0.3094876 -1.425729e-05 0.9509034 -0.1639163 -1.583969e-05 0.9864742 -0.1640058 0 0.9864594 -0.01470614 0 0.9998918 -0.01480045 1.64815e-05 0.9998904 0.1347039 1.680791e-05 0.9908859 0.1347037 1.685073e-05 0.9908859 0.2811089 1.684677e-05 0.9596759 0.2812014 0 0.9596488 0.4212839 0 0.9069288 0.4213836 -1.921353e-05 0.9068825 0.5521216 -1.818802e-05 0.8337635 0.5521007 -1.378264e-05 0.8337775 0.6705093 -1.226389e-05 0.7419011 0.6704573 0 0.7419482 0.7737368 0 0.6335072 0.7737654 -7.914379e-06 0.6334721 0.8596923 -9.529535e-06 0.5108123 0.8596932 -9.854319e-06 0.5108108 0.9263718 -1.117119e-05 0.3766103 0.9263477 0 0.3766695 0.9722338 0 0.2340119 0.9722164 1.298049e-05 0.2340841 0.9962747 1.33017e-05 0.08623665 0.9962763 1.013465e-05 0.0862186 0.9979831 1.015201e-05 -0.06348043 0.9979794 0 -0.06353841 0.9772989 0 -0.2118653 0.9772909 -6.524121e-06 -0.2119018 0.9346599 -6.239528e-06 -0.3555431 0.9346853 6.239698e-06 -0.3554763 0.8711073 5.815269e-06 -0.4910926 0.8710911 0 -0.4911216 -0.8579373 -0 -0.5137545 -0.8579373 0 -0.5137545 0 1 0 0 1 0 0 1 0 0 1 0 0 1 0 0 1 0 0 1 0 -0 1 0 0 1 0 0 1 0 0 1 0 0 1 0 0 1 0 0 1 0 0 1 0 0 1 0 0 1 0 0 1 -0 0 1 0 0 1 0 -0 1 0 0 1 0 0 1 0 0 1 0 0 1 0 0 1 0 0 1 0 0 1 0 0 1 0 0 1 0 0 1 0 0 1 -0 0 1 0 0 1 0 -0 1 0 0 1 0 0 1 0 0 1 0 0 1 0 0 1 0 0 1 0 0 1 0 0 1 -0 0 1 0 0 1 -0 0 1 0 0 1 0 0 1 0 0 1 0 0 1 0 0 1 0 0 1 0 0 1 -0 0 1 0 0 1 0 0 1 0 0 1 0 0 1 0 0 1 0 0 1 0 -0 1 0 0 1 0 0 1 0 0 1 0 0 1 0 0 1 0 0 1 0 0 1 0 0 1 -0 0 1 0 0 1 0 0 1 0 0 1 0 0 1 -0 0 1 0 0 1 0 0 1 0 0 1 0 0 1 0 0 1 0 -0 1 0 0 1 0 0 1 0 0 1 0 0 1 0 0 1 0 0 1 0 0 1 0 -0 1 0 0 1 0 -0 1 0 0 1 0 0 1 0 0 1 0 0 1 0 0 1 0 0 1 0 0 1 0 0 1 0 0 1 0 0 1 0 0 1 0 0 1 0 0 1 0 0 1 0 -0 1 -0 0 1 0 -0 1 -0 -0 1 -0 0 1 -0 -0 1 0 0 1 0 0 1 0 0 1 0 0 1 0 0 1 0 -0 1 -0 0 1 0 -0 1 -0 -0 1 -0 0 1 0 -0 1 -0 -0 1 -0 0 1 0 -0 1 -0 0 1 0 0 1 0 0 1 0 0 1 0 0 1 0 0 1 -0 0 1 -0 0 1 0 -0.3110534 0.0014474 -0.9503913 -0.4823602 -0.001346561 -0.8759719 -0.5148993 0.00201861 -0.8572483 -0.6539469 -0.001833499 -0.7565383 -0.692656 0.002470668 -0.7212638 -0.7969596 -0.002223842 -0.6040285 -0.8356917 0.002793178 -0.5491918 -0.9051186 -0.002521033 -0.4251517 -0.936976 0.003008572 -0.3493806 -0.9737444 -0.00269602 -0.2276279 -0.9912543 0.003123296 -0.1319293 -0.9997912 -0.002738827 -0.02024837 -0.9957805 0.003124294 0.09171446 -0.982156 -0.002695743 0.1880485 -0.9503418 0.003008629 0.3111936 -0.9215791 -0.002520305 0.3881825 -0.8572387 0.002793615 0.5149117 -0.8207492 -0.002224487 0.5712844 -0.7212794 0.002469929 0.6926398 -0.6840037 -0.001836982 0.7294762 -0.5491423 0.002015457 0.8357264 -0.5174373 -0.00134435 0.85572 -0.349264 0.001450394 0.9370233 -0.2897137 -0.0007247145 -0.9571131 -0.09184404 0.0007835612 -0.9957731 -0.08437685 0 -0.9964339 -0.3281952 -0.0007236678 0.9446096 -0.1246283 0.0008400558 0.9922031 -0.1320692 0 0.9912405 -0.9912563 0 -0.131951 -0.9369819 -0 -0.3493779 -0.9369819 0 -0.3493779 -0.835699 -0 -0.5491877 -0.835699 0 -0.5491877 -0.6926658 -0 -0.7212588 -0.6926658 0 -0.7212588 -0.5148867 -0 -0.8572583 -0.5148867 0 -0.8572583 -0.3110628 -0 -0.9503893 -0.3110628 0 -0.9503893 -0.09185484 -0 -0.9957725 -0.09185484 0 -0.9957725 -0.9912563 0 -0.131951 -0.9957834 0 0.09173493 -0.9957834 0 0.09173493 -0.9503514 0 0.3111788 -0.9503514 0 0.3111788 -0.8572354 0 0.5149248 -0.8572354 0 0.5149248 -0.7212817 0 0.6926418 -0.7212817 0 0.6926418 -0.5491531 0 0.8357218 -0.5491531 0 0.8357218 -0.3492621 0 0.9370251 -0.3492621 0 0.9370251 -0.1320704 0 0.9912403 -0.1320704 0 0.9912403 0 -1 -0 0 -1 0 0 -1 0 0 -1 0 0 -1 0 0 -1 -0 -0 -1 0 0 -1 -0 0 -1 0 0 -1 0 0 -1 0 0 -1 0 -0 -1 0 0 -1 -0 0 -1 0 0 -1 0 0 -1 0 0 -1 0 0 -1 0 0 -1 0 0 -1 0 0 -1 0 0 -1 0 0 -1 0 0 -1 0 0 -1 0 0 -1 0 0 -1 0 0 -1 0 0 -1 0 0 -1 0 0 -1 0 0 -1 0 0 -1 0 -0 -1 0 0 -1 0 0 -1 0 0 -1 0 0 -1 0 0 -1 0 0 -1 0 0 -1 0 0 -1 0 0 -1 0 0 -1 0 0 -1 0 0 -1 0 0 -1 0 0 -1 0 0 -1 0 0 -1 0 0 -1 0 -0 -1 0 0 -1 0 0 -1 0 0 -1 0 0 -1 0 0 -1 0 0 -1 0 0 -1 0 0 -1 0 0 -1 0 0 -1 0 0 -1 0 0 -1 0 0 -1 0 0 -1 0 0 -1 0 0 -1 0 0 -1 0 0 -1 0 0 -1 0 0 -1 0 -0 -1 0 0 -1 0 0 -1 0 0 -1 0 0 -1 0 0 -1 0 0 -1 0 0 -1 0 0 -1 0 0 -1 0 0 -1 0 0 -1 0 0 -1 0 0 -1 0 0 -1 0 0 -1 0 0 -1 0 0 -1 0 0 -1 0 -0 -1 0 0 -1 0 0 -1 -0 0 -1 0 0 -1 -0 0 -1 0 0 -1 0 0 -1 -0 0 -1 0 0 -1 0 0 -1 -0 0 -1 0 0 -1 0 0 -1 0 0 -1 0 0 -1 0 0 -1 0 0 -1 0 0 -1 -0 0 -1 -0 0 -1 0 0 -1 -0 0 -1 0 0 -1 0 0 -1 0 0 -1 0 0 -1 0 0 -1 0 0 -1 0 0 -1 0 0 -1 0 0 -1 0 0 -1 0 0 -1 0 0 -1 0 0 -1 0 0 -1 0 -0 -1 0 0 -1 0 -0 -1 0 0.9912594 1.226473e-05 0.1319272 0.9370111 1.530581e-05 0.3492995 0.9369802 5.423605e-06 0.3493822 0.8357731 6.496869e-06 0.5490751 0.8356962 -9.154027e-06 0.549192 0.6926582 -9.448057e-06 0.721266 0.6926568 -9.667327e-06 0.7212674 0.5148114 -9.432384e-06 0.8573035 0.5148836 0 0.8572601 0.311105 0 0.9503756 0.3110742 -3.626636e-06 0.9503857 0.09181591 -3.798584e-06 0.9957759 0.0918497 0 0.9957728 0.991245 0 0.1320358 0.9957855 0 -0.0917126 0.995776 1.164728e-05 -0.09181618 0.9503475 1.481153e-05 -0.3111907 0.9503758 4.61364e-06 -0.3111041 0.8572393 4.906989e-06 -0.5149183 0.8573035 -9.050084e-06 -0.5148114 0.7212816 -9.429854e-06 -0.6926419 0.7212675 -7.134996e-06 -0.6926567 0.5491435 -7.590438e-06 -0.8357282 0.5490724 1.918696e-06 -0.8357747 0.3492693 1.221327e-06 -0.9370224 0.3493137 -4.088825e-06 -0.9370058 0.1320637 -3.57089e-06 -0.9912412 0.1320321 0 -0.9912454 0.9912563 1.128891e-05 0.131951 0.9370071 1.412846e-05 0.3493104 0.9369819 6.063308e-06 0.3493779 0.8357845 6.772651e-06 0.5490577 0.835699 -1.064762e-05 0.5491877 0.6926548 -1.11495e-05 0.7212691 0.6926658 -9.460344e-06 0.7212588 0.5147887 -9.391179e-06 0.8573171 0.5148867 3.419689e-06 0.8572583 0.3111134 3.216337e-06 0.9503728 0.3110628 -2.746741e-06 0.9503893 0.09183272 -2.486893e-06 0.9957744 0.09185484 0 0.9957725 0.9912429 0 0.1320509 0.9957834 0 -0.09173493 0.9957744 1.099642e-05 -0.09183272 0.9503514 1.385675e-05 -0.3111788 0.9503728 6.140542e-06 -0.3111134 0.8572354 6.839774e-06 -0.5149248 0.8573171 -1.093173e-05 -0.5147887 0.7212817 -1.139403e-05 -0.6926418 0.7212691 -9.371638e-06 -0.6926548 0.5491531 -9.292492e-06 -0.8357218 0.5490577 3.489868e-06 -0.8357845 0.3492621 3.299629e-06 -0.9370251 0.3493104 -2.476922e-06 -0.9370071 0.1320704 -2.202954e-06 -0.9912404 0.1320509 0 -0.9912429 -0.02164643 0 0.9997657 -0.02167837 5.583424e-06 0.999765 0.1278409 5.937265e-06 0.9917946 0.1278946 -3.526437e-06 0.9917878 0.2746191 -3.673306e-06 0.9615531 0.2745989 0 0.9615589 0.4151936 0 0.9097331 0.4151432 9.678897e-06 0.9097561 0.5463793 9.621723e-06 0.8375378 0.5463721 1.112237e-05 0.8375425 0.6652963 1.080693e-05 0.7465794 0.6653425 0 0.7465382 0.7693437 0 0.6388351 0.7693866 -1.173013e-05 0.6387834 0.8561719 -1.058457e-05 0.516691 0.8561673 -9.036145e-06 0.5166986 0.9237563 -7.364084e-06 0.3829808 0.9237401 0 0.3830197 0.9705697 0 0.2408204 0.9705875 -1.294754e-05 0.2407485 0.9956583 -1.471896e-05 0.09308401 0.9956592 -1.65488e-05 0.09307358 0.9983863 -1.772488e-05 -0.05678802 0.998392 0 -0.05668676 0.9787046 0 -0.2052738 0.9787251 1.746717e-05 -0.205176 0.9370996 1.762483e-05 -0.3490621 0.9370992 1.742371e-05 -0.3490632 0.8744966 1.710788e-05 -0.4850318 0.8744491 0 -0.4851173 0.7922394 0 -0.6102104 0.7921795 -1.716209e-05 -0.6102882 0.6921282 -1.580377e-05 -0.7217746 0.6921381 -1.339476e-05 -0.7217651 0.5765111 -1.136296e-05 -0.8170892 0.5765644 0 -0.8170518 0.4481175 0 -0.8939747 0.4480587 -1.148408e-05 -0.8940041 0.3095093 -1.349613e-05 -0.9508965 0.3094978 -1.559882e-05 -0.9509001 0.1638977 -1.697253e-05 -0.9864773 0.1639935 0 -0.9864614 0.01471282 0 -0.9998918 0.01481167 1.727676e-05 -0.9998903 -0.1347059 1.758937e-05 -0.9908857 -0.134704 1.792758e-05 -0.9908859 -0.2811013 1.777299e-05 -0.9596781 -0.2811989 -0 -0.9596495 -0.4212899 -0 -0.906926 -0.4213807 -1.750638e-05 -0.9068838 -0.5521196 -1.631743e-05 -0.833765 -0.552112 -1.473613e-05 -0.83377 -0.6705113 -1.292722e-05 -0.7418994 -0.6704563 -0 -0.741949 -0.7737294 -0 -0.6335163 -0.7737552 -7.11443e-06 -0.6334847 -0.8596924 -8.809696e-06 -0.510812 -0.8596972 -1.046332e-05 -0.5108039 -0.9263743 -1.162018e-05 -0.3766042 -0.9263492 -0 -0.3766658 -0.9722329 -0 -0.2340152 -0.9722183 1.094657e-05 -0.2340761 -0.9962743 1.128458e-05 -0.08624083 -0.996275 9.953579e-06 -0.08623324 -0.9979827 1.001009e-05 0.06348673 -0.997979 0 0.0635439 -0.977297 0 0.2118739 -0.9772922 -3.904461e-06 0.2118957 -0.9346603 -3.749326e-06 0.3555421 -0.9346796 5.77254e-06 0.3554911 -0.8711112 5.437083e-06 0.4910858 -0.8710959 0 0.4911129 0.8579373 0 0.5137544 0.8579373 0 0.5137544 0.02164782 0 -0.9997656 0.02166557 3.102408e-06 -0.9997653 -0.1278556 3.59991e-06 -0.9917928 -0.1278939 -3.152809e-06 -0.9917879 -0.2746193 -3.056695e-06 -0.9615531 -0.2746024 -0 -0.9615579 -0.4151815 -0 -0.9097386 -0.4151446 7.103779e-06 -0.9097555 -0.54638 7.061815e-06 -0.8375374 -0.546363 1.060419e-05 -0.8375485 -0.6652967 1.01325e-05 -0.7465791 -0.6653399 -0 -0.7465405 -0.7693388 -0 -0.638841 -0.7693896 -1.390944e-05 -0.6387798 -0.8561791 -1.288619e-05 -0.5166792 -0.8561695 -9.620314e-06 -0.5166952 -0.9237558 -8.049901e-06 -0.3829819 -0.9237382 -0 -0.3830245 -0.9705694 -0 -0.2408216 -0.9705892 -1.436053e-05 -0.2407418 -0.9956583 -1.58076e-05 -0.09308328 -0.9956581 -1.551167e-05 -0.09308497 -0.9983862 -1.708136e-05 0.05678847 -0.9983918 0 0.05669088 -0.9787057 0 0.2052684 -0.9787228 1.450236e-05 0.2051871 -0.937099 1.495284e-05 0.3490637 -0.9371049 1.793178e-05 0.3490477 -0.8744928 1.784785e-05 0.4850386 -0.8744432 0 0.4851279 -0.792235 0 0.6102161 -0.7921825 -1.50351e-05 0.6102843 -0.6921402 -1.373575e-05 0.7217631 -0.6921311 -1.593585e-05 0.7217718 -0.5765042 -1.395995e-05 0.8170941 -0.5765695 0 0.8170481 -0.4481228 0 0.893972 -0.4480706 -1.02201e-05 0.8939982 -0.3094968 -1.257036e-05 0.9509005 -0.3094876 -1.425729e-05 0.9509034 -0.1639163 -1.583969e-05 0.9864742 -0.1640058 0 0.9864594 -0.01470614 0 0.9998918 -0.01480045 1.64815e-05 0.9998904 0.1347039 1.680791e-05 0.9908859 0.1347037 1.685073e-05 0.9908859 0.2811089 1.684677e-05 0.9596759 0.2812014 0 0.9596488 0.4212839 0 0.9069288 0.4213836 -1.921353e-05 0.9068825 0.5521216 -1.818802e-05 0.8337635 0.5521007 -1.378264e-05 0.8337775 0.6705093 -1.226389e-05 0.7419011 0.6704573 0 0.7419482 0.7737368 0 0.6335072 0.7737654 -7.914379e-06 0.6334721 0.8596923 -9.529535e-06 0.5108123 0.8596932 -9.854319e-06 0.5108108 0.9263718 -1.117119e-05 0.3766103 0.9263477 0 0.3766695 0.9722338 0 0.2340119 0.9722164 1.298049e-05 0.2340841 0.9962747 1.33017e-05 0.08623665 0.9962763 1.013465e-05 0.0862186 0.9979831 1.015201e-05 -0.06348043 0.9979794 0 -0.06353841 0.9772989 0 -0.2118653 0.9772909 -6.524121e-06 -0.2119018 0.9346599 -6.239528e-06 -0.3555431 0.9346853 6.239698e-06 -0.3554763 0.8711073 5.815269e-06 -0.4910926 0.8710911 0 -0.4911216 -0.8579373 -0 -0.5137545 -0.8579373 0 -0.5137545 0 1 0 0 1 0 0 1 0 0 1 0 0 1 0 0 1 0 0 1 0 -0 1 0 0 1 0 0 1 0 0 1 0 0 1 0 0 1 0 0 1 0 0 1 0 0 1 0 0 1 0 0 1 -0 0 1 0 0 1 0 -0 1 0 0 1 0 0 1 0 0 1 0 0 1 0 0 1 0 0 1 0 0 1 0 0 1 0 0 1 0 0 1 0 0 1 -0 0 1 0 0 1 0 -0 1 0 0 1 0 0 1 0 0 1 0 0 1 0 0 1 0 0 1 0 0 1 0 0 1 -0 0 1 0 0 1 -0 0 1 0 0 1 0 0 1 0 0 1 0 0 1 0 0 1 0 0 1 0 0 1 -0 0 1 0 0 1 0 0 1 0 0 1 0 0 1 0 0 1 0 0 1 0 -0 1 0 0 1 0 0 1 0 0 1 0 0 1 0 0 1 0 0 1 0 0 1 0 0 1 -0 0 1 0 0 1 0 0 1 0 0 1 0 0 1 -0 0 1 0 0 1 0 0 1 0 0 1 0 0 1 0 0 1 0 -0 1 0 0 1 0 0 1 0 0 1 0 0 1 0 0 1 0 0 1 0 0 1 0 -0 1 0 0 1 0 -0 1 0 0 1 0 0 1 0 0 1 0 0 1 0 0 1 0 0 1 0 0 1 0 0 1 0 0 1 0 0 1 0 0 1 0 0 1 0 0 1 0 0 1 0 -0 1 -0 0 1 0 -0 1 -0 -0 1 -0 0 1 -0 -0 1 0 0 1 0 0 1 0 0 1 0 0 1 0 0 1 0 -0 1 -0 0 1 0 -0 1 -0 -0 1 -0 0 1 0 -0 1 -0 -0 1 -0 0 1 0 -0 1 -0 0 1 0 0 1 0 0 1 0 0 1 0 0 1 0 0 1 -0 0 1 -0 0 1 0</float_array>
          <technique_common>
            <accessor count="3794" source="#cubenormals-array0-array" stride="3">
              <param type="float" name="X"/>
              <param type="float" name="Y"/>
              <param type="float" name="Z"/>
            </accessor>
          </technique_common>
        </source>
        <vertices id="cubeverts-array0-vertices">
          <input semantic="POSITION" source="#cubeverts-array0"/>
        </vertices>
        <triangles count="3794" material="ref_gr_rh_link">
          <input offset="0" semantic="VERTEX" source="#cubeverts-array0-vertices"/>
          <input offset="1" semantic="NORMAL" source="#cubenormals-array0"/>
          <p>514 0 571 0 582 0 582 1 571 1 638 1 582 2 638 2 654 2 654 3 638 3 697 3 654 4 697 4 713 4 713 5 697 5 729 5 713 6 729 6 737 6 737 7 729 7 756 7 737 8 756 8 769 8 756 9 777 9 769 9 782 10 769 10 777 10 777 11 795 11 782 11 801 12 782 12 795 12 795 13 804 13 801 13 806 14 801 14 804 14 804 15 805 15 806 15 802 16 806 16 805 16 805 17 800 17 802 17 783 18 772 18 770 18 770 19 772 19 743 19 770 20 743 20 738 20 738 21 743 21 721 21 665 22 690 22 615 22 665 23 615 23 596 23 596 24 615 24 557 24 714 25 738 25 721 25 714 26 721 26 690 26 714 27 690 27 665 27 443 28 444 28 514 28 514 29 444 29 509 29 514 30 509 30 571 30 802 31 800 31 783 31 783 32 800 32 785 32 783 33 785 33 772 33 418 34 417 34 493 34 493 35 417 35 480 35 493 36 480 36 557 36 557 37 480 37 548 37 557 38 548 38 596 38 519 39 515 39 460 39 554 40 515 40 519 40 599 41 581 41 589 41 607 42 599 42 589 42 622 43 599 43 607 43 625 44 622 44 607 44 628 45 622 45 625 45 626 46 628 46 625 46 626 47 623 47 628 47 623 48 626 48 614 48 614 49 602 49 623 49 602 50 614 50 590 50 590 51 588 51 602 51 588 52 590 52 564 52 564 53 559 53 588 53 559 54 564 54 525 54 525 55 520 55 559 55 520 56 525 56 476 56 560 57 589 57 581 57 560 58 581 58 554 58 560 59 554 59 519 59 515 60 458 60 460 60 460 61 458 61 429 61 460 62 429 62 430 62 520 63 476 63 467 63 467 64 476 64 432 64 467 65 432 65 431 65 354 66 295 66 285 66 285 67 295 67 228 67 285 68 228 68 215 68 215 69 228 69 175 69 215 70 175 70 159 70 159 71 175 71 142 71 159 72 142 72 132 72 132 73 142 73 116 73 132 74 116 74 95 74 116 75 87 75 95 75 80 76 95 76 87 76 87 77 70 77 80 77 60 78 80 78 70 78 70 79 58 79 60 79 53 80 60 80 58 80 58 81 54 81 53 81 59 82 53 82 54 82 54 83 61 83 59 83 79 84 93 84 94 84 94 85 93 85 126 85 94 86 126 86 131 86 131 87 126 87 146 87 203 88 182 88 254 88 203 89 254 89 270 89 270 90 254 90 311 90 158 91 131 91 146 91 158 92 146 92 182 92 158 93 182 93 203 93 417 94 418 94 354 94 354 95 418 95 358 95 354 96 358 96 295 96 59 97 61 97 79 97 79 98 61 98 77 98 79 99 77 99 93 99 444 100 443 100 373 100 373 101 443 101 379 101 373 102 379 102 311 102 311 103 379 103 315 103 311 104 315 104 270 104 765 105 795 105 777 105 93 106 77 106 100 106 93 107 100 107 117 107 93 108 117 108 126 108 54 109 58 109 70 109 54 110 70 110 87 110 54 111 87 111 99 111 54 112 99 112 100 112 54 113 100 113 77 113 54 114 77 114 61 114 772 115 785 115 764 115 764 116 785 116 800 116 764 117 800 117 765 117 765 118 800 118 805 118 765 119 805 119 795 119 795 120 805 120 804 120 765 121 777 121 760 121 760 122 777 122 756 122 760 123 756 123 739 123 739 124 756 124 729 124 739 125 729 125 724 125 724 126 729 126 694 126 694 127 729 127 697 127 694 128 697 128 637 128 637 129 697 129 638 129 637 130 638 130 572 130 572 131 638 131 571 131 572 132 571 132 510 132 510 133 571 133 509 133 510 134 509 134 447 134 447 135 509 135 444 135 447 136 444 136 375 136 375 137 444 137 373 137 375 138 373 138 312 138 312 139 373 139 311 139 312 140 311 140 263 140 263 141 311 141 254 141 263 142 254 142 190 142 190 143 254 143 182 143 190 144 182 144 153 144 153 145 182 145 146 145 153 146 146 146 133 146 133 147 146 147 126 147 133 148 126 148 117 148 772 149 764 149 743 149 743 150 764 150 755 150 743 151 755 151 721 151 721 152 755 152 734 152 721 153 734 153 717 153 721 154 717 154 690 154 690 155 717 155 683 155 690 156 683 156 615 156 615 157 683 157 608 157 615 158 608 158 557 158 557 159 608 159 556 159 557 160 556 160 493 160 493 161 556 161 491 161 493 162 491 162 418 162 418 163 491 163 415 163 418 164 415 164 358 164 358 165 415 165 357 165 358 166 357 166 295 166 295 167 357 167 294 167 295 168 294 168 228 168 228 169 294 169 229 169 228 170 229 170 175 170 175 171 229 171 179 171 175 172 179 172 142 172 142 173 179 173 145 173 142 174 145 174 116 174 116 175 145 175 130 175 116 176 130 176 112 176 112 177 99 177 116 177 116 178 99 178 87 178 169 179 131 179 158 179 169 180 136 180 131 180 703 181 665 181 644 181 703 182 714 182 665 182 136 183 105 183 94 183 94 184 131 184 136 184 105 185 85 185 79 185 79 186 94 186 105 186 85 187 71 187 59 187 59 188 79 188 85 188 71 189 69 189 53 189 53 190 59 190 71 190 69 191 78 191 60 191 60 192 53 192 69 192 78 193 88 193 80 193 80 194 60 194 78 194 88 195 114 195 95 195 95 196 80 196 88 196 114 197 141 197 132 197 132 198 95 198 114 198 141 199 173 199 159 199 159 200 132 200 141 200 173 201 232 201 215 201 215 202 159 202 173 202 232 203 297 203 285 203 285 204 215 204 232 204 297 205 366 205 354 205 354 206 285 206 297 206 441 207 511 207 480 207 511 208 575 208 548 208 548 209 480 209 511 209 575 210 644 210 596 210 596 211 548 211 575 211 665 212 596 212 644 212 417 213 354 213 366 213 417 214 366 214 441 214 417 215 441 215 480 215 272 216 294 216 320 216 272 217 225 217 294 217 190 218 113 218 129 218 190 219 153 219 113 219 683 220 702 220 608 220 683 221 741 221 702 221 153 222 89 222 113 222 153 223 133 223 89 223 133 224 117 224 68 224 68 225 89 225 133 225 117 226 100 226 51 226 51 227 68 227 117 227 100 228 99 228 42 228 42 229 51 229 100 229 31 230 42 230 99 230 130 231 72 231 36 231 130 232 36 232 112 232 145 233 119 233 72 233 145 234 72 234 130 234 119 235 145 235 179 235 229 236 294 236 225 236 225 237 177 237 229 237 320 238 294 238 357 238 357 239 415 239 414 239 414 240 320 240 357 240 415 241 491 241 500 241 500 242 414 242 415 242 491 243 556 243 563 243 563 244 500 244 491 244 556 245 608 245 636 245 636 246 563 246 556 246 702 247 636 247 608 247 28 248 31 248 99 248 28 249 99 249 112 249 28 250 112 250 36 250 229 251 177 251 179 251 179 252 177 252 143 252 179 253 143 253 119 253 190 254 170 254 263 254 190 255 129 255 170 255 591 256 572 256 546 256 591 257 645 257 572 257 683 258 758 258 741 258 683 259 717 259 758 259 717 260 774 260 758 260 717 261 734 261 774 261 734 262 755 262 797 262 797 263 774 263 734 263 755 264 764 264 809 264 809 265 797 265 755 265 764 266 765 266 818 266 818 267 809 267 764 267 830 268 818 268 765 268 739 269 786 269 824 269 739 270 824 270 760 270 724 271 749 271 786 271 724 272 786 272 739 272 749 273 724 273 694 273 637 274 572 274 645 274 645 275 695 275 637 275 546 276 572 276 510 276 510 277 447 277 449 277 449 278 546 278 510 278 447 279 375 279 365 279 365 280 449 280 447 280 375 281 312 281 300 281 300 282 365 282 375 282 312 283 263 283 231 283 231 284 300 284 312 284 170 285 231 285 263 285 832 286 830 286 765 286 832 287 765 287 760 287 832 288 760 288 824 288 637 289 695 289 694 289 694 290 695 290 725 290 694 291 725 291 749 291 169 292 203 292 226 292 169 293 158 293 203 293 703 294 738 294 714 294 703 295 732 295 738 295 732 296 761 296 770 296 770 297 738 297 732 297 761 298 780 298 783 298 783 299 770 299 761 299 780 300 789 300 802 300 802 301 783 301 780 301 789 302 796 302 806 302 806 303 802 303 789 303 796 304 784 304 801 304 801 305 806 305 796 305 784 306 776 306 782 306 782 307 801 307 784 307 776 308 757 308 769 308 769 309 782 309 776 309 757 310 730 310 737 310 737 311 769 311 757 311 730 312 698 312 713 312 713 313 737 313 730 313 698 314 633 314 654 314 654 315 713 315 698 315 633 316 566 316 582 316 582 317 654 317 633 317 566 318 499 318 514 318 514 319 582 319 566 319 420 320 356 320 379 320 356 321 292 321 315 321 315 322 379 322 356 322 292 323 226 323 270 323 270 324 315 324 292 324 203 325 270 325 226 325 443 326 514 326 499 326 443 327 499 327 420 327 443 328 420 328 379 328 467 329 499 329 520 329 226 330 71 330 85 330 226 331 85 331 105 331 226 332 105 332 136 332 226 333 136 333 169 333 233 334 255 334 232 334 233 335 232 335 173 335 233 336 173 336 141 336 233 337 141 337 114 337 233 338 114 338 88 338 233 339 88 339 78 339 628 340 623 340 633 340 628 341 633 341 698 341 628 342 698 342 730 342 628 343 730 343 757 343 628 344 757 344 776 344 628 345 776 345 784 345 628 346 784 346 796 346 628 347 796 347 789 347 628 348 789 348 780 348 628 349 780 349 761 349 628 350 761 350 732 350 628 351 732 351 703 351 628 352 703 352 644 352 628 353 644 353 622 353 226 354 292 354 278 354 226 355 278 355 266 355 226 356 266 356 237 356 78 357 69 357 233 357 233 358 69 358 237 358 69 359 71 359 237 359 237 360 71 360 226 360 588 361 566 361 602 361 602 362 566 362 633 362 602 363 633 363 623 363 588 364 559 364 566 364 566 365 559 365 520 365 566 366 520 366 499 366 348 367 356 367 405 367 405 368 356 368 420 368 405 369 420 369 431 369 431 370 420 370 499 370 431 371 499 371 467 371 278 372 292 372 310 372 310 373 292 373 356 373 310 374 356 374 348 374 581 375 599 375 575 375 575 376 599 376 622 376 575 377 622 377 644 377 515 378 554 378 511 378 511 379 554 379 581 379 511 380 581 380 575 380 429 381 458 381 441 381 441 382 458 382 515 382 441 383 515 383 511 383 298 384 339 384 297 384 297 385 339 385 383 385 297 386 383 386 366 386 366 387 383 387 429 387 366 388 429 388 441 388 255 389 275 389 232 389 232 390 275 390 298 390 232 391 298 391 297 391 500 392 563 392 535 392 535 393 563 393 636 393 535 394 636 394 617 394 617 395 636 395 702 395 617 396 702 396 711 396 711 397 702 397 741 397 711 398 741 398 742 398 406 399 414 399 453 399 453 400 414 400 500 400 453 401 500 401 535 401 406 402 327 402 414 402 414 403 327 403 320 403 327 404 273 404 320 404 320 405 273 405 272 405 129 406 113 406 30 406 129 407 30 407 43 407 129 408 43 408 57 408 129 409 57 409 81 409 129 410 81 410 91 410 129 411 91 411 110 411 129 412 110 412 128 412 28 413 29 413 89 413 28 414 89 414 68 414 28 415 68 415 51 415 28 416 51 416 42 416 28 417 42 417 31 417 30 418 113 418 29 418 29 419 113 419 89 419 28 420 36 420 272 420 28 421 272 421 273 421 28 422 273 422 227 422 28 423 227 423 172 423 28 424 172 424 134 424 28 425 134 425 97 425 28 426 97 426 67 426 28 427 67 427 41 427 28 428 41 428 29 428 272 429 36 429 72 429 272 430 72 430 119 430 272 431 119 431 143 431 272 432 143 432 177 432 272 433 177 433 225 433 832 434 833 434 831 434 832 435 831 435 819 435 832 436 819 436 811 436 832 437 811 437 798 437 832 438 798 438 775 438 832 439 775 439 759 439 832 440 759 440 830 440 741 441 758 441 774 441 741 442 774 442 797 442 741 443 797 443 809 443 741 444 809 444 742 444 830 445 759 445 818 445 818 446 759 446 742 446 818 447 742 447 809 447 591 448 592 448 648 448 591 449 648 449 696 449 591 450 696 450 726 450 591 451 726 451 750 451 591 452 750 452 787 452 591 453 787 453 825 453 591 454 825 454 833 454 591 455 833 455 832 455 591 456 832 456 645 456 832 457 824 457 786 457 832 458 786 458 749 458 832 459 749 459 725 459 832 460 725 460 695 460 832 461 695 461 645 461 592 462 591 462 547 462 547 463 591 463 546 463 547 464 546 464 450 464 450 465 546 465 449 465 450 466 449 466 364 466 364 467 449 467 365 467 364 468 365 468 301 468 301 469 365 469 300 469 301 470 300 470 230 470 230 471 300 471 231 471 230 472 231 472 171 472 171 473 231 473 170 473 171 474 170 474 128 474 128 475 170 475 129 475 236 476 266 476 265 476 265 477 266 477 278 477 265 478 278 478 277 478 277 479 278 479 310 479 277 480 310 480 309 480 309 481 310 481 348 481 309 482 348 482 347 482 347 483 348 483 405 483 347 484 405 484 403 484 403 485 405 485 431 485 403 486 431 486 432 486 266 487 236 487 237 487 237 488 236 488 234 488 237 489 234 489 233 489 233 490 234 490 256 490 233 491 256 491 255 491 255 492 256 492 276 492 255 493 276 493 275 493 275 494 276 494 299 494 275 495 299 495 298 495 298 496 299 496 340 496 298 497 340 497 339 497 339 498 340 498 384 498 339 499 384 499 383 499 383 500 384 500 430 500 383 501 430 501 429 501 29 502 103 502 30 502 29 503 41 503 103 503 273 504 313 504 227 504 273 505 327 505 313 505 684 506 711 506 742 506 684 507 616 507 711 507 189 508 110 508 156 508 189 509 128 509 110 509 616 510 617 510 711 510 616 511 561 511 617 511 561 512 503 512 535 512 535 513 617 513 561 513 503 514 440 514 453 514 453 515 535 515 503 515 440 516 374 516 406 516 406 517 453 517 440 517 374 518 313 518 327 518 327 519 406 519 374 519 313 520 268 520 227 520 268 521 202 521 172 521 172 522 227 522 268 522 202 523 160 523 134 523 134 524 172 524 202 524 160 525 97 525 134 525 97 526 160 526 137 526 97 527 137 527 67 527 67 528 137 528 120 528 67 529 120 529 41 529 103 530 41 530 120 530 103 531 98 531 30 531 98 532 101 532 43 532 43 533 30 533 98 533 101 534 118 534 57 534 57 535 43 535 101 535 118 536 135 536 81 536 81 537 57 537 118 537 135 538 156 538 91 538 91 539 81 539 135 539 110 540 91 540 156 540 684 541 759 541 716 541 684 542 742 542 759 542 833 543 762 543 831 543 833 544 825 544 762 544 592 545 555 545 648 545 592 546 547 546 555 546 189 547 171 547 128 547 189 548 252 548 171 548 252 549 230 549 171 549 307 550 301 550 230 550 307 551 230 551 252 551 361 552 364 552 301 552 361 553 301 553 307 553 364 554 361 554 422 554 364 555 422 555 450 555 450 556 422 556 492 556 492 557 555 557 547 557 547 558 450 558 492 558 555 559 601 559 648 559 601 560 669 560 696 560 696 561 648 561 601 561 669 562 712 562 726 562 726 563 696 563 669 563 726 564 712 564 750 564 750 565 712 565 731 565 750 566 731 566 787 566 787 567 731 567 744 567 787 568 744 568 825 568 825 569 744 569 762 569 766 570 819 570 831 570 766 571 831 571 762 571 763 572 811 572 819 572 763 573 819 573 766 573 752 574 798 574 811 574 752 575 811 575 763 575 798 576 752 576 733 576 733 577 716 577 775 577 775 578 798 578 733 578 759 579 775 579 716 579 604 580 655 580 560 580 655 581 589 581 560 581 655 582 691 582 589 582 691 583 701 583 607 583 589 584 691 584 607 584 701 585 710 585 625 585 607 586 701 586 625 586 710 587 709 587 626 587 625 588 710 588 626 588 699 589 614 589 626 589 709 590 699 590 626 590 685 591 590 591 614 591 614 592 699 592 685 592 643 593 590 593 685 593 643 594 594 594 564 594 590 595 643 595 564 595 564 596 594 596 525 596 476 597 506 597 448 597 349 598 347 598 403 598 403 599 408 599 349 599 432 600 476 600 448 600 432 601 448 601 408 601 432 602 408 602 403 602 594 603 558 603 525 603 525 604 558 604 506 604 525 605 506 605 476 605 349 606 296 606 347 606 347 607 296 607 267 607 347 608 267 608 309 608 267 609 208 609 309 609 208 610 277 610 309 610 519 611 565 611 560 611 565 612 604 612 560 612 208 613 181 613 277 613 181 614 168 614 265 614 277 615 181 615 265 615 168 616 161 616 236 616 265 617 168 617 236 617 161 618 162 618 234 618 236 619 161 619 234 619 162 620 178 620 256 620 234 621 162 621 256 621 178 622 204 622 276 622 256 623 178 623 276 623 250 624 293 624 299 624 276 625 250 625 299 625 204 626 250 626 276 626 293 627 343 627 340 627 299 628 293 628 340 628 343 629 407 629 384 629 340 630 343 630 384 630 451 631 513 631 460 631 513 632 565 632 519 632 460 633 513 633 519 633 430 634 384 634 407 634 430 635 407 635 451 635 430 636 451 636 460 636 669 637 685 637 699 637 604 638 616 638 655 638 161 639 98 639 103 639 161 640 103 640 120 640 161 641 120 641 137 641 161 642 137 642 160 642 161 643 160 643 162 643 710 644 701 644 684 644 710 645 684 645 716 645 710 646 716 646 733 646 710 647 733 647 752 647 710 648 752 648 763 648 710 649 763 649 766 649 710 650 766 650 762 650 710 651 762 651 709 651 98 652 161 652 101 652 101 653 161 653 168 653 101 654 168 654 118 654 118 655 168 655 156 655 118 656 156 656 135 656 669 657 699 657 712 657 712 658 699 658 709 658 712 659 709 659 731 659 731 660 709 660 762 660 731 661 762 661 744 661 685 662 669 662 643 662 643 663 669 663 601 663 643 664 601 664 594 664 594 665 601 665 558 665 558 666 601 666 555 666 558 667 555 667 506 667 506 668 555 668 492 668 506 669 492 669 448 669 448 670 492 670 422 670 448 671 422 671 408 671 408 672 422 672 349 672 349 673 422 673 361 673 349 674 361 674 296 674 296 675 361 675 307 675 296 676 307 676 267 676 267 677 307 677 252 677 267 678 252 678 208 678 208 679 252 679 189 679 208 680 189 680 181 680 156 681 168 681 189 681 189 682 168 682 181 682 655 683 616 683 691 683 691 684 616 684 684 684 691 685 684 685 701 685 616 686 604 686 561 686 561 687 604 687 565 687 561 688 565 688 503 688 503 689 565 689 513 689 503 690 513 690 440 690 440 691 513 691 451 691 440 692 451 692 374 692 374 693 451 693 407 693 374 694 407 694 313 694 313 695 407 695 343 695 313 696 343 696 293 696 313 697 293 697 268 697 268 698 293 698 250 698 268 699 250 699 202 699 202 700 250 700 204 700 202 701 204 701 160 701 160 702 204 702 178 702 160 703 178 703 162 703 427 704 423 704 471 704 471 705 423 705 468 705 471 706 468 706 534 706 534 707 468 707 531 707 534 708 531 708 579 708 579 709 531 709 576 709 579 710 576 710 612 710 612 711 576 711 609 711 612 712 609 712 653 712 653 713 609 713 650 713 653 714 650 714 673 714 673 715 650 715 670 715 673 716 670 716 689 716 689 717 670 717 686 717 689 718 686 718 677 718 677 719 686 719 674 719 677 720 674 720 659 720 659 721 674 721 656 721 659 722 656 722 621 722 621 723 656 723 618 723 621 724 618 724 587 724 587 725 618 725 584 725 587 726 584 726 545 726 545 727 584 727 542 727 545 728 542 728 497 728 497 729 542 729 494 729 497 730 494 730 438 730 438 731 494 731 434 731 814 732 808 732 810 732 799 733 810 733 808 733 808 734 788 734 799 734 779 735 799 735 788 735 788 736 768 736 779 736 751 737 779 737 768 737 768 738 735 738 751 738 751 739 735 739 727 739 727 740 735 740 704 740 727 741 704 741 693 741 693 742 704 742 649 742 693 743 649 743 624 743 624 744 649 744 580 744 624 745 580 745 567 745 567 746 580 746 512 746 567 747 512 747 505 747 367 748 308 748 326 748 271 749 326 749 308 749 308 750 235 750 271 750 191 751 271 751 235 751 235 752 176 752 191 752 144 753 191 753 176 753 176 754 139 754 144 754 115 755 144 755 139 755 139 756 104 756 115 756 84 757 115 757 104 757 104 758 83 758 84 758 56 759 84 759 83 759 817 760 816 760 815 760 815 761 816 761 814 761 815 762 814 762 810 762 505 763 512 763 446 763 446 764 512 764 445 764 446 765 445 765 413 765 413 766 445 766 367 766 413 767 367 767 326 767 44 768 45 768 49 768 49 769 45 769 48 769 49 770 48 770 55 770 55 771 48 771 56 771 55 772 56 772 83 772 438 773 434 773 397 773 397 774 434 774 393 774 397 775 393 775 332 775 332 776 393 776 328 776 332 777 328 777 291 777 291 778 328 778 289 778 291 779 289 779 262 779 262 780 289 780 260 780 262 781 260 781 218 781 218 782 260 782 216 782 218 783 216 783 199 783 199 784 216 784 197 784 199 785 197 785 188 785 188 786 197 786 184 786 188 787 184 787 194 787 194 788 184 788 192 788 194 789 192 789 212 789 212 790 192 790 210 790 212 791 210 791 249 791 249 792 210 792 247 792 249 793 247 793 284 793 284 794 247 794 282 794 284 795 282 795 323 795 323 796 282 796 321 796 323 797 321 797 372 797 372 798 321 798 370 798 372 799 370 799 427 799 427 800 370 800 423 800 686 801 670 801 674 801 184 802 197 802 192 802 192 803 197 803 216 803 192 804 216 804 210 804 210 805 216 805 260 805 210 806 260 806 247 806 247 807 260 807 289 807 247 808 289 808 282 808 282 809 289 809 328 809 282 810 328 810 321 810 321 811 328 811 393 811 321 812 393 812 370 812 370 813 393 813 434 813 370 814 434 814 423 814 423 815 434 815 494 815 423 816 494 816 468 816 468 817 494 817 542 817 468 818 542 818 531 818 531 819 542 819 584 819 531 820 584 820 576 820 576 821 584 821 618 821 576 822 618 822 609 822 609 823 618 823 656 823 609 824 656 824 650 824 650 825 656 825 674 825 650 826 674 826 670 826 689 827 677 827 704 827 689 828 704 828 735 828 689 829 735 829 768 829 689 830 768 830 788 830 689 831 788 831 808 831 689 832 808 832 814 832 689 833 814 833 816 833 689 834 816 834 812 834 689 835 812 835 803 835 689 836 803 836 781 836 689 837 781 837 753 837 689 838 753 838 723 838 689 839 723 839 678 839 689 840 678 840 673 840 176 841 235 841 218 841 176 842 218 842 199 842 176 843 199 843 188 843 176 844 188 844 44 844 44 845 49 845 55 845 44 846 55 846 83 846 44 847 83 847 104 847 44 848 104 848 139 848 44 849 139 849 176 849 180 850 188 850 194 850 180 851 194 851 212 851 180 852 212 852 249 852 180 853 249 853 251 853 44 854 188 854 180 854 44 855 180 855 140 855 44 856 140 856 102 856 44 857 102 857 82 857 44 858 82 858 52 858 44 859 52 859 47 859 587 860 580 860 621 860 621 861 580 861 649 861 621 862 649 862 659 862 659 863 649 863 704 863 659 864 704 864 677 864 497 865 512 865 545 865 545 866 512 866 580 866 545 867 580 867 587 867 291 868 308 868 332 868 332 869 308 869 367 869 332 870 367 870 397 870 397 871 367 871 445 871 397 872 445 872 438 872 438 873 445 873 512 873 438 874 512 874 497 874 218 875 235 875 262 875 262 876 235 876 308 876 262 877 308 877 291 877 612 878 653 878 595 878 595 879 653 879 673 879 595 880 673 880 678 880 534 881 579 881 536 881 536 882 579 882 612 882 536 883 612 883 595 883 372 884 427 884 399 884 399 885 427 885 471 885 399 886 471 886 452 886 452 887 471 887 534 887 452 888 534 888 536 888 249 889 284 889 251 889 251 890 284 890 323 890 251 891 323 891 314 891 314 892 323 892 372 892 314 893 372 893 399 893 50 894 47 894 52 894 50 895 52 895 66 895 66 896 52 896 82 896 66 897 82 897 86 897 86 898 82 898 102 898 86 899 102 899 125 899 125 900 102 900 140 900 125 901 140 901 154 901 154 902 140 902 180 902 154 903 180 903 205 903 205 904 180 904 251 904 205 905 251 905 279 905 279 906 251 906 314 906 279 907 314 907 352 907 352 908 314 908 399 908 485 909 452 909 536 909 485 910 536 910 553 910 553 911 536 911 595 911 718 912 666 912 678 912 678 913 723 913 718 913 740 914 718 914 723 914 723 915 753 915 740 915 771 916 740 916 753 916 753 917 781 917 771 917 771 918 781 918 790 918 790 919 781 919 803 919 790 920 803 920 807 920 807 921 803 921 812 921 416 922 352 922 399 922 416 923 399 923 452 923 416 924 452 924 485 924 45 925 44 925 46 925 46 926 44 926 47 926 46 927 47 927 50 927 678 928 666 928 595 928 595 929 666 929 600 929 595 930 600 930 553 930 816 931 817 931 812 931 812 932 817 932 813 932 812 933 813 933 807 933 479 934 539 934 540 934 479 935 475 935 539 935 529 936 613 936 530 936 779 937 778 937 799 937 718 938 740 938 728 938 693 939 635 939 722 939 693 940 722 940 727 940 640 941 568 941 600 941 624 942 635 942 693 942 627 943 530 943 613 943 661 944 627 944 613 944 660 945 562 945 603 945 553 946 600 946 568 946 541 947 624 947 567 947 498 948 419 948 485 948 485 949 553 949 498 949 326 950 346 950 413 950 338 951 344 951 381 951 390 952 377 952 359 952 253 953 271 953 191 953 207 954 306 954 243 954 286 955 279 955 352 955 144 956 115 956 155 956 144 957 155 957 191 957 155 958 253 958 191 958 209 959 205 959 279 959 115 960 84 960 90 960 90 961 155 961 115 961 138 962 154 962 183 962 66 963 86 963 127 963 127 964 111 964 66 964 66 965 111 965 50 965 50 966 111 966 96 966 90 967 84 967 56 967 736 968 790 968 754 968 428 969 421 969 459 969 522 970 502 970 478 970 362 971 381 971 344 971 205 972 209 972 154 972 209 973 183 973 154 973 206 974 207 974 157 974 206 975 157 975 163 975 206 976 163 976 264 976 206 977 264 977 257 977 334 978 257 978 264 978 334 979 264 979 341 979 334 980 341 980 390 980 334 981 390 981 359 981 380 982 385 982 345 982 380 983 345 983 351 983 380 984 351 984 421 984 380 985 421 985 428 985 433 986 479 986 540 986 433 987 540 987 439 987 433 988 439 988 342 988 433 989 342 989 404 989 416 990 485 990 419 990 416 991 419 991 355 991 416 992 355 992 352 992 817 993 815 993 773 993 817 994 773 994 767 994 817 995 767 995 813 995 521 996 603 996 562 996 521 997 562 997 527 997 521 998 527 998 522 998 521 999 522 999 478 999 521 1000 478 1000 465 1000 521 1001 465 1001 461 1001 521 1002 461 1002 516 1002 751 1003 727 1003 779 1003 779 1004 727 1004 722 1004 779 1005 722 1005 778 1005 778 1006 722 1006 720 1006 778 1007 720 1007 773 1007 773 1008 720 1008 719 1008 773 1009 719 1009 767 1009 767 1010 719 1010 715 1010 767 1011 715 1011 754 1011 754 1012 715 1012 700 1012 754 1013 700 1013 736 1013 736 1014 700 1014 692 1014 736 1015 692 1015 728 1015 728 1016 692 1016 664 1016 728 1017 664 1017 718 1017 413 1018 346 1018 446 1018 446 1019 346 1019 442 1019 446 1020 442 1020 505 1020 505 1021 442 1021 541 1021 505 1022 541 1022 567 1022 326 1023 271 1023 346 1023 346 1024 271 1024 253 1024 346 1025 253 1025 342 1025 342 1026 253 1026 244 1026 342 1027 244 1027 336 1027 336 1028 244 1028 242 1028 336 1029 242 1029 335 1029 335 1030 242 1030 243 1030 335 1031 243 1031 306 1031 306 1032 338 1032 335 1032 335 1033 338 1033 381 1033 335 1034 381 1034 401 1034 127 1035 86 1035 138 1035 138 1036 86 1036 125 1036 138 1037 125 1037 154 1037 92 1038 45 1038 96 1038 96 1039 45 1039 46 1039 96 1040 46 1040 50 1040 90 1041 56 1041 92 1041 92 1042 56 1042 48 1042 92 1043 48 1043 45 1043 728 1044 740 1044 736 1044 736 1045 740 1045 771 1045 736 1046 771 1046 790 1046 813 1047 767 1047 807 1047 807 1048 767 1048 754 1048 807 1049 754 1049 790 1049 773 1050 815 1050 778 1050 778 1051 815 1051 810 1051 778 1052 810 1052 799 1052 718 1053 664 1053 666 1053 666 1054 664 1054 640 1054 666 1055 640 1055 600 1055 568 1056 640 1056 583 1056 583 1057 640 1057 664 1057 583 1058 664 1058 593 1058 593 1059 664 1059 692 1059 593 1060 692 1060 603 1060 603 1061 692 1061 700 1061 603 1062 700 1062 660 1062 660 1063 700 1063 715 1063 660 1064 715 1064 661 1064 661 1065 715 1065 627 1065 627 1066 715 1066 719 1066 627 1067 719 1067 634 1067 634 1068 719 1068 720 1068 634 1069 720 1069 639 1069 639 1070 720 1070 722 1070 639 1071 722 1071 635 1071 603 1072 521 1072 593 1072 593 1073 521 1073 516 1073 593 1074 516 1074 583 1074 583 1075 516 1075 507 1075 583 1076 507 1076 568 1076 568 1077 507 1077 498 1077 568 1078 498 1078 553 1078 530 1079 627 1079 539 1079 539 1080 627 1080 634 1080 539 1081 634 1081 540 1081 540 1082 634 1082 639 1082 540 1083 639 1083 541 1083 541 1084 639 1084 635 1084 541 1085 635 1085 624 1085 419 1086 498 1086 421 1086 421 1087 498 1087 507 1087 421 1088 507 1088 459 1088 459 1089 507 1089 516 1089 459 1090 516 1090 461 1090 474 1091 489 1091 530 1091 530 1092 489 1092 508 1092 530 1093 508 1093 529 1093 539 1094 475 1094 530 1094 530 1095 475 1095 473 1095 530 1096 473 1096 474 1096 540 1097 541 1097 439 1097 439 1098 541 1098 442 1098 439 1099 442 1099 342 1099 342 1100 442 1100 346 1100 421 1101 351 1101 419 1101 419 1102 351 1102 355 1102 345 1103 385 1103 341 1103 341 1104 385 1104 392 1104 341 1105 392 1105 390 1105 335 1106 401 1106 336 1106 336 1107 401 1107 402 1107 336 1108 402 1108 342 1108 342 1109 402 1109 404 1109 341 1110 264 1110 345 1110 345 1111 264 1111 269 1111 345 1112 269 1112 351 1112 351 1113 269 1113 274 1113 351 1114 274 1114 355 1114 355 1115 274 1115 286 1115 355 1116 286 1116 352 1116 264 1117 163 1117 269 1117 269 1118 163 1118 174 1118 269 1119 174 1119 274 1119 274 1120 174 1120 183 1120 274 1121 183 1121 286 1121 286 1122 183 1122 209 1122 286 1123 209 1123 279 1123 157 1124 207 1124 152 1124 152 1125 207 1125 243 1125 152 1126 243 1126 147 1126 147 1127 243 1127 242 1127 147 1128 242 1128 155 1128 155 1129 242 1129 244 1129 155 1130 244 1130 253 1130 138 1131 183 1131 127 1131 127 1132 183 1132 174 1132 127 1133 174 1133 111 1133 111 1134 174 1134 163 1134 111 1135 163 1135 96 1135 96 1136 163 1136 157 1136 96 1137 157 1137 92 1137 92 1138 157 1138 152 1138 92 1139 152 1139 90 1139 90 1140 152 1140 147 1140 90 1141 147 1141 155 1141 465 1142 464 1142 461 1142 461 1143 464 1143 459 1143 526 1144 527 1144 660 1144 660 1145 527 1145 562 1145 528 1146 661 1146 529 1146 529 1147 661 1147 613 1147 475 1148 479 1148 473 1148 473 1149 479 1149 472 1149 392 1150 385 1150 391 1150 391 1151 385 1151 380 1151 402 1152 401 1152 404 1152 404 1153 401 1153 400 1153 207 1154 337 1154 306 1154 306 1155 337 1155 338 1155 206 1156 257 1156 333 1156 333 1157 257 1157 334 1157 428 1158 391 1158 380 1158 382 1159 391 1159 428 1159 382 1160 428 1160 459 1160 382 1161 459 1161 464 1161 382 1162 464 1162 466 1162 464 1163 465 1163 466 1163 466 1164 465 1164 478 1164 466 1165 478 1165 488 1165 488 1166 478 1166 501 1166 501 1167 478 1167 502 1167 501 1168 502 1168 517 1168 517 1169 502 1169 522 1169 517 1170 522 1170 526 1170 526 1171 522 1171 527 1171 526 1172 660 1172 661 1172 518 1173 517 1173 528 1173 528 1174 517 1174 526 1174 528 1175 526 1175 661 1175 528 1176 529 1176 518 1176 518 1177 529 1177 508 1177 518 1178 508 1178 504 1178 504 1179 508 1179 490 1179 490 1180 508 1180 489 1180 490 1181 489 1181 477 1181 477 1182 489 1182 474 1182 477 1183 474 1183 472 1183 472 1184 474 1184 473 1184 404 1185 400 1185 433 1185 398 1186 477 1186 472 1186 398 1187 472 1187 479 1187 398 1188 479 1188 433 1188 398 1189 433 1189 400 1189 333 1190 334 1190 350 1190 350 1191 334 1191 359 1191 350 1192 359 1192 360 1192 360 1193 359 1193 376 1193 376 1194 359 1194 377 1194 376 1195 377 1195 382 1195 382 1196 377 1196 390 1196 382 1197 390 1197 391 1197 391 1198 390 1198 392 1198 400 1199 401 1199 398 1199 398 1200 401 1200 381 1200 398 1201 381 1201 378 1201 378 1202 381 1202 363 1202 363 1203 381 1203 362 1203 363 1204 362 1204 353 1204 353 1205 362 1205 344 1205 353 1206 344 1206 337 1206 337 1207 344 1207 338 1207 337 1208 350 1208 353 1208 337 1209 207 1209 350 1209 207 1210 333 1210 350 1210 207 1211 206 1211 333 1211 517 1212 518 1212 501 1212 501 1213 518 1213 504 1213 501 1214 504 1214 488 1214 488 1215 504 1215 490 1215 488 1216 490 1216 466 1216 466 1217 490 1217 477 1217 466 1218 477 1218 382 1218 382 1219 477 1219 398 1219 382 1220 398 1220 376 1220 376 1221 398 1221 378 1221 376 1222 378 1222 360 1222 360 1223 378 1223 363 1223 360 1224 363 1224 350 1224 350 1225 363 1225 353 1225 976 1226 993 1226 1003 1226 1003 1227 993 1227 1022 1227 1003 1228 1022 1228 1025 1228 1025 1229 1022 1229 1048 1229 1025 1230 1048 1230 1061 1230 1061 1231 1048 1231 1109 1231 1061 1232 1109 1232 1142 1232 1142 1233 1109 1233 1178 1233 1142 1234 1178 1234 1199 1234 1199 1235 1178 1235 1239 1235 1199 1236 1239 1236 1272 1236 1272 1237 1239 1237 1312 1237 1365 1238 1448 1238 1421 1238 1488 1239 1421 1239 1448 1239 1448 1240 1511 1240 1488 1240 1560 1241 1488 1241 1511 1241 1511 1242 1586 1242 1560 1242 1625 1243 1560 1243 1586 1243 1586 1244 1636 1244 1625 1244 1661 1245 1625 1245 1636 1245 1636 1246 1665 1246 1661 1246 1688 1247 1661 1247 1665 1247 1665 1248 1698 1248 1688 1248 1716 1249 1688 1249 1698 1249 1350 1250 1272 1250 1312 1250 1350 1251 1312 1251 1365 1251 1350 1252 1365 1252 1421 1252 935 1253 936 1253 944 1253 944 1254 936 1254 943 1254 944 1255 943 1255 955 1255 955 1256 943 1256 953 1256 955 1257 953 1257 976 1257 976 1258 953 1258 971 1258 976 1259 971 1259 993 1259 1752 1260 1751 1260 1749 1260 1749 1261 1751 1261 1748 1261 1749 1262 1748 1262 1737 1262 1737 1263 1748 1263 1735 1263 1737 1264 1735 1264 1721 1264 1721 1265 1735 1265 1716 1265 1721 1266 1716 1266 1698 1266 1333 1267 1295 1267 1296 1267 1296 1268 1295 1268 1237 1268 1296 1269 1237 1269 1238 1269 1238 1270 1237 1270 1196 1270 1238 1271 1196 1271 1195 1271 1195 1272 1196 1272 1165 1272 1195 1273 1165 1273 1164 1273 1164 1274 1165 1274 1152 1274 1164 1275 1152 1275 1153 1275 1153 1276 1152 1276 1127 1276 1153 1277 1127 1277 1126 1277 1126 1278 1127 1278 1119 1278 1126 1279 1119 1279 1120 1279 1295 1280 1333 1280 1334 1280 1334 1281 1333 1281 1362 1281 1334 1282 1362 1282 1363 1282 1363 1283 1362 1283 1425 1283 1363 1284 1425 1284 1426 1284 1426 1285 1425 1285 1467 1285 1426 1286 1467 1286 1466 1286 1466 1287 1467 1287 1499 1287 1466 1288 1499 1288 1498 1288 1498 1289 1499 1289 1516 1289 1498 1290 1516 1290 1517 1290 1517 1291 1516 1291 1543 1291 1517 1292 1543 1292 1542 1292 1542 1293 1543 1293 1553 1293 1542 1294 1553 1294 1554 1294 1355 1295 1347 1295 1411 1295 1355 1296 1303 1296 1347 1296 931 1297 1016 1297 974 1297 931 1298 928 1298 1016 1298 912 1299 1010 1299 913 1299 912 1300 963 1300 1010 1300 1138 1301 1035 1301 1086 1301 1138 1302 1063 1302 1035 1302 1535 1303 1518 1303 1477 1303 1535 1304 1589 1304 1518 1304 1035 1305 1063 1305 1008 1305 1008 1306 1063 1306 1033 1306 1008 1307 1033 1307 963 1307 1010 1308 963 1308 1033 1308 996 1309 913 1309 1010 1309 981 1310 978 1310 922 1310 922 1311 919 1311 981 1311 978 1312 983 1312 924 1312 924 1313 922 1313 978 1313 983 1314 1001 1314 927 1314 927 1315 924 1315 983 1315 1001 1316 1016 1316 928 1316 928 1317 927 1317 1001 1317 1037 1318 1014 1318 974 1318 1037 1319 974 1319 1016 1319 1085 1320 1054 1320 1014 1320 1085 1321 1014 1321 1037 1321 1154 1322 1122 1322 1054 1322 1154 1323 1054 1323 1085 1323 1122 1324 1154 1324 1203 1324 1122 1325 1203 1325 1185 1325 1203 1326 1275 1326 1233 1326 1203 1327 1233 1327 1185 1327 1275 1328 1347 1328 1303 1328 1303 1329 1233 1329 1275 1329 1347 1330 1416 1330 1411 1330 1416 1331 1477 1331 1472 1331 1472 1332 1411 1332 1416 1332 1518 1333 1472 1333 1477 1333 981 1334 919 1334 996 1334 996 1335 919 1335 916 1335 996 1336 916 1336 913 1336 1751 1337 1752 1337 1745 1337 1745 1338 1752 1338 1744 1338 1745 1339 1744 1339 1726 1339 1726 1340 1744 1340 1727 1340 1726 1341 1727 1341 1708 1341 1708 1342 1727 1342 1709 1342 1708 1343 1709 1343 1678 1343 1678 1344 1709 1344 1679 1344 1678 1345 1679 1345 1653 1345 1653 1346 1679 1346 1654 1346 1653 1347 1654 1347 1615 1347 1615 1348 1654 1348 1616 1348 1615 1349 1616 1349 1531 1349 1531 1350 1616 1350 1532 1350 1531 1351 1532 1351 1468 1351 1468 1352 1532 1352 1469 1352 1468 1353 1469 1353 1396 1353 1396 1354 1469 1354 1397 1354 1396 1355 1397 1355 1318 1355 1318 1356 1397 1356 1319 1356 1318 1357 1319 1357 1250 1357 1250 1358 1319 1358 1251 1358 1250 1359 1251 1359 1186 1359 1186 1360 1251 1360 1187 1360 1186 1361 1187 1361 1110 1361 1110 1362 1187 1362 1111 1362 1110 1363 1111 1363 1050 1363 1050 1364 1111 1364 1051 1364 1050 1365 1051 1365 1020 1365 1020 1366 1051 1366 1021 1366 1020 1367 1021 1367 991 1367 991 1368 1021 1368 992 1368 991 1369 992 1369 966 1369 966 1370 992 1370 967 1370 966 1371 967 1371 947 1371 947 1372 967 1372 948 1372 947 1373 948 1373 941 1373 941 1374 948 1374 942 1374 941 1375 942 1375 935 1375 935 1376 942 1376 936 1376 1703 1377 1737 1377 1721 1377 971 1378 953 1378 980 1378 971 1379 980 1379 990 1379 971 1380 990 1380 993 1380 936 1381 942 1381 948 1381 936 1382 948 1382 967 1382 936 1383 967 1383 979 1383 936 1384 979 1384 980 1384 936 1385 980 1385 953 1385 936 1386 953 1386 943 1386 1709 1387 1727 1387 1700 1387 1700 1388 1727 1388 1744 1388 1700 1389 1744 1389 1703 1389 1703 1390 1744 1390 1752 1390 1703 1391 1752 1391 1737 1391 1737 1392 1752 1392 1749 1392 1703 1393 1721 1393 1693 1393 1693 1394 1721 1394 1698 1394 1693 1395 1698 1395 1674 1395 1674 1396 1698 1396 1665 1396 1674 1397 1665 1397 1656 1397 1656 1398 1665 1398 1636 1398 1656 1399 1636 1399 1622 1399 1622 1400 1636 1400 1556 1400 1556 1401 1636 1401 1586 1401 1556 1402 1586 1402 1486 1402 1486 1403 1586 1403 1511 1403 1486 1404 1511 1404 1420 1404 1420 1405 1511 1405 1448 1405 1420 1406 1448 1406 1348 1406 1348 1407 1448 1407 1365 1407 1348 1408 1365 1408 1312 1408 1348 1409 1312 1409 1264 1409 1264 1410 1312 1410 1239 1410 1264 1411 1239 1411 1198 1411 1198 1412 1239 1412 1178 1412 1198 1413 1178 1413 1140 1413 1140 1414 1178 1414 1109 1414 1140 1415 1109 1415 1062 1415 1062 1416 1109 1416 1048 1416 1062 1417 1048 1417 1029 1417 1029 1418 1048 1418 1022 1418 1029 1419 1022 1419 1009 1419 993 1420 990 1420 1022 1420 1022 1421 990 1421 1009 1421 1709 1422 1700 1422 1679 1422 1679 1423 1700 1423 1689 1423 1679 1424 1689 1424 1654 1424 1654 1425 1689 1425 1670 1425 1654 1426 1670 1426 1643 1426 1654 1427 1643 1427 1616 1427 1616 1428 1643 1428 1613 1428 1616 1429 1613 1429 1532 1429 1532 1430 1613 1430 1533 1430 1532 1431 1533 1431 1469 1431 1469 1432 1533 1432 1470 1432 1469 1433 1470 1433 1397 1433 1397 1434 1470 1434 1404 1434 1397 1435 1404 1435 1319 1435 1319 1436 1404 1436 1322 1436 1319 1437 1322 1437 1251 1437 1251 1438 1322 1438 1252 1438 1251 1439 1252 1439 1187 1439 1187 1440 1252 1440 1190 1440 1187 1441 1190 1441 1111 1441 1111 1442 1190 1442 1113 1442 1111 1443 1113 1443 1051 1443 1051 1444 1113 1444 1059 1444 1051 1445 1059 1445 1021 1445 1021 1446 1059 1446 1024 1446 1021 1447 1024 1447 992 1447 992 1448 1024 1448 1007 1448 992 1449 1007 1449 987 1449 987 1450 979 1450 992 1450 992 1451 979 1451 967 1451 1751 1452 1736 1452 1748 1452 1751 1453 1745 1453 1736 1453 1320 1454 1396 1454 1318 1454 1320 1455 1407 1455 1396 1455 1349 1456 1421 1456 1423 1456 1349 1457 1350 1457 1421 1457 1407 1458 1468 1458 1396 1458 1476 1459 1531 1459 1468 1459 1476 1460 1468 1460 1407 1460 1555 1461 1615 1461 1531 1461 1555 1462 1531 1462 1476 1462 1623 1463 1653 1463 1615 1463 1623 1464 1615 1464 1555 1464 1663 1465 1678 1465 1653 1465 1663 1466 1653 1466 1623 1466 1690 1467 1708 1467 1678 1467 1690 1468 1678 1468 1663 1468 1712 1469 1726 1469 1708 1469 1712 1470 1708 1470 1690 1470 1725 1471 1745 1471 1726 1471 1725 1472 1726 1472 1712 1472 1736 1473 1745 1473 1725 1473 1736 1474 1734 1474 1748 1474 1734 1475 1720 1475 1735 1475 1735 1476 1748 1476 1734 1476 1720 1477 1699 1477 1716 1477 1716 1478 1735 1478 1720 1478 1699 1479 1666 1479 1688 1479 1688 1480 1716 1480 1699 1480 1666 1481 1630 1481 1661 1481 1661 1482 1688 1482 1666 1482 1630 1483 1567 1483 1625 1483 1625 1484 1661 1484 1630 1484 1567 1485 1496 1485 1560 1485 1560 1486 1625 1486 1567 1486 1496 1487 1423 1487 1488 1487 1488 1488 1560 1488 1496 1488 1421 1489 1488 1489 1423 1489 1776 1490 1674 1490 1724 1490 1776 1491 1772 1491 1674 1491 1322 1492 1364 1492 1313 1492 1322 1493 1404 1493 1364 1493 1348 1494 1412 1494 1420 1494 1348 1495 1356 1495 1412 1495 1404 1496 1465 1496 1364 1496 1404 1497 1470 1497 1465 1497 1470 1498 1533 1498 1552 1498 1552 1499 1465 1499 1470 1499 1533 1500 1613 1500 1624 1500 1624 1501 1552 1501 1533 1501 1613 1502 1643 1502 1664 1502 1664 1503 1624 1503 1613 1503 1710 1504 1664 1504 1643 1504 1689 1505 1761 1505 1759 1505 1689 1506 1759 1506 1670 1506 1700 1507 1763 1507 1761 1507 1700 1508 1761 1508 1689 1508 1763 1509 1700 1509 1703 1509 1693 1510 1674 1510 1772 1510 1772 1511 1769 1511 1693 1511 1724 1512 1674 1512 1656 1512 1656 1513 1622 1513 1668 1513 1668 1514 1724 1514 1656 1514 1622 1515 1556 1515 1618 1515 1618 1516 1668 1516 1622 1516 1556 1517 1486 1517 1523 1517 1523 1518 1618 1518 1556 1518 1486 1519 1420 1519 1471 1519 1471 1520 1523 1520 1486 1520 1412 1521 1471 1521 1420 1521 1758 1522 1710 1522 1643 1522 1758 1523 1643 1523 1670 1523 1758 1524 1670 1524 1759 1524 1693 1525 1769 1525 1703 1525 1703 1526 1769 1526 1766 1526 1703 1527 1766 1527 1763 1527 1322 1528 1258 1528 1252 1528 1322 1529 1313 1529 1258 1529 911 1530 1007 1530 958 1530 911 1531 914 1531 1007 1531 1348 1532 1304 1532 1356 1532 1348 1533 1264 1533 1304 1533 1264 1534 1204 1534 1304 1534 1264 1535 1198 1535 1204 1535 1198 1536 1140 1536 1121 1536 1121 1537 1204 1537 1198 1537 1140 1538 1062 1538 1053 1538 1053 1539 1121 1539 1140 1539 1062 1540 1029 1540 1013 1540 1013 1541 1053 1541 1062 1541 973 1542 1013 1542 1029 1542 990 1543 926 1543 929 1543 990 1544 929 1544 1009 1544 980 1545 923 1545 926 1545 980 1546 926 1546 990 1546 923 1547 980 1547 979 1547 987 1548 1007 1548 914 1548 914 1549 917 1549 987 1549 958 1550 1007 1550 1024 1550 1024 1551 1059 1551 1011 1551 1011 1552 958 1552 1024 1552 1059 1553 1113 1553 1060 1553 1060 1554 1011 1554 1059 1554 1113 1555 1190 1555 1150 1555 1150 1556 1060 1556 1113 1556 1190 1557 1252 1557 1197 1557 1197 1558 1150 1558 1190 1558 1258 1559 1197 1559 1252 1559 930 1560 973 1560 1029 1560 930 1561 1029 1561 1009 1561 930 1562 1009 1562 929 1562 987 1563 917 1563 979 1563 979 1564 917 1564 921 1564 979 1565 921 1565 923 1565 1320 1566 1250 1566 1249 1566 1320 1567 1318 1567 1250 1567 935 1568 946 1568 941 1568 935 1569 944 1569 946 1569 1349 1570 1272 1570 1350 1570 1349 1571 1261 1571 1272 1571 1261 1572 1199 1572 1272 1572 1193 1573 1142 1573 1199 1573 1193 1574 1199 1574 1261 1574 1118 1575 1061 1575 1142 1575 1118 1576 1142 1576 1193 1576 1055 1577 1025 1577 1061 1577 1055 1578 1061 1578 1118 1578 1019 1579 1003 1579 1025 1579 1019 1580 1025 1580 1055 1580 989 1581 976 1581 1003 1581 989 1582 1003 1582 1019 1582 970 1583 955 1583 976 1583 970 1584 976 1584 989 1584 956 1585 944 1585 955 1585 956 1586 955 1586 970 1586 946 1587 944 1587 956 1587 946 1588 954 1588 941 1588 954 1589 964 1589 947 1589 947 1590 941 1590 954 1590 964 1591 984 1591 966 1591 966 1592 947 1592 964 1592 984 1593 1012 1593 991 1593 991 1594 966 1594 984 1594 1012 1595 1047 1595 1020 1595 1020 1596 991 1596 1012 1596 1047 1597 1106 1597 1050 1597 1050 1598 1020 1598 1047 1598 1106 1599 1177 1599 1110 1599 1110 1600 1050 1600 1106 1600 1177 1601 1249 1601 1186 1601 1186 1602 1110 1602 1177 1602 1250 1603 1186 1603 1249 1603 1554 1604 1544 1604 1567 1604 1554 1605 1567 1605 1630 1605 1554 1606 1630 1606 1666 1606 1554 1607 1666 1607 1699 1607 1554 1608 1699 1608 1720 1608 1554 1609 1720 1609 1734 1609 1554 1610 1734 1610 1736 1610 1554 1611 1736 1611 1725 1611 1554 1612 1725 1612 1712 1612 1554 1613 1712 1613 1690 1613 1554 1614 1690 1614 1663 1614 1554 1615 1663 1615 1623 1615 1554 1616 1623 1616 1555 1616 1554 1617 1555 1617 1542 1617 1118 1618 1193 1618 1173 1618 1118 1619 1173 1619 1155 1619 1118 1620 1155 1620 1130 1620 1118 1621 1130 1621 1119 1621 1118 1622 1119 1622 946 1622 946 1623 956 1623 970 1623 946 1624 970 1624 989 1624 946 1625 989 1625 1019 1625 946 1626 1019 1626 1055 1626 946 1627 1055 1627 1118 1627 1106 1628 1119 1628 1127 1628 1106 1629 1127 1629 1152 1629 1106 1630 1152 1630 1165 1630 1106 1631 1165 1631 1177 1631 946 1632 1119 1632 1106 1632 946 1633 1106 1633 1047 1633 946 1634 1047 1634 1012 1634 946 1635 1012 1635 984 1635 946 1636 984 1636 964 1636 946 1637 964 1637 954 1637 1507 1638 1496 1638 1520 1638 1520 1639 1496 1639 1567 1639 1520 1640 1567 1640 1544 1640 1431 1641 1423 1641 1473 1641 1473 1642 1423 1642 1496 1642 1473 1643 1496 1643 1507 1643 1335 1644 1349 1644 1371 1644 1371 1645 1349 1645 1423 1645 1371 1646 1423 1646 1431 1646 1246 1647 1261 1647 1305 1647 1305 1648 1261 1648 1349 1648 1305 1649 1349 1649 1335 1649 1173 1650 1193 1650 1200 1650 1200 1651 1193 1651 1261 1651 1200 1652 1261 1652 1246 1652 1498 1653 1517 1653 1476 1653 1476 1654 1517 1654 1542 1654 1476 1655 1542 1655 1555 1655 1426 1656 1466 1656 1407 1656 1407 1657 1466 1657 1498 1657 1407 1658 1498 1658 1476 1658 1334 1659 1363 1659 1320 1659 1320 1660 1363 1660 1426 1660 1320 1661 1426 1661 1407 1661 1237 1662 1295 1662 1249 1662 1249 1663 1295 1663 1334 1663 1249 1664 1334 1664 1320 1664 1165 1665 1196 1665 1177 1665 1177 1666 1196 1666 1237 1666 1177 1667 1237 1667 1249 1667 1618 1668 1724 1668 1668 1668 1776 1669 1724 1669 1618 1669 1776 1670 1618 1670 1523 1670 1776 1671 1523 1671 1471 1671 1776 1672 1471 1672 1412 1672 1776 1673 1412 1673 1356 1673 1776 1674 1356 1674 1777 1674 1472 1675 1518 1675 1411 1675 1411 1676 1518 1676 1589 1676 1411 1677 1589 1677 1355 1677 1355 1678 1589 1678 1662 1678 1355 1679 1662 1679 1356 1679 1356 1680 1662 1680 1715 1680 1356 1681 1715 1681 1777 1681 1758 1682 1757 1682 1717 1682 1758 1683 1717 1683 1660 1683 1758 1684 1660 1684 1590 1684 1758 1685 1590 1685 1514 1685 1758 1686 1514 1686 1452 1686 1758 1687 1452 1687 1373 1687 1758 1688 1373 1688 1314 1688 1758 1689 1314 1689 1710 1689 1313 1690 1364 1690 1465 1690 1313 1691 1465 1691 1552 1691 1313 1692 1552 1692 1624 1692 1313 1693 1624 1693 1664 1693 1313 1694 1664 1694 1710 1694 1313 1695 1710 1695 1314 1695 1777 1696 1772 1696 1776 1696 1772 1697 1777 1697 1769 1697 1769 1698 1777 1698 1773 1698 1769 1699 1773 1699 1766 1699 1766 1700 1773 1700 1770 1700 1766 1701 1770 1701 1763 1701 1763 1702 1770 1702 1767 1702 1763 1703 1767 1703 1761 1703 1761 1704 1767 1704 1764 1704 1761 1705 1764 1705 1759 1705 1759 1706 1764 1706 1762 1706 1759 1707 1762 1707 1758 1707 1758 1708 1762 1708 1760 1708 1758 1709 1760 1709 1757 1709 1356 1710 1304 1710 931 1710 1356 1711 931 1711 974 1711 1356 1712 974 1712 1014 1712 1356 1713 1014 1713 1054 1713 1356 1714 1054 1714 1122 1714 1356 1715 1122 1715 1185 1715 1356 1716 1185 1716 1233 1716 1356 1717 1233 1717 1303 1717 1356 1718 1303 1718 1355 1718 930 1719 931 1719 1304 1719 930 1720 1304 1720 1204 1720 930 1721 1204 1721 1121 1721 930 1722 1121 1722 1053 1722 930 1723 1053 1723 1013 1723 930 1724 1013 1724 973 1724 930 1725 929 1725 931 1725 916 1726 919 1726 914 1726 914 1727 919 1727 922 1727 914 1728 922 1728 917 1728 917 1729 922 1729 924 1729 917 1730 924 1730 921 1730 921 1731 924 1731 927 1731 921 1732 927 1732 923 1732 923 1733 927 1733 928 1733 923 1734 928 1734 926 1734 926 1735 928 1735 931 1735 926 1736 931 1736 929 1736 912 1737 913 1737 911 1737 911 1738 913 1738 916 1738 911 1739 916 1739 914 1739 911 1740 1314 1740 1263 1740 911 1741 1263 1741 1210 1741 911 1742 1210 1742 1160 1742 911 1743 1160 1743 912 1743 1313 1744 1314 1744 911 1744 1313 1745 911 1745 958 1745 1313 1746 958 1746 1011 1746 1313 1747 1011 1747 1060 1747 1313 1748 1060 1748 1258 1748 1008 1749 963 1749 1035 1749 1035 1750 963 1750 1086 1750 963 1751 912 1751 1086 1751 1086 1752 912 1752 1160 1752 1258 1753 1060 1753 1197 1753 1197 1754 1060 1754 1150 1754 1336 1755 1371 1755 1372 1755 1372 1756 1371 1756 1431 1756 1372 1757 1431 1757 1432 1757 1432 1758 1431 1758 1473 1758 1432 1759 1473 1759 1474 1759 1474 1760 1473 1760 1507 1760 1474 1761 1507 1761 1508 1761 1508 1762 1507 1762 1520 1762 1508 1763 1520 1763 1521 1763 1521 1764 1520 1764 1544 1764 1521 1765 1544 1765 1545 1765 1545 1766 1544 1766 1554 1766 1545 1767 1554 1767 1553 1767 1371 1768 1336 1768 1335 1768 1335 1769 1336 1769 1306 1769 1335 1770 1306 1770 1305 1770 1305 1771 1306 1771 1247 1771 1305 1772 1247 1772 1246 1772 1246 1773 1247 1773 1201 1773 1246 1774 1201 1774 1200 1774 1200 1775 1201 1775 1174 1775 1200 1776 1174 1776 1173 1776 1173 1777 1174 1777 1156 1777 1173 1778 1156 1778 1155 1778 1155 1779 1156 1779 1131 1779 1155 1780 1131 1780 1130 1780 1130 1781 1131 1781 1120 1781 1130 1782 1120 1782 1119 1782 1138 1783 1086 1783 1160 1783 1589 1784 1619 1784 1662 1784 1589 1785 1535 1785 1619 1785 1662 1786 1619 1786 1651 1786 1662 1787 1651 1787 1715 1787 1692 1788 1773 1788 1672 1788 1767 1789 1702 1789 1764 1789 1764 1790 1702 1790 1701 1790 1701 1791 1691 1791 1762 1791 1762 1792 1764 1792 1701 1792 1691 1793 1671 1793 1760 1793 1760 1794 1762 1794 1691 1794 1757 1795 1760 1795 1671 1795 1649 1796 1617 1796 1660 1796 1617 1797 1534 1797 1590 1797 1590 1798 1660 1798 1617 1798 1534 1799 1475 1799 1514 1799 1514 1800 1590 1800 1534 1800 1475 1801 1405 1801 1452 1801 1452 1802 1514 1802 1475 1802 1373 1803 1452 1803 1405 1803 1210 1804 1263 1804 1254 1804 1777 1805 1715 1805 1651 1805 1777 1806 1651 1806 1672 1806 1777 1807 1672 1807 1773 1807 1323 1808 1254 1808 1263 1808 1323 1809 1263 1809 1314 1809 1323 1810 1314 1810 1373 1810 1323 1811 1373 1811 1405 1811 1702 1812 1767 1812 1692 1812 1692 1813 1767 1813 1770 1813 1692 1814 1770 1814 1773 1814 1757 1815 1671 1815 1717 1815 1717 1816 1671 1816 1649 1816 1717 1817 1649 1817 1660 1817 1210 1818 1254 1818 1160 1818 1160 1819 1254 1819 1192 1819 1160 1820 1192 1820 1138 1820 1345 1821 1294 1821 1336 1821 1294 1822 1306 1822 1336 1822 1294 1823 1218 1823 1306 1823 1218 1824 1176 1824 1247 1824 1306 1825 1218 1825 1247 1825 1176 1826 1128 1826 1201 1826 1247 1827 1176 1827 1201 1827 1128 1828 1089 1828 1174 1828 1201 1829 1128 1829 1174 1829 1089 1830 1057 1830 1156 1830 1174 1831 1089 1831 1156 1831 1057 1832 1046 1832 1131 1832 1156 1833 1057 1833 1131 1833 1052 1834 1153 1834 1126 1834 1126 1835 1044 1835 1052 1835 1084 1836 1164 1836 1153 1836 1153 1837 1052 1837 1084 1837 1112 1838 1195 1838 1164 1838 1164 1839 1084 1839 1112 1839 1161 1840 1238 1840 1195 1840 1195 1841 1112 1841 1161 1841 1209 1842 1296 1842 1238 1842 1238 1843 1161 1843 1209 1843 1120 1844 1131 1844 1046 1844 1120 1845 1046 1845 1036 1845 1120 1846 1036 1846 1044 1846 1120 1847 1044 1847 1126 1847 1209 1848 1265 1848 1296 1848 1296 1849 1265 1849 1325 1849 1296 1850 1325 1850 1333 1850 1325 1851 1389 1851 1333 1851 1389 1852 1362 1852 1333 1852 1372 1853 1408 1853 1336 1853 1408 1854 1345 1854 1336 1854 1389 1855 1451 1855 1362 1855 1451 1856 1510 1856 1425 1856 1362 1857 1451 1857 1425 1857 1510 1858 1561 1858 1467 1858 1425 1859 1510 1859 1467 1859 1561 1860 1605 1860 1499 1860 1467 1861 1561 1861 1499 1861 1605 1862 1626 1862 1516 1862 1499 1863 1605 1863 1516 1863 1626 1864 1637 1864 1543 1864 1516 1865 1626 1865 1543 1865 1639 1866 1628 1866 1545 1866 1628 1867 1614 1867 1521 1867 1545 1868 1628 1868 1521 1868 1614 1869 1564 1869 1508 1869 1521 1870 1614 1870 1508 1870 1564 1871 1512 1871 1474 1871 1508 1872 1564 1872 1474 1872 1512 1873 1464 1873 1432 1873 1474 1874 1512 1874 1432 1874 1464 1875 1408 1875 1372 1875 1432 1876 1464 1876 1372 1876 1553 1877 1543 1877 1637 1877 1553 1878 1637 1878 1639 1878 1553 1879 1639 1879 1545 1879 1535 1880 1512 1880 1564 1880 1037 1881 1036 1881 1046 1881 1033 1882 1044 1882 1036 1882 1639 1883 1701 1883 1702 1883 1639 1884 1702 1884 1692 1884 1639 1885 1692 1885 1672 1885 1639 1886 1672 1886 1651 1886 1619 1887 1535 1887 1564 1887 1619 1888 1564 1888 1614 1888 1619 1889 1614 1889 1628 1889 1619 1890 1628 1890 1639 1890 1619 1891 1639 1891 1651 1891 978 1892 981 1892 996 1892 978 1893 996 1893 1010 1893 978 1894 1010 1894 1033 1894 978 1895 1033 1895 1036 1895 978 1896 1036 1896 1037 1896 978 1897 1037 1897 1016 1897 978 1898 1016 1898 1001 1898 978 1899 1001 1899 983 1899 1649 1900 1671 1900 1637 1900 1637 1901 1671 1901 1691 1901 1637 1902 1691 1902 1639 1902 1639 1903 1691 1903 1701 1903 1512 1904 1535 1904 1464 1904 1464 1905 1535 1905 1477 1905 1464 1906 1477 1906 1408 1906 1408 1907 1477 1907 1416 1907 1408 1908 1416 1908 1345 1908 1345 1909 1416 1909 1347 1909 1345 1910 1347 1910 1294 1910 1294 1911 1347 1911 1275 1911 1294 1912 1275 1912 1218 1912 1218 1913 1275 1913 1203 1913 1218 1914 1203 1914 1176 1914 1176 1915 1203 1915 1154 1915 1176 1916 1154 1916 1128 1916 1128 1917 1154 1917 1089 1917 1089 1918 1154 1918 1085 1918 1089 1919 1085 1919 1057 1919 1057 1920 1085 1920 1037 1920 1057 1921 1037 1921 1046 1921 1649 1922 1637 1922 1617 1922 1617 1923 1637 1923 1626 1923 1617 1924 1626 1924 1605 1924 1617 1925 1605 1925 1534 1925 1534 1926 1605 1926 1561 1926 1534 1927 1561 1927 1475 1927 1475 1928 1561 1928 1510 1928 1475 1929 1510 1929 1451 1929 1475 1930 1451 1930 1405 1930 1405 1931 1451 1931 1389 1931 1405 1932 1389 1932 1323 1932 1323 1933 1389 1933 1325 1933 1323 1934 1325 1934 1254 1934 1254 1935 1325 1935 1265 1935 1254 1936 1265 1936 1192 1936 1192 1937 1265 1937 1209 1937 1192 1938 1209 1938 1138 1938 1138 1939 1209 1939 1161 1939 1138 1940 1161 1940 1112 1940 1138 1941 1112 1941 1063 1941 1063 1942 1112 1942 1084 1942 1063 1943 1084 1943 1033 1943 1033 1944 1084 1944 1052 1944 1033 1945 1052 1945 1044 1945 1331 1946 1326 1946 1379 1946 1379 1947 1326 1947 1374 1947 1379 1948 1374 1948 1445 1948 1445 1949 1374 1949 1440 1949 1445 1950 1440 1950 1494 1950 1494 1951 1440 1951 1489 1951 1494 1952 1489 1952 1529 1952 1529 1953 1489 1953 1524 1953 1529 1954 1524 1954 1577 1954 1577 1955 1524 1955 1572 1955 1577 1956 1572 1956 1598 1956 1598 1957 1572 1957 1593 1957 1598 1958 1593 1958 1612 1958 1612 1959 1593 1959 1607 1959 1612 1960 1607 1960 1604 1960 1604 1961 1607 1961 1599 1961 1604 1962 1599 1962 1584 1962 1584 1963 1599 1963 1579 1963 1584 1964 1579 1964 1541 1964 1541 1965 1579 1965 1536 1965 1541 1966 1536 1966 1506 1966 1506 1967 1536 1967 1501 1967 1506 1968 1501 1968 1458 1968 1458 1969 1501 1969 1453 1969 1458 1970 1453 1970 1403 1970 1403 1971 1453 1971 1398 1971 1403 1972 1398 1972 1343 1972 1343 1973 1398 1973 1338 1973 1774 1974 1754 1974 1756 1974 1739 1975 1756 1975 1754 1975 1754 1976 1732 1976 1739 1976 1719 1977 1739 1977 1732 1977 1732 1978 1705 1978 1719 1978 1684 1979 1719 1979 1705 1979 1705 1980 1669 1980 1684 1980 1684 1981 1669 1981 1658 1981 1658 1982 1669 1982 1635 1982 1658 1983 1635 1983 1621 1983 1621 1984 1635 1984 1566 1984 1621 1985 1566 1985 1550 1985 1550 1986 1566 1986 1495 1986 1550 1987 1495 1987 1484 1987 1484 1988 1495 1988 1422 1988 1484 1989 1422 1989 1417 1989 1262 1990 1194 1990 1217 1990 1158 1991 1217 1991 1194 1991 1194 1992 1123 1992 1158 1992 1071 1993 1158 1993 1123 1993 1123 1994 1056 1994 1071 1994 1023 1995 1071 1995 1056 1995 1056 1996 1017 1996 1023 1996 988 1997 1023 1997 1017 1997 1017 1998 985 1998 988 1998 962 1999 988 1999 985 1999 985 2000 959 2000 962 2000 940 2001 962 2001 959 2001 1779 2002 1778 2002 1775 2002 1775 2003 1778 2003 1774 2003 1775 2004 1774 2004 1756 2004 1417 2005 1422 2005 1352 2005 1352 2006 1422 2006 1351 2006 1352 2007 1351 2007 1311 2007 1311 2008 1351 2008 1262 2008 1311 2009 1262 2009 1217 2009 908 2010 909 2010 920 2010 920 2011 909 2011 918 2011 920 2012 918 2012 939 2012 939 2013 918 2013 940 2013 939 2014 940 2014 959 2014 1343 2015 1338 2015 1293 2015 1293 2016 1338 2016 1291 2016 1293 2017 1291 2017 1221 2017 1221 2018 1291 2018 1219 2018 1221 2019 1219 2019 1184 2019 1184 2020 1219 2020 1182 2020 1184 2021 1182 2021 1149 2021 1149 2022 1182 2022 1147 2022 1149 2023 1147 2023 1102 2023 1102 2024 1147 2024 1100 2024 1102 2025 1100 2025 1080 2025 1080 2026 1100 2026 1078 2026 1080 2027 1078 2027 1070 2027 1070 2028 1078 2028 1065 2028 1070 2029 1065 2029 1074 2029 1074 2030 1065 2030 1072 2030 1074 2031 1072 2031 1096 2031 1096 2032 1072 2032 1094 2032 1096 2033 1094 2033 1137 2033 1137 2034 1094 2034 1135 2034 1137 2035 1135 2035 1172 2035 1172 2036 1135 2036 1170 2036 1172 2037 1170 2037 1213 2037 1213 2038 1170 2038 1211 2038 1213 2039 1211 2039 1271 2039 1271 2040 1211 2040 1269 2040 1271 2041 1269 2041 1331 2041 1331 2042 1269 2042 1326 2042 1607 2043 1593 2043 1599 2043 1065 2044 1078 2044 1072 2044 1072 2045 1078 2045 1100 2045 1072 2046 1100 2046 1094 2046 1094 2047 1100 2047 1147 2047 1094 2048 1147 2048 1135 2048 1135 2049 1147 2049 1182 2049 1135 2050 1182 2050 1170 2050 1170 2051 1182 2051 1219 2051 1170 2052 1219 2052 1211 2052 1211 2053 1219 2053 1291 2053 1211 2054 1291 2054 1269 2054 1269 2055 1291 2055 1338 2055 1269 2056 1338 2056 1326 2056 1326 2057 1338 2057 1398 2057 1326 2058 1398 2058 1374 2058 1374 2059 1398 2059 1453 2059 1374 2060 1453 2060 1440 2060 1440 2061 1453 2061 1501 2061 1440 2062 1501 2062 1489 2062 1489 2063 1501 2063 1536 2063 1489 2064 1536 2064 1524 2064 1524 2065 1536 2065 1579 2065 1524 2066 1579 2066 1572 2066 1572 2067 1579 2067 1599 2067 1572 2068 1599 2068 1593 2068 1612 2069 1604 2069 1635 2069 1612 2070 1635 2070 1669 2070 1612 2071 1669 2071 1705 2071 1612 2072 1705 2072 1732 2072 1612 2073 1732 2073 1754 2073 1612 2074 1754 2074 1774 2074 1612 2075 1774 2075 1778 2075 1612 2076 1778 2076 1765 2076 1612 2077 1765 2077 1747 2077 1612 2078 1747 2078 1722 2078 1612 2079 1722 2079 1686 2079 1612 2080 1686 2080 1657 2080 1612 2081 1657 2081 1606 2081 1612 2082 1606 2082 1598 2082 1056 2083 1123 2083 1102 2083 1056 2084 1102 2084 1080 2084 1056 2085 1080 2085 1070 2085 1056 2086 1070 2086 908 2086 908 2087 920 2087 939 2087 908 2088 939 2088 959 2088 908 2089 959 2089 985 2089 908 2090 985 2090 1017 2090 908 2091 1017 2091 1056 2091 1058 2092 1070 2092 1074 2092 1058 2093 1074 2093 1096 2093 1058 2094 1096 2094 1137 2094 1058 2095 1137 2095 1139 2095 908 2096 1070 2096 1058 2096 908 2097 1058 2097 1018 2097 908 2098 1018 2098 982 2098 908 2099 982 2099 957 2099 908 2100 957 2100 934 2100 908 2101 934 2101 915 2101 1506 2102 1495 2102 1541 2102 1541 2103 1495 2103 1566 2103 1541 2104 1566 2104 1584 2104 1584 2105 1566 2105 1635 2105 1584 2106 1635 2106 1604 2106 1403 2107 1422 2107 1458 2107 1458 2108 1422 2108 1495 2108 1458 2109 1495 2109 1506 2109 1184 2110 1194 2110 1221 2110 1221 2111 1194 2111 1262 2111 1221 2112 1262 2112 1293 2112 1293 2113 1262 2113 1351 2113 1293 2114 1351 2114 1343 2114 1343 2115 1351 2115 1422 2115 1343 2116 1422 2116 1403 2116 1102 2117 1123 2117 1149 2117 1149 2118 1123 2118 1194 2118 1149 2119 1194 2119 1184 2119 1529 2120 1577 2120 1515 2120 1515 2121 1577 2121 1598 2121 1515 2122 1598 2122 1606 2122 1445 2123 1494 2123 1446 2123 1446 2124 1494 2124 1529 2124 1446 2125 1529 2125 1515 2125 1271 2126 1331 2126 1298 2126 1298 2127 1331 2127 1379 2127 1298 2128 1379 2128 1357 2128 1357 2129 1379 2129 1445 2129 1357 2130 1445 2130 1446 2130 1137 2131 1172 2131 1139 2131 1139 2132 1172 2132 1213 2132 1139 2133 1213 2133 1202 2133 1202 2134 1213 2134 1271 2134 1202 2135 1271 2135 1298 2135 925 2136 915 2136 934 2136 925 2137 934 2137 945 2137 945 2138 934 2138 957 2138 945 2139 957 2139 965 2139 965 2140 957 2140 982 2140 965 2141 982 2141 1002 2141 1002 2142 982 2142 1018 2142 1002 2143 1018 2143 1031 2143 1031 2144 1018 2144 1058 2144 1031 2145 1058 2145 1090 2145 1090 2146 1058 2146 1139 2146 1090 2147 1139 2147 1166 2147 1166 2148 1139 2148 1202 2148 1166 2149 1202 2149 1244 2149 1244 2150 1202 2150 1298 2150 1392 2151 1357 2151 1446 2151 1392 2152 1446 2152 1463 2152 1463 2153 1446 2153 1515 2153 1642 2154 1592 2154 1606 2154 1606 2155 1657 2155 1642 2155 1676 2156 1642 2156 1657 2156 1657 2157 1686 2157 1676 2157 1707 2158 1676 2158 1686 2158 1686 2159 1722 2159 1707 2159 1707 2160 1722 2160 1733 2160 1733 2161 1722 2161 1747 2161 1733 2162 1747 2162 1753 2162 1753 2163 1747 2163 1765 2163 1317 2164 1244 2164 1298 2164 1317 2165 1298 2165 1357 2165 1317 2166 1357 2166 1392 2166 909 2167 908 2167 910 2167 910 2168 908 2168 915 2168 910 2169 915 2169 925 2169 1606 2170 1592 2170 1515 2170 1515 2171 1592 2171 1519 2171 1515 2172 1519 2172 1463 2172 1778 2173 1779 2173 1765 2173 1765 2174 1779 2174 1768 2174 1765 2175 1768 2175 1753 2175 1391 2176 1447 2176 1449 2176 1391 2177 1387 2177 1447 2177 1437 2178 1530 2178 1439 2178 1719 2179 1718 2179 1739 2179 1642 2180 1676 2180 1659 2180 1621 2181 1559 2181 1655 2181 1621 2182 1655 2182 1658 2182 1563 2183 1485 2183 1519 2183 1550 2184 1559 2184 1621 2184 1551 2185 1439 2185 1530 2185 1587 2186 1551 2186 1530 2186 1585 2187 1479 2187 1522 2187 1463 2188 1519 2188 1485 2188 1450 2189 1550 2189 1484 2189 1409 2190 1321 2190 1392 2190 1392 2191 1463 2191 1409 2191 1217 2192 1236 2192 1311 2192 1230 2193 1234 2193 1282 2193 1285 2194 1274 2194 1253 2194 1141 2195 1158 2195 1071 2195 1092 2196 1191 2196 1125 2196 1175 2197 1166 2197 1244 2197 1023 2198 988 2198 1032 2198 1023 2199 1032 2199 1071 2199 1032 2200 1141 2200 1071 2200 1093 2201 1090 2201 1166 2201 988 2202 962 2202 972 2202 972 2203 1032 2203 988 2203 1015 2204 1031 2204 1064 2204 945 2205 965 2205 1004 2205 1004 2206 986 2206 945 2206 945 2207 986 2207 925 2207 925 2208 986 2208 977 2208 972 2209 962 2209 940 2209 1673 2210 1733 2210 1687 2210 1332 2211 1324 2211 1366 2211 1434 2212 1414 2212 1390 2212 1256 2213 1282 2213 1234 2213 1090 2214 1093 2214 1031 2214 1093 2215 1064 2215 1031 2215 1091 2216 1092 2216 1034 2216 1091 2217 1034 2217 1045 2217 1091 2218 1045 2218 1151 2218 1091 2219 1151 2219 1143 2219 1226 2220 1143 2220 1151 2220 1226 2221 1151 2221 1231 2221 1226 2222 1231 2222 1285 2222 1226 2223 1285 2223 1253 2223 1281 2224 1284 2224 1235 2224 1281 2225 1235 2225 1241 2225 1281 2226 1241 2226 1324 2226 1281 2227 1324 2227 1332 2227 1337 2228 1391 2228 1449 2228 1337 2229 1449 2229 1344 2229 1337 2230 1344 2230 1232 2230 1337 2231 1232 2231 1302 2231 1317 2232 1392 2232 1321 2232 1317 2233 1321 2233 1248 2233 1317 2234 1248 2234 1244 2234 1779 2235 1775 2235 1711 2235 1779 2236 1711 2236 1704 2236 1779 2237 1704 2237 1768 2237 1433 2238 1522 2238 1479 2238 1433 2239 1479 2239 1435 2239 1433 2240 1435 2240 1434 2240 1433 2241 1434 2241 1390 2241 1433 2242 1390 2242 1369 2242 1433 2243 1369 2243 1367 2243 1433 2244 1367 2244 1427 2244 1684 2245 1658 2245 1719 2245 1719 2246 1658 2246 1655 2246 1719 2247 1655 2247 1718 2247 1718 2248 1655 2248 1652 2248 1718 2249 1652 2249 1711 2249 1711 2250 1652 2250 1648 2250 1711 2251 1648 2251 1704 2251 1704 2252 1648 2252 1641 2252 1704 2253 1641 2253 1687 2253 1687 2254 1641 2254 1629 2254 1687 2255 1629 2255 1673 2255 1673 2256 1629 2256 1620 2256 1673 2257 1620 2257 1659 2257 1659 2258 1620 2258 1591 2258 1659 2259 1591 2259 1642 2259 1311 2260 1236 2260 1352 2260 1352 2261 1236 2261 1346 2261 1352 2262 1346 2262 1417 2262 1417 2263 1346 2263 1450 2263 1417 2264 1450 2264 1484 2264 1217 2265 1158 2265 1236 2265 1236 2266 1158 2266 1141 2266 1236 2267 1141 2267 1232 2267 1232 2268 1141 2268 1129 2268 1232 2269 1129 2269 1228 2269 1228 2270 1129 2270 1124 2270 1228 2271 1124 2271 1227 2271 1227 2272 1124 2272 1125 2272 1227 2273 1125 2273 1191 2273 1191 2274 1230 2274 1227 2274 1227 2275 1230 2275 1282 2275 1227 2276 1282 2276 1300 2276 1004 2277 965 2277 1015 2277 1015 2278 965 2278 1002 2278 1015 2279 1002 2279 1031 2279 975 2280 909 2280 977 2280 977 2281 909 2281 910 2281 977 2282 910 2282 925 2282 972 2283 940 2283 975 2283 975 2284 940 2284 918 2284 975 2285 918 2285 909 2285 1659 2286 1676 2286 1673 2286 1673 2287 1676 2287 1707 2287 1673 2288 1707 2288 1733 2288 1768 2289 1704 2289 1753 2289 1753 2290 1704 2290 1687 2290 1753 2291 1687 2291 1733 2291 1711 2292 1775 2292 1718 2292 1718 2293 1775 2293 1756 2293 1718 2294 1756 2294 1739 2294 1642 2295 1591 2295 1592 2295 1592 2296 1591 2296 1563 2296 1592 2297 1563 2297 1519 2297 1485 2298 1563 2298 1500 2298 1500 2299 1563 2299 1591 2299 1500 2300 1591 2300 1513 2300 1513 2301 1591 2301 1620 2301 1513 2302 1620 2302 1522 2302 1522 2303 1620 2303 1629 2303 1522 2304 1629 2304 1585 2304 1585 2305 1629 2305 1641 2305 1585 2306 1641 2306 1587 2306 1587 2307 1641 2307 1551 2307 1551 2308 1641 2308 1648 2308 1551 2309 1648 2309 1558 2309 1558 2310 1648 2310 1652 2310 1558 2311 1652 2311 1562 2311 1562 2312 1652 2312 1655 2312 1562 2313 1655 2313 1559 2313 1522 2314 1433 2314 1513 2314 1513 2315 1433 2315 1427 2315 1513 2316 1427 2316 1500 2316 1500 2317 1427 2317 1418 2317 1500 2318 1418 2318 1485 2318 1485 2319 1418 2319 1409 2319 1485 2320 1409 2320 1463 2320 1439 2321 1551 2321 1447 2321 1447 2322 1551 2322 1558 2322 1447 2323 1558 2323 1449 2323 1449 2324 1558 2324 1562 2324 1449 2325 1562 2325 1450 2325 1450 2326 1562 2326 1559 2326 1450 2327 1559 2327 1550 2327 1321 2328 1409 2328 1324 2328 1324 2329 1409 2329 1418 2329 1324 2330 1418 2330 1366 2330 1366 2331 1418 2331 1427 2331 1366 2332 1427 2332 1367 2332 1382 2333 1394 2333 1439 2333 1439 2334 1394 2334 1419 2334 1439 2335 1419 2335 1437 2335 1447 2336 1387 2336 1439 2336 1439 2337 1387 2337 1381 2337 1439 2338 1381 2338 1382 2338 1449 2339 1450 2339 1344 2339 1344 2340 1450 2340 1346 2340 1344 2341 1346 2341 1232 2341 1232 2342 1346 2342 1236 2342 1324 2343 1241 2343 1321 2343 1321 2344 1241 2344 1248 2344 1235 2345 1284 2345 1231 2345 1231 2346 1284 2346 1287 2346 1231 2347 1287 2347 1285 2347 1227 2348 1300 2348 1228 2348 1228 2349 1300 2349 1301 2349 1228 2350 1301 2350 1232 2350 1232 2351 1301 2351 1302 2351 1231 2352 1151 2352 1235 2352 1235 2353 1151 2353 1157 2353 1235 2354 1157 2354 1241 2354 1241 2355 1157 2355 1159 2355 1241 2356 1159 2356 1248 2356 1248 2357 1159 2357 1175 2357 1248 2358 1175 2358 1244 2358 1151 2359 1045 2359 1157 2359 1157 2360 1045 2360 1049 2360 1157 2361 1049 2361 1159 2361 1159 2362 1049 2362 1064 2362 1159 2363 1064 2363 1175 2363 1175 2364 1064 2364 1093 2364 1175 2365 1093 2365 1166 2365 1034 2366 1092 2366 1030 2366 1030 2367 1092 2367 1125 2367 1030 2368 1125 2368 1028 2368 1028 2369 1125 2369 1124 2369 1028 2370 1124 2370 1032 2370 1032 2371 1124 2371 1129 2371 1032 2372 1129 2372 1141 2372 1015 2373 1064 2373 1004 2373 1004 2374 1064 2374 1049 2374 1004 2375 1049 2375 986 2375 986 2376 1049 2376 1045 2376 986 2377 1045 2377 977 2377 977 2378 1045 2378 1034 2378 977 2379 1034 2379 975 2379 975 2380 1034 2380 1030 2380 975 2381 1030 2381 972 2381 972 2382 1030 2382 1028 2382 972 2383 1028 2383 1032 2383 1369 2384 1368 2384 1367 2384 1367 2385 1368 2385 1366 2385 1436 2386 1435 2386 1585 2386 1585 2387 1435 2387 1479 2387 1438 2388 1587 2388 1437 2388 1437 2389 1587 2389 1530 2389 1387 2390 1391 2390 1381 2390 1381 2391 1391 2391 1380 2391 1287 2392 1284 2392 1286 2392 1286 2393 1284 2393 1281 2393 1301 2394 1300 2394 1302 2394 1302 2395 1300 2395 1299 2395 1092 2396 1229 2396 1191 2396 1191 2397 1229 2397 1230 2397 1091 2398 1143 2398 1225 2398 1225 2399 1143 2399 1226 2399 1332 2400 1286 2400 1281 2400 1283 2401 1286 2401 1332 2401 1283 2402 1332 2402 1366 2402 1283 2403 1366 2403 1368 2403 1283 2404 1368 2404 1370 2404 1368 2405 1369 2405 1370 2405 1370 2406 1369 2406 1390 2406 1370 2407 1390 2407 1393 2407 1393 2408 1390 2408 1413 2408 1413 2409 1390 2409 1414 2409 1413 2410 1414 2410 1428 2410 1428 2411 1414 2411 1434 2411 1428 2412 1434 2412 1436 2412 1436 2413 1434 2413 1435 2413 1436 2414 1585 2414 1587 2414 1430 2415 1428 2415 1438 2415 1438 2416 1428 2416 1436 2416 1438 2417 1436 2417 1587 2417 1438 2418 1437 2418 1430 2418 1430 2419 1437 2419 1419 2419 1430 2420 1419 2420 1415 2420 1415 2421 1419 2421 1395 2421 1395 2422 1419 2422 1394 2422 1395 2423 1394 2423 1388 2423 1388 2424 1394 2424 1382 2424 1388 2425 1382 2425 1380 2425 1380 2426 1382 2426 1381 2426 1302 2427 1299 2427 1337 2427 1297 2428 1388 2428 1380 2428 1297 2429 1380 2429 1391 2429 1297 2430 1391 2430 1337 2430 1297 2431 1337 2431 1299 2431 1225 2432 1226 2432 1240 2432 1240 2433 1226 2433 1253 2433 1240 2434 1253 2434 1255 2434 1255 2435 1253 2435 1273 2435 1273 2436 1253 2436 1274 2436 1273 2437 1274 2437 1283 2437 1283 2438 1274 2438 1285 2438 1283 2439 1285 2439 1286 2439 1286 2440 1285 2440 1287 2440 1299 2441 1300 2441 1297 2441 1297 2442 1300 2442 1282 2442 1297 2443 1282 2443 1276 2443 1276 2444 1282 2444 1257 2444 1257 2445 1282 2445 1256 2445 1257 2446 1256 2446 1245 2446 1245 2447 1256 2447 1234 2447 1245 2448 1234 2448 1229 2448 1229 2449 1234 2449 1230 2449 1229 2450 1240 2450 1245 2450 1229 2451 1092 2451 1240 2451 1092 2452 1225 2452 1240 2452 1092 2453 1091 2453 1225 2453 1428 2454 1430 2454 1413 2454 1413 2455 1430 2455 1415 2455 1413 2456 1415 2456 1393 2456 1393 2457 1415 2457 1395 2457 1393 2458 1395 2458 1370 2458 1370 2459 1395 2459 1388 2459 1370 2460 1388 2460 1283 2460 1283 2461 1388 2461 1297 2461 1283 2462 1297 2462 1273 2462 1273 2463 1297 2463 1276 2463 1273 2464 1276 2464 1255 2464 1255 2465 1276 2465 1257 2465 1255 2466 1257 2466 1240 2466 1240 2467 1257 2467 1245 2467 1410 2468 1487 2468 1478 2468 1557 2469 1478 2469 1487 2469 1487 2470 1565 2470 1557 2470 1627 2471 1557 2471 1565 2471 1565 2472 1638 2472 1627 2472 1667 2473 1627 2473 1638 2473 1638 2474 1675 2474 1667 2474 1706 2475 1667 2475 1675 2475 1675 2476 1714 2476 1706 2476 1738 2477 1706 2477 1714 2477 1714 2478 1750 2478 1738 2478 1771 2479 1738 2479 1750 2479 1750 2480 1781 2480 1771 2480 1787 2481 1771 2481 1781 2481 1781 2482 1793 2482 1787 2482 1795 2483 1787 2483 1793 2483 1793 2484 1797 2484 1795 2484 1795 2485 1797 2485 1796 2485 1796 2486 1797 2486 1794 2486 1796 2487 1794 2487 1792 2487 1792 2488 1794 2488 1786 2488 1792 2489 1786 2489 1780 2489 1780 2490 1786 2490 1755 2490 1780 2491 1755 2491 1746 2491 1746 2492 1755 2492 1723 2492 1746 2493 1723 2493 1713 2493 1713 2494 1723 2494 1685 2494 1713 2495 1685 2495 1677 2495 1677 2496 1685 2496 1650 2496 1677 2497 1650 2497 1640 2497 1640 2498 1650 2498 1588 2498 1640 2499 1588 2499 1578 2499 1578 2500 1588 2500 1509 2500 1578 2501 1509 2501 1497 2501 1497 2502 1509 2502 1429 2502 1316 2503 1315 2503 1406 2503 1406 2504 1315 2504 1410 2504 1406 2505 1410 2505 1478 2505 1353 2506 1354 2506 1429 2506 1429 2507 1354 2507 1424 2507 1429 2508 1424 2508 1497 2508 1611 2509 1596 2509 1597 2509 1597 2510 1596 2510 1575 2510 1597 2511 1575 2511 1576 2511 1576 2512 1575 2512 1527 2512 1576 2513 1527 2513 1528 2513 1528 2514 1527 2514 1492 2514 1528 2515 1492 2515 1493 2515 1493 2516 1492 2516 1443 2516 1493 2517 1443 2517 1444 2517 1444 2518 1443 2518 1377 2518 1444 2519 1377 2519 1378 2519 1378 2520 1377 2520 1329 2520 1378 2521 1329 2521 1330 2521 1596 2522 1611 2522 1610 2522 1610 2523 1611 2523 1603 2523 1610 2524 1603 2524 1602 2524 1602 2525 1603 2525 1583 2525 1602 2526 1583 2526 1582 2526 1582 2527 1583 2527 1540 2527 1582 2528 1540 2528 1539 2528 1539 2529 1540 2529 1505 2529 1539 2530 1505 2530 1504 2530 1504 2531 1505 2531 1457 2531 1504 2532 1457 2532 1456 2532 1456 2533 1457 2533 1402 2533 1456 2534 1402 2534 1401 2534 1401 2535 1402 2535 1342 2535 1401 2536 1342 2536 1341 2536 1497 2537 1505 2537 1540 2537 1444 2538 1378 2538 1406 2538 1611 2539 1597 2539 1557 2539 1611 2540 1557 2540 1627 2540 1611 2541 1627 2541 1667 2541 1611 2542 1667 2542 1706 2542 1611 2543 1706 2543 1738 2543 1611 2544 1738 2544 1771 2544 1611 2545 1771 2545 1787 2545 1611 2546 1787 2546 1795 2546 1611 2547 1795 2547 1796 2547 1611 2548 1796 2548 1792 2548 1611 2549 1792 2549 1780 2549 1611 2550 1780 2550 1746 2550 1611 2551 1746 2551 1713 2551 1611 2552 1713 2552 1677 2552 1611 2553 1677 2553 1640 2553 1578 2554 1497 2554 1540 2554 1578 2555 1540 2555 1583 2555 1578 2556 1583 2556 1603 2556 1578 2557 1603 2557 1611 2557 1578 2558 1611 2558 1640 2558 1108 2559 1105 2559 1146 2559 1108 2560 1146 2560 1181 2560 1108 2561 1181 2561 1189 2561 891 2562 1039 2562 1006 2562 891 2563 1006 2563 969 2563 891 2564 969 2564 938 2564 891 2565 938 2565 907 2565 891 2566 907 2566 895 2566 891 2567 893 2567 901 2567 891 2568 901 2568 933 2568 891 2569 933 2569 961 2569 891 2570 961 2570 995 2570 891 2571 995 2571 1027 2571 1505 2572 1497 2572 1457 2572 1457 2573 1497 2573 1424 2573 1457 2574 1424 2574 1402 2574 1402 2575 1424 2575 1342 2575 1342 2576 1424 2576 1354 2576 1342 2577 1354 2577 1290 2577 1290 2578 1354 2578 1260 2578 1290 2579 1260 2579 1224 2579 1224 2580 1260 2580 1189 2580 1224 2581 1189 2581 1181 2581 1105 2582 1108 2582 1083 2582 1083 2583 1108 2583 1039 2583 1083 2584 1039 2584 1069 2584 1069 2585 1039 2585 891 2585 1069 2586 891 2586 1077 2586 1077 2587 891 2587 1027 2587 1077 2588 1027 2588 1099 2588 1099 2589 1027 2589 1088 2589 1099 2590 1088 2590 1134 2590 1528 2591 1478 2591 1576 2591 1576 2592 1478 2592 1557 2592 1576 2593 1557 2593 1597 2593 1444 2594 1406 2594 1493 2594 1493 2595 1406 2595 1478 2595 1493 2596 1478 2596 1528 2596 1406 2597 1378 2597 1316 2597 1316 2598 1378 2598 1330 2598 1316 2599 1330 2599 1243 2599 1243 2600 1330 2600 1268 2600 1243 2601 1268 2601 1163 2601 1163 2602 1268 2602 1216 2602 1163 2603 1216 2603 1169 2603 1169 2604 1134 2604 1163 2604 1163 2605 1134 2605 1088 2605 1582 2606 1588 2606 1602 2606 1401 2607 1429 2607 1456 2607 1565 2608 1575 2608 1596 2608 1610 2609 1602 2609 1588 2609 1610 2610 1588 2610 1650 2610 1610 2611 1650 2611 1685 2611 1610 2612 1685 2612 1723 2612 1610 2613 1723 2613 1755 2613 1610 2614 1755 2614 1786 2614 1610 2615 1786 2615 1794 2615 1610 2616 1794 2616 1797 2616 1610 2617 1797 2617 1793 2617 1610 2618 1793 2618 1781 2618 1610 2619 1781 2619 1750 2619 1610 2620 1750 2620 1714 2620 1610 2621 1714 2621 1675 2621 1610 2622 1675 2622 1638 2622 1610 2623 1638 2623 1565 2623 1610 2624 1565 2624 1596 2624 1509 2625 1588 2625 1582 2625 1509 2626 1582 2626 1539 2626 1509 2627 1539 2627 1504 2627 1509 2628 1504 2628 1456 2628 1509 2629 1456 2629 1429 2629 1107 2630 1188 2630 1180 2630 1107 2631 1180 2631 1145 2631 1107 2632 1145 2632 1104 2632 890 2633 894 2633 906 2633 890 2634 906 2634 937 2634 890 2635 937 2635 968 2635 890 2636 968 2636 1005 2636 890 2637 1005 2637 1038 2637 890 2638 1026 2638 994 2638 890 2639 994 2639 960 2639 890 2640 960 2640 932 2640 890 2641 932 2641 900 2641 890 2642 900 2642 892 2642 1180 2643 1188 2643 1223 2643 1223 2644 1188 2644 1259 2644 1223 2645 1259 2645 1289 2645 1289 2646 1259 2646 1353 2646 1289 2647 1353 2647 1341 2647 1341 2648 1353 2648 1429 2648 1341 2649 1429 2649 1401 2649 1133 2650 1087 2650 1098 2650 1098 2651 1087 2651 1026 2651 1098 2652 1026 2652 1076 2652 1076 2653 1026 2653 890 2653 1076 2654 890 2654 1068 2654 1068 2655 890 2655 1038 2655 1068 2656 1038 2656 1082 2656 1082 2657 1038 2657 1107 2657 1082 2658 1107 2658 1104 2658 1492 2659 1527 2659 1487 2659 1487 2660 1527 2660 1575 2660 1487 2661 1575 2661 1565 2661 1377 2662 1443 2662 1410 2662 1410 2663 1443 2663 1492 2663 1410 2664 1492 2664 1487 2664 1168 2665 1215 2665 1162 2665 1162 2666 1215 2666 1267 2666 1162 2667 1267 2667 1242 2667 1242 2668 1267 2668 1329 2668 1242 2669 1329 2669 1315 2669 1315 2670 1329 2670 1377 2670 1315 2671 1377 2671 1410 2671 1168 2672 1162 2672 1133 2672 1133 2673 1162 2673 1087 2673 1354 2674 1353 2674 1260 2674 1260 2675 1353 2675 1259 2675 1260 2676 1259 2676 1189 2676 1189 2677 1259 2677 1188 2677 1189 2678 1188 2678 1108 2678 1108 2679 1188 2679 1107 2679 1108 2680 1107 2680 1039 2680 1039 2681 1107 2681 1038 2681 1039 2682 1038 2682 1006 2682 1006 2683 1038 2683 1005 2683 1006 2684 1005 2684 969 2684 969 2685 1005 2685 968 2685 969 2686 968 2686 938 2686 938 2687 968 2687 937 2687 938 2688 937 2688 907 2688 907 2689 937 2689 906 2689 907 2690 906 2690 895 2690 895 2691 906 2691 894 2691 895 2692 894 2692 891 2692 891 2693 894 2693 890 2693 891 2694 890 2694 893 2694 893 2695 890 2695 892 2695 893 2696 892 2696 901 2696 901 2697 892 2697 900 2697 901 2698 900 2698 933 2698 933 2699 900 2699 932 2699 933 2700 932 2700 961 2700 961 2701 932 2701 960 2701 961 2702 960 2702 995 2702 995 2703 960 2703 994 2703 995 2704 994 2704 1027 2704 1027 2705 994 2705 1026 2705 1027 2706 1026 2706 1088 2706 1088 2707 1026 2707 1087 2707 1088 2708 1087 2708 1163 2708 1163 2709 1087 2709 1162 2709 1163 2710 1162 2710 1243 2710 1243 2711 1162 2711 1242 2711 1243 2712 1242 2712 1316 2712 1316 2713 1242 2713 1315 2713 1069 2714 1082 2714 1083 2714 1083 2715 1082 2715 1104 2715 1083 2716 1104 2716 1105 2716 1105 2717 1104 2717 1145 2717 1105 2718 1145 2718 1146 2718 1146 2719 1145 2719 1180 2719 1146 2720 1180 2720 1181 2720 1181 2721 1180 2721 1223 2721 1181 2722 1223 2722 1224 2722 1224 2723 1223 2723 1289 2723 1224 2724 1289 2724 1290 2724 1290 2725 1289 2725 1341 2725 1290 2726 1341 2726 1342 2726 1082 2727 1069 2727 1068 2727 1068 2728 1069 2728 1077 2728 1068 2729 1077 2729 1076 2729 1076 2730 1077 2730 1099 2730 1076 2731 1099 2731 1098 2731 1098 2732 1099 2732 1134 2732 1098 2733 1134 2733 1133 2733 1133 2734 1134 2734 1169 2734 1133 2735 1169 2735 1168 2735 1168 2736 1169 2736 1216 2736 1168 2737 1216 2737 1215 2737 1215 2738 1216 2738 1268 2738 1215 2739 1268 2739 1267 2739 1267 2740 1268 2740 1330 2740 1267 2741 1330 2741 1329 2741 524 2742 533 2742 470 2742 533 2743 524 2743 570 2743 570 2744 578 2744 533 2744 578 2745 570 2745 598 2745 598 2746 611 2746 578 2746 611 2747 598 2747 642 2747 642 2748 652 2748 611 2748 652 2749 642 2749 663 2749 663 2750 672 2750 652 2750 672 2751 663 2751 680 2751 680 2752 688 2752 672 2752 682 2753 688 2753 680 2753 676 2754 688 2754 682 2754 668 2755 676 2755 682 2755 658 2756 676 2756 668 2756 647 2757 658 2757 668 2757 620 2758 658 2758 647 2758 606 2759 620 2759 647 2759 586 2760 620 2760 606 2760 574 2761 586 2761 606 2761 544 2762 586 2762 574 2762 538 2763 544 2763 574 2763 496 2764 544 2764 538 2764 524 2765 470 2765 463 2765 463 2766 470 2766 426 2766 463 2767 426 2767 427 2767 538 2768 487 2768 496 2768 496 2769 487 2769 438 2769 496 2770 438 2770 437 2770 1612 2771 1597 2771 1598 2771 1598 2772 1597 2772 1576 2772 1598 2773 1576 2773 1577 2773 1577 2774 1576 2774 1528 2774 1577 2775 1528 2775 1529 2775 1529 2776 1528 2776 1493 2776 1529 2777 1493 2777 1494 2777 1494 2778 1493 2778 1444 2778 1494 2779 1444 2779 1445 2779 1445 2780 1444 2780 1378 2780 1445 2781 1378 2781 1379 2781 1379 2782 1378 2782 1330 2782 1379 2783 1330 2783 1331 2783 1597 2784 1612 2784 1611 2784 1611 2785 1612 2785 1604 2785 1611 2786 1604 2786 1603 2786 1603 2787 1604 2787 1584 2787 1603 2788 1584 2788 1583 2788 1583 2789 1584 2789 1541 2789 1583 2790 1541 2790 1540 2790 1540 2791 1541 2791 1506 2791 1540 2792 1506 2792 1505 2792 1505 2793 1506 2793 1458 2793 1505 2794 1458 2794 1457 2794 1457 2795 1458 2795 1403 2795 1457 2796 1403 2796 1402 2796 1402 2797 1403 2797 1343 2797 1402 2798 1343 2798 1342 2798 1505 2799 1483 2799 1540 2799 1457 2800 1483 2800 1505 2800 1493 2801 1528 2801 1460 2801 396 2802 410 2802 437 2802 220 2803 240 2803 259 2803 388 2804 369 2804 426 2804 1279 2805 828 2805 1268 2805 1279 2806 1268 2806 1330 2806 1279 2807 1330 2807 1378 2807 1279 2808 1378 2808 1361 2808 828 2809 688 2809 676 2809 828 2810 676 2810 658 2810 828 2811 658 2811 483 2811 828 2812 483 2812 898 2812 828 2813 898 2813 1069 2813 828 2814 1069 2814 1077 2814 828 2815 1077 2815 1099 2815 828 2816 1099 2816 1134 2816 828 2817 1134 2817 1169 2817 828 2818 1169 2818 1216 2818 828 2819 1216 2819 1268 2819 1043 2820 1116 2820 1105 2820 1043 2821 1105 2821 1083 2821 1043 2822 1083 2822 1069 2822 1043 2823 1069 2823 863 2823 1043 2824 863 2824 871 2824 1043 2825 871 2825 880 2825 1043 2826 880 2826 889 2826 1043 2827 889 2827 905 2827 1043 2828 905 2828 951 2828 1043 2829 951 2829 998 2829 1069 2830 898 2830 883 2830 1069 2831 883 2831 877 2831 1069 2832 877 2832 868 2832 1069 2833 868 2833 863 2833 165 2834 240 2834 220 2834 165 2835 220 2835 201 2835 165 2836 201 2836 187 2836 165 2837 187 2837 3 2837 165 2838 3 2838 11 2838 165 2839 11 2839 18 2839 165 2840 18 2840 27 2840 165 2841 27 2841 40 2841 165 2842 40 2842 75 2842 165 2843 75 2843 122 2843 187 2844 196 2844 150 2844 187 2845 150 2845 109 2845 187 2846 109 2846 65 2846 187 2847 65 2847 34 2847 187 2848 34 2848 21 2848 187 2849 21 2849 13 2849 187 2850 13 2850 6 2850 187 2851 6 2851 3 2851 1611 2852 1646 2852 1695 2852 1611 2853 1695 2853 1741 2853 1611 2854 1741 2854 1790 2854 1611 2855 1790 2855 1805 2855 1611 2856 1805 2856 1813 2856 1611 2857 1813 2857 1820 2857 1611 2858 1820 2858 1823 2858 1611 2859 1823 2859 1815 2859 1611 2860 1815 2860 1808 2860 1611 2861 1808 2861 1799 2861 1611 2862 1799 2862 1783 2862 1611 2863 1783 2863 1730 2863 1611 2864 1730 2864 1683 2864 1611 2865 1683 2865 1634 2865 1611 2866 1634 2866 1548 2866 1611 2867 1548 2867 1597 2867 1571 2868 1646 2868 1611 2868 1571 2869 1611 2869 1603 2869 1571 2870 1603 2870 1583 2870 1571 2871 1583 2871 1540 2871 1571 2872 1540 2872 1483 2872 688 2873 828 2873 841 2873 688 2874 841 2874 847 2874 688 2875 847 2875 856 2875 688 2876 856 2876 861 2876 688 2877 861 2877 853 2877 688 2878 853 2878 844 2878 688 2879 844 2879 835 2879 688 2880 835 2880 821 2880 688 2881 821 2881 793 2881 688 2882 793 2882 747 2882 688 2883 747 2883 706 2883 688 2884 706 2884 631 2884 688 2885 631 2885 672 2885 483 2886 658 2886 620 2886 483 2887 620 2887 586 2887 483 2888 586 2888 544 2888 483 2889 544 2889 496 2889 483 2890 496 2890 437 2890 483 2891 437 2891 410 2891 1290 2892 1308 2892 1342 2892 1342 2893 1308 2893 1385 2893 1342 2894 1385 2894 1402 2894 1402 2895 1385 2895 1483 2895 1402 2896 1483 2896 1457 2896 1181 2897 1206 2897 1224 2897 1224 2898 1206 2898 1308 2898 1224 2899 1308 2899 1290 2899 1105 2900 1116 2900 1146 2900 1146 2901 1116 2901 1206 2901 1146 2902 1206 2902 1181 2902 1597 2903 1548 2903 1576 2903 1576 2904 1548 2904 1460 2904 1576 2905 1460 2905 1528 2905 1493 2906 1460 2906 1444 2906 1444 2907 1460 2907 1361 2907 1444 2908 1361 2908 1378 2908 259 2909 240 2909 288 2909 288 2910 240 2910 318 2910 288 2911 318 2911 331 2911 331 2912 318 2912 410 2912 331 2913 410 2913 396 2913 672 2914 631 2914 652 2914 652 2915 631 2915 552 2915 652 2916 552 2916 611 2916 611 2917 552 2917 578 2917 578 2918 552 2918 457 2918 578 2919 457 2919 533 2919 533 2920 457 2920 470 2920 470 2921 457 2921 388 2921 470 2922 388 2922 426 2922 246 2923 281 2923 222 2923 222 2924 281 2924 325 2924 222 2925 325 2925 303 2925 303 2926 325 2926 369 2926 303 2927 369 2927 388 2927 246 2928 222 2928 214 2928 214 2929 222 2929 150 2929 214 2930 150 2930 196 2930 188 2931 201 2931 199 2931 199 2932 201 2932 220 2932 199 2933 220 2933 218 2933 218 2934 220 2934 259 2934 218 2935 259 2935 262 2935 262 2936 259 2936 288 2936 262 2937 288 2937 291 2937 291 2938 288 2938 331 2938 291 2939 331 2939 332 2939 332 2940 331 2940 396 2940 332 2941 396 2941 397 2941 397 2942 396 2942 437 2942 397 2943 437 2943 438 2943 201 2944 188 2944 187 2944 187 2945 188 2945 194 2945 187 2946 194 2946 196 2946 196 2947 194 2947 212 2947 196 2948 212 2948 214 2948 214 2949 212 2949 249 2949 214 2950 249 2950 246 2950 246 2951 249 2951 284 2951 246 2952 284 2952 281 2952 281 2953 284 2953 323 2953 281 2954 323 2954 325 2954 325 2955 323 2955 372 2955 325 2956 372 2956 369 2956 369 2957 372 2957 427 2957 369 2958 427 2958 426 2958 1070 2959 1083 2959 1080 2959 1080 2960 1083 2960 1105 2960 1080 2961 1105 2961 1102 2961 1102 2962 1105 2962 1146 2962 1102 2963 1146 2963 1149 2963 1149 2964 1146 2964 1181 2964 1149 2965 1181 2965 1184 2965 1184 2966 1181 2966 1224 2966 1184 2967 1224 2967 1221 2967 1221 2968 1224 2968 1290 2968 1221 2969 1290 2969 1293 2969 1293 2970 1290 2970 1342 2970 1293 2971 1342 2971 1343 2971 1083 2972 1070 2972 1069 2972 1069 2973 1070 2973 1074 2973 1069 2974 1074 2974 1077 2974 1077 2975 1074 2975 1096 2975 1077 2976 1096 2976 1099 2976 1099 2977 1096 2977 1137 2977 1099 2978 1137 2978 1134 2978 1134 2979 1137 2979 1172 2979 1134 2980 1172 2980 1169 2980 1169 2981 1172 2981 1213 2981 1169 2982 1213 2982 1216 2982 1216 2983 1213 2983 1271 2983 1216 2984 1271 2984 1268 2984 1268 2985 1271 2985 1331 2985 1268 2986 1331 2986 1330 2986 1280 2987 1279 2987 1359 2987 1359 2988 1279 2988 1361 2988 1359 2989 1361 2989 1462 2989 1462 2990 1361 2990 1460 2990 1462 2991 1460 2991 1549 2991 1549 2992 1460 2992 1548 2992 1549 2993 1548 2993 1632 2993 1632 2994 1548 2994 1634 2994 1632 2995 1634 2995 1681 2995 1681 2996 1634 2996 1683 2996 1681 2997 1683 2997 1731 2997 1731 2998 1683 2998 1730 2998 1731 2999 1730 2999 1785 2999 1785 3000 1730 3000 1783 3000 1785 3001 1783 3001 1801 3001 1801 3002 1783 3002 1799 3002 1801 3003 1799 3003 1809 3003 1809 3004 1799 3004 1808 3004 1809 3005 1808 3005 1817 3005 1817 3006 1808 3006 1815 3006 1817 3007 1815 3007 1825 3007 1825 3008 1815 3008 1823 3008 1825 3009 1823 3009 1821 3009 1821 3010 1823 3010 1820 3010 1821 3011 1820 3011 1811 3011 1811 3012 1820 3012 1813 3012 1811 3013 1813 3013 1803 3013 1803 3014 1813 3014 1805 3014 1803 3015 1805 3015 1791 3015 1791 3016 1805 3016 1790 3016 1791 3017 1790 3017 1743 3017 1743 3018 1790 3018 1741 3018 1743 3019 1741 3019 1697 3019 1697 3020 1741 3020 1695 3020 1697 3021 1695 3021 1647 3021 1647 3022 1695 3022 1646 3022 1647 3023 1646 3023 1569 3023 1569 3024 1646 3024 1571 3024 1569 3025 1571 3025 1481 3025 1481 3026 1571 3026 1483 3026 1481 3027 1483 3027 1386 3027 1386 3028 1483 3028 1385 3028 1386 3029 1385 3029 1310 3029 1310 3030 1385 3030 1308 3030 1310 3031 1308 3031 1208 3031 1208 3032 1308 3032 1206 3032 1208 3033 1206 3033 1117 3033 1117 3034 1206 3034 1116 3034 1117 3035 1116 3035 1041 3035 1041 3036 1116 3036 1043 3036 1041 3037 1043 3037 1000 3037 1000 3038 1043 3038 998 3038 1000 3039 998 3039 952 3039 952 3040 998 3040 951 3040 952 3041 951 3041 903 3041 903 3042 951 3042 905 3042 903 3043 905 3043 887 3043 887 3044 905 3044 889 3044 887 3045 889 3045 881 3045 881 3046 889 3046 880 3046 881 3047 880 3047 873 3047 873 3048 880 3048 871 3048 873 3049 871 3049 865 3049 865 3050 871 3050 863 3050 865 3051 863 3051 869 3051 869 3052 863 3052 868 3052 869 3053 868 3053 875 3053 875 3054 868 3054 877 3054 875 3055 877 3055 885 3055 885 3056 877 3056 883 3056 885 3057 883 3057 899 3057 899 3058 883 3058 898 3058 829 3059 828 3059 1280 3059 1280 3060 828 3060 1279 3060 484 3061 483 3061 412 3061 412 3062 483 3062 410 3062 412 3063 410 3063 319 3063 319 3064 410 3064 318 3064 319 3065 318 3065 241 3065 241 3066 318 3066 240 3066 241 3067 240 3067 167 3067 167 3068 240 3068 165 3068 167 3069 165 3069 124 3069 124 3070 165 3070 122 3070 124 3071 122 3071 76 3071 76 3072 122 3072 75 3072 76 3073 75 3073 38 3073 38 3074 75 3074 40 3074 38 3075 40 3075 25 3075 25 3076 40 3076 27 3076 25 3077 27 3077 19 3077 19 3078 27 3078 18 3078 19 3079 18 3079 9 3079 9 3080 18 3080 11 3080 9 3081 11 3081 1 3081 1 3082 11 3082 3 3082 1 3083 3 3083 7 3083 7 3084 3 3084 6 3084 7 3085 6 3085 15 3085 15 3086 6 3086 13 3086 15 3087 13 3087 23 3087 23 3088 13 3088 21 3088 23 3089 21 3089 35 3089 35 3090 21 3090 34 3090 35 3091 34 3091 63 3091 63 3092 34 3092 65 3092 63 3093 65 3093 107 3093 107 3094 65 3094 109 3094 107 3095 109 3095 151 3095 151 3096 109 3096 150 3096 151 3097 150 3097 224 3097 224 3098 150 3098 222 3098 224 3099 222 3099 305 3099 305 3100 222 3100 303 3100 305 3101 303 3101 389 3101 389 3102 303 3102 388 3102 389 3103 388 3103 455 3103 455 3104 388 3104 457 3104 455 3105 457 3105 550 3105 550 3106 457 3106 552 3106 550 3107 552 3107 632 3107 632 3108 552 3108 631 3108 632 3109 631 3109 708 3109 708 3110 631 3110 706 3110 708 3111 706 3111 748 3111 748 3112 706 3112 747 3112 748 3113 747 3113 794 3113 794 3114 747 3114 793 3114 794 3115 793 3115 823 3115 823 3116 793 3116 821 3116 823 3117 821 3117 837 3117 837 3118 821 3118 835 3118 837 3119 835 3119 845 3119 845 3120 835 3120 844 3120 845 3121 844 3121 851 3121 851 3122 844 3122 853 3122 851 3123 853 3123 859 3123 859 3124 853 3124 861 3124 859 3125 861 3125 857 3125 857 3126 861 3126 856 3126 857 3127 856 3127 849 3127 849 3128 856 3128 847 3128 849 3129 847 3129 839 3129 839 3130 847 3130 841 3130 839 3131 841 3131 829 3131 829 3132 841 3132 828 3132 484 3133 899 3133 483 3133 483 3134 899 3134 898 3134 1541 3135 1481 3135 1506 3135 1506 3136 1481 3136 1458 3136 1462 3137 1529 3137 1494 3137 829 3138 668 3138 682 3138 438 3139 412 3139 397 3139 262 3140 241 3140 218 3140 427 3141 372 3141 389 3141 1280 3142 1359 3142 1379 3142 1280 3143 1379 3143 1331 3143 1280 3144 1331 3144 1271 3144 1280 3145 1271 3145 829 3145 1041 3146 1000 3146 952 3146 1041 3147 952 3147 903 3147 1041 3148 903 3148 887 3148 1041 3149 887 3149 881 3149 1041 3150 881 3150 873 3150 1041 3151 873 3151 865 3151 1041 3152 865 3152 1070 3152 1041 3153 1070 3153 1080 3153 1041 3154 1080 3154 1102 3154 1041 3155 1102 3155 1117 3155 1070 3156 865 3156 869 3156 1070 3157 869 3157 875 3157 1070 3158 875 3158 885 3158 1070 3159 885 3159 899 3159 167 3160 124 3160 76 3160 167 3161 76 3161 38 3161 167 3162 38 3162 25 3162 167 3163 25 3163 19 3163 167 3164 19 3164 9 3164 167 3165 9 3165 1 3165 167 3166 1 3166 188 3166 167 3167 188 3167 199 3167 167 3168 199 3168 218 3168 167 3169 218 3169 241 3169 188 3170 1 3170 7 3170 188 3171 7 3171 15 3171 188 3172 15 3172 23 3172 188 3173 23 3173 35 3173 188 3174 35 3174 63 3174 188 3175 63 3175 107 3175 188 3176 107 3176 151 3176 188 3177 151 3177 194 3177 680 3178 663 3178 632 3178 680 3179 632 3179 708 3179 680 3180 708 3180 748 3180 680 3181 748 3181 794 3181 680 3182 794 3182 823 3182 680 3183 823 3183 837 3183 680 3184 837 3184 845 3184 680 3185 845 3185 851 3185 1612 3186 1598 3186 1549 3186 1612 3187 1549 3187 1632 3187 1612 3188 1632 3188 1681 3188 1612 3189 1681 3189 1731 3189 1612 3190 1731 3190 1785 3190 1612 3191 1785 3191 1801 3191 1612 3192 1801 3192 1809 3192 1612 3193 1809 3193 1817 3193 1612 3194 1817 3194 1825 3194 1612 3195 1825 3195 1821 3195 1612 3196 1821 3196 1811 3196 1612 3197 1811 3197 1803 3197 1612 3198 1803 3198 1791 3198 1612 3199 1791 3199 1743 3199 1612 3200 1743 3200 1697 3200 1612 3201 1697 3201 1647 3201 1569 3202 1481 3202 1541 3202 1569 3203 1541 3203 1584 3203 1569 3204 1584 3204 1604 3204 1569 3205 1604 3205 1612 3205 1569 3206 1612 3206 1647 3206 484 3207 412 3207 438 3207 484 3208 438 3208 487 3208 484 3209 487 3209 538 3209 484 3210 538 3210 574 3210 484 3211 574 3211 606 3211 484 3212 606 3212 647 3212 484 3213 647 3213 668 3213 484 3214 668 3214 829 3214 484 3215 829 3215 899 3215 829 3216 1271 3216 1213 3216 829 3217 1213 3217 1172 3217 829 3218 1172 3218 1137 3218 829 3219 1137 3219 1096 3219 829 3220 1096 3220 1074 3220 829 3221 1074 3221 1070 3221 829 3222 1070 3222 899 3222 680 3223 851 3223 682 3223 682 3224 851 3224 859 3224 682 3225 859 3225 829 3225 829 3226 859 3226 857 3226 829 3227 857 3227 839 3227 839 3228 857 3228 849 3228 1458 3229 1481 3229 1403 3229 1403 3230 1481 3230 1386 3230 1403 3231 1386 3231 1343 3231 1343 3232 1386 3232 1310 3232 1343 3233 1310 3233 1293 3233 1293 3234 1310 3234 1221 3234 1221 3235 1310 3235 1208 3235 1221 3236 1208 3236 1184 3236 1184 3237 1208 3237 1149 3237 1149 3238 1208 3238 1117 3238 1149 3239 1117 3239 1102 3239 1529 3240 1462 3240 1577 3240 1577 3241 1462 3241 1549 3241 1577 3242 1549 3242 1598 3242 1379 3243 1359 3243 1445 3243 1445 3244 1359 3244 1462 3244 1445 3245 1462 3245 1494 3245 397 3246 412 3246 332 3246 332 3247 412 3247 319 3247 332 3248 319 3248 291 3248 291 3249 319 3249 241 3249 291 3250 241 3250 262 3250 598 3251 550 3251 642 3251 642 3252 550 3252 632 3252 642 3253 632 3253 663 3253 524 3254 455 3254 570 3254 570 3255 455 3255 550 3255 570 3256 550 3256 598 3256 427 3257 389 3257 463 3257 463 3258 389 3258 455 3258 463 3259 455 3259 524 3259 389 3260 372 3260 305 3260 305 3261 372 3261 323 3261 305 3262 323 3262 224 3262 224 3263 323 3263 284 3263 224 3264 284 3264 249 3264 194 3265 151 3265 212 3265 212 3266 151 3266 224 3266 212 3267 224 3267 249 3267 523 3268 532 3268 469 3268 532 3269 523 3269 569 3269 569 3270 577 3270 532 3270 577 3271 569 3271 597 3271 597 3272 610 3272 577 3272 610 3273 597 3273 641 3273 641 3274 651 3274 610 3274 651 3275 641 3275 662 3275 662 3276 671 3276 651 3276 671 3277 662 3277 679 3277 679 3278 687 3278 671 3278 681 3279 687 3279 679 3279 675 3280 687 3280 681 3280 667 3281 675 3281 681 3281 657 3282 675 3282 667 3282 646 3283 657 3283 667 3283 619 3284 657 3284 646 3284 605 3285 619 3285 646 3285 585 3286 619 3286 605 3286 573 3287 585 3287 605 3287 543 3288 585 3288 573 3288 537 3289 543 3289 573 3289 495 3290 543 3290 537 3290 523 3291 469 3291 462 3291 462 3292 469 3292 424 3292 462 3293 424 3293 425 3293 537 3294 486 3294 495 3294 495 3295 486 3295 436 3295 495 3296 436 3296 435 3296 1609 3297 1594 3297 1595 3297 1595 3298 1594 3298 1573 3298 1595 3299 1573 3299 1574 3299 1574 3300 1573 3300 1525 3300 1574 3301 1525 3301 1526 3301 1526 3302 1525 3302 1490 3302 1526 3303 1490 3303 1491 3303 1491 3304 1490 3304 1441 3304 1491 3305 1441 3305 1442 3305 1442 3306 1441 3306 1375 3306 1442 3307 1375 3307 1376 3307 1376 3308 1375 3308 1327 3308 1376 3309 1327 3309 1328 3309 1594 3310 1609 3310 1608 3310 1608 3311 1609 3311 1601 3311 1608 3312 1601 3312 1600 3312 1600 3313 1601 3313 1581 3313 1600 3314 1581 3314 1580 3314 1580 3315 1581 3315 1538 3315 1580 3316 1538 3316 1537 3316 1537 3317 1538 3317 1503 3317 1537 3318 1503 3318 1502 3318 1502 3319 1503 3319 1455 3319 1502 3320 1455 3320 1454 3320 1454 3321 1455 3321 1400 3321 1454 3322 1400 3322 1399 3322 1399 3323 1400 3323 1340 3323 1399 3324 1340 3324 1339 3324 1502 3325 1482 3325 1537 3325 1454 3326 1482 3326 1502 3326 1490 3327 1525 3327 1459 3327 394 3328 409 3328 435 3328 219 3329 238 3329 258 3329 386 3330 368 3330 424 3330 1277 3331 826 3331 1266 3331 1277 3332 1266 3332 1327 3332 1277 3333 1327 3333 1375 3333 1277 3334 1375 3334 1360 3334 826 3335 687 3335 675 3335 826 3336 675 3336 657 3336 826 3337 657 3337 481 3337 826 3338 481 3338 896 3338 826 3339 896 3339 1066 3339 826 3340 1066 3340 1075 3340 826 3341 1075 3341 1097 3341 826 3342 1097 3342 1132 3342 826 3343 1132 3343 1167 3343 826 3344 1167 3344 1214 3344 826 3345 1214 3345 1266 3345 1042 3346 1114 3346 1103 3346 1042 3347 1103 3347 1081 3347 1042 3348 1081 3348 1066 3348 1042 3349 1066 3349 862 3349 1042 3350 862 3350 870 3350 1042 3351 870 3351 878 3351 1042 3352 878 3352 888 3352 1042 3353 888 3353 904 3353 1042 3354 904 3354 949 3354 1042 3355 949 3355 997 3355 1066 3356 896 3356 882 3356 1066 3357 882 3357 876 3357 1066 3358 876 3358 866 3358 1066 3359 866 3359 862 3359 164 3360 238 3360 219 3360 164 3361 219 3361 200 3361 164 3362 200 3362 185 3362 164 3363 185 3363 2 3363 164 3364 2 3364 10 3364 164 3365 10 3365 16 3365 164 3366 16 3366 26 3366 164 3367 26 3367 39 3367 164 3368 39 3368 73 3368 164 3369 73 3369 121 3369 185 3370 195 3370 148 3370 185 3371 148 3371 108 3371 185 3372 108 3372 64 3372 185 3373 64 3373 32 3373 185 3374 32 3374 20 3374 185 3375 20 3375 12 3375 185 3376 12 3376 4 3376 185 3377 4 3377 2 3377 1608 3378 1644 3378 1694 3378 1608 3379 1694 3379 1740 3379 1608 3380 1740 3380 1788 3380 1608 3381 1788 3381 1804 3381 1608 3382 1804 3382 1812 3382 1608 3383 1812 3383 1818 3383 1608 3384 1818 3384 1822 3384 1608 3385 1822 3385 1814 3385 1608 3386 1814 3386 1806 3386 1608 3387 1806 3387 1798 3387 1608 3388 1798 3388 1782 3388 1608 3389 1782 3389 1728 3389 1608 3390 1728 3390 1682 3390 1608 3391 1682 3391 1633 3391 1608 3392 1633 3392 1546 3392 1608 3393 1546 3393 1594 3393 1570 3394 1644 3394 1608 3394 1570 3395 1608 3395 1600 3395 1570 3396 1600 3396 1580 3396 1570 3397 1580 3397 1537 3397 1570 3398 1537 3398 1482 3398 687 3399 826 3399 840 3399 687 3400 840 3400 846 3400 687 3401 846 3401 854 3401 687 3402 854 3402 860 3402 687 3403 860 3403 852 3403 687 3404 852 3404 842 3404 687 3405 842 3405 834 3405 687 3406 834 3406 820 3406 687 3407 820 3407 791 3407 687 3408 791 3408 745 3408 687 3409 745 3409 705 3409 687 3410 705 3410 629 3410 687 3411 629 3411 671 3411 481 3412 657 3412 619 3412 481 3413 619 3413 585 3413 481 3414 585 3414 543 3414 481 3415 543 3415 495 3415 481 3416 495 3416 435 3416 481 3417 435 3417 409 3417 1288 3418 1307 3418 1339 3418 1339 3419 1307 3419 1383 3419 1339 3420 1383 3420 1399 3420 1399 3421 1383 3421 1482 3421 1399 3422 1482 3422 1454 3422 1179 3423 1205 3423 1222 3423 1222 3424 1205 3424 1307 3424 1222 3425 1307 3425 1288 3425 1103 3426 1114 3426 1144 3426 1144 3427 1114 3427 1205 3427 1144 3428 1205 3428 1179 3428 1594 3429 1546 3429 1573 3429 1573 3430 1546 3430 1459 3430 1573 3431 1459 3431 1525 3431 1490 3432 1459 3432 1441 3432 1441 3433 1459 3433 1360 3433 1441 3434 1360 3434 1375 3434 258 3435 238 3435 287 3435 287 3436 238 3436 316 3436 287 3437 316 3437 329 3437 329 3438 316 3438 409 3438 329 3439 409 3439 394 3439 671 3440 629 3440 651 3440 651 3441 629 3441 551 3441 651 3442 551 3442 610 3442 610 3443 551 3443 577 3443 577 3444 551 3444 456 3444 577 3445 456 3445 532 3445 532 3446 456 3446 469 3446 469 3447 456 3447 386 3447 469 3448 386 3448 424 3448 245 3449 280 3449 221 3449 221 3450 280 3450 324 3450 221 3451 324 3451 302 3451 302 3452 324 3452 368 3452 302 3453 368 3453 386 3453 245 3454 221 3454 213 3454 213 3455 221 3455 148 3455 213 3456 148 3456 195 3456 186 3457 200 3457 198 3457 198 3458 200 3458 219 3458 198 3459 219 3459 217 3459 217 3460 219 3460 258 3460 217 3461 258 3461 261 3461 261 3462 258 3462 287 3462 261 3463 287 3463 290 3463 290 3464 287 3464 329 3464 290 3465 329 3465 330 3465 330 3466 329 3466 394 3466 330 3467 394 3467 395 3467 395 3468 394 3468 435 3468 395 3469 435 3469 436 3469 200 3470 186 3470 185 3470 185 3471 186 3471 193 3471 185 3472 193 3472 195 3472 195 3473 193 3473 211 3473 195 3474 211 3474 213 3474 213 3475 211 3475 248 3475 213 3476 248 3476 245 3476 245 3477 248 3477 283 3477 245 3478 283 3478 280 3478 280 3479 283 3479 322 3479 280 3480 322 3480 324 3480 324 3481 322 3481 371 3481 324 3482 371 3482 368 3482 368 3483 371 3483 425 3483 368 3484 425 3484 424 3484 1067 3485 1081 3485 1079 3485 1079 3486 1081 3486 1103 3486 1079 3487 1103 3487 1101 3487 1101 3488 1103 3488 1144 3488 1101 3489 1144 3489 1148 3489 1148 3490 1144 3490 1179 3490 1148 3491 1179 3491 1183 3491 1183 3492 1179 3492 1222 3492 1183 3493 1222 3493 1220 3493 1220 3494 1222 3494 1288 3494 1220 3495 1288 3495 1292 3495 1292 3496 1288 3496 1339 3496 1292 3497 1339 3497 1340 3497 1081 3498 1067 3498 1066 3498 1066 3499 1067 3499 1073 3499 1066 3500 1073 3500 1075 3500 1075 3501 1073 3501 1095 3501 1075 3502 1095 3502 1097 3502 1097 3503 1095 3503 1136 3503 1097 3504 1136 3504 1132 3504 1132 3505 1136 3505 1171 3505 1132 3506 1171 3506 1167 3506 1167 3507 1171 3507 1212 3507 1167 3508 1212 3508 1214 3508 1214 3509 1212 3509 1270 3509 1214 3510 1270 3510 1266 3510 1266 3511 1270 3511 1328 3511 1266 3512 1328 3512 1327 3512 1278 3513 1277 3513 1358 3513 1358 3514 1277 3514 1360 3514 1358 3515 1360 3515 1461 3515 1461 3516 1360 3516 1459 3516 1461 3517 1459 3517 1547 3517 1547 3518 1459 3518 1546 3518 1547 3519 1546 3519 1631 3519 1631 3520 1546 3520 1633 3520 1631 3521 1633 3521 1680 3521 1680 3522 1633 3522 1682 3522 1680 3523 1682 3523 1729 3523 1729 3524 1682 3524 1728 3524 1729 3525 1728 3525 1784 3525 1784 3526 1728 3526 1782 3526 1784 3527 1782 3527 1800 3527 1800 3528 1782 3528 1798 3528 1800 3529 1798 3529 1807 3529 1807 3530 1798 3530 1806 3530 1807 3531 1806 3531 1816 3531 1816 3532 1806 3532 1814 3532 1816 3533 1814 3533 1824 3533 1824 3534 1814 3534 1822 3534 1824 3535 1822 3535 1819 3535 1819 3536 1822 3536 1818 3536 1819 3537 1818 3537 1810 3537 1810 3538 1818 3538 1812 3538 1810 3539 1812 3539 1802 3539 1802 3540 1812 3540 1804 3540 1802 3541 1804 3541 1789 3541 1789 3542 1804 3542 1788 3542 1789 3543 1788 3543 1742 3543 1742 3544 1788 3544 1740 3544 1742 3545 1740 3545 1696 3545 1696 3546 1740 3546 1694 3546 1696 3547 1694 3547 1645 3547 1645 3548 1694 3548 1644 3548 1645 3549 1644 3549 1568 3549 1568 3550 1644 3550 1570 3550 1568 3551 1570 3551 1480 3551 1480 3552 1570 3552 1482 3552 1480 3553 1482 3553 1384 3553 1384 3554 1482 3554 1383 3554 1384 3555 1383 3555 1309 3555 1309 3556 1383 3556 1307 3556 1309 3557 1307 3557 1207 3557 1207 3558 1307 3558 1205 3558 1207 3559 1205 3559 1115 3559 1115 3560 1205 3560 1114 3560 1115 3561 1114 3561 1040 3561 1040 3562 1114 3562 1042 3562 1040 3563 1042 3563 999 3563 999 3564 1042 3564 997 3564 999 3565 997 3565 950 3565 950 3566 997 3566 949 3566 950 3567 949 3567 902 3567 902 3568 949 3568 904 3568 902 3569 904 3569 886 3569 886 3570 904 3570 888 3570 886 3571 888 3571 879 3571 879 3572 888 3572 878 3572 879 3573 878 3573 872 3573 872 3574 878 3574 870 3574 872 3575 870 3575 864 3575 864 3576 870 3576 862 3576 864 3577 862 3577 867 3577 867 3578 862 3578 866 3578 867 3579 866 3579 874 3579 874 3580 866 3580 876 3580 874 3581 876 3581 884 3581 884 3582 876 3582 882 3582 884 3583 882 3583 897 3583 897 3584 882 3584 896 3584 827 3585 826 3585 1278 3585 1278 3586 826 3586 1277 3586 482 3587 481 3587 411 3587 411 3588 481 3588 409 3588 411 3589 409 3589 317 3589 317 3590 409 3590 316 3590 317 3591 316 3591 239 3591 239 3592 316 3592 238 3592 239 3593 238 3593 166 3593 166 3594 238 3594 164 3594 166 3595 164 3595 123 3595 123 3596 164 3596 121 3596 123 3597 121 3597 74 3597 74 3598 121 3598 73 3598 74 3599 73 3599 37 3599 37 3600 73 3600 39 3600 37 3601 39 3601 24 3601 24 3602 39 3602 26 3602 24 3603 26 3603 17 3603 17 3604 26 3604 16 3604 17 3605 16 3605 8 3605 8 3606 16 3606 10 3606 8 3607 10 3607 0 3607 0 3608 10 3608 2 3608 0 3609 2 3609 5 3609 5 3610 2 3610 4 3610 5 3611 4 3611 14 3611 14 3612 4 3612 12 3612 14 3613 12 3613 22 3613 22 3614 12 3614 20 3614 22 3615 20 3615 33 3615 33 3616 20 3616 32 3616 33 3617 32 3617 62 3617 62 3618 32 3618 64 3618 62 3619 64 3619 106 3619 106 3620 64 3620 108 3620 106 3621 108 3621 149 3621 149 3622 108 3622 148 3622 149 3623 148 3623 223 3623 223 3624 148 3624 221 3624 223 3625 221 3625 304 3625 304 3626 221 3626 302 3626 304 3627 302 3627 387 3627 387 3628 302 3628 386 3628 387 3629 386 3629 454 3629 454 3630 386 3630 456 3630 454 3631 456 3631 549 3631 549 3632 456 3632 551 3632 549 3633 551 3633 630 3633 630 3634 551 3634 629 3634 630 3635 629 3635 707 3635 707 3636 629 3636 705 3636 707 3637 705 3637 746 3637 746 3638 705 3638 745 3638 746 3639 745 3639 792 3639 792 3640 745 3640 791 3640 792 3641 791 3641 822 3641 822 3642 791 3642 820 3642 822 3643 820 3643 836 3643 836 3644 820 3644 834 3644 836 3645 834 3645 843 3645 843 3646 834 3646 842 3646 843 3647 842 3647 850 3647 850 3648 842 3648 852 3648 850 3649 852 3649 858 3649 858 3650 852 3650 860 3650 858 3651 860 3651 855 3651 855 3652 860 3652 854 3652 855 3653 854 3653 848 3653 848 3654 854 3654 846 3654 848 3655 846 3655 838 3655 838 3656 846 3656 840 3656 838 3657 840 3657 827 3657 827 3658 840 3658 826 3658 482 3659 897 3659 481 3659 481 3660 897 3660 896 3660 1538 3661 1480 3661 1503 3661 1503 3662 1480 3662 1455 3662 1461 3663 1526 3663 1491 3663 827 3664 667 3664 681 3664 436 3665 411 3665 395 3665 261 3666 239 3666 217 3666 425 3667 371 3667 387 3667 1278 3668 1358 3668 1376 3668 1278 3669 1376 3669 1328 3669 1278 3670 1328 3670 1270 3670 1278 3671 1270 3671 827 3671 1040 3672 999 3672 950 3672 1040 3673 950 3673 902 3673 1040 3674 902 3674 886 3674 1040 3675 886 3675 879 3675 1040 3676 879 3676 872 3676 1040 3677 872 3677 864 3677 1040 3678 864 3678 1067 3678 1040 3679 1067 3679 1079 3679 1040 3680 1079 3680 1101 3680 1040 3681 1101 3681 1115 3681 1067 3682 864 3682 867 3682 1067 3683 867 3683 874 3683 1067 3684 874 3684 884 3684 1067 3685 884 3685 897 3685 166 3686 123 3686 74 3686 166 3687 74 3687 37 3687 166 3688 37 3688 24 3688 166 3689 24 3689 17 3689 166 3690 17 3690 8 3690 166 3691 8 3691 0 3691 166 3692 0 3692 186 3692 166 3693 186 3693 198 3693 166 3694 198 3694 217 3694 166 3695 217 3695 239 3695 186 3696 0 3696 5 3696 186 3697 5 3697 14 3697 186 3698 14 3698 22 3698 186 3699 22 3699 33 3699 186 3700 33 3700 62 3700 186 3701 62 3701 106 3701 186 3702 106 3702 149 3702 186 3703 149 3703 193 3703 679 3704 662 3704 630 3704 679 3705 630 3705 707 3705 679 3706 707 3706 746 3706 679 3707 746 3707 792 3707 679 3708 792 3708 822 3708 679 3709 822 3709 836 3709 679 3710 836 3710 843 3710 679 3711 843 3711 850 3711 1609 3712 1595 3712 1547 3712 1609 3713 1547 3713 1631 3713 1609 3714 1631 3714 1680 3714 1609 3715 1680 3715 1729 3715 1609 3716 1729 3716 1784 3716 1609 3717 1784 3717 1800 3717 1609 3718 1800 3718 1807 3718 1609 3719 1807 3719 1816 3719 1609 3720 1816 3720 1824 3720 1609 3721 1824 3721 1819 3721 1609 3722 1819 3722 1810 3722 1609 3723 1810 3723 1802 3723 1609 3724 1802 3724 1789 3724 1609 3725 1789 3725 1742 3725 1609 3726 1742 3726 1696 3726 1609 3727 1696 3727 1645 3727 1568 3728 1480 3728 1538 3728 1568 3729 1538 3729 1581 3729 1568 3730 1581 3730 1601 3730 1568 3731 1601 3731 1609 3731 1568 3732 1609 3732 1645 3732 482 3733 411 3733 436 3733 482 3734 436 3734 486 3734 482 3735 486 3735 537 3735 482 3736 537 3736 573 3736 482 3737 573 3737 605 3737 482 3738 605 3738 646 3738 482 3739 646 3739 667 3739 482 3740 667 3740 827 3740 482 3741 827 3741 897 3741 827 3742 1270 3742 1212 3742 827 3743 1212 3743 1171 3743 827 3744 1171 3744 1136 3744 827 3745 1136 3745 1095 3745 827 3746 1095 3746 1073 3746 827 3747 1073 3747 1067 3747 827 3748 1067 3748 897 3748 679 3749 850 3749 681 3749 681 3750 850 3750 858 3750 681 3751 858 3751 827 3751 827 3752 858 3752 855 3752 827 3753 855 3753 838 3753 838 3754 855 3754 848 3754 1455 3755 1480 3755 1400 3755 1400 3756 1480 3756 1384 3756 1400 3757 1384 3757 1340 3757 1340 3758 1384 3758 1309 3758 1340 3759 1309 3759 1292 3759 1292 3760 1309 3760 1220 3760 1220 3761 1309 3761 1207 3761 1220 3762 1207 3762 1183 3762 1183 3763 1207 3763 1148 3763 1148 3764 1207 3764 1115 3764 1148 3765 1115 3765 1101 3765 1526 3766 1461 3766 1574 3766 1574 3767 1461 3767 1547 3767 1574 3768 1547 3768 1595 3768 1376 3769 1358 3769 1442 3769 1442 3770 1358 3770 1461 3770 1442 3771 1461 3771 1491 3771 395 3772 411 3772 330 3772 330 3773 411 3773 317 3773 330 3774 317 3774 290 3774 290 3775 317 3775 239 3775 290 3776 239 3776 261 3776 597 3777 549 3777 641 3777 641 3778 549 3778 630 3778 641 3779 630 3779 662 3779 523 3780 454 3780 569 3780 569 3781 454 3781 549 3781 569 3782 549 3782 597 3782 425 3783 387 3783 462 3783 462 3784 387 3784 454 3784 462 3785 454 3785 523 3785 387 3786 371 3786 304 3786 304 3787 371 3787 322 3787 304 3788 322 3788 223 3788 223 3789 322 3789 283 3789 223 3790 283 3790 248 3790 193 3791 149 3791 211 3791 211 3792 149 3792 223 3792 211 3793 223 3793 248 3793</p>
        </triangles>
      </mesh>
    </geometry>
  </library_geometries>
  <library_materials>
    <material id="mat_gr_rh_link" name="gr_rh_link">
      <instance_effect url="#effect_gr_rh_link"/>
    </material>
  </library_materials>
  <library_visual_scenes>
    <visual_scene id="myscene">
      <node id="node0" name="node0">
        <instance_geometry url="#geometry0">
          <bind_material>
            <technique_common>
              <instance_material symbol="ref_gr_rh_link" target="#mat_gr_rh_link"/>
            </technique_common>
          </bind_material>
        </instance_geometry>
      </node>
    </visual_scene>
  </library_visual_scenes>
  <scene>
    <instance_visual_scene url="#myscene"/>
  </scene>
</COLLADA>
