<COLLADA xmlns="http://www.collada.org/2005/11/COLLADASchema" version="1.4.1">
  <asset>
    <contributor/>
    <created>2025-11-18T20:23:27.821780</created>
    <modified>2025-11-18T20:23:27.821793</modified>
    <unit name="meter" meter="1.0"/>
    <up_axis>Z_UP</up_axis>
  </asset>
  <library_effects>
    <effect id="effect_grb_new" name="effect_grb_new">
      <profile_COMMON>
        <technique sid="common">
          <phong>
            <emission>
              <color>0.0 0.0 0.0 1.0</color>
            </emission>
            <ambient>
              <color>0.0 0.0 0.0 1.0</color>
            </ambient>
            <diffuse>
              <color>0.800000011920929 0.800000011920929 0.800000011920929 1.0</color>
            </diffuse>
            <specular>
              <color>1 1 1 1.0</color>
            </specular>
            <shininess>
              <float>0.0</float>
            </shininess>
            <reflective>
              <color>0.0 0.0 0.0 1.0</color>
            </reflective>
            <reflectivity>
              <float>0.0</float>
            </reflectivity>
            <transparent>
              <color>0.0 0.0 0.0 1.0</color>
            </transparent>
            <transparency>
              <float>1.0</float>
            </transparency>
          </phong>
        </technique>
        <extra>
          <technique profile="GOOGLEEARTH">
            <double_sided>0</double_sided>
          </technique>
        </extra>
      </profile_COMMON>
    </effect>
  </library_effects>
  <library_geometries>
    <geometry id="geometry0" name="grb_new">
      <mesh>
        <source id="cubeverts-array0">
          <float_array count="2355" id="cubeverts-array0-array">-0.0199003 0.003000003 0.02469183 -0.01989805 2.622674e-09 0.02463748 -0.01989719 2.622674e-09 0.0251332 -0.01988415 0.003000003 0.02531953 -0.01984978 2.622674e-09 0.02414466 -0.01984886 2.622674e-09 0.02561644 -0.01983766 0.003000003 0.02406706 -0.01978944 0.003000003 0.02594025 -0.01975364 2.622674e-09 0.02609319 -0.01975299 2.622674e-09 0.02365848 -0.01969721 0.003000003 0.02345506 -0.01961769 0.003000003 0.02654421 -0.01961286 2.622674e-09 0.02655798 -0.01960859 2.622673e-09 0.02318481 -0.01948116 0.003000003 0.0228655 -0.01942732 2.622674e-09 0.02700735 -0.01942208 2.622673e-09 0.02273599 -0.0193716 0.003000003 0.02712188 -0.01919449 2.622674e-09 0.02744439 -0.01919293 2.622673e-09 0.02230766 -0.01919293 0.003000003 0.02230766 -0.01905504 0.003000003 0.02766415 -0.01891916 2.622674e-09 0.02785661 -0.01867302 0.003000003 0.02816247 -0.0186048 2.622674e-09 0.02823922 -0.01825367 2.622674e-09 0.02858914 -0.01823155 0.003000003 0.02860898 -0.0178777 2.622674e-09 0.02889675 -0.0177376 0.003000003 0.02899664 -0.01747336 2.622674e-09 0.02916645 -0.01719897 0.003000003 0.02931933 -0.01691437 2.622674e-09 0.02945586 -0.01662413 0.003000003 0.02957197 -0.01640343 2.622673e-09 0.02484662 -0.01640343 0.003000003 0.02484662 -0.01637268 2.622673e-09 0.02518115 -0.01637265 0.003000003 0.0251811 -0.01635904 2.622672e-09 0.02451363 -0.01635901 0.003000003 0.02451368 -0.0163251 2.622674e-09 0.02967161 -0.01626823 2.622673e-09 0.02550036 -0.01626821 0.003000003 0.02550035 -0.01624163 2.622672e-09 0.02419895 -0.01624162 0.003000003 0.02419897 -0.01609535 0.003000003 0.02578835 -0.01609533 2.622673e-09 0.02578832 -0.01605714 0.003000003 0.02391827 -0.01605712 2.622672e-09 0.02391829 -0.016023 2.622674e-09 0.02975061 -0.01602216 0.003000003 0.02975058 -0.01586274 0.003000003 0.02603066 -0.01586273 2.622673e-09 0.02603064 -0.01581482 0.003000003 0.02368566 -0.01581481 2.622672e-09 0.02368568 -0.01571411 2.622673e-09 0.02981116 -0.01558205 2.622673e-09 0.02621515 -0.01558205 0.003000003 0.02621514 -0.01552683 2.622672e-09 0.02351279 -0.01552682 0.003000003 0.0235128 -0.01540255 0.003000003 0.02985232 -0.01526733 2.622672e-09 0.02633253 -0.01526733 0.003000003 0.02633253 -0.0152126 2.622673e-09 0.02986778 -0.01520758 0.003000003 0.02340836 -0.01520757 2.622672e-09 0.02340837 -0.01493439 2.622672e-09 0.02637695 -0.01493439 0.003000003 0.02637695 -0.0148731 2.622671e-09 0.02337758 -0.0148731 0.003000003 0.02337758 -0.01477508 0.003000003 0.02987561 -0.01470741 2.622673e-09 0.02987341 -0.01462192 2.622672e-09 0.02635055 -0.01459992 0.003000003 0.02634617 -0.01456196 2.622671e-09 0.02341672 -0.01454016 0.003000003 0.02342201 -0.01432176 2.622672e-09 0.02625976 -0.01428066 0.003000003 0.02624174 -0.01426577 2.622671e-09 0.0235197 -0.01422544 0.003000003 0.02353938 -0.0141941 2.622673e-09 0.02982672 -0.01414963 0.003000003 0.02982007 -0.01404704 2.622672e-09 0.02610855 -0.01399746 2.622671e-09 0.02368201 -0.01399268 0.003000003 0.02606886 -0.01394476 0.003000003 0.02372389 -0.01380976 2.622672e-09 0.02590353 -0.01376875 2.622671e-09 0.02389655 -0.01375037 0.003000003 0.02583624 -0.01371216 0.003000003 0.02396621 -0.01368782 2.622673e-09 0.02972717 -0.0136203 2.622672e-09 0.02565365 -0.01358965 2.622671e-09 0.02415396 -0.01356586 0.003000003 0.02555558 -0.01353926 0.003000003 0.02425417 -0.01353608 0.003000003 0.02968658 -0.01348692 2.622671e-09 0.02536984 -0.01346798 2.622671e-09 0.02444299 -0.01344845 0.003000003 0.0252409 -0.01343481 0.003000003 0.02457339 -0.01341548 2.622671e-09 0.0250645 -0.01340907 2.622671e-09 0.02475098 -0.01340406 0.003000003 0.02490791 -0.01319497 2.622672e-09 0.02957629 -0.0129441 0.003000003 0.02947725 -0.01271983 2.622672e-09 0.0293751 -0.01249981 2.622665e-09 6.922351e-05 -0.01249981 0.003000003 6.922361e-05 -0.0124732 2.622664e-09 -0.0008234163 -0.0124655 0.003000003 -0.0009280196 -0.01246337 2.622665e-09 0.0009611224 -0.01245446 0.003000003 0.001066026 -0.01238352 2.622664e-09 -0.001707229 -0.01238302 0.003000003 0.02919536 -0.01236393 2.622665e-09 0.001843757 -0.01235176 0.003000003 -0.001919349 -0.01232975 0.003000003 0.002056035 -0.0122775 2.622672e-09 0.02913209 -0.01223077 2.622664e-09 -0.002582214 -0.01220147 2.622665e-09 0.002717127 -0.01215932 0.003000003 -0.002898448 -0.01212647 0.003000003 0.003032942 -0.01201494 2.622663e-09 -0.003448371 -0.01197601 2.622665e-09 0.003581233 -0.01188939 0.003000003 -0.003859077 -0.0118617 0.003000003 0.02884538 -0.01186157 2.622672e-09 0.02884529 -0.01184592 0.003000003 0.003990523 -0.01175035 2.622663e-09 -0.004264574 -0.01170254 2.622666e-09 0.004394187 -0.01154369 0.003000003 -0.004795115 -0.01149177 2.622671e-09 0.02853226 -0.01148988 0.003000003 0.004922675 -0.01143205 2.622663e-09 -0.005056872 -0.01138835 0.003000003 0.02843283 -0.01137553 2.622666e-09 0.005182822 -0.01115374 2.622671e-09 0.02818445 -0.01112444 0.003000003 -0.005700597 -0.01106062 0.003000003 0.005823458 -0.01106004 2.622663e-09 -0.005825265 -0.01099498 2.622666e-09 0.005947137 -0.01097044 0.003000003 0.02796419 -0.0108673 2.622671e-09 0.02782815 -0.0106343 2.622662e-09 -0.006569754 -0.0106343 0.003000003 -0.006569754 -0.01061456 2.622671e-09 0.02744688 -0.01061456 0.003000003 0.02744688 -0.01056088 2.622666e-09 0.006687132 -0.01056088 0.003000003 0.006687132 -0.01015881 2.622662e-09 -0.007283964 -0.01007639 0.003000003 -0.007397046 -0.009638062 2.622661e-09 -0.00796063 -0.009454278 0.003000003 -0.008177201 -0.009072067 2.622661e-09 -0.008599751 -0.008771917 0.003000003 -0.00890525 -0.008460824 2.622661e-09 -0.009201329 -0.008033659 0.003000003 -0.00957655 -0.007782509 2.62266e-09 -0.009782193 -0.007244208 0.003000003 -0.01018683 -0.007068291 2.62266e-09 -0.01031045 -0.006408594 0.003000003 -0.01073219 -0.006318169 2.622659e-09 -0.01078611 -0.005532144 2.622659e-09 -0.01120917 -0.005532144 0.003000003 -0.01120917 -0.005097142 2.622663e-09 0.005974212 -0.005097142 0.003000003 0.005974212 -0.005066391 2.622663e-09 0.006308737 -0.005066361 0.003000003 0.006308692 -0.005052751 2.622663e-09 0.005641222 -0.005052723 0.003000003 0.005641268 -0.004961937 2.622663e-09 0.006627953 -0.004961924 0.003000003 0.006627936 -0.004935343 2.622663e-09 0.00532654 -0.00493533 0.003000003 0.005326557 -0.004789065 0.003000003 0.006915937 -0.004789043 2.622663e-09 0.006915912 -0.004750851 0.003000003 0.005045858 -0.004750829 2.622663e-09 0.005045884 -0.004717865 2.622658e-09 -0.01157586 -0.00462044 0.003000003 -0.01161471 -0.004556455 0.003000003 0.007158253 -0.004556436 2.622663e-09 0.007158231 -0.004508535 0.003000003 0.004813248 -0.004508517 2.622663e-09 0.00481327 -0.004275763 2.622663e-09 0.00734274 -0.004275756 0.003000003 0.007342732 -0.004220541 2.622662e-09 0.004640381 -0.004220534 0.003000003 0.004640389 -0.003999165 2.622661e-09 -8.172252e-05 -0.003995419 0.003000003 0.0001913807 -0.003984265 0.003000003 -0.0003544447 -0.003975666 2.622661e-09 0.0004410663 -0.003961045 0.003000003 0.007460125 -0.00396104 2.622663e-09 0.007460118 -0.003954328 2.622661e-09 -0.0006031149 -0.003932146 0.003000003 0.000733641 -0.00390129 0.003000003 0.004535952 -0.003901285 2.622662e-09 0.004535958 -0.003898892 0.003000003 -0.0008936674 -0.003884133 2.622661e-09 0.0009562416 -0.003883924 2.622658e-09 -0.01188198 -0.003841825 2.622661e-09 -0.001114121 -0.003795624 0.003000003 0.001262235 -0.00374089 0.003000003 -0.001416243 -0.003726082 2.622661e-09 0.001454988 -0.003679294 0.003000003 -0.01194625 -0.003663531 2.622661e-09 -0.001605994 -0.003628101 2.622663e-09 0.007504544 -0.003628101 0.003000003 0.007504544 -0.003588397 0.003000003 0.001767316 -0.00356681 2.622662e-09 0.004505171 -0.00356681 0.003000003 0.004505171 -0.003513202 0.003000003 -0.001912436 -0.00350424 2.622661e-09 0.001928809 -0.003422517 2.62266e-09 -0.002070356 -0.003315629 2.622663e-09 0.007478145 -0.003314325 0.003000003 0.002239475 -0.003293626 0.003000003 0.007473757 -0.003255677 2.622662e-09 0.004544313 -0.003233871 0.003000003 0.004549597 -0.003222446 2.622661e-09 0.002369641 -0.00322007 0.003000003 -0.002373005 -0.003122949 2.62266e-09 -0.002499308 -0.003030318 2.622658e-09 -0.01212752 -0.003015475 2.622663e-09 0.007387353 -0.002978514 0.003000003 0.002669917 -0.00297437 0.003000003 0.007369334 -0.002959482 2.622662e-09 0.004647292 -0.002919148 0.003000003 0.004666975 -0.002885552 2.622661e-09 0.002769971 -0.002866954 0.003000003 -0.002789368 -0.002769983 2.62266e-09 -0.002885541 -0.002740756 2.622662e-09 0.007236141 -0.002714703 0.003000003 -0.01220166 -0.00269117 2.622662e-09 0.0048096 -0.002686394 0.003000003 0.007196445 -0.002638475 0.003000003 0.004851484 -0.002587218 0.003000003 0.003050623 -0.002503476 2.622662e-09 0.007031122 -0.002499328 2.622661e-09 0.003122951 -0.002462464 2.622662e-09 0.005024142 -0.002460432 0.003000003 -0.003153772 -0.002444082 0.003000003 0.00696383 -0.002405868 0.003000003 0.005093803 -0.00236966 2.62266e-09 -0.003222449 -0.002314012 2.622662e-09 0.006781241 -0.002283365 2.622662e-09 0.005281554 -0.002259568 0.003000003 0.006683176 -0.002232974 0.003000003 0.005381762 -0.002180633 2.622662e-09 0.006497432 -0.002161693 2.622662e-09 0.005570575 -0.002157048 2.622657e-09 -0.01231248 -0.002147727 0.003000003 0.003374503 -0.00214216 0.003000003 0.006368493 -0.00212852 0.003000003 0.005700978 -0.002109191 2.622662e-09 0.006192096 -0.002102784 2.622662e-09 0.005878575 -0.002097769 0.003000003 0.006035503 -0.002070356 2.622661e-09 0.003422517 -0.002008077 0.003000003 -0.003459426 -0.001928809 2.622659e-09 -0.00350424 -0.001732812 0.003000003 -0.01237931 -0.001668229 0.003000003 0.003635521 -0.00160594 2.622661e-09 0.0036635 -0.001518315 0.003000003 -0.003700638 -0.001454935 2.622659e-09 -0.003726049 -0.001307457 2.622657e-09 -0.01243173 -0.001157654 0.003000003 0.003828817 -0.001113998 2.622661e-09 0.003841746 -0.00100027 0.003000003 -0.003872914 -0.0009561222 2.622659e-09 -0.003884048 -0.0009139104 2.622663e-09 0.01246655 -0.0009139104 0.003000003 0.01246655 -0.0007398795 0.003000003 -0.01247808 -0.0006255143 0.003000003 0.003950789 -0.0006029718 2.622661e-09 0.003954227 -0.0004635915 0.003000003 -0.003973045 -0.0004557898 2.622656e-09 -0.01249222 -0.0004409274 2.622659e-09 -0.003975559 -0.0002266539 2.622663e-09 0.012498 -8.172252e-05 2.622661e-09 0.003999165 -8.172252e-05 0.003000003 0.003999165 8.806353e-06 0.003000003 0.0125 8.172252e-05 2.622658e-09 -0.003999165 8.172252e-05 0.003000003 -0.003999165 0.0002577677 0.003000003 -0.01249734 0.0003979532 2.622656e-09 -0.01249397 0.0004409274 0.003000003 0.003975559 0.0004409711 2.62266e-09 0.003975616 0.0004603664 2.622662e-09 0.01249156 0.0006029718 0.003000003 -0.003954227 0.0006030177 2.622658e-09 -0.003954282 0.0009314749 0.003000003 0.01246525 0.0009561222 0.003000003 0.003884048 0.0009561234 2.62266e-09 0.003884051 0.001113998 0.003000003 -0.003841746 0.001113999 2.622658e-09 -0.003841748 0.001147151 2.622662e-09 0.01244725 0.001253772 2.622705e-09 -0.01243696 0.001253772 0.003000003 -0.01243696 0.001454911 2.62266e-09 0.003726018 0.001454935 0.003000003 0.003726049 0.001497633 2.622705e-09 -0.01244228 0.001497633 0.003000003 -0.01244228 0.001605915 2.622658e-09 -0.003663471 0.00160594 0.003000003 -0.0036635 0.001732952 2.622705e-09 -0.01250647 0.001732952 0.003000003 -0.01250647 0.001839664 2.622662e-09 0.01236395 0.001849061 0.003000003 0.01236248 0.001928805 2.62266e-09 0.003504232 0.001928809 0.003000003 0.00350424 0.00194573 2.622705e-09 -0.01262573 0.00194573 0.003000003 -0.01262573 0.002070353 2.622658e-09 -0.003422509 0.002070356 0.003000003 -0.003422517 0.002097769 2.622657e-09 -0.006035503 0.002097769 0.003000003 -0.006035503 0.002123306 2.622705e-09 -0.01279295 0.002123306 0.003000003 -0.01279295 0.00212852 2.622657e-09 -0.005700978 0.00212855 0.003000003 -0.005701024 0.00214216 2.622657e-09 -0.006368493 0.002142188 0.003000003 -0.006368447 0.002232974 2.622657e-09 -0.005381762 0.002232987 0.003000003 -0.005381779 0.002255116 2.622705e-09 -0.01299819 0.002255116 0.003000003 -0.01299819 0.002259568 2.622657e-09 -0.006683176 0.002259581 0.003000003 -0.006683158 0.00236966 0.003000003 0.003222449 0.002369701 2.622659e-09 0.003222497 0.002405846 0.003000003 -0.005093778 0.002405868 2.622657e-09 -0.005093803 0.002444061 0.003000003 -0.006963857 0.002444082 2.622657e-09 -0.00696383 0.002499328 0.003000003 -0.003122951 0.002499371 2.622658e-09 -0.003122998 0.002525605 2.622661e-09 0.01224225 0.002537587 0.003000003 -0.01353732 0.002537713 2.622655e-09 -0.01353768 0.002638456 0.003000003 -0.004851462 0.002638475 2.622657e-09 -0.004851484 0.002686376 0.003000003 -0.007196467 0.002686394 2.622656e-09 -0.007196445 0.002756559 0.003000003 0.01219227 0.002769983 0.003000003 0.002885541 0.002770052 2.622659e-09 0.002885631 0.002852064 2.622655e-09 -0.01405799 0.002852327 0.003000003 -0.01405827 0.002885552 0.003000003 -0.002769971 0.002885626 2.622658e-09 -0.002770057 0.002919148 2.622657e-09 -0.004666975 0.002919155 0.003000003 -0.004666983 0.00297437 2.622656e-09 -0.007369334 0.002974377 0.003000003 -0.007369326 0.003122949 0.003000003 0.002499308 0.003123003 2.622659e-09 0.002499382 0.003198177 2.622761e-09 -0.01455911 0.003198177 0.003000003 -0.01455911 0.003204974 2.622661e-09 0.01208214 0.003222446 0.003000003 -0.002369641 0.003222502 2.622658e-09 -0.002369712 0.003233866 0.003000003 -0.00454959 0.003233871 2.622657e-09 -0.004549597 0.003293621 0.003000003 -0.007473763 0.003293626 2.622656e-09 -0.007473757 0.003366265 2.622761e-09 -0.01472906 0.003366265 0.003000003 -0.01472906 0.003422517 2.622658e-09 0.002070356 0.003422517 0.003000003 0.002070356 0.00350424 2.622658e-09 -0.001928809 0.00350424 0.003000003 -0.001928809 0.00356681 2.622657e-09 -0.004505171 0.00356681 0.003000003 -0.004505171 0.003570173 2.622761e-09 -0.01485378 0.003570173 0.003000003 -0.01485378 0.003628101 2.622656e-09 -0.007504544 0.003628101 0.003000003 -0.007504544 0.003649016 0.003000003 0.01195553 0.003663486 2.622658e-09 0.001605914 0.003663531 0.003000003 0.001605994 0.003726034 2.622658e-09 -0.00145491 0.003726082 0.003000003 -0.001454988 0.003798025 2.622761e-09 -0.01492602 0.003798025 0.003000003 -0.01492602 0.003841756 2.622658e-09 0.001113998 0.003841825 0.003000003 0.001114121 0.00387393 2.622661e-09 0.01188463 0.003879282 2.622657e-09 -0.00453157 0.003884059 2.622658e-09 -0.0009561213 0.003884133 0.003000003 -0.0009562416 0.003901285 0.003000003 -0.004535958 0.003939234 2.622656e-09 -0.007465402 0.003954279 2.622658e-09 0.0006030192 0.003954328 0.003000003 0.0006031149 0.00396104 0.003000003 -0.007460118 0.003975613 2.622658e-09 -0.0004409727 0.003975666 0.003000003 -0.0004410663 0.003999151 2.622658e-09 8.172222e-05 0.003999165 0.003000003 8.172252e-05 0.004036549 2.622761e-09 -0.01494157 0.004036549 0.003000003 -0.01494157 0.004179436 2.622657e-09 -0.004622362 0.004220541 0.003000003 -0.004640381 0.004235429 2.622656e-09 -0.007362423 0.00427185 2.622761e-09 -0.01489952 0.00427185 0.003000003 -0.01489952 0.004275763 0.003000003 -0.00734274 0.004454155 2.622656e-09 -0.004773574 0.004490223 2.622557e-09 -0.01480232 0.004490223 0.003000003 -0.01480232 0.004503742 2.622656e-09 -0.007200115 0.004508517 0.003000003 -0.00481327 0.004521564 0.003000003 0.01165356 0.004530006 2.622661e-09 0.01165034 0.004556436 0.003000003 -0.007158231 0.004671934 2.622557e-09 -0.01466252 0.004671934 0.003000003 -0.01466252 0.004691435 2.622656e-09 -0.004978593 0.004732447 2.622656e-09 -0.006985573 0.004750829 0.003000003 -0.005045884 0.004789043 0.003000003 -0.006915912 0.004816634 2.622557e-09 -0.01448469 0.004816634 0.003000003 -0.01448469 0.004880899 2.622656e-09 -0.005228474 0.004911545 2.622656e-09 -0.006728161 0.004916569 2.622557e-09 -0.01427836 0.004916569 0.003000003 -0.01427836 0.004935343 0.003000003 -0.00532654 0.004943046 2.622579e-09 -0.01222453 0.004943596 0.003000003 -0.01222967 0.004944827 0.003000003 -0.01200115 0.004945402 2.622579e-09 -0.01199647 0.004961937 0.003000003 -0.006627953 0.004966384 2.622579e-09 -0.01405457 0.004966384 0.003000003 -0.01405457 0.004988108 2.622654e-09 -0.01283369 0.004988256 0.003000003 -0.01283713 0.004995867 0.003000003 -0.01344619 0.004995898 2.622654e-09 -0.01344446 0.004997906 0.003000003 -0.01177888 0.004999367 2.622579e-09 -0.01177489 0.005014278 2.622656e-09 -0.005512283 0.005033218 2.622656e-09 -0.00643914 0.005052751 0.003000003 -0.005641222 0.005066391 0.003000003 -0.006308737 0.005085721 2.622656e-09 -0.005817619 0.005092127 2.622656e-09 -0.00613114 0.005097142 0.003000003 -0.005974212 0.005100061 0.003000003 -0.01157446 0.005102136 2.622579e-09 -0.01157129 0.005173203 2.62266e-09 0.01137928 0.005245956 0.003000003 -0.01139857 0.005248362 2.622579e-09 -0.01139627 0.005369441 0.003000003 0.01128801 0.005427815 0.003000003 -0.01126007 0.005430373 2.622564e-09 -0.01125882 0.00565931 0.003000003 -0.01118043 0.005661537 2.622564e-09 -0.01117997 0.005791456 2.62266e-09 0.01107749 0.005903217 0.003000003 -0.01115943 0.005904922 2.622564e-09 -0.0111595 0.006144917 0.003000003 -0.01119832 0.00614601 2.622564e-09 -0.01119864 0.006188022 0.003000003 0.01086086 0.006369925 0.003000003 -0.01129478 0.006370417 2.622564e-09 -0.01129506 0.006391335 2.62266e-09 0.01074255 0.006564757 2.622564e-09 -0.01144301 0.006564757 0.003000003 -0.01144301 0.00697284 2.622681e-09 0.01037446 0.00697284 0.003000003 0.01037446 0.007014587 0.003000003 -0.01185301 0.007014829 2.622653e-09 -0.01185331 0.007190314 2.622566e-09 0.01026412 0.007190365 0.003000003 0.0102641 0.00742803 2.622566e-09 0.0102097 0.007428136 0.003000003 0.01020969 0.007488179 2.622653e-09 -0.01223473 0.007488523 0.003000003 -0.0122349 0.007671849 2.622566e-09 0.01021444 0.007672008 0.003000003 0.01021446 0.007907272 2.622566e-09 0.01027805 0.007907471 0.003000003 0.01027813 0.007984813 2.622648e-09 -0.01258725 0.007984813 0.003000003 -0.01258725 0.008120298 2.622565e-09 0.01039675 0.008120515 0.003000003 0.01039691 0.008232734 2.622648e-09 -0.01269945 0.008232734 0.003000003 -0.01269945 0.008501833 2.622647e-09 -0.01273994 0.008501833 0.003000003 -0.01273994 0.008623921 0.003000003 0.01073901 0.008624051 2.622659e-09 0.01073918 0.00872511 2.622653e-09 -0.009357058 0.00872511 0.003000003 -0.009357334 0.008750964 2.622653e-09 -0.009584921 0.008751047 0.003000003 -0.009585279 0.008751803 0.003000003 -0.009129477 0.008751846 2.622653e-09 -0.009129297 0.008771793 2.622647e-09 -0.01270566 0.008771793 0.003000003 -0.01270566 0.008828048 2.622653e-09 -0.009800901 0.008828252 0.003000003 -0.009801315 0.008829724 0.003000003 -0.008913698 0.008829765 2.622654e-09 -0.008913616 0.008954771 2.622631e-09 -0.008721357 0.008954771 0.003000003 -0.008721357 0.009022235 2.622641e-09 -0.0125992 0.009022235 0.003000003 -0.0125992 0.009077984 0.003000003 -0.01035687 0.009078081 2.622653e-09 -0.01035691 0.00914676 2.622658e-09 0.0110497 0.009147202 0.003000003 0.01104986 0.00915723 2.622631e-09 -0.008561229 0.00915723 0.003000003 -0.008561229 0.009220373 2.622641e-09 -0.01244304 0.009220373 0.003000003 -0.01244304 0.00929334 2.622653e-09 -0.01092607 0.009293446 0.003000003 -0.01092659 0.00937263 2.622641e-09 -0.01224189 0.00937263 0.003000003 -0.01224189 0.009376777 2.622631e-09 -0.008463376 0.009376777 0.003000003 -0.008463376 0.009469128 2.622641e-09 -0.0120088 0.009469128 0.003000003 -0.0120088 0.009473822 2.622652e-09 -0.01150838 0.009473822 0.003000003 -0.01150838 0.009503604 2.622641e-09 -0.01175889 0.009503604 0.003000003 -0.01175889 0.009613331 2.622631e-09 -0.008420739 0.009613331 0.003000003 -0.008420739 0.009688427 2.622658e-09 0.0113283 0.009688427 0.003000003 0.0113283 0.009823512 2.622658e-09 0.01137734 0.009853225 2.622631e-09 -0.008435781 0.009853225 0.003000003 -0.008435781 0.009938749 0.003000003 0.01140256 0.009961338 2.622706e-09 0.007997916 0.009961338 0.003000003 0.007997916 0.009964448 2.622706e-09 0.007754017 0.009964448 0.003000003 0.007754017 0.009964552 2.622658e-09 0.01140627 0.01001737 2.622706e-09 0.008235312 0.01001737 0.003000003 0.008235312 0.01002651 2.622706e-09 0.007518127 0.01002651 0.003000003 0.007518127 0.0100826 2.622631e-09 -0.008507632 0.0100826 0.003000003 -0.008507632 0.01011455 2.622658e-09 0.01141444 0.0101292 2.622706e-09 0.008452082 0.0101292 0.003000003 0.008452082 0.01014384 2.622705e-09 0.00730428 0.01014384 0.003000003 0.00730428 0.01019978 0.003000003 0.01140881 0.01026458 2.622658e-09 0.0113996 0.01031147 2.622711e-09 0.007147789 0.01031155 0.003000003 0.007147734 0.01041014 2.622658e-09 0.01136246 0.01045337 0.003000003 0.01134664 0.01045487 0.003000003 0.008966274 0.01045512 2.622657e-09 0.008966565 0.01051034 2.622711e-09 0.0070336 0.01051051 0.003000003 0.007033527 0.01054883 2.622658e-09 0.01130336 0.01064553 0.003000003 -0.00873906 0.01064586 2.622653e-09 -0.008739262 0.01067118 2.622658e-09 0.01122824 0.0106819 0.003000003 0.01122035 0.01073 2.622711e-09 0.00696772 0.01073028 0.003000003 0.006967671 0.01074855 2.622657e-09 0.009498956 0.01074866 0.003000003 0.009499324 0.0107817 2.622658e-09 0.01113575 0.01086949 0.003000003 0.01103873 0.01087739 2.622658e-09 0.0110287 0.01095676 2.622658e-09 0.01090841 0.01095889 2.622711e-09 0.006953613 0.01095926 0.003000003 0.006953633 0.01100309 0.003000003 0.01081439 0.01100947 2.622657e-09 0.01004926 0.01100947 0.003000003 0.01004926 0.01102011 2.622658e-09 0.0107722 0.01105422 2.622657e-09 0.01018611 0.01106212 2.622658e-09 0.01062741 0.01107342 0.003000003 0.01056294 0.0110756 0.003000003 0.01030185 0.01107848 2.622658e-09 0.01032776 0.01108177 2.622658e-09 0.01047848 0.01118498 2.622711e-09 0.006992021 0.01118542 0.003000003 0.00699215 0.01122111 2.622653e-09 -0.008935776 0.01122149 0.003000003 -0.008935821 0.01134589 0.003000003 -0.005356193 0.0113459 2.622687e-09 -0.005356102 0.01134645 2.622687e-09 -0.005585425 0.01134647 0.003000003 -0.005585608 0.01139761 2.622592e-09 -0.005132683 0.01139761 0.003000003 -0.005132683 0.01139922 2.622687e-09 -0.005808595 0.01139932 0.003000003 -0.005808855 0.01149891 2.622592e-09 -0.004957578 0.01149891 0.003000003 -0.004957578 0.01150145 2.622687e-09 -0.006013873 0.01150165 0.003000003 -0.006014182 0.01163337 2.622592e-09 -0.004806443 0.01163337 0.003000003 -0.004806443 0.01164776 2.622687e-09 -0.006190465 0.01164809 0.003000003 -0.006190784 0.0117759 0.003000003 0.007141617 0.01177596 2.622656e-09 0.007141706 0.0117955 2.6226e-09 -0.004685461 0.0117955 0.003000003 -0.004685461 0.01180836 2.622536e-09 -0.009097177 0.01180836 0.003000003 -0.009097177 0.0119807 2.6226e-09 -0.004598872 0.0119807 0.003000003 -0.004598872 0.01199319 2.622632e-09 0.003635459 0.01199319 0.003000003 0.003635459 0.01201555 2.622632e-09 0.003878351 0.01201555 0.003000003 0.003878351 0.0120303 2.622632e-09 0.003394381 0.0120303 0.003000003 0.003394381 0.0120555 2.622536e-09 -0.009119019 0.0120555 0.003000003 -0.009119019 0.01207277 0.003000003 -0.006627421 0.01207288 2.622653e-09 -0.006627423 0.01209604 2.622632e-09 0.004108604 0.01209604 0.003000003 0.004108604 0.0121343 2.62273e-09 0.003189993 0.01213435 0.003000003 0.003189917 0.01217963 2.6226e-09 -0.004551756 0.01217963 0.003000003 -0.004551756 0.01222989 2.622632e-09 0.004312521 0.01222989 0.003000003 0.004312521 0.01228213 2.62273e-09 0.003014673 0.01228226 0.003000003 0.003014546 0.0123003 2.622536e-09 -0.009078755 0.0123003 0.003000003 -0.009078755 0.01237385 2.622656e-09 0.007254861 0.01237438 0.003000003 0.007254874 0.012384 2.6226e-09 -0.004546082 0.012384 0.003000003 -0.004546082 0.01240912 2.622632e-09 0.004477967 0.01240912 0.003000003 0.004477967 0.01246573 2.622537e-09 -0.0009249313 0.01246573 0.003000003 -0.0009249313 0.01246601 2.62273e-09 0.002877638 0.01246624 0.003000003 0.002877499 0.01246982 2.622653e-09 -0.007088634 0.0124701 0.003000003 -0.007089093 0.01249356 2.622669e-09 -0.001152562 0.01249358 0.003000003 -0.001152652 0.01251167 2.622537e-09 -0.0006907185 0.01251167 0.003000003 -0.0006907185 0.01252742 2.622543e-09 -0.008978913 0.01252742 0.003000003 -0.008978913 0.0125725 2.622668e-09 -0.001367869 0.01257259 0.003000003 -0.001368034 0.0126118 2.622537e-09 -0.000474063 0.0126118 0.003000003 -0.000474063 0.01267627 2.62273e-09 0.002786097 0.01267662 0.003000003 0.002785989 0.01269842 2.622668e-09 -0.00155953 0.0126986 0.003000003 -0.001559742 0.0127363 2.622543e-09 -0.008811635 0.0127363 0.003000003 -0.008811635 0.01276043 2.622537e-09 -0.0002873069 0.01276043 0.003000003 -0.0002873069 0.01283858 2.622688e-09 -0.007574099 0.01283858 0.003000003 -0.007574099 0.0128647 2.622668e-09 -0.001717464 0.01286499 0.003000003 -0.001717685 0.01289101 0.003000003 0.004849766 0.01289135 2.622655e-09 0.004849953 0.01289277 2.622543e-09 -0.008594543 0.01289277 0.003000003 -0.008594543 0.01290185 2.622729e-09 0.002744863 0.01290231 0.003000003 0.002744833 0.01294907 2.62263e-09 -0.000141089 0.01294907 0.003000003 -0.000141089 0.01295728 2.622542e-09 -0.007813933 0.01295728 0.003000003 -0.007813933 0.01297865 2.622656e-09 0.007331484 0.01297865 0.003000003 0.007331484 0.0129854 2.622542e-09 -0.008343485 0.0129854 0.003000003 -0.008343485 0.01299224 0.003000003 -0.004571043 0.01299262 2.622653e-09 -0.004571115 0.01300744 2.622542e-09 -0.008076792 0.01300744 0.003000003 -0.008076792 0.01306258 2.622668e-09 -0.001833367 0.013063 0.003000003 -0.001833552 0.01312236 2.622656e-09 0.007331361 0.013192 2.62263e-09 -3.634387e-05 0.013192 0.003000003 -3.634387e-05 0.01323927 0.003000003 0.007315646 0.01326479 2.622656e-09 0.007310311 0.01334916 2.622655e-09 0.005249879 0.01334939 0.003000003 0.005250187 0.01340854 2.622656e-09 0.007266681 0.0134867 0.003000003 0.007232248 0.0135083 0.003000003 0.002683329 0.01350839 2.622655e-09 0.002683395 0.01354444 2.622656e-09 0.007201423 0.0136005 2.622653e-09 -0.004559041 0.01360088 0.003000003 -0.004558953 0.01361141 0.003000003 -0.002098608 0.01361151 2.622653e-09 -0.002098573 0.01366852 2.622656e-09 0.007116743 0.01370373 0.003000003 0.007087087 0.0137721 0.003000003 0.0001482329 0.01377248 2.622654e-09 0.0001482935 0.01377864 2.622656e-09 0.007013774 0.01378257 2.622655e-09 0.005677752 0.01378257 0.003000003 0.005677752 0.01386792 2.622656e-09 0.00690133 0.01387142 2.622655e-09 0.005791044 0.01387529 0.003000003 0.006890254 0.0139311 0.003000003 0.005892491 0.01394014 2.622655e-09 0.006776618 0.01394267 2.622655e-09 0.005915854 0.01398944 0.003000003 0.006655427 0.01399344 2.622655e-09 0.006643302 0.01399731 2.622655e-09 0.006056366 0.01401835 0.003000003 0.006138585 0.01402688 2.622655e-09 0.006503121 0.01402978 2.622655e-09 0.006203034 0.01403826 0.003000003 0.006398928 0.01403983 2.622655e-09 0.006353461 0.01410892 2.622654e-09 0.002585235 0.01410943 0.003000003 0.002585063 0.01414225 2.622653e-09 -0.002396209 0.01414267 0.003000003 -0.002396544 0.01420765 2.622652e-09 -0.004509852 0.01420765 0.003000003 -0.004509852 0.01433957 2.622654e-09 0.0003675482 0.0143399 0.003000003 0.0003677588 0.01440201 0.003000003 -0.004463021 0.01440208 2.622652e-09 -0.00446322 0.01458301 2.622652e-09 -0.00437811 0.01458301 0.003000003 -0.00437811 0.01465481 2.622653e-09 -0.002726273 0.01465481 0.003000003 -0.002726273 0.01470346 2.622654e-09 0.002450382 0.01470346 0.003000003 0.002450382 0.01477567 2.622652e-09 -0.004228209 0.01479945 0.003000003 -0.004202785 0.01483351 2.622653e-09 -0.002892164 0.01483554 2.622654e-09 0.002402417 0.01485522 0.003000003 -0.002919716 0.01489328 2.622653e-09 0.0006214267 0.01489328 0.003000003 0.0006214267 0.0149249 2.622652e-09 -0.004035364 0.01493772 0.003000003 0.002349486 0.01494106 2.622653e-09 0.0006482841 0.01494106 0.003000003 0.0006482841 0.01495851 0.003000003 -0.003974129 0.0149597 2.622654e-09 0.002336043 0.01496567 2.622653e-09 -0.003097392 0.01499384 0.003000003 -0.003161312 0.0150235 2.622652e-09 -0.003811915 0.0150444 2.622652e-09 -0.003328027 0.01504761 0.003000003 -0.003710226 0.01505643 2.622653e-09 0.0007289847 0.0150597 0.003000003 -0.00343195 0.01506349 2.622652e-09 -0.003571516 0.01507767 2.622654e-09 0.002249036 0.01513844 0.003000003 0.002192108 0.01514117 0.003000003 0.0008064508 0.01515892 2.622653e-09 0.0008251328 0.01518176 2.622654e-09 0.002145088 0.01525059 2.622653e-09 0.0009401766 0.01526912 2.622654e-09 0.002027383 0.01529231 0.003000003 0.001988685 0.01529424 0.003000003 0.001010477 0.01532389 2.622653e-09 0.001067118 0.01533826 2.622653e-09 0.001897539 0.01537792 2.622653e-09 0.001203943 0.01538572 2.622653e-09 0.001765406 0.01538913 0.003000003 0.001752711 0.01539013 0.003000003 0.00124683 0.01541088 2.622653e-09 0.001346771 0.01541398 2.622653e-09 0.001627351 0.01542247 0.003000003 0.001499835</float_array>
          <technique_common>
            <accessor count="785" source="#cubeverts-array0-array" stride="3">
              <param type="float" name="X"/>
              <param type="float" name="Y"/>
              <param type="float" name="Z"/>
            </accessor>
          </technique_common>
        </source>
        <source id="cubenormals-array0">
          <float_array count="4746" id="cubenormals-array0-array">-0.3494433 -0.00144916 0.9369564 -0.5175864 0.00134506 0.8556299 -0.549316 -0.002017853 0.8356122 -0.6841632 0.001834587 0.7293267 -0.7214134 -0.002470353 0.6925003 -0.8208606 0.002224124 0.5711243 -0.8573338 -0.002793131 0.5147532 -0.9216552 0.002521128 0.3880017 -0.9504075 -0.003008812 0.3109927 -0.9821927 0.002695072 0.1878572 -0.9957966 -0.003123569 0.09153876 -0.9997876 0.002739987 -0.02042753 -0.9912261 -0.003123804 -0.1321411 -0.9736977 0.002695101 -0.2278276 -0.9369084 -0.003008799 -0.3495618 -0.9050345 0.002521041 -0.4253308 -0.8355893 -0.002793177 -0.5493474 -0.7968444 0.002223998 -0.6041806 -0.6925206 -0.002470563 -0.7213939 -0.6537931 0.0018348 -0.7566711 -0.5147218 -0.00201751 -0.8573548 -0.4822033 0.001345139 -0.8760583 -0.3108754 -0.00144914 -0.9504496 -0.3283923 0.000723223 0.9445411 -0.1322635 -0.0007845819 0.9912143 -0.1248198 0 0.9921795 -0.2895293 0.000723525 -0.9571688 -0.08418484 -0.000839988 -0.9964498 -0.09165825 0 -0.9957905 -0.9989876 1.902903e-05 0.04498618 -0.9845802 2.282938e-05 0.1749337 -0.9845717 3.135136e-05 0.1749818 -0.9532791 3.567335e-05 0.3020909 -0.9533008 2.314914e-05 0.3020225 -0.905651 2.555826e-05 0.424024 -0.9057131 0 0.4238912 -0.842565 0 0.5385947 -0.842653 -2.848855e-05 0.5384571 -0.7651238 -2.953857e-05 0.6438832 -0.7651528 -3.738423e-05 0.6438487 -0.6746244 -3.785167e-05 0.7381611 -0.6745542 -2.126481e-05 0.7382252 -0.5725456 -2.107189e-05 0.8198729 -0.5724336 2.762512e-06 0.8199511 -0.4605804 2.837656e-06 0.887618 -0.4605315 1.245024e-05 0.8876434 -0.3406592 1.195844e-05 0.9401868 -0.3407275 -7.072401e-07 0.9401621 -0.2149622 -6.892544e-07 0.9766224 -0.2150772 -2.121951e-05 0.976597 -0.08589365 -1.960443e-05 0.9963043 -0.08578167 0 0.996314 -0.9989913 4.679895e-06 0.044904 -0.9963158 4.680142e-06 -0.08576056 -0.9963229 1.904466e-05 -0.0856785 -0.9766013 2.285047e-05 -0.2150577 -0.9766117 3.123845e-05 -0.2150107 -0.9401664 3.555195e-05 -0.3407158 -0.9401422 2.320755e-05 -0.3407824 -0.8876395 2.561209e-05 -0.4605389 -0.8875719 0 -0.4606692 -0.8199533 -0 -0.5724303 -0.8198586 -2.889838e-05 -0.5725662 -0.7382106 -2.993667e-05 -0.6745704 -0.7381824 -3.722289e-05 -0.6746011 -0.6438317 -3.777349e-05 -0.7651671 -0.6439052 -2.102728e-05 -0.7651053 -0.5384591 -2.082093e-05 -0.8426517 -0.5385742 3.00463e-06 -0.8425781 -0.4238825 3.019999e-06 -0.9057171 -0.4239331 1.274475e-05 -0.9056935 -0.3020372 1.226133e-05 -0.9532962 -0.3019641 -1.105925e-06 -0.9533193 -0.1750005 -1.086743e-06 -0.9845684 -0.1748866 -2.124666e-05 -0.9845886 -0.04500766 -1.963068e-05 -0.9989867 -0.04512011 0 -0.9989816 -0.3494445 -0.001449168 0.936956 -0.5175884 0.001345054 0.8556287 -0.5493151 -0.002017528 0.8356129 -0.6841608 0.001834903 0.7293289 -0.7214141 -0.002470376 0.6924996 -0.820859 0.002224013 0.5711266 -0.8573338 -0.002793472 0.5147532 -0.9216566 0.002520893 0.3879985 -0.9504073 -0.003008782 0.310993 -0.9821925 0.002695068 0.1878579 -0.9957967 -0.003123684 0.09153793 -0.9997876 0.002740026 -0.02043133 -0.9912261 -0.00312353 -0.1321403 -0.9736984 0.002695233 -0.2278247 -0.9369091 -0.003008725 -0.3495602 -0.9050345 0.002521247 -0.4253308 -0.8355871 -0.002793099 -0.549351 -0.7968447 0.002223697 -0.60418 -0.6925228 -0.002470812 -0.7213918 -0.6537927 0.001834841 -0.7566714 -0.5147215 -0.002017476 -0.8573551 -0.482203 0.001345171 -0.8760585 -0.3108741 -0.001449135 -0.9504501 -0.328392 0.000723373 0.9445412 -0.1322635 -0.0007844244 0.9912143 -0.1248213 0 0.9921793 -0.2895295 0.0007233751 -0.9571688 -0.08418334 -0.0008401577 -0.9964499 -0.09165825 0 -0.9957905 -0.3494224 -0.001449098 0.9369642 -0.5176007 0.001345384 0.8556213 -0.5493109 -0.002015528 0.8356157 -0.6841483 0.001836705 0.7293406 -0.721424 -0.002471163 0.6924893 -0.8208551 0.002222358 0.5711322 -0.8573264 -0.002794622 0.5147656 -0.9216633 0.002521018 0.3879823 -0.9504119 -0.0030086 0.3109795 -0.9821908 0.002694069 0.1878666 -0.995797 -0.003125263 0.09153429 -0.9997874 0.002738725 -0.02043976 -0.9912266 -0.003124119 -0.1321367 -0.9737001 0.002694518 -0.2278177 -0.9369064 -0.003010127 -0.3495674 -0.9050338 0.002519371 -0.4253321 -0.8355982 -0.002794294 -0.549334 -0.7968493 0.002223484 -0.6041741 -0.6925315 -0.002470642 -0.7213834 -0.6537931 0.001836053 -0.7566711 -0.5146964 -0.002016647 -0.8573701 -0.482199 0.001343819 -0.8760607 -0.3108932 -0.001449909 -0.9504437 -0.3283981 0.000720516 0.9445391 -0.1322742 -0.0007869702 0.9912129 -0.124808 0 0.9921809 -0.2895177 0.0007258276 -0.9571724 -0.0841868 -0.0008372228 -0.9964496 -0.09163573 0 -0.9957925 0 1 0 0 1 0 0 1 0 0 1 0 0 1 -0 0 1 0 0 1 0 0 1 0 0 1 0 0 1 -0 0 1 0 0 1 -0 -0 1 0 -0 1 0 -0 1 0 -0 1 0 -0 1 0 -0 1 0 -0 1 0 0 1 -0 0 1 0 0 1 0 0 1 0 0 1 0 0 1 0 0 1 0 0 1 0 0 1 0 0 1 0 0 1 0 0 1 0 0 1 0 0 1 0 0 1 0 0 1 0 0 1 0 0 1 0 0 1 0 0 1 0 -0 1 0 0 1 0 0 1 0 0 1 0 0 1 0 0 1 0 0 1 0 0 1 0 0 1 0 0 1 0 0 1 -0 0 1 0 -0 1 0 0 1 0 0 1 0 0 1 0 0 1 0 0 1 -0 0 1 0 0 1 0 0 1 0 0 1 0 0 1 0 0 1 0 0 1 0 0 1 0 0 1 0 0 1 0 0 1 0 0 1 0 0 1 0 0 1 0 0 1 0 0 1 0 0 1 0 0 1 0 0 1 0 0 1 0 0 1 0 0 1 0 0 1 0 0 1 0 0 1 0 0 1 0 0 1 0 0 1 0 0 1 -0 -0 1 0 0 1 -0 0 1 0 0 1 0 0 1 0 0 1 0 -0 1 0 0 1 0 0 1 0 0 1 0 0 1 0 0 1 0 0 1 0 0 1 0 0 1 0 0 1 0 0 1 -0 0 1 -0 0 1 0 -0 1 0 0 1 0 0 1 0 0 1 0 0 1 0 0 1 0 0 1 0 0 1 0 0 1 0 0 1 0 0 1 0 0 1 0 0 1 0 0 1 0 0 1 0 0 1 0 0 1 0 0 1 0 0 1 0 0 1 0 0 1 0 0 1 0 0 1 0 0 1 0 0 1 0 0 1 0 0 1 0 -0 1 0 0 1 0 0 1 0 0 1 0 0 1 0 0 1 0 0 1 0 0 1 0 0 1 -0 0 1 0 0 1 0 0 1 0 0 1 0 0 1 0 0 1 0 0 1 0 0 1 0 0 1 0 0 1 0 -0 1 0 0 1 0 0 1 0 0 1 0 0 1 0 0 1 0 0 1 0 0 1 0 0 1 0 0 1 0 0 1 0 0 1 0 0 1 0 0 1 0 0 1 0 0 1 0 0 1 0 0 1 0 0 1 0 0 1 0 0 1 0 0 1 0 0 1 -0 0 1 0 -0 1 0 0 1 0 0 1 0 0 1 0 0 1 0 0 1 -0 0 1 0 0 1 0 0 1 0 0 1 0 -0 1 0 0 1 0 0 1 0 0 1 0 0 1 0 0 1 0 0 1 0 0 1 0 0 1 0 0 1 0 0 1 0 0 1 0 0 1 0 0 1 0 0 1 0 0 1 0 0 1 0 0 1 0 0 1 0 0 1 0 0 1 0 0 1 0 0 1 0 0 1 0 0 1 0 0 1 0 -0 1 0 0 1 0 0 1 0 0 1 0 0 1 0 0 1 0 0 1 0 0 1 0 0 1 0 0 1 0 0 1 0 0 1 0 0 1 0 0 1 0 0 1 0 0 1 0 0 1 0 0 1 0 0 1 0 0 1 0 0 1 0 -0 1 0 0 1 0 0 1 0 0 1 0 0 1 0 0 1 0 0 1 0 -0 1 0 0 1 0 0 1 0 0 1 0 0 1 0 0 1 0 0 1 0 0 1 0 0 1 0 0 1 -0 0 1 0 0 1 0 0 1 0 0 1 0 0 1 0 0 1 0 0 1 0 0 1 0 0 1 0 0 1 0 0 1 0 -0 1 0 0 1 0 0 1 0 0 1 0 0 1 0 -0 1 0 0 1 0 -0 1 -0 0 1 -0 0 1 0 0 1 0 0 1 0 0 1 0 0 1 0 0 1 0 0 1 0 0 1 0 0 1 0 0 1 0 0 1 0 0 1 0 0 1 0 0 1 0 0 1 0 0 1 0 0 1 0 0 1 0 0 1 0 0 1 -0 0 1 0 0 1 0 0 1 0 0 1 0 0 1 0 0 1 0 0 1 0 0 1 0 0 1 0 0 1 0 0 1 0 0 1 0 0 1 0 0 1 0 0 1 0 0 1 0 0 1 0 0 1 0 0 1 0 0 1 0 0 1 0 0 1 0 0 1 0 0 1 0 0 1 0 0 1 0 0 1 0 0 1 0 0 1 0 0 1 0 0 1 0 0 1 0 0 1 0 0 1 0 0 1 0 0 1 0 0 1 0 0 1 0 0 1 0 0 1 0 0 1 0 0 1 0 0 1 0 0 1 0 0 1 0 0 1 0 0 1 0 0 1 0 0 1 -0 0 1 -0 0 1 0 0 1 -0 0 1 -0 0 1 0 0 1 -0 0 1 0 0 1 -0 0 1 0 0 1 0 0 1 -0 0 1 0 0 1 0 0 1 0 0 1 0 0 1 0 0 1 0 0 1 0 0 1 0 0 1 0 0 1 0 0 1 0 0 1 0 0 1 0 0 1 0 0 1 0 0 1 0 0 1 0 0 1 0 0 1 0 0 1 0 0 1 0 0 1 0 0 1 0 0 1 0 -0 1 -0 0 1 0 -0 1 -0 0 1 -0 0 1 0 0 1 -0 0.9958016 -1.138224e-05 -0.09153838 0.9504352 -1.431098e-05 -0.3109227 0.9504117 -5.859971e-06 -0.3109945 0.857416 -6.624331e-06 -0.5146239 0.8573372 1.052191e-05 -0.5147552 0.7214075 1.09983e-05 -0.6925107 0.7214162 9.593441e-06 -0.6925017 0.5492186 9.558256e-06 -0.8356788 0.5493162 -3.523198e-06 -0.8356146 0.3494951 -3.337165e-06 -0.9369382 0.3494449 2.669114e-06 -0.9369569 0.132242 2.426399e-06 -0.9912174 0.1322635 0 -0.9912146 0.9957923 0 -0.09163962 0.991231 0 0.132141 0.9912176 -1.133374e-05 0.1322413 0.9369133 -1.417563e-05 0.3495618 0.9369382 -6.207094e-06 0.3494951 0.8355902 -6.970428e-06 0.5493531 0.8356776 1.081709e-05 0.5492204 0.6925249 1.137901e-05 0.721394 0.6925122 9.401229e-06 0.7214062 0.5147226 9.336552e-06 0.8573568 0.5146242 -3.500955e-06 0.8574159 0.3108744 -3.284668e-06 0.9504511 0.3109234 2.48432e-06 0.950435 0.09165825 2.210568e-06 0.9957905 0.09163858 0 0.9957923 0.2234168 -0.0009496342 -0.9747226 0.3406591 0.0009053168 -0.9401864 0.3540607 -0.001370866 -0.9352214 0.46058 0.001284768 -0.8876173 0.4781082 -0.001726344 -0.8782992 0.5725449 0.001644328 -0.8198717 0.5932506 -0.002028112 -0.8050153 0.6746232 0.001967684 -0.7381597 0.6973395 -0.002295397 -0.7167373 0.7651219 0.00223483 -0.6438816 0.7884409 -0.002541523 -0.6151053 0.8425624 0.002435786 -0.5385931 0.8648531 -0.002762954 -0.5020173 0.905648 0.002579969 -0.4240226 0.9251554 -0.002942506 -0.3795771 0.9532757 0.002687977 -0.3020898 0.9682238 -0.00305925 -0.250067 0.9845763 0.002777414 -0.174933 0.9932564 -0.003106 -0.1158969 0.9989873 0.002840379 -0.04490382 0.9997864 -0.0031083 0.02043063 0.9963188 0.002840406 0.08567816 0.9876924 -0.003105969 0.1563777 0.9766079 0.002777434 0.2150099 0.9571999 -0.003059118 0.2894115 0.9401388 0.002688196 0.3407811 0.9088761 -0.002942358 0.4170559 0.887569 0.002580164 0.4606677 0.8436228 -0.002762649 0.5369292 0.8198561 0.002436174 0.5725644 0.762653 -0.002541221 0.6468029 0.7381806 0.002234611 0.6745995 0.6674784 -0.002295611 0.7446256 0.6439039 0.001967851 0.7651038 0.5598668 -0.002028013 0.8285801 0.5385734 0.001644076 0.842577 0.4418287 -0.001726608 0.8970978 0.4239327 0.001284798 0.9056928 0.3155587 -0.001370803 0.9489051 0.301964 0.000905625 0.9533189 0.1834104 -0.0009492892 0.983036 0.2149622 0.0004960561 -0.9766222 0.08861071 -0.0004756538 -0.9960662 0.08589365 0 -0.9963043 0.1748866 0.0004961675 0.9845884 0.04512011 -0.0004962394 0.9989814 0.04784406 0 0.9988548 0.9958016 -1.133883e-05 -0.09153922 0.9504349 -1.416273e-05 -0.3109235 0.9504118 -5.856266e-06 -0.3109941 0.857416 -6.624331e-06 -0.5146239 0.8573372 1.052191e-05 -0.5147552 0.7214079 1.099829e-05 -0.6925104 0.7214156 9.759811e-06 -0.6925024 0.5492179 9.73473e-06 -0.8356791 0.5493172 -3.567558e-06 -0.8356139 0.3494954 -3.364941e-06 -0.9369381 0.3494436 2.816989e-06 -0.9369574 0.1322406 2.583947e-06 -0.9912177 0.1322635 0 -0.9912146 0.9957922 0 -0.09164006 0.9912308 0 0.1321417 0.9912174 -1.131339e-05 0.1322418 0.9369128 -1.412009e-05 0.3495634 0.936938 -6.022257e-06 0.3494956 0.8355926 -6.729377e-06 0.5493495 0.8356791 1.090954e-05 0.5492179 0.6925226 1.136983e-05 0.721396 0.6925104 9.456659e-06 0.7214079 0.5147229 9.377459e-06 0.8573566 0.5146239 -3.541619e-06 0.857416 0.3108757 -3.309376e-06 0.9504506 0.3109235 2.332748e-06 0.9504349 0.09165825 2.052291e-06 0.9957905 0.09163999 0 0.9957922 0.9958019 -1.164268e-05 -0.09153497 0.9504333 -1.480806e-05 -0.3109283 0.9504135 -7.634751e-06 -0.3109893 0.8574138 -7.632376e-06 -0.5146277 0.8573285 1.090256e-05 -0.5147696 0.7213997 1.164956e-05 -0.6925189 0.7214276 7.135118e-06 -0.6924899 0.5492316 7.590312e-06 -0.8356702 0.5493121 -3.190407e-06 -0.8356174 0.3494776 -3.57416e-06 -0.9369447 0.3494477 0 -0.9369559 0.1322463 0 -0.9912168 0.1322463 0 -0.9912168 0.9957923 0 -0.09163851 0.9912306 0 0.1321429 0.9912169 -1.163883e-05 0.1322459 0.9369115 -1.471354e-05 0.3495665 0.9369387 -6.018602e-06 0.3494937 0.8356002 -7.029418e-06 0.5493381 0.8356805 9.334627e-06 0.549216 0.6925188 9.429742e-06 0.7213998 0.6925061 7.467653e-06 0.7214119 0.5147183 7.795908e-06 0.8573593 0.5146251 -4.362339e-06 0.8574153 0.3108687 -4.009632e-06 0.9504529 0.3109367 4.007471e-06 0.9504306 0.0916639 3.456923e-06 0.99579 0.09163315 0 0.9957929 0.9973084 -5.716282e-05 0.0733215 0.9972751 3.545128e-05 0.07377259 0.9999219 -3.494213e-05 0.01249499 0.9999187 1.768455e-05 0.01275271 0.9988278 -1.759327e-05 -0.0484044 0.998832 0 -0.04831809 -0.5789036 -0 -0.815396 -0.5788235 1.993173e-05 -0.8154529 -0.6274376 2.759611e-05 -0.7786669 -0.6274397 2.706248e-05 -0.7786652 -0.6736289 1.938063e-05 -0.7390698 -0.6736994 -0 -0.7390054 0.9120858 -5.482537e-06 0.4099995 0.912026 2.409652e-05 0.4101323 0.9353449 2.560559e-05 0.3537368 0.9353403 2.828296e-05 0.3537492 0.9551475 1.760156e-05 0.2961304 0.9551732 0 0.2960477 -0.2651056 -0 -0.9642194 -0.2650147 1.912319e-05 -0.9642444 -0.3232775 2.676269e-05 -0.9463041 -0.3232721 2.791672e-05 -0.946306 -0.3802347 2.021489e-05 -0.92489 -0.3803268 -0 -0.9248521 0.7168541 -4.708077e-06 0.6972232 0.7167495 2.575922e-05 0.6973307 0.757948 2.729396e-05 0.6523149 0.7579426 2.901e-05 0.6523213 0.7962608 1.817843e-05 0.6049534 0.796315 0 0.6048822 0.08065801 0 -0.9967419 0.08075178 1.909215e-05 -0.9967342 0.01986039 2.68864e-05 -0.9998028 0.01985856 2.65149e-05 -0.9998028 -0.04100355 1.877978e-05 -0.999159 -0.04109596 -0 -0.9991552 0.8673648 0.0024589 0.4976668 0.9463766 -0.002003339 0.3230594 0.9716386 0.003235523 0.2364484 0.996938 -0.002376753 0.07816058 0.9990522 0.00328134 -0.04340393 0.9864423 -0.002365578 -0.1640911 0.9474518 0.003228516 -0.3198822 0.9148859 -0.002009511 -0.4037074 0.8209105 0.002459124 -0.5710517 0.6944898 0 0.7195026 0.6803504 0.001807443 0.7328847 0.8407549 -0.001111773 0.5414148 0.2332252 0 -0.9724228 0.2342468 7.002671e-05 -0.9721771 0.4256602 6.99977e-05 -0.904883 0.4247096 0 -0.9053296 0.6140784 0 -0.7892451 0.6294391 0.001595899 -0.7770483 0.7908607 -0.001082398 -0.6119952 0.4351567 -5.340613e-06 0.9003548 0.435022 2.503959e-05 0.9004198 0.4891415 2.651639e-05 0.8722045 0.4891309 2.897462e-05 0.8722104 0.5413337 1.816651e-05 0.8408079 0.5414089 0 0.8407594 0.4167027 0 -0.9090428 0.4167833 1.797398e-05 -0.9090059 0.3606119 2.581684e-05 -0.932716 0.3606164 2.678834e-05 -0.9327142 0.3032029 1.911613e-05 -0.952926 0.3031132 0 -0.9529545 0.9914164 0.002750121 0.1307133 0.9999335 -0.003299505 -0.01104582 0.9919259 0.002636939 -0.1267917 0.9743915 -0.0007512587 -0.2248571 0.3955698 0 0.9184359 0.3413362 0.004957763 0.9399282 0.4714478 -0.000497798 0.8818938 0.6170204 0.0009941967 0.7869466 0.5935549 0.003248229 0.8047869 0.706625 -0.0008866535 0.7075877 0.7975405 0.002061291 0.6032618 0.802996 0.001480755 0.5959825 0.8826649 -0.0007601389 0.4700022 0.9251516 0.002637553 0.3795888 0.9411306 0.0003609193 0.3380426 0.979686 -0.0002647703 0.2005377 0.9266407 0.001602979 -0.3759445 0.9301051 0.002257951 -0.3672865 0.8659963 -0.0008822659 -0.5000496 0.799902 0.002424529 -0.6001257 0.7820776 0.0007467312 -0.6231807 0.6841807 -0.0004934334 -0.7293123 0.6200899 0.002742638 -0.7845259 0.5731848 0 -0.8194261 0.4899994 0 -0.8717228 0.4899994 0 -0.8717228 0.1009746 -5.541395e-06 0.994889 0.1008257 2.486764e-05 0.9949042 0.1613276 2.651922e-05 0.9869009 0.1613146 2.919282e-05 0.986903 0.2211126 1.835412e-05 0.9752483 0.2212007 0 0.9752283 0.7024793 0 -0.7117042 0.7025468 1.924679e-05 -0.7116376 0.6578892 2.692692e-05 -0.7531148 0.657891 2.740937e-05 -0.7531132 0.6108599 1.967412e-05 -0.7917388 0.6107831 0 -0.791798 0.06065728 0 0.9981587 0.0008560444 0.005204781 0.9999861 0.1462043 -0.0005156526 0.9892543 0.3194029 0.001031701 0.9476185 0.2904262 0.003416396 0.9568912 0.4328699 -0.0009310248 0.9014559 0.5559558 0.002159757 0.831209 0.5637009 0.00154914 0.8259775 0.6829937 -0.0007955233 0.7304239 0.7538416 0.002766636 0.6570504 0.7831568 0.000371815 0.6218241 0.8993707 -0.0005953638 0.4371865 0.865356 0.006023076 0.5011216 0.9285403 -0.0002624317 0.3712315 0.9823641 0.0005540221 0.1869775 0.9726967 0.004369118 0.2320395 0.996277 -0.0007852322 0.08620688 0.9970868 0.00167745 -0.07625634 0.997773 0.00236971 -0.06665989 0.9763585 -0.000923484 -0.2161552 0.9425141 0.002547879 -0.334157 0.9320128 0.000771999 -0.3624246 0.8684525 -0.0005116027 -0.4957722 0.7868758 0 -0.6171114 0.8224313 0.002875317 -0.5688571 -0.2453886 -5.642008e-06 0.9694248 -0.2455295 2.389574e-05 0.9693891 -0.1859415 2.548063e-05 0.9825609 -0.1859561 2.849443e-05 0.9825581 -0.1257737 1.781506e-05 0.9920589 -0.1256867 0 0.99207 0.9035383 0 -0.4285073 0.9035796 1.953716e-05 -0.4284203 0.8757906 2.721243e-05 -0.4826913 0.875788 2.614155e-05 -0.4826959 0.844808 1.848331e-05 -0.5350696 0.8447592 0 -0.5351465 -0.2844058 0 0.958704 -0.3412343 0.005205696 0.9399639 -0.2009339 -0.0005168291 0.9796047 -0.02393444 0.001030386 0.999713 -0.05438741 0.003419203 0.9985141 0.09843389 -0.0009288182 0.9951431 0.2381082 0.002161507 0.9712362 0.2472302 0.001547194 0.9689555 0.3920219 -0.0007976559 0.9199556 0.483674 0.002763748 0.8752438 0.5232273 0.0003714866 0.8521931 0.6955839 -0.000596163 0.7184446 0.641768 0.006020606 0.7668752 0.7455588 -0.0002647206 0.6664398 0.8591836 0.0005519466 0.5116671 0.8346677 0.004370151 0.5507365 0.9067309 -0.0007864549 0.4217089 0.9630387 0.001675592 0.2693579 0.9603887 0.002371114 0.278654 0.9914078 -0.000923013 0.1308046 0.9999619 0.002548281 0.008349695 0.9997615 0.0007713169 -0.02182444 0.9856491 -0.0005116349 -0.1688061 0.9504728 0 -0.3108078 0.9673917 0.002877082 -0.2532692 -0.562067 -3.349023e-06 0.8270917 -0.5621723 2.249214e-05 0.8270202 -0.5107241 2.656812e-05 0.8597447 -0.5107355 2.925699e-05 0.8597379 -0.4574727 1.984287e-05 0.8892237 -0.4573858 0 0.8892684 0.4626186 0.002865055 0.8865528 0.4386619 -0.001353953 0.8986511 0.2563991 0.002841631 0.9665669 0.2293907 -0.001443767 0.9733334 0.03763564 0.002853583 0.9992875 0.534848 -0 0.8449482 0.5267918 0.002180365 0.8499915 0.4875032 -0.001394382 0.8731201 0.3883479 0.002632637 0.9215091 0.3959077 0.0001285639 0.9182903 0.3363075 -6.432899e-05 0.9417523 0.3270465 0.002185499 0.9450057 0.2831661 -0.001436659 0.9590698 0.1746906 0.002955309 0.9846189 0.1843451 -9.595691e-05 0.9828615 0.1194265 0.0001122799 0.992843 0.1113041 0.002039285 0.9937844 0.06438356 -0.001358764 0.9979243 -0.03622799 0 0.9993435 -0.04571402 0.002922026 0.9989503 0.009373629 -0.001402294 0.9999551 0.8393785 0 0.5435472 0.8393785 0 0.5435472 0.746345 0.003263222 0.6655512 0.7171171 -0.001622182 0.6969509 0.6570297 0.002335429 0.7538611 0.4815049 -0.001548155 0.876442 0.4489292 0.003134806 0.8935618 0.3899184 -0.002205717 0.9208468 0.3333811 0.003246425 0.9427866 0.2927284 -0.001868817 0.9561937 0.2125953 0.002467686 0.9771372 -0.01114083 -0.0009849468 0.9999375 -0.03709263 0.002801507 0.9993079 -0.2529975 8.077718e-05 0.9674669 -0.2844499 0.003488026 0.9586846 -0.3438094 -0.003081379 0.9390343 -0.4023491 0.003493774 0.9154797 -0.6173817 0.002638755 0.7866593 -0.7726518 -0.001329142 0.6348287 -0.7936211 0.003085376 0.6084045 -0.8315676 -0.002032465 0.5554198 -0.863612 0.003213001 0.5041468 -0.9570622 -0.0002101964 0.2898828 -0.9618607 0.002465898 0.2735289 -0.9806304 -0.001717623 0.1958601 -0.9885537 0.003299343 0.1508335 -0.9950342 -0.001855727 0.09951638 -0.9996654 0.002747951 0.02571945 -0.9807535 -0.001088414 -0.1952473 -0.974659 0.00295548 -0.2236766 -0.9565361 -0.001987648 -0.2916072 -0.9389334 0.003259538 -0.3440833 -0.4597672 -0.003202383 0.8880337 -0.5139229 0.00329003 0.8578302 -0.5548995 -0.00178605 0.8319156 0.8335001 -0 0.5525193 0.8238683 0.002623237 0.5667753 0.7793722 -0.001617535 0.6265593 0.5573781 0.002094632 0.8302562 0.5676689 -5.816447e-07 0.8232569 0.6460868 4.639453e-06 0.7632639 0.08845205 0.001264362 0.9960797 0.09058476 0.0008644343 0.9958884 0.1929328 -0.0006852595 0.9812117 -0.1620302 5.546815e-05 0.9867858 -0.1923555 0.006513118 0.9813037 -0.112189 -0.001982323 0.9936849 -0.7111084 0.001816445 0.70308 -0.7058859 0.0005201715 0.7083253 -0.6332361 -0.0004495489 0.7739586 -0.9199977 0.0003178038 0.3919236 -0.9243096 0.002598536 0.3816347 -0.8825674 -0.001557227 0.4701834 -0.9950106 0.001439145 -0.09975956 -0.9952366 0.001020038 -0.09748257 -0.9999982 -0.0007810239 0.00173528 -0.8884184 -0 -0.4590345 -0.8817452 0.002999293 -0.4717163 -0.9234393 -0.001619663 -0.3837411 -0.8752497 -0 -0.4836713 -0.8752497 0 -0.4836713 -0.9027341 0.002895125 0.4301891 -0.923734 -0.001994816 0.3830293 -0.9341706 0.00336369 0.356811 -0.9478077 -0.002398126 0.3188334 -0.9596559 0.00325573 0.2811579 -0.9676032 -0.002387005 0.2524643 -0.9790244 0.003029807 0.203721 -0.9831342 -0.00173919 0.1828771 -0.9921561 0.002460321 0.1249805 -0.9937128 -0.0009634405 0.111955 -0.9934792 0.002458092 -0.1139866 -0.9851 -0.001730657 -0.1719733 -0.981222 0.003040176 -0.1928573 -0.9703264 -0.002377057 -0.2417869 -0.9627103 0.003255506 -0.2705147 -0.9512626 -0.002406429 -0.3083728 -0.9380631 0.003351811 -0.3464482 -0.927916 -0.002004584 -0.3727839 -0.907446 0.002890754 -0.420159 -0.9000639 -0.001212978 -0.4357563 -0.7818481 0.002888914 -0.6234622 -0.748636 -0.001998371 -0.6629782 -0.7296254 0.003361846 -0.6838388 -0.7014472 -0.002398158 -0.7127173 -0.6727548 0.003255822 -0.7398583 -0.650435 -0.002386178 -0.7595581 -0.6116013 0.003031116 -0.7911603 -0.5946496 -0.001740123 -0.8039831 -0.5465439 0.002458852 -0.8374268 -0.5355202 -0.0009626527 -0.8445219 -0.3322585 0.002457164 -0.9431852 -0.2764401 -0.001732495 -0.9610296 -0.2559637 0.00303856 -0.9666816 -0.2072048 -0.002378122 -0.9782947 -0.1780345 0.003255652 -0.9840188 -0.138999 -0.002404118 -0.9902896 -0.09898409 0.003353166 -0.9950833 -0.07084638 -0.002007385 -0.9974852 -0.01930216 0.002884631 -0.9998096 -0.8625402 0 0.5059884 -0.8655471 0.001708808 0.5008246 -0.8951781 -0.001211813 0.445707 -0.9991652 0.001540107 0.04082243 -0.9989667 -1.580217e-09 0.04544854 -0.9995559 1.036045e-09 -0.02979764 -0.9994078 0.001366214 -0.03438481 -0.994891 -0.0009663836 -0.1009507 -0.8680817 0.001994398 -0.4964173 -0.8710445 0 -0.4912042 -0.8323995 0 -0.5541761 -0.8290854 0.001702137 -0.5591194 -0.7924898 -0.001216774 -0.609884 -0.4739396 0.001541134 -0.880556 -0.4780151 0 -0.8783516 -0.4106106 0 -0.9118108 -0.4064207 0.00136634 -0.9136851 -0.3445934 -0.0009661111 -0.9387516 0.06051112 0 -0.9981675 0.06646678 0.00198495 -0.9977867 -0.002049783 -0.001219208 -0.9999972 -0.822872 -0 -0.5682268 -0.8228186 1.907873e-05 -0.5683042 -0.855916 2.676679e-05 -0.5171149 -0.855918 2.59895e-05 -0.5171116 -0.8857847 1.838027e-05 -0.4640965 -0.8858267 -0 -0.4640163 -3.028757e-13 -1 -2.767884e-13 -2.981581e-13 -1 -3.542793e-13 -1.921482e-10 -1 -5.624703e-10 -4.630184e-13 -1 -6.172531e-14 -3.8737e-13 -1 -4.035207e-13 -5.023247e-13 -1 2.501062e-13 -4.214863e-13 -1 -3.64708e-14 -2.254805e-12 -1 -1.268574e-11 1.228755e-11 -1 -4.547664e-11 -8.879562e-14 -1 4.034187e-13 -1.375888e-13 -1 3.797319e-13 -0 -1 0 -1.584976e-11 -1 1.289688e-11 -6.741333e-12 -1 -7.158824e-12 -1.414491e-12 -1 4.628511e-13 -2.652695e-12 -1 -3.152617e-12 -2.707834e-12 -1 -2.474395e-12 -3.025719e-12 -1 7.573334e-15 -2.762594e-12 -1 -1.433332e-12 -2.859349e-12 -1 -1.036227e-12 -2.977091e-12 -1 -6.555864e-13 -1.312848e-12 -1 5.52682e-13 -7.072705e-13 -1 4.920955e-13 -1.602716e-12 -1 -1.620308e-11 -6.452556e-12 -1 1.721339e-13 -1.814134e-10 -1 -2.307161e-12 -1.159787e-11 -1 -7.624937e-12 -2.042007e-11 -1 -7.618718e-12 -6.253261e-11 -1 -8.336226e-12 -1.117303e-11 -1 -7.175572e-12 -5.025298e-13 -1 2.94797e-13 -5.345834e-13 -1 4.914155e-14 -5.261118e-13 -1 1.721545e-13 -5.246022e-13 -1 3.149769e-13 -5.323735e-13 -1 5.110378e-13 -5.589943e-13 -1 8.503347e-13 -6.529042e-13 -1 1.750619e-12 -4.822452e-13 -1 2.935151e-13 -4.31539e-13 -1 2.088766e-13 -7.935825e-13 -1 1.517912e-13 -4.818367e-13 -1 2.02833e-13 -3.294886e-13 -1 2.292505e-13 -2.320776e-13 -1 2.474077e-13 -1.586498e-13 -1 2.622558e-13 -9.597655e-14 -1 2.760504e-13 -4.856765e-13 -1 1.828491e-13 4.888957e-13 -1 -3.886551e-12 -2.110782e-12 -1 6.609695e-12 -1.546616e-13 -1 -4.728639e-13 -2.003832e-13 -1 -3.337753e-13 -2.361778e-13 -1 -2.460274e-13 -2.71027e-13 -1 -1.781779e-13 -3.108789e-13 -1 -1.159905e-13 -2.771221e-12 -1 3.044678e-12 -2.387992e-13 -1 2.623633e-13 -1.28249e-12 -1 2.225484e-15 -1.907033e-12 -1 -1.867922e-13 -3.1239e-12 -1 -6.219024e-13 1.136049e-11 -1 5.383436e-12 0 -1 0 -9.73113e-13 -1 8.944939e-14 -9.66148e-14 -1 1.866101e-13 -1.20522e-13 -1 1.806888e-13 -1.415677e-13 -1 1.73028e-13 -1.622449e-13 -1 1.628056e-13 -1.82307e-13 -1 1.497877e-13 -2.009418e-13 -1 1.342128e-13 -2.178426e-13 -1 1.160546e-13 -2.322495e-13 -1 9.589261e-14 -2.439776e-13 -1 7.389793e-14 -2.526947e-13 -1 5.047039e-14 -2.582016e-13 -1 2.582352e-14 -6.499566e-13 -1 -1.328778e-14 -2.913687e-13 -1 3.425567e-13 0 -1 0 0 -1 0 0 -1 0 -1.673556e-12 -1 9.283908e-13 1.292453e-13 -1 1.874369e-13 1.06475e-13 -1 1.938073e-13 8.362607e-14 -1 1.974946e-13 -2.211914e-12 -1 3.096871e-13 2.499865e-12 -1 5.848963e-13 0 -1 0 0 -1 0 0 -1 0 -3.370654e-12 -1 1.394639e-12 1.442675e-13 -1 1.669686e-13 1.990734e-13 -1 1.509407e-13 2.791936e-13 -1 1.3121e-13 4.268535e-13 -1 9.987464e-14 -8.334353e-13 -1 3.39959e-13 -1.373441e-12 -1 3.001266e-11 7.96677e-12 -1 1.086912e-11 7.920999e-12 -1 1.070943e-11 9.630133e-12 -1 1.757692e-11 9.74036e-12 -1 1.809709e-11 1.146807e-11 -1 2.794653e-11 1.220863e-11 -1 3.32591e-11 1.370717e-11 -1 4.765225e-11 -4.753557e-12 -1 -2.179126e-10 -4.047282e-12 -1 -7.220976e-12 -8.049985e-14 -1 -7.444614e-12 5.133905e-12 -1 3.417928e-12 6.379127e-12 -1 6.253321e-12 6.005272e-12 -1 5.318149e-12 6.453118e-12 -1 6.556808e-12 -2.294067e-11 -1 -8.410008e-11 -8.599275e-13 -1 1.948881e-11 -3.163694e-13 -1 -1.781119e-12 -3.411864e-13 -1 -1.077146e-12 -3.575706e-13 -1 -7.639169e-13 -6.50278e-13 -1 3.017103e-12 -3.04147e-13 -1 -9.859596e-14 1.513104e-10 -1 1.987535e-10 -2.327249e-10 -1 -4.725173e-10 -8.780408e-12 -1 -1.089666e-11 8.761545e-13 -1 1.542423e-11 -2.164074e-12 -1 -4.781813e-12 -1.933557e-12 -1 1.522715e-11 -4.789159e-12 -1 5.694322e-11 6.401835e-12 -1 3.943319e-11 1.298299e-11 -1 3.021644e-11 3.59311e-11 -1 2.334249e-12 1.842132e-11 -1 2.090143e-12 -7.957007e-10 -1 9.444845e-10 6.302317e-12 -1 1.61579e-11 -1.659206e-11 -1 3.722657e-11 -4.878469e-12 -1 2.706637e-11 1.388804e-12 -1 2.214984e-11 5.963236e-12 -1 1.903671e-11 2.290583e-11 -1 9.397053e-12 -3.9081e-11 -1 1.145738e-10 2.901861e-11 -1 -3.40642e-12 3.140521e-11 -1 -7.128929e-12 1.974698e-10 -1 -2.478409e-10 2.121661e-10 -1 -2.682528e-10 -2.097391e-12 -1 9.427635e-14 -3.943141e-12 -1 7.746153e-15 -4.326079e-13 -1 3.73037e-13 5.663065e-16 -1 1.118562e-12 -4.581801e-13 -1 1.195464e-13 -4.691914e-13 -1 8.727685e-14 -4.769135e-13 -1 5.373027e-14 -4.811116e-13 -1 1.965644e-14 -4.590883e-13 -1 1.259918e-12 -3.462077e-13 -1 -2.977204e-14 -2.266272e-12 -1 -1.168078e-11 -2.385316e-12 -1 1.565703e-12 -2.411969e-12 -1 2.612923e-12 -4.922898e-12 -1 6.811731e-11 -4.926781e-13 -1 5.639879e-13 -4.860015e-13 -1 4.9229e-13 -4.711339e-13 -1 3.694922e-13 -4.572014e-13 -1 2.60999e-13 -4.451908e-13 -1 1.731202e-13 -4.339322e-13 -1 9.606792e-14 -4.233463e-13 -1 2.828279e-14 -4.23401e-13 -1 2.861291e-14 -3.818061e-14 -1 4.428674e-13 -4.225641e-13 -1 -8.635386e-15 -4.207957e-13 -1 -1.003776e-13 -4.189154e-13 -1 -1.674799e-13 -6.763549e-13 -1 6.901084e-12 -1.357051e-11 -1 2.973713e-10 1.931767e-12 -1 3.134303e-11 3.183906e-12 -1 1.061594e-11 3.486861e-12 -1 6.072646e-12 6.338386e-12 -1 -3.098717e-11 2.990758e-12 -1 5.893919e-12 3.533197e-12 -1 9.295758e-13 9.832526e-12 -1 -4.776419e-11 4.868442e-13 -1 -2.503851e-11 -3.542402e-12 -1 -1.547368e-11 -2.50607e-10 -1 5.487614e-10 1.636666e-11 -1 -3.097366e-11 -1.09246e-13 -1 -1.956601e-13 -1.015687e-13 -1 -2.080756e-13 -9.812492e-13 -1 1.026926e-12 -4.148443e-14 -1 -1.161677e-13 -3.600041e-14 -1 -1.219316e-13 -3.001002e-14 -1 -1.273363e-13 -1.19074e-12 -1 7.618552e-13 0 -1 0 0 -1 0 -1.224355e-11 -1 1.305178e-11 -2.661411e-11 -1 1.289045e-11 3.388232e-10 -1 2.21167e-11 -5.360632e-10 -1 -6.836223e-12 -2.91172e-10 -1 3.008043e-12 -5.37763e-11 -1 1.3097e-11 -2.141608e-11 -1 1.490051e-11 -2.899298e-12 -1 1.305605e-13 -3.246092e-12 -1 1.172696e-13 3.962513e-13 -1 4.586042e-13 6.50769e-13 -1 4.934238e-13 1.268012e-12 -1 5.959159e-13 6.965924e-12 -1 1.629899e-12 4.892885e-12 -1 1.248076e-12 3.937495e-12 -1 9.448332e-15 -2.648163e-10 -1 -3.630892e-10 -6.331061e-12 -1 3.662581e-12 -5.502619e-12 -1 4.895542e-12 1.801918e-11 -1 4.163134e-11 -3.222444e-12 -1 6.892321e-12 -2.089862e-12 -1 8.823671e-12 -3.311864e-13 -1 1.192863e-11 -1.63113e-11 -1 -1.702481e-11 -1.396148e-11 -1 2.738534e-12 -1.363805e-11 -1 6.302978e-12 -1.335872e-11 -1 1.063156e-11 1.231333e-11 -1 6.201227e-10 -2.954254e-12 -1 6.851673e-12 -1.327956e-12 -1 1.334783e-10 -4.262747e-13 -1 1.102535e-12 -3.977196e-13 -1 6.94852e-14 -1.935347e-13 -1 -8.53254e-13 -1.301346e-12 -1 3.620343e-12 -8.898634e-11 -1 3.241132e-10 -1.05878e-13 -1 2.699189e-11 4.841064e-12 -1 1.11194e-11 5.899018e-12 -1 7.915563e-12 6.701108e-12 -1 5.650378e-12 1.607946e-10 -1 -3.976522e-10 -3.034813e-12 -1 -4.671655e-13 -3.122988e-12 -1 -2.688196e-13 -4.24817e-12 -1 3.905101e-13 -2.245096e-13 -1 4.327271e-13 -1.61557e-13 -1 4.457806e-13 -1.038719e-13 -1 4.716491e-13 -4.429268e-14 -1 5.144393e-13 8.74236e-11 -1 9.177683e-12 1.965554e-11 -1 2.069431e-11 2.986299e-11 -1 1.961969e-11 4.030191e-11 -1 1.900055e-11 3.880078e-09 -1 -1.049669e-10 -1.103246e-12 -1 6.080605e-13 2.915268e-13 -1 4.748167e-13 2.038329e-13 -1 4.783335e-13 1.216538e-13 -1 4.767906e-13 -1.347668e-10 -1 -1.008684e-11 1.832752e-11 -1 -4.055384e-11 6.086044e-11 -1 -1.087356e-11 -9.318969e-11 -1 2.567004e-10 -3.826524e-10 -1 7.439686e-10 -1.306023e-09 -1 2.195544e-09 -3.145398e-11 -1 1.851539e-10 -2.063706e-11 -1 -3.023898e-11 -1.968291e-11 -1 -4.09899e-11 -1.75881e-11 -1 -5.794895e-11 -1.299757e-11 -1 -8.794479e-11 -1.381268e-13 -1 -1.613628e-10 6.211996e-11 -1 -4.903251e-10 2.752208e-10 -1 -1.454217e-09 -7.738658e-12 -1 4.705095e-11 -3.116301e-11 -1 4.721434e-11 4.612982e-12 -1 5.21954e-11 6.716962e-11 -1 5.565173e-11 -1.911719e-10 -1 2.993655e-11 2.557817e-12 -1 1.8223e-11 1.904826e-11 -1 1.116147e-10 1.940906e-11 -1 2.883064e-10 1.713137e-12 -1 8.357627e-10 -4.189922e-13 -1 -1.683272e-13 -4.452477e-13 -1 1.174797e-13 -4.702112e-13 -1 -2.276477e-13 -4.462519e-13 -1 1.271853e-12 -5.364687e-13 -1 1.680151e-12 -4.927172e-13 -1 9.272589e-13 -3.093587e-13 -1 -2.160474e-13 -3.460695e-13 -1 -3.511538e-14 -3.4084e-13 -1 -7.503931e-14 -3.41906e-13 -1 -5.968803e-14 -3.313334e-13 -1 -1.201016e-13 4.935433e-12 -1 1.008402e-13 4.844284e-12 -1 1.145474e-12 4.147897e-12 -1 1.476274e-11 1.208955e-11 -1 6.020639e-12 -4.551809e-13 -1 -1.698286e-13 -4.632575e-13 -1 1.920914e-13 -4.00514e-13 -1 -2.633128e-13 -2.7748e-12 -1 -3.071316e-13 -2.782145e-12 -1 2.561135e-13 -2.569045e-12 -1 -5.489323e-12 -2.661648e-12 -1 9.304375e-13 -2.360349e-12 -1 -7.449785e-12 -0 -1 -0 -1.923505e-11 -1 -1.780518e-11 -4.55125e-11 -1 5.683147e-11 -7.296035e-11 -1 5.258637e-11 3.033073e-10 -1 1.582649e-10 -3.454001e-10 -1 1.238159e-10 -1.377574e-09 -1 -7.315135e-11 9.642137e-12 -1 4.866343e-11 7.01277e-11 -1 6.035522e-11 -2.924998e-11 -1 1.476419e-11 -3.457311e-11 -1 1.455471e-11 -1.76921e-11 -1 1.47814e-11 -6.626179e-11 -1 1.267343e-11 2.505186e-12 -1 -1.401826e-11 -9.095686e-10 -1 -5.482611e-11 -4.567663e-12 -1 1.313778e-11 -9.965288e-12 -1 1.295293e-11 -7.909814e-12 -1 1.307584e-11 -8.910352e-12 -1 -1.456781e-11 -4.567113e-12 -1 -1.440506e-11 -1.305604e-12 -1 -1.418431e-11 -9.241708e-13 -1 -1.417557e-11 1.76476e-12 -1 -1.40279e-11 -4.751232e-12 -1 -1.452617e-11 -1.52525e-11 -1 -1.508535e-11 -8.938633e-12 -1 -1.488881e-11 3.174196e-10 -1 7.796551e-12 -3.712202e-12 -1 4.291956e-14 4.690502e-13 -1 2.833815e-13 -1.696253e-10 -1 2.340067e-11 6.218568e-11 -1 2.122626e-11 -1.931129e-11 -1 7.994716e-12 2.880504e-11 -1 1.089417e-11 -7.000778e-12 -1 5.299118e-12 1.514249e-11 -1 6.809479e-12 -3.218093e-12 -1 4.083157e-12 1.497873e-11 -1 5.345921e-12 -2.437225e-11 -1 1.80452e-12 2.011885e-09 -1 2.565908e-11 2.011958e-09 -1 2.565778e-11 -8.963316e-13 -1 4.195005e-13 3.135033e-14 -1 3.710754e-13 -1.007873e-12 -1 3.193118e-13 9.614079e-14 -1 3.178368e-13 -1.200551e-12 -1 2.133665e-13 -8.490559e-13 -1 5.097831e-13 -5.860681e-13 -1 5.625783e-13 -4.347525e-13 -1 6.227373e-13 -4.106503e-13 -1 6.24677e-13 -5.389306e-13 -1 5.898e-13 -2.220586e-13 -1 5.953997e-13 -6.159671e-13 -1 5.183143e-13 -6.954195e-14 -1 5.211641e-13 -6.652746e-13 -1 4.25112e-13 -0 -1 0 -1.281816e-11 -1 5.536336e-13 -3.046884e-12 -1 1.344484e-12 1.763164e-12 -1 1.135412e-12 -1.16478e-12 -1 9.013467e-13 3.163238e-12 -1 5.400557e-12 -1.089281e-13 -1 5.484173e-12 -2.727904e-11 -1 1.220693e-13 -1.873146e-12 -1 8.382005e-15 3.069619e-13 -1 5.473695e-13 -1.280525e-13 -1 5.339094e-13 -2.442799e-13 -1 5.192992e-13 4.311293e-13 -1 6.695051e-13 -5.542384e-13 -1 7.12336e-13 7.594058e-13 -1 8.180444e-13 -1.908428e-13 -1 3.67787e-13 -1.811082e-12 -1 3.463945e-13 -2.871506e-13 -1 4.111933e-13 -2.862439e-13 -1 4.731916e-13 -4.464127e-13 -1 4.884561e-13 -4.570686e-13 -1 4.872441e-13 -7.897994e-13 -1 2.502847e-13 -5.622125e-13 -1 2.632267e-13 3.256633e-14 -1 3.538061e-13 -5.32035e-13 -1 3.400941e-13 -5.251349e-14 -1 4.174191e-13 -4.881078e-13 -1 4.107628e-13 -1.661603e-13 -1 4.779205e-13 -1.392427e-12 -1 2.473973e-13 7.221749e-14 -1 2.207929e-13 -0 -1 0 -0 -1 0 -0 -1 0 -0 -1 0 -1.274045e-11 -1 2.204664e-13 -1.492804e-12 -1 8.619855e-13 1.101813e-12 -1 8.177639e-13 -8.839172e-13 -1 7.043292e-13 6.764089e-13 -1 6.773304e-13 -5.687611e-13 -1 6.062791e-13 4.367863e-13 -1 5.922282e-13 -3.798767e-13 -1 5.430725e-13 2.863853e-13 -1 5.357144e-13 -2.819113e-13 -1 5.015283e-13 1.876591e-13 -1 5.16752e-13 -1.785581e-12 -1 3.119569e-13 8.362877e-12 -1 2.426464e-12 3.553499e-11 -1 1.940024e-12 0 -1 0 4.767286e-12 -1 2.217203e-12 -3.407322e-12 -1 1.114206e-12 2.211028e-12 -1 1.458896e-12 -1.905999e-12 -1 9.037042e-13 7.598134e-13 -1 6.791818e-13 5.715713e-13 -1 6.829942e-13 5.064198e-10 -1 6.4573e-12 5.128553e-11 -1 -1.210483e-11 3.092809e-12 -1 -1.507825e-11 2.841002e-11 -1 -1.465654e-11 8.818857e-13 -1 -1.619079e-11 2.735365e-13 -1 3.16579e-13 4.389053e-13 -1 3.327796e-13 5.505557e-14 -1 2.8e-13 9.833302e-14 -1 3.25098e-13 1.839701e-13 -1 3.342373e-13 2.791198e-14 -1 3.068642e-13 -4.299348e-14 -1 3.222462e-13 2.770155e-14 -1 3.278804e-13 -3.59453e-15 -1 3.226246e-13 -3.550728e-13 -1 2.13198e-13 -2.298274e-13 -1 2.206086e-13 -6.322299e-14 -1 2.417659e-13 -1.562943e-13 -1 2.37756e-13 -2.923349e-12 -1 -1.073573e-13 -3.563507e-12 -1 -1.308665e-13 -3.637067e-14 -1 3.221437e-13 -6.396947e-13 -1 2.093175e-13 -7.444469e-14 -1 2.033282e-13 0.7674104 0.0001238845 -0.6411562 0.6058798 -0.0001240561 -0.7955561 0.6026396 0.0001813207 -0.7980134 0.7696826 -0.0001421909 -0.6384267 0.8927214 0.000141378 -0.4506091 0.894524 -0.0001589209 -0.4470199 0.9715999 0.0001584477 -0.2366295 0.9726505 -0.0001758762 -0.2322735 0.9999467 0.0001755641 -0.0103303 0.9999855 -0.0001924913 -0.005387619 0.9761098 0 -0.2172777 0.9761098 0 -0.2172777 0.8999911 0 -0.4359082 0.8999911 0 -0.4359082 0.7756599 0 -0.6311511 0.7756599 0 -0.6311511 0.609769 0 -0.7925791 0.609769 0 -0.7925791 0.4066478 0 -0.913585 0.4066478 0 -0.913585 0.1759217 0 -0.9844041 0.1759217 0 -0.9844041 -0.065057 -0 -0.9978815 -0.065057 -0 -0.9978815 -0.3022217 -0 -0.9532377 -0.3022217 -0 -0.9532377 -0.5217826 -0 -0.8530785 -0.5217826 -0 -0.8530785 -0.710992 -0 -0.7032 -0.710992 -0 -0.7032 0.9930071 0 0.1180552 0.9930071 0 0.1180552 0.9906179 0 -0.1366608 0.9906179 0 -0.1366608 0.9239519 0 -0.3825086 0.9239519 0 -0.3825086 0.7973388 0 -0.6035318 0.7973388 0 -0.6035318 0.618998 0 -0.7853926 0.618998 0 -0.7853926 0.391209 0 -0.9203019 0.391209 0 -0.9203019 0.1259694 0 -0.9920341 0.1259694 0 -0.9920341 -0.1487906 -0 -0.9888688 -0.1487906 -0 -0.9888688 -0.412306 -0 -0.9110455 -0.412306 -0 -0.9110455 -0.3947693 2.111425e-05 -0.9187803 -0.6054932 -2.493999e-05 -0.7958505 -0.6057369 0 -0.795665 -0.3940138 -4.566093e-05 -0.9191045 -0.1602483 4.673833e-05 -0.9870767 -0.1588619 -6.707074e-05 -0.9873007 0.08380822 7.107695e-05 -0.9964819 0.08578453 -8.928571e-05 -0.9963138 0.3228349 9.436384e-05 -0.9464553 0.3253101 -0.000116679 -0.9456074 0.9405063 3.565695e-06 -0.3397763 0.8383935 -3.441083e-06 -0.5450655 0.8383689 0 -0.5451032 0.9405526 -6.84436e-06 -0.3396481 0.9931805 7.239891e-06 -0.1165872 0.9932079 -1.072666e-05 -0.1163535 0.9936245 1.039332e-05 0.1127399 0.9935885 -1.396614e-05 0.1130569 0.9418141 1.412982e-05 0.336134 0.9416742 -1.763456e-05 0.336526 0.8962388 0 0.443572 0.8962388 0 0.443572 0.982276 0 0.1874406 0.982276 0 0.1874406 0.9966028 0 -0.08235885 0.9966028 0 -0.08235885 0.9381792 0 -0.3461499 0.9381792 0 -0.3461499 0.8112447 0 -0.5847068 0.8112447 0 -0.5847068 0.6250913 0 -0.7805517 0.6250913 0 -0.7805517 0.4024316 0 -0.91545 0.4024316 0 -0.91545 0.1622935 0 -0.9867426 0.1622935 0 -0.9867426 -0.08803594 -0 -0.9961173 -0.08803594 -0 -0.9961173 -0.06257713 0 -0.9980401 -0.2989271 0 -0.954276 -0.2989271 0 -0.954276 -0.06257713 0 -0.9980401 0.1773832 0 -0.9841419 0.1773832 0 -0.9841419 0.4070991 0 -0.913384 0.4070991 0 -0.913384 0.9999971 3.251751e-06 0.002399536 0.974257 -3.746982e-06 -0.2254404 0.9742459 0 -0.2254882 0.9999968 -6.521442e-06 0.002527438 0.9731638 7.548431e-06 0.2301133 0.9731042 -1.221642e-05 0.2303651 0.8951409 9.022168e-06 0.4457833 0.8950076 -1.380526e-05 0.4460509 0.770039 1.430598e-05 0.6379967 0.7697791 -1.679273e-05 0.6383105 0.4235373 0 -0.9058787 0.2304715 0 -0.9730791 0.2304715 0 -0.9730791 0.02775217 0 -0.9996148 0.02775217 0 -0.9996148 0.4235373 0 -0.9058787 0.5980529 0 -0.8014566 0.5980529 0 -0.8014566 0.7471189 0 -0.6646903 0.7471189 0 -0.6646903 0.8655894 0 -0.5007545 0.8655894 0 -0.5007545 0.9388841 4.061195e-06 0.3442335 0.9926043 -2.984373e-06 0.1213951 0.992609 0 0.1213563 0.9388247 -9.11228e-06 0.3443953 0.8357641 5.223113e-06 0.5490885 0.8356447 -1.140202e-05 0.5492705 0.6886744 9.850664e-06 0.7250708 0.6884564 -1.310147e-05 0.7252777 0.5054096 1.472722e-05 0.8628796 0.5050461 -1.74152e-05 0.8630923 0.3959369 0 -0.9182777 0.3959369 0 -0.9182777 0.7644981 3.655003e-06 0.644626 0.8912354 -3.270385e-06 0.4535409 0.8912548 0 0.4535027 0.7644189 -5.737436e-06 0.6447199 0.5975553 8.130398e-06 0.8018277 0.5973796 -8.609023e-06 0.8019587 0.3991804 1.18992e-05 0.9168724 0.3988751 -1.352071e-05 0.9170052 0.1798116 1.443649e-05 0.983701 0.1793975 -1.769442e-05 0.9837767 0.8359923 0 -0.5487411 0.6782867 0 -0.7347974 0.6782867 0 -0.7347974 0.8359923 0 -0.5487411 0.9439841 0 -0.3299909 0.9439841 0 -0.3299909 0.9957895 0 -0.09166913 0.9957895 0 -0.09166913 0.9883585 0 0.152143 0.9883585 0 0.152143 0.4979436 2.555855e-06 0.8672094 0.6823556 -4.858713e-06 0.7310204 0.6824021 0 0.7309771 0.4978325 -7.237019e-06 0.8672732 0.2872754 6.946907e-06 0.957848 0.2870485 -1.114571e-05 0.957916 0.06151638 1.059107e-05 0.9981061 0.06119214 -1.421078e-05 0.998126 -0.1674807 1.407595e-05 0.9858754 -0.1678911 -1.770224e-05 0.9858056 0.9732577 0 -0.2297162 0.8887061 0 -0.4584774 0.8887061 0 -0.4584774 0.9732577 0 -0.2297162 0.9999187 0 0.01274985 0.9999187 0 0.01274985 0.9670886 0 0.2544395 0.9670886 0 0.2544395 0.8767111 0 0.4810172 0.8767111 0 0.4810172 0.2231574 2.712759e-06 0.9747824 0.4524459 -1.74148e-06 0.8917919 0.4524649 0 0.8917822 0.2230676 -4.771469e-06 0.9748029 -0.01943993 3.864269e-06 0.999811 -0.01955683 -5.63609e-06 0.9998087 -0.2608411 7.402877e-06 0.9653818 -0.2610256 -8.127583e-06 0.9653319 -0.4867454 9.290584e-06 0.8735439 -0.4869661 -1.122796e-05 0.8734208 -0.6855597 0 -0.7280164 -0.8414212 0 -0.5403798 -0.8414212 0 -0.5403798 -0.6855597 0 -0.7280164 -0.4889284 -0 -0.8723239 -0.4889284 0 -0.8723239 -0.2631632 -0 -0.9647514 -0.2631632 0 -0.9647514 -0.02180886 -0 -0.9997622 -0.02180886 0 -0.9997622 0.6203416 0 -0.7843318 0.6203416 0 -0.7843318 0.7824497 0 -0.6227138 0.6126297 0 -0.7903701 0.6126297 0 -0.7903701 0.7824497 0 -0.6227138 0.9077437 0 -0.4195253 0.9077437 0 -0.4195253 0.9813008 0 -0.1924803 0.9813008 0 -0.1924803</float_array>
          <technique_common>
            <accessor count="1582" source="#cubenormals-array0-array" stride="3">
              <param type="float" name="X"/>
              <param type="float" name="Y"/>
              <param type="float" name="Z"/>
            </accessor>
          </technique_common>
        </source>
        <vertices id="cubeverts-array0-vertices">
          <input semantic="POSITION" source="#cubeverts-array0"/>
        </vertices>
        <triangles count="1582" material="ref_grb_new">
          <input offset="0" semantic="VERTEX" source="#cubeverts-array0-vertices"/>
          <input offset="1" semantic="NORMAL" source="#cubenormals-array0"/>
          <p>404 0 407 0 395 0 407 1 404 1 411 1 411 2 415 2 407 2 415 3 411 3 419 3 419 4 421 4 415 4 421 5 419 5 425 5 425 6 433 6 421 6 433 7 425 7 443 7 443 8 445 8 433 8 445 9 443 9 447 9 447 10 448 10 445 10 448 11 447 11 446 11 446 12 444 12 448 12 442 13 444 13 446 13 428 14 444 14 442 14 424 15 428 15 442 15 420 16 428 16 424 16 418 17 420 17 424 17 412 18 420 18 418 18 408 19 412 19 418 19 403 20 412 20 408 20 402 21 403 21 408 21 391 22 403 22 402 22 404 23 395 23 392 23 392 24 395 24 377 24 392 25 377 25 376 25 402 26 388 26 391 26 391 27 388 27 372 27 391 28 372 28 373 28 398 29 397 29 396 29 396 30 397 30 390 30 396 31 390 31 389 31 389 32 390 32 382 32 389 33 382 33 381 33 381 34 382 34 371 34 381 35 371 35 370 35 370 36 371 36 360 36 370 37 360 37 361 37 361 38 360 38 349 38 361 39 349 39 350 39 350 40 349 40 335 40 350 41 335 41 336 41 336 42 335 42 314 42 336 43 314 43 313 43 313 44 314 44 304 44 313 45 304 45 303 45 303 46 304 46 294 46 303 47 294 47 295 47 295 48 294 48 289 48 295 49 289 49 290 49 290 50 289 50 283 50 290 51 283 51 282 51 397 52 398 52 399 52 399 53 398 53 393 53 399 54 393 54 394 54 394 55 393 55 385 55 394 56 385 56 386 56 386 57 385 57 379 57 386 58 379 58 380 58 380 59 379 59 368 59 380 60 368 60 369 60 369 61 368 61 356 61 369 62 356 62 355 62 355 63 356 63 346 63 355 64 346 64 345 64 345 65 346 65 330 65 345 66 330 66 329 66 329 67 330 67 309 67 329 68 309 68 310 68 310 69 309 69 299 69 310 70 299 70 300 70 300 71 299 71 293 71 300 72 293 72 292 72 292 73 293 73 287 73 292 74 287 74 286 74 286 75 287 75 279 75 286 76 279 76 280 76 226 77 227 77 218 77 227 78 226 78 233 78 233 79 235 79 227 79 235 80 233 80 239 80 239 81 242 81 235 81 242 82 239 82 245 82 245 83 247 83 242 83 247 84 245 84 249 84 249 85 253 85 247 85 253 86 249 86 255 86 255 87 256 87 253 87 256 88 255 88 254 88 254 89 252 89 256 89 248 90 252 90 254 90 246 91 252 91 248 91 244 92 246 92 248 92 241 93 246 93 244 93 237 94 241 94 244 94 234 95 241 95 237 95 231 96 234 96 237 96 225 97 234 97 231 97 223 98 225 98 231 98 216 99 225 99 223 99 226 100 218 100 217 100 217 101 218 101 210 101 217 102 210 102 209 102 223 103 214 103 216 103 216 104 214 104 206 104 216 105 206 105 207 105 77 106 78 106 74 106 78 107 77 107 82 107 82 108 84 108 78 108 84 109 82 109 86 109 86 110 88 110 84 110 88 111 86 111 91 111 91 112 93 112 88 112 93 113 91 113 96 113 96 114 98 114 93 114 98 115 96 115 100 115 100 116 101 116 98 116 99 117 101 117 100 117 97 118 101 118 99 118 95 119 97 119 99 119 92 120 97 120 95 120 90 121 92 121 95 121 87 122 92 122 90 122 85 123 87 123 90 123 83 124 87 124 85 124 81 125 83 125 85 125 76 126 83 126 81 126 75 127 76 127 81 127 72 128 76 128 75 128 77 129 74 129 73 129 73 130 74 130 68 130 73 131 68 131 67 131 75 132 71 132 72 132 72 133 71 133 65 133 72 134 65 134 66 134 123 135 229 135 240 135 123 136 240 136 258 136 136 137 316 137 143 137 126 138 175 138 181 138 686 139 682 139 690 139 445 140 449 140 433 140 423 141 417 141 415 141 316 142 318 142 312 142 527 143 529 143 525 143 373 144 371 144 382 144 314 145 324 145 320 145 735 146 733 146 738 146 310 147 618 147 329 147 329 148 618 148 345 148 345 149 618 149 355 149 355 150 618 150 369 150 369 151 618 151 380 151 380 152 618 152 386 152 386 153 618 153 394 153 781 154 780 154 784 154 49 155 56 155 50 155 743 156 750 156 747 156 743 157 747 157 741 157 743 158 741 158 738 158 743 159 738 159 733 159 271 160 256 160 252 160 271 161 252 161 246 161 271 162 246 162 241 162 271 163 241 163 234 163 271 164 234 164 225 164 271 165 225 165 216 165 271 166 216 166 207 166 271 167 207 167 191 167 271 168 191 168 147 168 271 169 147 169 101 169 271 170 101 170 145 170 147 171 191 171 184 171 147 172 184 172 179 172 147 173 179 173 173 173 147 174 173 174 170 174 147 175 170 175 166 175 147 176 166 176 164 176 147 177 164 177 137 177 298 178 284 178 272 178 298 179 272 179 260 179 298 180 260 180 232 180 298 181 232 181 204 181 326 182 318 182 316 182 326 183 316 183 322 183 326 184 322 184 328 184 326 185 328 185 333 185 326 186 333 186 338 186 20 187 14 187 10 187 20 188 10 188 6 188 20 189 6 189 0 189 20 190 0 190 3 190 20 191 3 191 34 191 20 192 34 192 38 192 20 193 38 193 43 193 20 194 43 194 46 194 20 195 46 195 52 195 20 196 52 196 58 196 20 197 58 197 63 197 20 198 63 198 68 198 20 199 68 199 74 199 34 200 3 200 7 200 34 201 7 201 11 201 34 202 11 202 17 202 34 203 17 203 21 203 34 204 21 204 23 204 34 205 23 205 26 205 34 206 26 206 28 206 34 207 28 207 30 207 34 208 30 208 32 208 302 209 298 209 204 209 302 210 204 210 178 210 302 211 178 211 162 211 302 212 162 212 159 212 302 213 159 213 157 213 302 214 157 214 155 214 302 215 155 215 153 215 306 216 302 216 153 216 306 217 153 217 151 217 306 218 151 218 149 218 306 219 149 219 143 219 306 220 143 220 316 220 306 221 316 221 312 221 129 222 123 222 258 222 129 223 258 223 263 223 129 224 263 224 268 224 129 225 268 225 275 225 129 226 275 226 283 226 129 227 283 227 316 227 129 228 316 228 136 228 188 229 189 229 108 229 188 230 108 230 106 230 188 231 106 231 110 231 188 232 110 232 115 232 188 233 115 233 120 233 188 234 120 234 126 234 188 235 126 235 181 235 188 236 181 236 186 236 188 237 186 237 194 237 448 238 444 238 596 238 448 239 596 239 600 239 448 240 600 240 604 240 448 241 604 241 592 241 448 242 592 242 565 242 448 243 565 243 548 243 448 244 548 244 536 244 448 245 536 245 531 245 448 246 531 246 523 246 448 247 523 247 515 247 448 248 515 248 507 248 448 249 507 249 504 249 448 250 504 250 498 250 448 251 498 251 495 251 448 252 495 252 501 252 448 253 501 253 491 253 448 254 491 254 489 254 448 255 489 255 485 255 448 256 485 256 479 256 448 257 479 257 472 257 448 258 472 258 469 258 448 259 469 259 465 259 448 260 465 260 462 260 448 261 462 261 460 261 448 262 460 262 457 262 448 263 457 263 455 263 448 264 455 264 452 264 448 265 452 265 449 265 448 266 449 266 445 266 421 267 433 267 449 267 421 268 449 268 440 268 421 269 440 269 431 269 421 270 431 270 430 270 421 271 430 271 435 271 421 272 435 272 427 272 421 273 427 273 423 273 421 274 423 274 415 274 399 275 394 275 618 275 399 276 618 276 622 276 399 277 622 277 630 277 399 278 630 278 636 278 399 279 636 279 648 279 399 280 648 280 662 280 399 281 662 281 678 281 399 282 678 282 702 282 399 283 702 283 731 283 399 284 731 284 737 284 399 285 737 285 711 285 399 286 711 286 695 286 399 287 695 287 680 287 399 288 680 288 668 288 399 289 668 289 660 289 399 290 660 290 654 290 399 291 654 291 646 291 399 292 646 292 642 292 399 293 642 293 632 293 399 294 632 294 616 294 399 295 616 295 612 295 399 296 612 296 606 296 399 297 606 297 602 297 399 298 602 298 598 298 399 299 598 299 593 299 399 300 593 300 596 300 399 301 596 301 444 301 399 302 444 302 428 302 399 303 428 303 420 303 399 304 420 304 412 304 399 305 412 305 403 305 391 306 373 306 382 306 391 307 382 307 390 307 391 308 390 308 397 308 391 309 397 309 399 309 391 310 399 310 403 310 316 311 283 311 289 311 316 312 289 312 294 312 316 313 294 313 304 313 316 314 304 314 314 314 316 315 314 315 320 315 642 316 646 316 652 316 642 317 652 317 658 317 642 318 658 318 664 318 642 319 664 319 672 319 642 320 672 320 687 320 256 321 271 321 281 321 256 322 281 322 291 322 256 323 291 323 308 323 256 324 308 324 344 324 256 325 344 325 378 325 256 326 378 326 413 326 256 327 413 327 454 327 256 328 454 328 464 328 256 329 464 329 471 329 256 330 471 330 475 330 256 331 475 331 477 331 256 332 477 332 481 332 256 333 481 333 483 333 256 334 483 334 541 334 256 335 541 335 546 335 256 336 546 336 553 336 256 337 553 337 557 337 256 338 557 338 563 338 256 339 563 339 570 339 256 340 570 340 578 340 256 341 578 341 710 341 256 342 710 342 718 342 256 343 718 343 722 343 256 344 722 344 728 344 256 345 728 345 725 345 256 346 725 346 719 346 256 347 719 347 715 347 256 348 715 348 699 348 256 349 699 349 673 349 256 350 673 350 644 350 256 351 644 351 634 351 256 352 634 352 628 352 256 353 628 353 620 353 256 354 620 354 618 354 256 355 618 355 310 355 256 356 310 356 300 356 256 357 300 357 292 357 256 358 292 358 286 358 256 359 286 359 280 359 256 360 280 360 273 360 256 361 273 361 266 361 256 362 266 362 261 362 256 363 261 363 251 363 256 364 251 364 253 364 487 365 492 365 513 365 487 366 513 366 533 366 487 367 533 367 541 367 487 368 541 368 483 368 590 369 609 369 640 369 590 370 640 370 684 370 590 371 684 371 696 371 590 372 696 372 701 372 590 373 701 373 710 373 590 374 710 374 578 374 147 375 20 375 74 375 147 376 74 376 78 376 147 377 78 377 84 377 147 378 84 378 88 378 147 379 88 379 93 379 147 380 93 380 98 380 147 381 98 381 101 381 101 382 97 382 94 382 101 383 94 383 103 383 101 384 103 384 112 384 101 385 112 385 124 385 101 386 124 386 133 386 101 387 133 387 140 387 101 388 140 388 145 388 80 389 94 389 97 389 80 390 97 390 92 390 80 391 92 391 87 391 80 392 87 392 83 392 80 393 83 393 76 393 80 394 76 394 69 394 32 395 49 395 50 395 32 396 50 396 44 396 32 397 44 397 41 397 32 398 41 398 36 398 32 399 36 399 34 399 592 400 604 400 614 400 614 401 604 401 608 401 614 402 608 402 624 402 624 403 608 403 625 403 624 404 625 404 638 404 229 405 123 405 220 405 220 406 123 406 119 406 220 407 119 407 211 407 211 408 119 408 202 408 202 409 119 409 114 409 202 410 114 410 197 410 197 411 114 411 189 411 189 412 114 412 108 412 175 413 126 413 172 413 172 414 126 414 131 414 172 415 131 415 168 415 168 416 131 416 164 416 164 417 131 417 137 417 682 418 686 418 670 418 670 419 686 419 676 419 670 420 676 420 650 420 650 421 676 421 666 421 650 422 666 422 656 422 638 423 625 423 656 423 656 424 625 424 650 424 415 425 417 425 407 425 407 426 417 426 410 426 407 427 410 427 395 427 395 428 410 428 406 428 395 429 406 429 401 429 395 430 401 430 377 430 377 431 401 431 384 431 377 432 384 432 364 432 364 433 384 433 375 433 364 434 375 434 367 434 364 435 367 435 354 435 354 436 367 436 358 436 354 437 358 437 342 437 342 438 358 438 348 438 342 439 348 439 333 439 333 440 348 440 338 440 527 441 525 441 519 441 519 442 525 442 521 442 519 443 521 443 510 443 510 444 521 444 517 444 510 445 517 445 503 445 503 446 517 446 509 446 503 447 509 447 497 447 497 448 509 448 501 448 497 449 501 449 495 449 438 450 435 450 437 450 437 451 435 451 430 451 371 452 373 452 360 452 360 453 373 453 362 453 360 454 362 454 349 454 349 455 362 455 352 455 349 456 352 456 335 456 335 457 352 457 340 457 335 458 340 458 314 458 314 459 340 459 331 459 314 460 331 460 324 460 765 461 763 461 760 461 760 462 763 462 757 462 760 463 757 463 750 463 750 464 757 464 747 464 733 465 735 465 707 465 707 466 735 466 706 466 707 467 706 467 692 467 692 468 706 468 687 468 692 469 687 469 672 469 236 470 242 470 251 470 251 471 242 471 247 471 251 472 247 472 253 472 194 473 186 473 201 473 201 474 186 474 195 474 201 475 195 475 208 475 208 476 195 476 210 476 208 477 210 477 215 477 215 478 210 478 218 478 215 479 218 479 224 479 224 480 218 480 227 480 224 481 227 481 236 481 236 482 227 482 235 482 236 483 235 483 242 483 780 484 781 484 774 484 774 485 781 485 775 485 774 486 775 486 768 486 768 487 775 487 769 487 768 488 769 488 754 488 754 489 769 489 756 489 754 490 756 490 752 490 754 491 752 491 745 491 745 492 752 492 737 492 745 493 737 493 731 493 585 494 586 494 579 494 579 495 586 495 581 495 579 496 581 496 574 496 574 497 581 497 572 497 574 498 572 498 568 498 568 499 572 499 559 499 559 500 572 500 560 500 559 501 560 501 554 501 554 502 560 502 551 502 554 503 551 503 537 503 537 504 551 504 544 504 537 505 544 505 533 505 533 506 544 506 539 506 533 507 539 507 541 507 66 508 59 508 72 508 72 509 59 509 69 509 72 510 69 510 76 510 56 511 49 511 61 511 61 512 49 512 59 512 61 513 59 513 66 513 315 514 320 514 319 514 319 515 320 515 324 515 319 516 324 516 323 516 323 517 324 517 331 517 323 518 331 518 332 518 332 519 331 519 340 519 332 520 340 520 341 520 341 521 340 521 352 521 341 522 352 522 351 522 351 523 352 523 362 523 351 524 362 524 363 524 363 525 362 525 373 525 363 526 373 526 372 526 320 527 315 527 316 527 316 528 315 528 321 528 316 529 321 529 322 529 322 530 321 530 327 530 322 531 327 531 328 531 328 532 327 532 334 532 328 533 334 533 333 533 333 534 334 534 343 534 333 535 343 535 342 535 342 536 343 536 353 536 342 537 353 537 354 537 354 538 353 538 365 538 354 539 365 539 364 539 364 540 365 540 376 540 364 541 376 541 377 541 267 542 266 542 273 542 266 543 267 543 262 543 262 544 261 544 266 544 261 545 262 545 257 545 257 546 251 546 261 546 251 547 257 547 238 547 238 548 236 548 251 548 236 549 238 549 228 549 228 550 224 550 236 550 224 551 228 551 219 551 219 552 215 552 224 552 215 553 219 553 212 553 212 554 208 554 215 554 208 555 212 555 203 555 203 556 201 556 208 556 201 557 203 557 198 557 198 558 194 558 201 558 194 559 198 559 190 559 190 560 188 560 194 560 188 561 190 561 187 561 187 562 189 562 188 562 193 563 189 563 187 563 197 564 189 564 193 564 200 565 197 565 193 565 202 566 197 566 200 566 205 567 202 567 200 567 211 568 202 568 205 568 213 569 211 569 205 569 220 570 211 570 213 570 221 571 220 571 213 571 229 572 220 572 221 572 230 573 229 573 221 573 240 574 229 574 230 574 243 575 240 575 230 575 258 576 240 576 243 576 259 577 258 577 243 577 263 578 258 578 259 578 264 579 263 579 259 579 268 580 263 580 264 580 269 581 268 581 264 581 275 582 268 582 269 582 267 583 273 583 274 583 274 584 273 584 280 584 274 585 280 585 279 585 269 586 277 586 275 586 275 587 277 587 282 587 275 588 282 588 283 588 163 589 166 589 165 589 165 590 166 590 170 590 165 591 170 591 169 591 169 592 170 592 173 592 169 593 173 593 174 593 174 594 173 594 179 594 174 595 179 595 180 595 180 596 179 596 184 596 180 597 184 597 183 597 183 598 184 598 191 598 183 599 191 599 192 599 192 600 191 600 207 600 192 601 207 601 206 601 166 602 163 602 164 602 164 603 163 603 167 603 164 604 167 604 168 604 168 605 167 605 171 605 168 606 171 606 172 606 172 607 171 607 176 607 172 608 176 608 175 608 175 609 176 609 182 609 175 610 182 610 181 610 181 611 182 611 185 611 181 612 185 612 186 612 186 613 185 613 196 613 186 614 196 614 195 614 195 615 196 615 209 615 195 616 209 616 210 616 33 617 36 617 35 617 35 618 36 618 41 618 35 619 41 619 40 619 40 620 41 620 44 620 40 621 44 621 45 621 45 622 44 622 50 622 45 623 50 623 51 623 51 624 50 624 56 624 51 625 56 625 55 625 55 626 56 626 61 626 55 627 61 627 60 627 60 628 61 628 66 628 60 629 66 629 65 629 36 630 33 630 34 630 34 631 33 631 37 631 34 632 37 632 38 632 38 633 37 633 42 633 38 634 42 634 43 634 43 635 42 635 47 635 43 636 47 636 46 636 46 637 47 637 53 637 46 638 53 638 52 638 52 639 53 639 57 639 52 640 57 640 58 640 58 641 57 641 64 641 58 642 64 642 63 642 63 643 64 643 67 643 63 644 67 644 68 644 430 645 429 645 437 645 437 646 429 646 436 646 437 647 436 647 438 647 438 648 436 648 439 648 438 649 439 649 435 649 435 650 439 650 434 650 485 651 484 651 479 651 479 652 484 652 478 652 479 653 478 653 472 653 472 654 478 654 473 654 472 655 473 655 469 655 469 656 473 656 468 656 503 657 502 657 510 657 510 658 502 658 511 658 510 659 511 659 519 659 519 660 511 660 518 660 519 661 518 661 527 661 527 662 518 662 526 662 614 663 613 663 592 663 592 664 613 664 591 664 592 665 591 665 565 665 565 666 591 666 566 666 565 667 566 667 548 667 548 668 566 668 547 668 608 669 607 669 625 669 625 670 607 670 626 670 625 671 626 671 650 671 650 672 626 672 649 672 650 673 649 673 670 673 670 674 649 674 669 674 735 675 734 675 706 675 706 676 734 676 705 676 706 677 705 677 687 677 687 678 705 678 688 678 687 679 688 679 642 679 642 680 688 680 641 680 750 681 759 681 760 681 760 682 759 682 762 682 760 683 762 683 765 683 765 684 762 684 766 684 765 685 766 685 763 685 766 686 761 686 763 686 757 687 763 687 761 687 761 688 753 688 757 688 747 689 757 689 753 689 743 690 742 690 750 690 750 691 742 691 748 691 750 692 748 692 759 692 734 693 735 693 739 693 739 694 735 694 738 694 739 695 738 695 740 695 740 696 738 696 741 696 740 697 741 697 746 697 746 698 741 698 747 698 746 699 747 699 753 699 692 700 691 700 707 700 707 701 691 701 708 701 707 702 708 702 733 702 733 703 708 703 732 703 733 704 732 704 743 704 743 705 732 705 742 705 752 706 751 706 737 706 737 707 751 707 736 707 737 708 736 708 711 708 711 709 736 709 712 709 711 710 712 710 695 710 695 711 712 711 694 711 784 712 780 712 783 712 783 713 782 713 784 713 784 714 782 714 781 714 782 715 778 715 781 715 745 716 744 716 754 716 754 717 744 717 749 717 754 718 749 718 758 718 754 719 758 719 768 719 768 720 758 720 767 720 768 721 767 721 771 721 768 722 771 722 774 722 774 723 771 723 773 723 774 724 773 724 777 724 774 725 777 725 780 725 780 726 777 726 779 726 780 727 779 727 783 727 781 728 778 728 775 728 775 729 778 729 776 729 775 730 776 730 772 730 775 731 772 731 769 731 769 732 772 732 770 732 769 733 770 733 764 733 769 734 764 734 756 734 756 735 764 735 755 735 756 736 755 736 752 736 752 737 755 737 751 737 678 738 677 738 702 738 702 739 677 739 703 739 702 740 703 740 731 740 731 741 703 741 730 741 731 742 730 742 745 742 745 743 730 743 744 743 715 744 714 744 699 744 699 745 714 745 698 745 699 746 698 746 673 746 673 747 698 747 674 747 673 748 674 748 644 748 644 749 674 749 643 749 684 750 683 750 696 750 696 751 683 751 693 751 696 752 693 752 697 752 696 753 697 753 701 753 701 754 697 754 700 754 701 755 700 755 704 755 701 756 704 756 710 756 710 757 704 757 709 757 710 758 709 758 713 758 710 759 713 759 718 759 718 760 713 760 716 760 718 761 716 761 722 761 722 762 716 762 720 762 722 763 720 763 723 763 722 764 723 764 728 764 728 765 723 765 726 765 728 766 726 766 729 766 728 767 729 767 725 767 725 768 729 768 727 768 725 769 727 769 724 769 725 770 724 770 719 770 719 771 724 771 721 771 719 772 721 772 717 772 714 773 715 773 717 773 717 774 715 774 719 774 590 775 589 775 609 775 609 776 589 776 610 776 609 777 610 777 640 777 640 778 610 778 639 778 640 779 639 779 684 779 684 780 639 780 683 780 581 781 580 781 572 781 572 782 580 782 571 782 572 783 571 783 560 783 560 784 571 784 561 784 560 785 561 785 551 785 551 786 561 786 550 786 533 787 532 787 537 787 537 788 532 788 534 788 537 789 534 789 542 789 537 790 542 790 554 790 554 791 542 791 549 791 554 792 549 792 555 792 554 793 555 793 559 793 559 794 555 794 558 794 559 795 558 795 564 795 559 796 564 796 568 796 568 797 564 797 567 797 568 798 567 798 574 798 574 799 567 799 573 799 574 800 573 800 575 800 574 801 575 801 579 801 579 802 575 802 576 802 579 803 576 803 582 803 579 804 582 804 585 804 585 805 582 805 584 805 585 806 584 806 588 806 585 807 588 807 586 807 586 808 588 808 587 808 586 809 587 809 583 809 580 810 581 810 583 810 583 811 581 811 586 811 487 812 486 812 492 812 492 813 486 813 493 813 492 814 493 814 513 814 513 815 493 815 512 815 513 816 512 816 533 816 533 817 512 817 532 817 464 818 454 818 459 818 459 819 454 819 451 819 378 820 344 820 359 820 359 821 344 821 337 821 291 822 281 822 288 822 470 823 471 823 467 823 467 824 471 824 464 824 467 825 464 825 459 825 451 826 454 826 414 826 414 827 454 827 413 827 414 828 413 828 387 828 387 829 413 829 378 829 387 830 378 830 359 830 337 831 344 831 307 831 307 832 344 832 308 832 307 833 308 833 296 833 296 834 308 834 291 834 296 835 291 835 288 835 271 836 270 836 281 836 281 837 270 837 278 837 281 838 278 838 288 838 145 839 144 839 271 839 271 840 144 840 270 840 140 841 133 841 135 841 135 842 133 842 130 842 130 843 133 843 124 843 104 844 116 844 112 844 112 845 103 845 104 845 102 846 104 846 103 846 103 847 94 847 102 847 102 848 94 848 89 848 89 849 94 849 80 849 62 850 70 850 69 850 69 851 59 851 62 851 39 852 48 852 49 852 49 853 32 853 39 853 39 854 32 854 31 854 31 855 32 855 30 855 27 856 28 856 26 856 22 857 24 857 23 857 23 858 21 858 22 858 18 859 22 859 21 859 21 860 17 860 18 860 8 861 12 861 11 861 11 862 7 862 8 862 5 863 8 863 7 863 7 864 3 864 5 864 5 865 3 865 2 865 2 866 3 866 0 866 9 867 4 867 6 867 6 868 10 868 9 868 13 869 9 869 10 869 10 870 14 870 13 870 29 871 31 871 30 871 29 872 30 872 28 872 29 873 28 873 27 873 144 874 145 874 141 874 141 875 145 875 140 875 141 876 140 876 135 876 112 877 116 877 124 877 124 878 116 878 125 878 124 879 125 879 130 879 69 880 70 880 80 880 80 881 70 881 79 881 80 882 79 882 89 882 49 883 48 883 59 883 59 884 48 884 54 884 59 885 54 885 62 885 23 886 24 886 26 886 26 887 24 887 25 887 26 888 25 888 27 888 11 889 12 889 17 889 17 890 12 890 15 890 17 891 15 891 18 891 6 892 4 892 0 892 0 893 4 893 1 893 0 894 1 894 2 894 20 895 19 895 14 895 14 896 19 896 16 896 14 897 16 897 13 897 20 898 147 898 19 898 19 899 147 899 146 899 137 900 131 900 134 900 128 901 134 901 131 901 131 902 126 902 128 902 122 903 128 903 126 903 126 904 120 904 122 904 122 905 120 905 118 905 118 906 120 906 115 906 118 907 115 907 113 907 113 908 115 908 110 908 113 909 110 909 109 909 108 910 114 910 111 910 117 911 111 911 114 911 114 912 119 912 117 912 121 913 117 913 119 913 119 914 123 914 121 914 121 915 123 915 127 915 127 916 123 916 129 916 127 917 129 917 132 917 132 918 129 918 136 918 132 919 136 919 138 919 149 920 151 920 150 920 152 921 150 921 151 921 151 922 153 922 152 922 154 923 152 923 153 923 153 924 155 924 154 924 154 925 155 925 156 925 156 926 155 926 157 926 156 927 157 927 158 927 158 928 157 928 159 928 158 929 159 929 160 929 178 930 204 930 199 930 222 931 199 931 204 931 204 932 232 932 222 932 250 933 222 933 232 933 232 934 260 934 250 934 250 935 260 935 265 935 265 936 260 936 272 936 265 937 272 937 276 937 276 938 272 938 284 938 146 939 147 939 139 939 139 940 147 940 137 940 139 941 137 941 134 941 109 942 110 942 105 942 105 943 110 943 106 943 105 944 106 944 107 944 107 945 106 945 108 945 107 946 108 946 111 946 138 947 136 947 142 947 142 948 136 948 143 948 142 949 143 949 148 949 148 950 143 950 149 950 148 951 149 951 150 951 160 952 159 952 161 952 161 953 159 953 162 953 161 954 162 954 177 954 177 955 162 955 178 955 177 956 178 956 199 956 298 957 297 957 284 957 284 958 297 958 285 958 284 959 285 959 276 959 358 960 357 960 348 960 348 961 357 961 347 961 348 962 347 962 338 962 338 963 347 963 339 963 338 964 339 964 326 964 326 965 339 965 325 965 230 966 221 966 121 966 243 967 230 967 121 967 566 968 591 968 547 968 167 969 163 969 134 969 182 970 176 970 128 970 139 971 134 971 163 971 729 972 726 972 255 972 293 973 627 973 287 973 482 974 480 974 540 974 267 975 274 975 255 975 262 976 267 976 255 976 689 977 681 977 685 977 416 978 422 978 411 978 311 979 317 979 315 979 319 980 323 980 313 980 346 981 617 981 330 981 356 982 617 982 346 982 368 983 617 983 356 983 379 984 617 984 368 984 385 985 617 985 379 985 393 986 617 986 385 986 245 987 238 987 249 987 245 988 239 988 238 988 555 989 549 989 550 989 89 990 90 990 95 990 325 991 339 991 334 991 325 992 334 992 327 992 325 993 327 993 321 993 325 994 321 994 315 994 325 995 315 995 317 995 146 996 139 996 163 996 146 997 163 997 165 997 146 998 165 998 169 998 146 999 169 999 174 999 146 1000 174 1000 180 1000 146 1001 180 1001 183 1001 146 1002 183 1002 192 1002 146 1003 192 1003 270 1003 146 1004 270 1004 100 1004 146 1005 100 1005 96 1005 146 1006 96 1006 91 1006 146 1007 91 1007 86 1007 146 1008 86 1008 82 1008 146 1009 82 1009 77 1009 146 1010 77 1010 73 1010 146 1011 73 1011 19 1011 19 1012 73 1012 67 1012 19 1013 67 1013 64 1013 19 1014 64 1014 57 1014 19 1015 57 1015 53 1015 19 1016 53 1016 47 1016 19 1017 47 1017 42 1017 19 1018 42 1018 37 1018 19 1019 37 1019 33 1019 19 1020 33 1020 2 1020 19 1021 2 1021 1 1021 19 1022 1 1022 4 1022 19 1023 4 1023 9 1023 19 1024 9 1024 13 1024 19 1025 13 1025 16 1025 33 1026 35 1026 31 1026 33 1027 31 1027 29 1027 33 1028 29 1028 27 1028 33 1029 27 1029 25 1029 33 1030 25 1030 24 1030 33 1031 24 1031 22 1031 33 1032 22 1032 18 1032 33 1033 18 1033 15 1033 33 1034 15 1034 12 1034 33 1035 12 1035 8 1035 33 1036 8 1036 5 1036 33 1037 5 1037 2 1037 99 1038 100 1038 270 1038 99 1039 270 1039 144 1039 99 1040 144 1040 141 1040 99 1041 141 1041 135 1041 99 1042 135 1042 130 1042 99 1043 130 1043 125 1043 99 1044 125 1044 116 1044 99 1045 116 1045 104 1045 99 1046 104 1046 102 1046 99 1047 102 1047 89 1047 99 1048 89 1048 95 1048 270 1049 192 1049 206 1049 270 1050 206 1050 214 1050 270 1051 214 1051 223 1051 270 1052 223 1052 231 1052 270 1053 231 1053 237 1053 270 1054 237 1054 244 1054 270 1055 244 1055 248 1055 270 1056 248 1056 254 1056 270 1057 254 1057 288 1057 270 1058 288 1058 278 1058 301 1059 154 1059 156 1059 301 1060 156 1060 158 1060 301 1061 158 1061 160 1061 301 1062 160 1062 161 1062 301 1063 161 1063 177 1063 301 1064 177 1064 199 1064 301 1065 199 1065 222 1065 301 1066 222 1066 297 1066 305 1067 311 1067 315 1067 305 1068 315 1068 142 1068 305 1069 142 1069 148 1069 305 1070 148 1070 150 1070 305 1071 150 1071 152 1071 305 1072 152 1072 154 1072 305 1073 154 1073 301 1073 127 1074 282 1074 277 1074 127 1075 277 1075 269 1075 127 1076 269 1076 264 1076 127 1077 264 1077 259 1077 127 1078 259 1078 243 1078 127 1079 243 1079 121 1079 500 1080 466 1080 468 1080 500 1081 468 1081 473 1081 500 1082 473 1082 478 1082 500 1083 478 1083 484 1083 500 1084 484 1084 488 1084 500 1085 488 1085 490 1085 494 1086 458 1086 461 1086 494 1087 461 1087 463 1087 494 1088 463 1088 466 1088 494 1089 466 1089 500 1089 494 1090 500 1090 496 1090 603 1091 453 1091 456 1091 603 1092 456 1092 514 1092 603 1093 514 1093 522 1093 603 1094 522 1094 530 1094 603 1095 530 1095 535 1095 603 1096 535 1096 547 1096 603 1097 547 1097 591 1097 456 1098 458 1098 494 1098 456 1099 494 1099 499 1099 456 1100 499 1100 505 1100 456 1101 505 1101 506 1101 456 1102 506 1102 514 1102 187 1103 190 1103 185 1103 187 1104 185 1104 182 1104 187 1105 182 1105 128 1105 187 1106 128 1106 122 1106 187 1107 122 1107 118 1107 187 1108 118 1108 113 1108 187 1109 113 1109 109 1109 187 1110 109 1110 105 1110 187 1111 105 1111 107 1111 187 1112 107 1112 193 1112 279 1113 287 1113 627 1113 279 1114 627 1114 633 1114 279 1115 633 1115 643 1115 279 1116 643 1116 674 1116 279 1117 674 1117 698 1117 279 1118 698 1118 714 1118 279 1119 714 1119 717 1119 279 1120 717 1120 721 1120 279 1121 721 1121 724 1121 279 1122 724 1122 727 1122 279 1123 727 1123 729 1123 279 1124 729 1124 255 1124 279 1125 255 1125 274 1125 254 1126 255 1126 726 1126 254 1127 726 1127 723 1127 254 1128 723 1128 720 1128 254 1129 720 1129 716 1129 254 1130 716 1130 577 1130 254 1131 577 1131 569 1131 254 1132 569 1132 562 1132 254 1133 562 1133 556 1133 254 1134 556 1134 552 1134 254 1135 552 1135 545 1135 254 1136 545 1136 540 1136 254 1137 540 1137 480 1137 254 1138 480 1138 476 1138 254 1139 476 1139 474 1139 254 1140 474 1140 470 1140 254 1141 470 1141 467 1141 254 1142 467 1142 459 1142 254 1143 459 1143 451 1143 254 1144 451 1144 414 1144 254 1145 414 1145 387 1145 254 1146 387 1146 359 1146 254 1147 359 1147 337 1147 254 1148 337 1148 307 1148 254 1149 307 1149 296 1149 254 1150 296 1150 288 1150 419 1151 411 1151 422 1151 419 1152 422 1152 426 1152 419 1153 426 1153 434 1153 419 1154 434 1154 429 1154 419 1155 429 1155 432 1155 419 1156 432 1156 441 1156 419 1157 441 1157 425 1157 398 1158 396 1158 402 1158 398 1159 402 1159 408 1159 398 1160 408 1160 418 1160 398 1161 418 1161 424 1161 398 1162 424 1162 442 1162 398 1163 442 1163 446 1163 398 1164 446 1164 595 1164 398 1165 595 1165 594 1165 398 1166 594 1166 597 1166 398 1167 597 1167 601 1167 398 1168 601 1168 605 1168 398 1169 605 1169 611 1169 398 1170 611 1170 615 1170 398 1171 615 1171 631 1171 398 1172 631 1172 641 1172 398 1173 641 1173 645 1173 398 1174 645 1174 653 1174 398 1175 653 1175 659 1175 398 1176 659 1176 667 1176 398 1177 667 1177 679 1177 398 1178 679 1178 694 1178 398 1179 694 1179 712 1179 398 1180 712 1180 736 1180 398 1181 736 1181 744 1181 398 1182 744 1182 730 1182 398 1183 730 1183 703 1183 398 1184 703 1184 677 1184 398 1185 677 1185 661 1185 398 1186 661 1186 647 1186 398 1187 647 1187 635 1187 398 1188 635 1188 629 1188 398 1189 629 1189 621 1189 398 1190 621 1190 617 1190 398 1191 617 1191 393 1191 315 1192 319 1192 313 1192 315 1193 313 1193 303 1193 315 1194 303 1194 295 1194 315 1195 295 1195 290 1195 315 1196 290 1196 282 1196 641 1197 688 1197 671 1197 641 1198 671 1198 663 1198 641 1199 663 1199 657 1199 641 1200 657 1200 651 1200 641 1201 651 1201 645 1201 561 1202 571 1202 567 1202 561 1203 567 1203 564 1203 561 1204 564 1204 558 1204 561 1205 558 1205 555 1205 561 1206 555 1206 550 1206 486 1207 482 1207 540 1207 486 1208 540 1208 534 1208 486 1209 534 1209 532 1209 486 1210 532 1210 512 1210 486 1211 512 1211 493 1211 589 1212 577 1212 709 1212 589 1213 709 1213 704 1213 589 1214 704 1214 700 1214 589 1215 700 1215 697 1215 589 1216 697 1216 693 1216 589 1217 693 1217 683 1217 589 1218 683 1218 639 1218 589 1219 639 1219 610 1219 637 1220 626 1220 623 1220 623 1221 626 1221 607 1221 623 1222 607 1222 613 1222 613 1223 607 1223 603 1223 613 1224 603 1224 591 1224 250 1225 265 1225 222 1225 222 1226 265 1226 297 1226 265 1227 276 1227 297 1227 297 1228 276 1228 285 1228 127 1229 132 1229 282 1229 282 1230 132 1230 315 1230 132 1231 138 1231 315 1231 315 1232 138 1232 142 1232 205 1233 117 1233 213 1233 213 1234 117 1234 121 1234 213 1235 121 1235 221 1235 107 1236 111 1236 193 1236 193 1237 111 1237 200 1237 111 1238 117 1238 200 1238 200 1239 117 1239 205 1239 446 1240 447 1240 595 1240 595 1241 447 1241 599 1241 447 1242 453 1242 599 1242 599 1243 453 1243 603 1243 167 1244 134 1244 171 1244 171 1245 134 1245 128 1245 171 1246 128 1246 176 1246 330 1247 617 1247 309 1247 309 1248 617 1248 619 1248 309 1249 619 1249 299 1249 299 1250 619 1250 627 1250 299 1251 627 1251 293 1251 713 1252 709 1252 716 1252 716 1253 709 1253 577 1253 655 1254 665 1254 649 1254 649 1255 665 1255 675 1255 649 1256 675 1256 669 1256 669 1257 675 1257 685 1257 669 1258 685 1258 681 1258 637 1259 655 1259 626 1259 626 1260 655 1260 649 1260 441 1261 450 1261 425 1261 425 1262 450 1262 443 1262 450 1263 453 1263 443 1263 443 1264 453 1264 447 1264 400 1265 405 1265 392 1265 392 1266 405 1266 409 1266 392 1267 409 1267 404 1267 404 1268 409 1268 416 1268 404 1269 416 1269 411 1269 366 1270 374 1270 365 1270 365 1271 374 1271 383 1271 365 1272 383 1272 376 1272 376 1273 383 1273 400 1273 376 1274 400 1274 392 1274 353 1275 366 1275 365 1275 366 1276 353 1276 357 1276 357 1277 353 1277 343 1277 357 1278 343 1278 347 1278 347 1279 343 1279 334 1279 347 1280 334 1280 339 1280 528 1281 526 1281 524 1281 524 1282 526 1282 518 1282 524 1283 518 1283 520 1283 520 1284 518 1284 511 1284 520 1285 511 1285 516 1285 516 1286 511 1286 502 1286 516 1287 502 1287 508 1287 508 1288 502 1288 496 1288 508 1289 496 1289 500 1289 439 1290 436 1290 434 1290 434 1291 436 1291 429 1291 370 1292 372 1292 381 1292 381 1293 372 1293 388 1293 381 1294 388 1294 389 1294 389 1295 388 1295 402 1295 389 1296 402 1296 396 1296 323 1297 332 1297 313 1297 313 1298 332 1298 341 1298 313 1299 341 1299 336 1299 336 1300 341 1300 351 1300 336 1301 351 1301 350 1301 350 1302 351 1302 363 1302 350 1303 363 1303 361 1303 361 1304 363 1304 372 1304 361 1305 372 1305 370 1305 766 1306 762 1306 761 1306 761 1307 762 1307 759 1307 761 1308 759 1308 753 1308 753 1309 759 1309 748 1309 753 1310 748 1310 746 1310 671 1311 688 1311 691 1311 691 1312 688 1312 705 1312 691 1313 705 1313 708 1313 708 1314 705 1314 734 1314 708 1315 734 1315 732 1315 732 1316 734 1316 739 1316 732 1317 739 1317 740 1317 732 1318 740 1318 742 1318 742 1319 740 1319 746 1319 742 1320 746 1320 748 1320 262 1321 255 1321 257 1321 257 1322 255 1322 249 1322 257 1323 249 1323 238 1323 226 1324 228 1324 233 1324 233 1325 228 1325 238 1325 233 1326 238 1326 239 1326 198 1327 203 1327 196 1327 196 1328 203 1328 212 1328 196 1329 212 1329 209 1329 209 1330 212 1330 219 1330 209 1331 219 1331 217 1331 217 1332 219 1332 228 1332 217 1333 228 1333 226 1333 198 1334 196 1334 190 1334 190 1335 196 1335 185 1335 783 1336 779 1336 782 1336 782 1337 779 1337 778 1337 779 1338 777 1338 778 1338 778 1339 777 1339 776 1339 777 1340 773 1340 776 1340 776 1341 773 1341 772 1341 773 1342 771 1342 772 1342 772 1343 771 1343 770 1343 771 1344 767 1344 770 1344 770 1345 767 1345 764 1345 767 1346 758 1346 764 1346 764 1347 758 1347 755 1347 758 1348 749 1348 755 1348 755 1349 749 1349 751 1349 749 1350 744 1350 751 1350 751 1351 744 1351 736 1351 582 1352 583 1352 584 1352 584 1353 583 1353 587 1353 584 1354 587 1354 588 1354 576 1355 583 1355 582 1355 583 1356 576 1356 580 1356 580 1357 576 1357 575 1357 580 1358 575 1358 571 1358 571 1359 575 1359 573 1359 571 1360 573 1360 567 1360 540 1361 538 1361 534 1361 534 1362 538 1362 543 1362 534 1363 543 1363 542 1363 542 1364 543 1364 550 1364 542 1365 550 1365 549 1365 81 1366 85 1366 79 1366 79 1367 85 1367 90 1367 79 1368 90 1368 89 1368 71 1369 75 1369 70 1369 70 1370 75 1370 81 1370 70 1371 81 1371 79 1371 60 1372 65 1372 62 1372 62 1373 65 1373 71 1373 62 1374 71 1374 70 1374 40 1375 45 1375 39 1375 39 1376 45 1376 51 1376 39 1377 51 1377 48 1377 48 1378 51 1378 55 1378 48 1379 55 1379 54 1379 54 1380 55 1380 60 1380 54 1381 60 1381 62 1381 40 1382 39 1382 35 1382 35 1383 39 1383 31 1383 450 1384 452 1384 453 1384 453 1385 452 1385 455 1385 453 1386 455 1386 456 1386 452 1387 450 1387 449 1387 449 1388 450 1388 441 1388 449 1389 441 1389 440 1389 440 1390 441 1390 432 1390 440 1391 432 1391 431 1391 431 1392 432 1392 429 1392 431 1393 429 1393 430 1393 435 1394 434 1394 427 1394 427 1395 434 1395 426 1395 427 1396 426 1396 423 1396 423 1397 426 1397 422 1397 423 1398 422 1398 417 1398 417 1399 422 1399 416 1399 417 1400 416 1400 410 1400 410 1401 416 1401 409 1401 410 1402 409 1402 406 1402 406 1403 409 1403 405 1403 406 1404 405 1404 401 1404 401 1405 405 1405 400 1405 401 1406 400 1406 384 1406 384 1407 400 1407 383 1407 384 1408 383 1408 375 1408 375 1409 383 1409 374 1409 375 1410 374 1410 367 1410 367 1411 374 1411 366 1411 367 1412 366 1412 358 1412 358 1413 366 1413 357 1413 527 1414 526 1414 529 1414 529 1415 526 1415 528 1415 529 1416 528 1416 525 1416 525 1417 528 1417 524 1417 525 1418 524 1418 521 1418 521 1419 524 1419 520 1419 521 1420 520 1420 517 1420 517 1421 520 1421 516 1421 517 1422 516 1422 509 1422 509 1423 516 1423 508 1423 509 1424 508 1424 501 1424 501 1425 508 1425 500 1425 501 1426 500 1426 491 1426 491 1427 500 1427 490 1427 491 1428 490 1428 489 1428 489 1429 490 1429 488 1429 489 1430 488 1430 485 1430 485 1431 488 1431 484 1431 463 1432 465 1432 466 1432 466 1433 465 1433 469 1433 466 1434 469 1434 468 1434 465 1435 463 1435 462 1435 462 1436 463 1436 461 1436 462 1437 461 1437 460 1437 460 1438 461 1438 458 1438 460 1439 458 1439 457 1439 457 1440 458 1440 456 1440 457 1441 456 1441 455 1441 499 1442 504 1442 505 1442 505 1443 504 1443 507 1443 505 1444 507 1444 506 1444 504 1445 499 1445 498 1445 498 1446 499 1446 494 1446 498 1447 494 1447 495 1447 495 1448 494 1448 496 1448 495 1449 496 1449 497 1449 497 1450 496 1450 502 1450 497 1451 502 1451 503 1451 670 1452 669 1452 682 1452 682 1453 669 1453 681 1453 682 1454 681 1454 690 1454 690 1455 681 1455 689 1455 690 1456 689 1456 686 1456 686 1457 689 1457 685 1457 686 1458 685 1458 676 1458 676 1459 685 1459 675 1459 676 1460 675 1460 666 1460 666 1461 675 1461 665 1461 666 1462 665 1462 656 1462 656 1463 665 1463 655 1463 656 1464 655 1464 638 1464 638 1465 655 1465 637 1465 638 1466 637 1466 624 1466 624 1467 637 1467 623 1467 624 1468 623 1468 614 1468 614 1469 623 1469 613 1469 530 1470 536 1470 535 1470 535 1471 536 1471 548 1471 535 1472 548 1472 547 1472 536 1473 530 1473 531 1473 531 1474 530 1474 522 1474 531 1475 522 1475 523 1475 523 1476 522 1476 514 1476 523 1477 514 1477 515 1477 595 1478 593 1478 594 1478 594 1479 593 1479 598 1479 594 1480 598 1480 597 1480 593 1481 595 1481 596 1481 596 1482 595 1482 599 1482 596 1483 599 1483 600 1483 600 1484 599 1484 603 1484 600 1485 603 1485 604 1485 604 1486 603 1486 607 1486 604 1487 607 1487 608 1487 611 1488 616 1488 615 1488 615 1489 616 1489 632 1489 615 1490 632 1490 631 1490 631 1491 632 1491 642 1491 631 1492 642 1492 641 1492 616 1493 611 1493 612 1493 612 1494 611 1494 605 1494 612 1495 605 1495 606 1495 606 1496 605 1496 601 1496 606 1497 601 1497 602 1497 602 1498 601 1498 597 1498 602 1499 597 1499 598 1499 657 1500 652 1500 651 1500 651 1501 652 1501 646 1501 651 1502 646 1502 645 1502 652 1503 657 1503 658 1503 658 1504 657 1504 663 1504 658 1505 663 1505 664 1505 664 1506 663 1506 671 1506 664 1507 671 1507 672 1507 672 1508 671 1508 691 1508 672 1509 691 1509 692 1509 680 1510 695 1510 679 1510 679 1511 695 1511 694 1511 635 1512 630 1512 629 1512 629 1513 630 1513 622 1513 629 1514 622 1514 621 1514 630 1515 635 1515 636 1515 636 1516 635 1516 647 1516 636 1517 647 1517 648 1517 648 1518 647 1518 661 1518 648 1519 661 1519 662 1519 662 1520 661 1520 677 1520 662 1521 677 1521 678 1521 627 1522 634 1522 633 1522 633 1523 634 1523 644 1523 633 1524 644 1524 643 1524 634 1525 627 1525 628 1525 628 1526 627 1526 619 1526 628 1527 619 1527 620 1527 620 1528 619 1528 617 1528 620 1529 617 1529 618 1529 618 1530 617 1530 621 1530 618 1531 621 1531 622 1531 562 1532 557 1532 556 1532 556 1533 557 1533 553 1533 556 1534 553 1534 552 1534 557 1535 562 1535 563 1535 563 1536 562 1536 569 1536 563 1537 569 1537 570 1537 570 1538 569 1538 577 1538 570 1539 577 1539 578 1539 578 1540 577 1540 589 1540 578 1541 589 1541 590 1541 538 1542 544 1542 543 1542 543 1543 544 1543 551 1543 543 1544 551 1544 550 1544 544 1545 538 1545 539 1545 539 1546 538 1546 540 1546 539 1547 540 1547 541 1547 541 1548 540 1548 545 1548 541 1549 545 1549 546 1549 546 1550 545 1550 552 1550 546 1551 552 1551 553 1551 476 1552 475 1552 474 1552 474 1553 475 1553 471 1553 474 1554 471 1554 470 1554 475 1555 476 1555 477 1555 477 1556 476 1556 480 1556 477 1557 480 1557 481 1557 481 1558 480 1558 482 1558 481 1559 482 1559 483 1559 483 1560 482 1560 486 1560 483 1561 486 1561 487 1561 311 1562 318 1562 317 1562 317 1563 318 1563 326 1563 317 1564 326 1564 325 1564 318 1565 311 1565 312 1565 312 1566 311 1566 305 1566 312 1567 305 1567 306 1567 306 1568 305 1568 301 1568 306 1569 301 1569 302 1569 302 1570 301 1570 297 1570 302 1571 297 1571 298 1571 507 1572 515 1572 506 1572 506 1573 515 1573 514 1573 659 1574 668 1574 667 1574 667 1575 668 1575 680 1575 667 1576 680 1576 679 1576 668 1577 659 1577 660 1577 660 1578 659 1578 653 1578 660 1579 653 1579 654 1579 654 1580 653 1580 645 1580 654 1581 645 1581 646 1581</p>
        </triangles>
      </mesh>
    </geometry>
  </library_geometries>
  <library_materials>
    <material id="mat_grb_new" name="grb_new">
      <instance_effect url="#effect_grb_new"/>
    </material>
  </library_materials>
  <library_visual_scenes>
    <visual_scene id="myscene">
      <node id="node0" name="node0">
        <instance_geometry url="#geometry0">
          <bind_material>
            <technique_common>
              <instance_material symbol="ref_grb_new" target="#mat_grb_new"/>
            </technique_common>
          </bind_material>
        </instance_geometry>
      </node>
    </visual_scene>
  </library_visual_scenes>
  <scene>
    <instance_visual_scene url="#myscene"/>
  </scene>
</COLLADA>
