<COLLADA xmlns="http://www.collada.org/2005/11/COLLADASchema" version="1.4.1">
  <asset>
    <contributor/>
    <created>2025-11-18T20:40:42.200632</created>
    <modified>2025-11-18T20:40:42.200650</modified>
    <unit name="meter" meter="1.0"/>
    <up_axis>Z_UP</up_axis>
  </asset>
  <library_effects>
    <effect id="effect_gr_lh_link" name="effect_gr_lh_link">
      <profile_COMMON>
        <technique sid="common">
          <phong>
            <emission>
              <color>0.0 0.0 0.0 1.0</color>
            </emission>
            <ambient>
              <color>0.0 0.0 0.0 1.0</color>
            </ambient>
            <diffuse>
              <color>0.800000011920929 0.800000011920929 0.800000011920929 1.0</color>
            </diffuse>
            <specular>
              <color>1 1 1 1.0</color>
            </specular>
            <shininess>
              <float>0.0</float>
            </shininess>
            <reflective>
              <color>0.0 0.0 0.0 1.0</color>
            </reflective>
            <reflectivity>
              <float>0.0</float>
            </reflectivity>
            <transparent>
              <color>0.0 0.0 0.0 1.0</color>
            </transparent>
            <transparency>
              <float>1.0</float>
            </transparency>
          </phong>
        </technique>
        <extra>
          <technique profile="GOOGLEEARTH">
            <double_sided>0</double_sided>
          </technique>
        </extra>
      </profile_COMMON>
    </effect>
  </library_effects>
  <library_geometries>
    <geometry id="geometry0" name="gr_lh_link">
      <mesh>
        <source id="cubeverts-array0">
          <float_array count="5478" id="cubeverts-array0-array">-0.003499595 -0.002999942 -5.320959e-05 -0.003499595 0.006000058 -5.320959e-05 -0.003499542 5.789971e-08 -5.320578e-05 -0.003499542 0.009000058 -5.320578e-05 -0.003468285 -0.002999942 0.0004701069 -0.003468285 5.789971e-08 0.0004701069 -0.003468285 0.006000058 0.0004701069 -0.003468285 0.009000058 0.0004701069 -0.003452389 -0.002999942 -0.0005753322 -0.003452389 0.006000058 -0.0005753322 -0.003452337 5.789971e-08 -0.0005753297 -0.003452337 0.009000058 -0.0005753297 -0.003359215 5.789971e-08 0.0009828678 -0.003359215 0.009000058 0.0009828678 -0.00335916 -0.002999942 0.0009828761 -0.00335916 0.006000058 0.0009828761 -0.003327726 -0.002999942 -0.001084547 -0.003327726 5.789971e-08 -0.001084547 -0.003327726 0.006000058 -0.001084547 -0.003327726 0.009000058 -0.001084547 -0.003174722 5.789971e-08 0.001473579 -0.003174722 0.009000058 0.001473579 -0.003174669 -0.002999942 0.001473593 -0.003174669 0.006000058 0.001473593 -0.003128457 5.789971e-08 -0.001569426 -0.003128457 0.009000058 -0.001569426 -0.003128401 -0.002999942 -0.001569428 -0.003128401 0.006000058 -0.001569428 -0.003086835 -0.004205854 -0.0007448377 -0.003086835 -0.00351403 -0.0007448378 -0.002998945 0.003350058 -8.260823e-05 -0.002994196 0.006000058 0.0001866042 -0.00298857 0.006000058 -0.0002617381 -0.002974919 0.003350058 0.0003875315 -0.002968888 -0.003406259 -0.0003440854 -0.00296874 -0.004313625 -0.0003444648 -0.002949055 0.003350058 -0.0005506726 -0.002932928 0.006000058 0.0006307768 -0.002918951 -0.002999942 0.001931249 -0.002918951 5.789971e-08 0.001931249 -0.002918951 0.006000058 0.001931249 -0.002918951 0.009000058 0.001931249 -0.002916169 0.006000058 -0.000704241 -0.002877597 0.003350058 0.0008481942 -0.002858943 5.789971e-08 -0.002019087 -0.002858943 0.009000058 -0.002019087 -0.002858888 -0.002999942 -0.002019099 -0.002858888 0.006000058 -0.002019099 -0.002848944 -0.004393963 6.167072e-05 -0.002848944 -0.003325921 6.167053e-05 -0.00283711 -0.004300666 -0.001007389 -0.002826537 0.003350058 -0.001005177 -0.002806157 0.006000058 0.001060863 -0.002799922 0.01054257 5.251124e-06 -0.002798951 0.009000058 -7.661946e-05 -0.00277864 0.006000058 -0.001131015 -0.002776471 0.009000058 0.0003622288 -0.002774224 -0.003398183 -0.001073758 -0.002771953 0.01054264 -0.0003940808 -0.002770857 0.01054254 0.0004027215 -0.002752496 0.009000058 -0.0005135807 -0.002727997 -0.003279225 0.000473191 -0.002727652 -0.004440659 0.000472883 -0.002709501 0.003350058 0.001287995 -0.002697169 0.01054252 -0.0007518503 -0.002685608 0.009000058 0.0007921557 -0.002685608 0.01054252 0.0007921557 -0.002659798 -0.004719942 -3.290358e-05 -0.002659007 -0.007393542 -7.26888e-05 -0.00263825 0.009000058 -0.0009378927 -0.002637641 -0.007393542 0.0003441665 -0.002634992 -0.004719942 0.0003638864 -0.002634465 0.003350058 -0.001434961 -0.002625181 -0.004719942 -0.0004289574 -0.002616714 0.006000058 0.001467255 -0.002614899 -0.007393542 -0.0004877542 -0.002605693 -0.003269749 0.0008863558 -0.002605692 -0.004450135 0.0008863561 -0.002597744 -0.002999942 0.002345576 -0.002597744 0.006000058 0.002345576 -0.002597739 5.789971e-08 0.002345618 -0.002597739 0.009000058 0.002345618 -0.002579036 0.006000058 -0.001532512 -0.002570783 0.01067841 -0.0002946135 -0.002551328 -0.007393542 0.0007525472 -0.002551328 -0.004719942 0.0007525472 -0.002548666 -0.007499942 -0.0001587957 -0.002548642 0.01054265 -0.001159031 -0.002545377 0.01054265 0.001166201 -0.002537513 -0.007499942 0.0002861874 -0.002531926 -0.004719942 -0.0008154297 -0.002525233 -0.002999942 -0.002423468 -0.002525233 5.789971e-08 -0.002423468 -0.002525233 0.006000058 -0.002423468 -0.002525233 0.009000058 -0.002423468 -0.002518595 0.009000058 0.001223388 -0.002506403 -0.007393542 -0.0008908095 -0.002482362 -0.007499942 -0.0005989613 -0.002474685 0.003350058 0.001696003 -0.002459023 0.009000058 -0.001339105 -0.002455915 -0.004404096 -0.00140816 -0.002449256 -0.007499942 0.0007224758 -0.002447693 -0.003315319 0.001422945 -0.002447459 -0.004404095 0.001422808 -0.002402196 -0.004719942 0.001142326 -0.002402192 -0.007393542 0.001142398 -0.002392053 -0.003303392 -0.001475636 -0.002382121 -0.004719942 -0.001183688 -0.002378102 0.01079086 0.0002559388 -0.002377579 0.003350058 -0.001829447 -0.002368811 0.006000058 0.001840868 -0.002357561 0.01054254 -0.001510537 -0.002353216 0.01054256 0.001517262 -0.002340642 -0.007499942 -0.00102093 -0.002336192 -0.007393542 -0.00127193 -0.002321816 0.006000058 -0.001899773 -0.002291084 -0.003418978 0.001953407 -0.002290978 -0.004300666 0.001953316 -0.002286596 -0.007499942 0.001136817 -0.002284893 -0.004719942 2.209792e-05 -0.002284807 -0.002999942 -2.838804e-05 -0.002282882 0.009000058 0.00162125 -0.002250285 -0.002999942 0.0003968466 -0.002250047 -0.004719942 -0.0003981376 -0.002241926 -0.004719942 0.0004415809 -0.002239705 -0.002999942 -0.000452639 -0.002219235 0.009000058 -0.001707338 -0.002218257 5.789971e-08 0.002707317 -0.002218257 0.009000058 0.002707317 -0.002218254 -0.002999942 0.002707277 -0.002218254 0.006000058 0.002707277 -0.00220874 0.01075641 -0.001069423 -0.00219397 -0.004719942 0.001504045 -0.002193907 -0.007393542 0.001504119 -0.002188466 -0.004205854 0.002300858 -0.002188465 -0.00351403 0.002300858 -0.002179099 -0.004719942 -0.001525502 -0.002178898 0.003350058 0.002062177 -0.002151854 0.01084133 0.0008028785 -0.002138574 -0.004719942 -0.0008048143 -0.0021373 -0.002999942 0.0008082454 -0.002134922 -0.002999942 -0.002773465 -0.002134922 0.006000058 -0.002773465 -0.002134913 5.789971e-08 -0.00277352 -0.002134913 0.009000058 -0.00277352 -0.002127795 -0.007499942 -0.001411865 -0.002122608 -0.004719942 0.0008460255 -0.002118892 0.01054261 -0.001830168 -0.002116538 -0.002999942 -0.000861113 -0.002113722 0.0105426 0.001836167 -0.002108456 -0.007393542 -0.001621732 -0.002070449 -0.004450135 -0.001813422 -0.002067975 0.006000058 0.002173356 -0.002062162 0.003350058 -0.002178895 -0.002054458 -0.007499942 0.001516615 -0.002051349 0.01092973 -0.0005234686 -0.002012736 0.006000058 -0.002224604 -0.001992597 -0.00326841 -0.001895272 -0.001984897 0.009000058 0.001974888 -0.001954271 -0.004719942 -0.001184083 -0.001949768 -0.002999942 0.001191482 -0.001931709 -0.004719942 0.001828702 -0.0019316 -0.007393542 0.001828803 -0.001931004 -0.004719942 0.001221658 -0.001927389 -0.004719942 -0.001833241 -0.001924787 0.009000058 -0.002033517 -0.001919556 -0.002999942 -0.001239561 -0.001895233 0.01082911 0.001338485 -0.001865002 0.01103912 2.987428e-05 -0.001850294 -0.007499942 -0.001759902 -0.001836313 -0.003418977 0.002385962 -0.001836167 0.0105426 -0.002113722 -0.001830168 0.01054261 0.002118892 -0.001829448 0.003350058 0.002377565 -0.001828803 -0.007393542 -0.001931601 -0.001792833 0.01070063 -0.001814071 -0.001788995 -0.002999942 0.003008238 -0.001788995 5.789971e-08 0.003008238 -0.001788995 0.006000058 0.003008238 -0.001788995 0.009000058 0.003008238 -0.001782684 -0.004313626 0.002398772 -0.001773351 -0.004440659 -0.002125778 -0.001759876 -0.007499942 0.001850327 -0.001734336 -0.003283301 -0.002166796 -0.001724362 -0.002999942 -4.712737e-05 -0.001720955 0.006000058 0.002457305 -0.001703413 -0.004719942 -0.001523026 -0.001696712 -0.002999942 -0.003061236 -0.001696712 5.789971e-08 -0.003061293 -0.001696712 0.006000058 -0.003061236 -0.001696712 0.009000058 -0.003061293 -0.00169647 -0.002999942 0.0003124144 -0.001695922 0.003350058 -0.002474661 -0.00169429 -0.002999942 0.001533198 -0.001676876 -0.002999942 -0.0004046151 -0.001673638 -0.004719942 0.001555687 -0.001658699 0.006000058 -0.002499746 -0.001657781 0.01093836 -0.001286697 -0.001655667 -0.002999942 -0.001574799 -0.001652331 0.01108302 0.0005827955 -0.00163277 0.009000058 0.002274657 -0.001632632 -0.004719942 -0.002100037 -0.001621879 -0.004719942 0.002108313 -0.001621731 -0.007393542 0.002108456 -0.00161186 0.01075438 0.001855199 -0.001594442 -0.002999942 0.0006583056 -0.001582934 0.009000058 -0.002309614 -0.001556109 -0.002999942 -0.0007444206 -0.001517262 0.01054256 -0.002353216 -0.001516579 -0.007499942 -0.002054473 -0.001510537 0.01054254 0.002357561 -0.001504118 -0.007393542 -0.002193907 -0.001499328 0.01111203 -0.0007411612 -0.001497136 -0.006999942 9.326567e-05 -0.001497136 -0.002999942 9.326567e-05 -0.001497136 5.789971e-08 9.326567e-05 -0.001497136 0.003350058 9.326567e-05 -0.001497136 0.006000058 9.326567e-05 -0.001497136 0.009000058 9.326567e-05 -0.00148034 -0.006999942 -0.0002421855 -0.00148034 -0.002999942 -0.0002421855 -0.00148034 5.789971e-08 -0.0002421855 -0.00148034 0.003350058 -0.0002421855 -0.00148034 0.006000058 -0.0002421855 -0.00148034 0.009000058 -0.0002421855 -0.001477885 -0.00332592 -0.002436418 -0.001477876 -0.004393962 -0.002436427 -0.001438799 -0.006999942 0.0004240971 -0.001438799 -0.002999942 0.0004240971 -0.001438799 5.789971e-08 0.0004240971 -0.001438799 0.003350058 0.0004240971 -0.001438799 0.006000058 0.0004240971 -0.001438799 0.009000058 0.0004240971 -0.001434972 0.003350058 0.002634459 -0.001422739 -0.002999942 0.0009754276 -0.001416337 0.01106083 0.001127491 -0.00141183 -0.007499942 0.002127825 -0.001410518 0.01119587 0.0001032727 -0.001394545 -0.004719942 -0.001810102 -0.00138929 -0.006999942 -0.0005654853 -0.00138929 -0.002999942 -0.0005654853 -0.00138929 5.789971e-08 -0.0005654853 -0.00138929 0.003350058 -0.0005654853 -0.00138929 0.006000058 -0.0005654853 -0.00138929 0.009000058 -0.0005654853 -0.001379742 -0.002999942 0.001821423 -0.001371063 -0.004393963 0.002498094 -0.001367327 -0.002999942 -0.001051682 -0.001359275 -0.004719942 0.001836735 -0.001357049 -0.002999942 -0.001838348 -0.001335493 0.006000058 0.00268635 -0.001319713 0.01121919 -0.0001851638 -0.001319599 -0.002999942 0.003241706 -0.001319599 0.006000058 0.003241706 -0.001319592 5.789971e-08 0.003241673 -0.001319592 0.009000058 0.003241673 -0.001308369 -0.006999942 0.0007336789 -0.001308369 -0.002999942 0.0007336789 -0.001308369 5.789971e-08 0.0007336789 -0.001308369 0.003350058 0.0007336789 -0.001308369 0.006000058 0.0007336789 -0.001308369 0.009000058 0.0007336789 -0.001305735 0.01061819 0.002345727 -0.001301404 -0.004719942 -0.002319907 -0.001298677 -0.003315319 0.002515831 -0.001287868 0.003350058 -0.002709455 -0.00127213 -0.004719942 0.002336035 -0.00127193 -0.007393542 0.002336192 -0.001267603 0.006000058 -0.002719039 -0.001240771 0.01119587 0.0006787601 -0.001236105 0.009000058 0.002512378 -0.001228625 -0.006999942 -0.0008604624 -0.001228625 -0.002999942 -0.0008604624 -0.001228625 5.789971e-08 -0.0008604624 -0.001228625 0.003350058 -0.0008604624 -0.001228625 0.006000058 -0.0008604624 -0.001228625 0.009000058 -0.0008604624 -0.001227107 -0.007499942 7.667442e-05 -0.001227104 -0.003495443 7.670739e-05 -0.00122708 0.01080911 -0.002013596 -0.001220434 -0.002999942 -0.003280326 -0.001220434 5.789971e-08 -0.003280326 -0.001220434 0.006000058 -0.003280326 -0.001220434 0.009000058 -0.003280326 -0.001213407 -0.003495443 -0.0001982722 -0.001213397 -0.007499942 -0.0001983376 -0.001202094 0.009000058 -0.002528828 -0.001188839 -0.002999942 0.001249915 -0.001188231 0.01125665 3.770629e-05 -0.00118605 -0.004313624 -0.002743241 -0.001186044 -0.003406262 -0.002743247 -0.00117927 -0.007499942 0.0003478408 -0.001179269 -0.003495443 0.0003478406 -0.001166201 0.01054265 -0.002545377 -0.00116035 0.01097284 0.001656271 -0.001159031 0.01054265 0.002548642 -0.001142397 -0.007393542 -0.002402193 -0.001138865 -0.003495443 -0.0004633096 -0.001138828 -0.007499942 -0.0004634019 -0.001136779 -0.007499942 -0.002286614 -0.001118789 -0.002999942 -0.001312985 -0.001112312 -0.006999942 0.00100639 -0.001112312 -0.002999942 0.00100639 -0.001112312 5.789971e-08 0.00100639 -0.001112312 0.003350058 0.00100639 -0.001112312 0.006000058 0.00100639 -0.001112312 0.009000058 0.00100639 -0.001082805 0.01104861 -0.001489475 -0.0010723 -0.003495443 0.0006015317 -0.001072297 -0.007499942 0.0006015264 -0.001038185 -0.004719942 -0.002035534 -0.001020885 -0.007499942 0.002340655 -0.001017208 -0.002999942 -0.002046117 -0.001017087 -0.002999942 0.002046139 -0.001007215 -0.003495443 -0.0007051147 -0.001007139 -0.007499942 -0.0007052236 -0.001006378 -0.006999942 -0.00111231 -0.001006378 -0.002999942 -0.00111231 -0.001006378 5.789971e-08 -0.00111231 -0.001006378 0.003350058 -0.00111231 -0.001006378 0.006000058 -0.00111231 -0.001006378 0.009000058 -0.00111231 -0.001005189 0.003350058 0.002826544 -0.0009986216 -0.004719942 0.002055232 -0.0009542966 -0.004440659 0.002598657 -0.0009411018 -0.004719942 -0.002487948 -0.0009232457 0.01122249 -0.0009443295 -0.0009201967 0.006000058 0.002855382 -0.0009115676 -0.007499942 0.0008250669 -0.000911562 -0.003495443 0.0008250594 -0.0009073963 0.0112289 0.0009267869 -0.0009029866 -0.002999942 0.00146978 -0.0008983632 -0.004205856 -0.003045695 -0.0008983545 -0.003514026 -0.003045693 -0.0008910824 -0.004719942 0.002506282 -0.0008908089 -0.007393542 0.002506404 -0.0008879858 0.01082031 0.002161673 -0.0008604641 -0.006999942 0.001228618 -0.0008604641 -0.002999942 0.001228618 -0.0008604641 5.789971e-08 0.001228618 -0.0008604641 0.003350058 0.001228618 -0.0008604641 0.006000058 0.001228618 -0.0008604641 0.009000058 0.001228618 -0.0008481942 0.003350058 -0.002877597 -0.0008481942 0.006000058 -0.002877597 -0.0008250589 -0.003495443 -0.0009115624 -0.0008249368 -0.007499942 -0.000911674 -0.000821356 -0.002999942 -0.001516905 -0.0008205957 -0.002999942 0.003402444 -0.0008205957 0.006000058 0.003402444 -0.00082059 5.789971e-08 0.003402415 -0.00082059 0.009000058 0.003402415 -0.0008057221 0.009000058 0.002681569 -0.0007921557 0.01054252 -0.002685608 -0.0007916479 0.009000058 -0.002685758 -0.0007548532 -0.003269749 0.002646782 -0.0007525465 -0.007393542 -0.002551328 -0.0007518501 0.01054252 0.002697169 -0.0007506548 0.01132831 -0.0003858548 -0.0007336202 -0.006999942 -0.00130835 -0.0007336202 -0.002999942 -0.00130835 -0.0007336202 5.789971e-08 -0.00130835 -0.0007336202 0.003350058 -0.00130835 -0.0007336202 0.006000058 -0.00130835 -0.0007336202 0.009000058 -0.00130835 -0.0007224383 -0.007499942 -0.002449277 -0.0007180189 0.01132033 0.0005245675 -0.0007167754 -0.002999942 -0.003425819 -0.0007167754 0.006000058 -0.003425819 -0.0007167707 5.789971e-08 -0.003425766 -0.0007167707 0.009000058 -0.003425766 -0.0007051141 -0.003495443 0.001007215 -0.0007051023 -0.007499942 0.001007196 -0.0006805152 0.0111313 0.001467045 -0.0006787601 0.01119587 -0.001240771 -0.0006603595 0.009841209 -0.0001179966 -0.0006603552 0.01135485 -0.0001179978 -0.0006464683 -0.004719942 -0.002191644 -0.0006464506 -0.002999942 -0.002191649 -0.0006464332 0.01084536 -0.002195776 -0.0006189811 -0.002999942 0.002199551 -0.0006039593 -0.004719942 0.002203737 -0.0006030871 0.01060539 0.002636562 -0.0006015312 -0.003495443 -0.001072301 -0.0006013585 -0.007499942 -0.001072398 -0.0005989199 -0.007499942 0.002482366 -0.0005956098 0.009720057 -0.0001457161 -0.000577669 -0.002999942 0.001625397 -0.0005741172 0.01054252 -0.002740509 -0.0005654923 -0.006999942 0.001389292 -0.0005654923 -0.002999942 0.001389292 -0.0005654923 5.789971e-08 0.001389292 -0.0005654923 0.003350058 0.001389292 -0.0005654923 0.006000058 0.001389292 -0.0005654923 0.009000058 0.001389292 -0.0005597797 -0.004719942 -0.002600424 -0.0005506617 0.003350058 0.002949045 -0.0005461287 -0.004300667 -0.002960703 -0.0005461221 -0.003419216 -0.002960701 -0.0005352389 -0.004450135 0.002699774 -0.0005348467 0.01136766 -0.0001918782 -0.0005245678 0.01132033 -0.0007180196 -0.0005123268 0.009720057 -0.0002166531 -0.0004926925 0.01108545 -0.001674625 -0.0004906133 0.009841211 0.0004574913 -0.0004906127 0.01135485 0.0004574911 -0.000488104 -0.004719942 0.002614843 -0.000488023 -0.002999942 -0.001654527 -0.0004877536 -0.007393542 0.002614899 -0.0004843455 0.006000058 0.002960639 -0.0004633088 -0.003495443 0.001138865 -0.0004632945 -0.007499942 0.001138842 -0.0004621797 0.01135822 0.000450592 -0.0004600158 0.009720057 -0.0003127345 -0.000458746 0.01136888 -0.0003167226 -0.0004574915 0.009841213 -0.0004906142 -0.0004574914 0.01135485 -0.0004906139 -0.0004505923 0.01135822 -0.0004621813 -0.0004456328 0.009720057 -0.0004211837 -0.0004440285 0.01096693 0.001986595 -0.0004240971 -0.006999942 -0.001438799 -0.0004240971 -0.002999942 -0.001438799 -0.0004240971 5.789971e-08 -0.001438799 -0.0004240971 0.003350058 -0.001438799 -0.0004240971 0.006000058 -0.001438799 -0.0004240971 0.009000058 -0.001438799 -0.0004211837 0.009720057 0.0004456328 -0.0003940808 0.01054264 0.002771953 -0.0003923292 0.0112039 -0.001330095 -0.0003875961 0.003350058 -0.002974856 -0.0003875961 0.006000058 -0.002974856 -0.0003762719 0.01133074 0.0007394741 -0.0003618221 0.009000058 -0.002776495 -0.0003533614 0.009000058 0.002777613 -0.000347841 -0.003495443 -0.001179269 -0.0003476183 -0.007499942 -0.001179335 -0.0003441659 -0.007393542 -0.002637641 -0.0003360855 -0.003279225 0.002748259 -0.0003167193 0.01136888 0.0004587471 -0.0003127345 0.009720057 0.0004600158 -0.0003031819 -0.002999942 0.003486844 -0.0003031819 5.789971e-08 0.003486844 -0.0003031819 0.006000058 0.003486844 -0.0003031819 0.009000058 0.003486844 -0.0002861677 -0.007499942 -0.002537485 -0.0002560486 -0.002999942 -0.002270559 -0.0002421772 -0.006999942 0.001480331 -0.0002421772 -0.002999942 0.001480331 -0.0002421772 5.789971e-08 0.001480331 -0.0002421772 0.003350058 0.001480331 -0.0002421772 0.006000058 0.001480331 -0.0002421772 0.009000058 0.001480331 -0.0002327588 -0.004719942 -0.002273114 -0.0002271044 -0.002999942 0.001709983 -0.0002166531 0.009720057 0.0005123268 -0.0002012742 0.01073809 0.002478105 -0.0001993014 -0.002999942 0.002276297 -0.0001982824 -0.007499942 0.001213422 -0.0001982712 -0.003495443 0.001213407 -0.0001970348 -0.002999942 -0.003494449 -0.0001970348 0.006000058 -0.003494449 -0.0001970288 5.789971e-08 -0.003494397 -0.0001970288 0.009000058 -0.003494397 -0.0001918745 0.01136766 0.0005348505 -0.0001887286 -0.004719942 0.002277193 -0.0001886323 -0.00334449 -0.002874441 -0.0001797644 0.01122732 0.001290444 -0.0001659569 -0.004719942 -0.002654822 -0.0001587577 -0.007499942 0.00254866 -0.0001558716 -0.002999942 -0.001717928 -0.0001457161 0.009720057 0.0005956097 -0.0001179959 0.009841213 0.0006603618 -0.0001179958 0.01135485 0.0006603621 -0.0001085167 0.01054252 -0.002797896 -0.0001032727 0.01119587 -0.001410518 -9.330441e-05 -0.006999942 -0.001497088 -9.330441e-05 5.789971e-08 -0.001497088 -9.330441e-05 0.009000058 -0.001497088 -9.330127e-05 -0.002999942 -0.001497095 -9.330127e-05 0.003350058 -0.001497095 -9.330127e-05 0.006000058 -0.001497095 -8.255269e-05 0.003350058 0.00299888 -7.670704e-05 -0.003495444 -0.001227103 -7.650903e-05 -0.007499942 -0.001227117 -7.309505e-05 -0.004719942 0.002659006 -7.268812e-05 -0.007393542 0.002659007 -5.985963e-05 0.01080882 -0.002357798 -3.770693e-05 0.01125665 -0.001188234 -3.767563e-05 0.006000058 0.002999765 -8.456588e-06 -0.004404096 -0.002830965 5.251124e-06 0.01054257 0.002799922 8.46519e-06 -0.004404094 0.002830967 1.928047e-05 0.01105576 0.001823199 3.770689e-05 0.01125665 0.001188233 7.268921e-05 -0.007393542 -0.002659007 7.667832e-05 -0.007499942 0.001227138 7.670858e-05 -0.003495443 0.001227104 7.6942e-05 0.009000058 -0.002798954 8.097194e-05 -0.003325922 0.002848463 8.254586e-05 0.003350058 -0.002998864 8.254586e-05 0.006000058 -0.002998864 9.330441e-05 -0.006999942 0.001497088 9.330441e-05 -0.002999942 0.001497088 9.330441e-05 5.789971e-08 0.001497088 9.330441e-05 0.003350058 0.001497088 9.330441e-05 0.006000058 0.001497088 9.330441e-05 0.009000058 0.001497088 0.0001032726 0.01119587 0.001410518 0.0001034433 0.01104832 -0.001839288 0.0001086382 0.009000058 0.002797892 0.0001179957 0.01135485 -0.0006603625 0.0001179958 0.009841214 -0.0006603621 0.0001333855 -0.002999942 0.001719836 0.0001421291 -0.002999942 -0.00228052 0.0001457161 0.009720057 -0.0005956098 0.0001588309 -0.007499942 -0.002548675 0.0001723951 -0.003293463 -0.002787326 0.0001822886 -0.002999942 -0.001715356 0.0001888766 -0.004719942 -0.00227718 0.0001918745 0.01136766 -0.0005348505 0.0001982723 -0.003495444 -0.001213406 0.0001984358 -0.007499942 -0.001213381 0.0002166531 0.009720057 -0.0005123268 0.0002180532 0.01081849 0.00233022 0.0002210319 5.789971e-08 0.003493025 0.0002210319 0.009000058 0.003493025 0.0002210341 -0.002999942 0.003493014 0.0002210341 0.006000058 0.003493014 0.0002273344 -0.002999942 0.002273659 0.0002315741 -0.004719942 -0.002649909 0.0002329292 -0.004719942 0.002273097 0.0002421731 -0.002999942 -0.001480322 0.0002421731 0.003350058 -0.001480322 0.0002421731 0.006000058 -0.001480322 0.0002421772 -0.006999942 -0.001480331 0.0002421772 5.789971e-08 -0.001480331 0.0002421772 0.009000058 -0.001480331 0.0002652861 0.0112222 -0.001294816 0.000286229 -0.007499942 0.002537508 0.0003127345 0.009720057 -0.0004600158 0.0003167198 0.01136888 -0.0004587469 0.0003271264 -0.002999942 -0.003484679 0.0003271264 5.789971e-08 -0.003484679 0.0003271264 0.006000058 -0.003484679 0.0003271264 0.009000058 -0.003484679 0.0003437309 -0.004719942 0.00263767 0.0003441671 -0.007393542 0.002637641 0.0003478408 -0.007499942 0.00117927 0.0003478418 -0.003495443 0.001179269 0.00036013 0.01054252 -0.002776744 0.0003876137 0.003350058 0.002974813 0.0003923292 0.0112039 0.001330095 0.0004027215 0.01054254 0.002770857 0.0004098371 0.006000058 0.002971872 0.0004211837 0.009720057 -0.0004456328 0.0004233843 0.01132802 -0.0007320673 0.0004240971 -0.006999942 0.001438799 0.0004240971 -0.002999942 0.001438799 0.0004240971 5.789971e-08 0.001438799 0.0004240971 0.003350058 0.001438799 0.0004240971 0.006000058 0.001438799 0.0004240971 0.009000058 0.001438799 0.0004456328 0.009720057 0.0004211835 0.0004505923 0.01135822 0.0004621813 0.0004574916 0.009841213 0.0004906144 0.0004574916 0.01135485 0.0004906144 0.0004587466 0.01136888 0.0003167206 0.0004600158 0.009720057 0.0003127344 0.0004621807 0.01135822 -0.0004505922 0.0004633094 -0.003495444 -0.001138864 0.0004634326 -0.007499942 -0.001138815 0.0004877545 -0.007393542 -0.002614899 0.0004880462 -0.002999942 0.00165452 0.0004906138 0.01135485 -0.0004574914 0.0004906142 0.009841213 -0.0004574915 0.0004922219 -0.00340626 0.002947953 0.0004947863 0.01108545 0.001674007 0.0005123269 0.009720057 0.000216653 0.0005134193 -0.002999942 -0.001646808 0.0005137934 0.009000058 -0.002752467 0.0005235825 0.01070006 -0.002497159 0.0005245678 0.01132033 0.00071802 0.0005348498 0.01136766 0.0001918752 0.0005352398 -0.004450135 -0.002699774 0.0005352398 -0.003269749 -0.002699774 0.000535982 -0.002999942 -0.002221249 0.0005461448 -0.004300663 0.002960707 0.0005506553 0.003350058 -0.00294903 0.0005506553 0.006000058 -0.00294903 0.0005654923 -0.006999942 -0.001389292 0.0005654923 5.789971e-08 -0.001389292 0.0005654923 0.009000058 -0.001389292 0.0005655038 -0.002999942 -0.001389318 0.0005655038 0.003350058 -0.001389318 0.0005655038 0.006000058 -0.001389318 0.0005676743 0.009000058 0.002741851 0.0005956098 0.009720057 0.0001457161 0.0005989748 -0.007499942 -0.002482358 0.0006015314 -0.003495444 0.001072299 0.0006015745 -0.007499942 0.001072313 0.0006040804 -0.004719942 -0.002203704 0.0006239388 -0.004719942 -0.002585788 0.0006460413 -0.002999942 0.00219177 0.0006466545 -0.004719942 0.002191589 0.0006484197 0.01084536 0.00219519 0.0006603613 0.01135485 0.000117996 0.0006603638 0.009841217 0.0001179953 0.0006787601 0.01119587 0.001240771 0.0006963965 0.01093779 -0.001980921 0.0007051142 -0.003495444 -0.001007214 0.0007051964 -0.007499942 -0.001007159 0.0007180195 0.01132033 -0.0005245677 0.0007195052 0.01133047 0.0004163402 0.0007225186 -0.007499942 0.002449253 0.0007336202 -0.006999942 0.00130835 0.0007336202 5.789971e-08 0.00130835 0.0007336202 0.009000058 0.00130835 0.0007336269 -0.002999942 0.001308354 0.0007336269 0.003350058 0.001308354 0.0007336269 0.006000058 0.001308354 0.0007402911 -0.002999942 0.003420814 0.0007402911 0.006000058 0.003420814 0.0007402944 5.789971e-08 0.003420796 0.0007402944 0.009000058 0.003420796 0.0007520655 -0.004719942 0.00255147 0.0007525479 -0.007393542 0.002551327 0.0007921557 0.01054252 0.002685608 0.000801434 -0.002999942 0.001527507 0.0008186674 0.01054252 -0.002677645 0.0008248185 -0.002999942 -0.001514972 0.0008250588 -0.003495444 0.0009115614 0.0008250761 -0.007499942 0.0009115696 0.0008439378 5.789971e-08 -0.003396782 0.0008439378 0.009000058 -0.003396782 0.0008439483 -0.002999942 -0.003396727 0.0008439483 0.006000058 -0.003396727 0.0008481942 0.003350058 0.002877597 0.0008481942 0.006000058 0.002877597 0.000853348 0.01122707 0.0009857894 0.0008593808 0.01111146 -0.001436721 0.0008604641 -0.006999942 -0.001228618 0.0008604641 5.789971e-08 -0.001228618 0.0008604641 0.009000058 -0.001228618 0.0008604779 -0.002999942 -0.001228649 0.0008604779 0.003350058 -0.001228649 0.0008604779 0.006000058 -0.001228649 0.0008908097 -0.007393542 -0.002506403 0.0008983723 -0.003514029 0.003045693 0.0008983788 -0.004205858 0.003045686 0.0009115617 -0.003495444 -0.0008250585 0.0009116073 -0.007499942 -0.0008250105 0.0009135435 -0.002999942 -0.0020945 0.0009379812 0.009000058 -0.002638191 0.0009542977 -0.004440659 -0.002598657 0.0009542977 -0.003279225 -0.002598657 0.0009751458 0.01105553 0.001541324 0.0009987141 -0.004719942 -0.002055187 0.001002368 -0.004719942 -0.002463917 0.001005206 0.003350058 -0.002826581 0.001005206 0.006000058 -0.002826581 0.00100637 -0.002999942 0.001112304 0.00100637 0.003350058 0.001112304 0.00100637 0.006000058 0.001112304 0.001006378 -0.006999942 0.00111231 0.001006378 5.789971e-08 0.00111231 0.001006378 0.009000058 0.00111231 0.00100719 -0.007499942 0.0007051037 0.001007214 -0.003495444 0.0007051139 0.001010235 0.01121863 -0.0008722425 0.001011226 0.009000058 0.002611019 0.001016951 -0.002999942 0.002046225 0.001020905 -0.007499942 -0.002340586 0.001038337 -0.004719942 0.002035456 0.0010723 -0.003495444 -0.0006015311 0.001072317 -0.007499942 -0.000601503 0.001083179 0.01081828 0.002075103 0.001084064 -0.002999942 0.00134182 0.001104544 -0.002999942 -0.001324968 0.001112304 -0.002999942 -0.00100637 0.001112304 0.003350058 -0.00100637 0.001112304 0.006000058 -0.00100637 0.001112312 -0.006999942 -0.00100639 0.001112312 5.789971e-08 -0.00100639 0.001112312 0.009000058 -0.00100639 0.001136818 -0.007499942 0.002286562 0.001138844 -0.007499942 0.0004633003 0.001138864 -0.003495444 0.000463309 0.00114199 -0.004719942 0.002402386 0.001142398 -0.007393542 0.002402192 0.001148347 -0.003418978 0.002783194 0.001179268 -0.003495444 -0.0003478403 0.00117927 -0.007499942 -0.0003478408 0.001186064 -0.004313629 0.002743226 0.001188233 0.01125665 -3.770682e-05 0.001213406 -0.003495444 0.0001982718 0.001213416 -0.007499942 0.0001982756 0.001227099 -0.007499942 -7.671008e-05 0.001227103 -0.003495444 -7.670747e-05 0.001228625 -0.006999942 0.0008604624 0.001228625 5.789971e-08 0.0008604624 0.001228625 0.009000058 0.0008604624 0.001228649 -0.002999942 0.0008604779 0.001228649 0.003350058 0.0008604779 0.001228649 0.006000058 0.0008604779 0.001229414 0.01054252 0.002515659 0.001240771 0.01119587 -0.0006787601 0.001242939 -0.002999942 0.003271865 0.001242939 5.789971e-08 0.003271865 0.001242939 0.006000058 0.003271865 0.001242939 0.009000058 0.003271865 0.001254224 0.01054252 -0.002503382 0.001263348 -0.002999942 -0.001904045 0.001267236 0.01122837 0.0002855092 0.00127193 -0.007393542 -0.002336192 0.00127701 0.01075556 -0.002097336 0.001287907 0.003350058 0.002709483 0.001287907 0.006000058 0.002709483 0.001308354 -0.002999942 -0.0007336269 0.001308354 0.003350058 -0.0007336269 0.001308354 0.006000058 -0.0007336269 0.001308369 -0.006999942 -0.0007336789 0.001308369 5.789971e-08 -0.0007336789 0.001308369 0.009000058 -0.0007336789 0.001324983 -0.002999942 0.001104535 0.001339084 0.009000058 -0.002458985 0.001341819 5.789971e-08 -0.003232618 0.001341819 0.009000058 -0.003232618 0.001341835 -0.002999942 -0.003232565 0.001341835 -0.002999942 -0.001084081 0.001341835 0.006000058 -0.003232565 0.001356939 -0.002999942 0.001838462 0.001358396 -0.004719942 -0.002287001 0.00135934 -0.004719942 -0.001836687 0.001369756 0.01113081 0.0008624402 0.001371064 -0.004393963 -0.002498093 0.001371064 -0.003325921 -0.002498093 0.00138929 -0.006999942 0.0005654853 0.00138929 5.789971e-08 0.0005654853 0.00138929 0.009000058 0.0005654853 0.001389318 -0.002999942 0.0005655038 0.001389318 0.003350058 0.0005655038 0.001389318 0.006000058 0.0005655038 0.001394663 -0.004719942 0.001810011 0.001401686 -0.003343992 0.00251693 0.001410518 0.01119587 -0.0001032725 0.001411835 -0.007499942 -0.00212774 0.001427194 0.009000058 0.002408966 0.001435005 0.003350058 -0.002634532 0.001435005 0.006000058 -0.002634532 0.001438799 -0.006999942 -0.0004240971 0.001438799 -0.002999942 -0.0004240971 0.001438799 5.789971e-08 -0.0004240971 0.001438799 0.003350058 -0.0004240971 0.001438799 0.006000058 -0.0004240971 0.001438799 0.009000058 -0.0004240971 0.001441112 0.01092888 -0.001553361 0.001452941 0.01096646 0.001427198 0.001477889 -0.004393965 0.002436414 0.001480322 -0.002999942 0.0002421731 0.001480322 0.003350058 0.0002421731 0.001480322 0.006000058 0.0002421731 0.00148034 -0.006999942 0.0002421855 0.00148034 5.789971e-08 0.0002421855 0.00148034 0.009000058 0.0002421855 0.001497095 -0.002999942 -9.330127e-05 0.001497095 0.003350058 -9.330127e-05 0.001497095 0.006000058 -9.330127e-05 0.001497136 -0.006999942 -9.326567e-05 0.001497136 5.789971e-08 -9.326567e-05 0.001497136 0.009000058 -9.326567e-05 0.001503787 -0.004719942 0.002194134 0.001504119 -0.007393542 0.002193907 0.001514982 -0.002999942 0.0008248016 0.001515617 0.01073767 0.00197181 0.001516649 -0.007499942 0.002054446 0.001527537 -0.002999942 -0.0008014947 0.001574799 -0.002999942 -0.001655667 0.001584873 0.01103828 -0.00098746 0.001621732 -0.007393542 -0.002108456 0.001632161 0.01054252 0.002275094 0.001646808 -0.002999942 0.0005134024 0.001654523 -0.002999942 -0.0004880346 0.001654573 0.01054252 -0.002258847 0.001655667 -0.002999942 0.001574799 0.001657797 -0.003293204 0.00224772 0.001673677 -0.004719942 -0.001555645 0.001684077 -0.004719942 -0.002058995 0.001695907 0.003350058 0.002474651 0.001695907 0.006000058 0.002474651 0.001703497 -0.004719942 0.001522932 0.001706263 0.01108221 -0.0004076207 0.00170724 0.009000058 -0.002219278 0.001715377 -0.002999942 0.0001822949 0.001717986 -0.002999942 -0.000155837 0.001759896 -0.007499942 -0.001850307 0.001773363 -0.00444066 0.002125766 0.001782686 -0.004313625 -0.002398771 0.001782686 -0.003406259 -0.002398771 0.001803568 0.01106004 0.0001779722 0.001804231 0.009000058 0.002141203 0.001809617 -0.002999942 -0.002995878 0.001809617 5.789971e-08 -0.002995878 0.001809617 0.006000058 -0.002995878 0.001809617 0.009000058 -0.002995878 0.001828547 -0.004719942 0.001931841 0.001828803 -0.007393542 0.0019316 0.001829469 0.003350058 -0.002377613 0.001829469 0.006000058 -0.002377613 0.001838449 -0.002999942 -0.001357035 0.001850336 -0.007499942 0.001759866 0.001875416 0.01097211 0.000761053 0.001903945 -0.002999942 0.001263368 0.001920793 0.01081963 0.001333391 0.001931022 -0.004719942 -0.001221629 0.0019316 -0.007393542 -0.001828803 0.001939057 0.01060477 0.001886909 0.001954324 -0.004719942 0.001183995 0.001972146 -0.004719942 -0.001784998 0.001989092 0.01054252 0.001970664 0.001992597 -0.00326841 0.001895272 0.002001497 0.0106773 -0.001642934 0.002008477 0.01054252 -0.001950903 0.002033378 0.009000058 -0.00192495 0.002046167 -0.002999942 -0.001017197 0.002054487 -0.007499942 -0.001516671 0.002062148 0.003350058 0.002178886 0.002062148 0.006000058 0.002178886 0.002070461 -0.004450135 0.00181341 0.00209445 -0.002999942 0.0009135564 0.002108273 -0.004719942 0.001621971 0.002108456 -0.007393542 0.001621731 0.002122612 -0.004719942 -0.0008460149 0.002127774 -0.007499942 0.001411796 0.002132054 0.009000058 0.001815033 0.002138424 0.01078976 -0.00107594 0.002138602 -0.004719942 0.0008047395 0.002178886 0.003350058 -0.002062148 0.002178886 0.006000058 -0.002062148 0.002188466 -0.004205854 -0.002300858 0.002188466 -0.00351403 -0.002300858 0.002191649 -0.002999942 -0.0006464506 0.002193907 -0.007393542 -0.001504118 0.002216163 -0.004719942 -0.001471132 0.002221249 -0.002999942 0.000535982 0.002236798 -0.002999942 -0.002691976 0.002236798 0.006000058 -0.002691976 0.00223684 5.789971e-08 -0.002691973 0.00223684 0.009000058 -0.002691973 0.002241924 -0.004719942 -0.0004415921 0.002245167 0.01084026 -0.00049376 0.002250057 -0.004719942 0.0003980814 0.002250858 -0.0032833 0.001623748 0.002270552 -0.002999942 -0.0002560568 0.002280527 -0.002999942 0.0001421207 0.002284893 -0.004719942 -2.213218e-05 0.002286618 -0.007499942 -0.001136889 0.002290186 0.01054252 0.001610915 0.002290978 -0.004300666 -0.001953317 0.002306 0.01054252 -0.001588195 0.002306561 -0.003406259 -0.001900485 0.002309442 0.009000058 -0.001583206 0.00232022 0.01082809 9.538989e-05 0.002336072 -0.004719942 0.00127215 0.002336192 -0.007393542 0.00127193 0.002340601 -0.007499942 0.001020855 0.002362522 0.01075342 0.0006831933 0.002371477 0.01061729 0.001261353 0.002377613 0.003350058 0.001829469 0.002377613 0.006000058 0.001829469 0.002401721 0.009000058 0.001439353 0.002402192 -0.007393542 -0.001142398 0.002410669 -0.004719942 -0.001124397 0.002426357 -0.003325921 -0.00149435 0.002447459 -0.004404095 -0.001422808 0.002449265 -0.007499942 -0.0007224784 0.002455922 -0.004404094 0.001408152 0.002474651 0.003350058 -0.001695907 0.002474651 0.006000058 -0.001695907 0.002482368 -0.007499942 0.0005989341 0.002506337 -0.004719942 0.0008909985 0.002506404 -0.007393542 0.000890809 0.002507309 -0.003325918 0.001354126 0.002526993 0.01054252 0.001205946 0.002528627 0.009000058 -0.001202449 0.00253757 -0.007499942 -0.0002861391 0.002538792 0.01054252 -0.001180905 0.002547649 -0.003279225 -0.001083138 0.002548721 -0.007499942 0.0001588275 0.002551328 -0.007393542 -0.0007525472 0.002551328 -0.004719942 -0.0007525472 0.002605693 -0.004450135 -0.0008863556 0.002605874 0.009000058 0.001024412 0.002613795 -0.002999942 -0.002327676 0.002613795 0.006000058 -0.002327676 0.002613835 5.789971e-08 -0.002327681 0.002613835 0.009000058 -0.002327681 0.002614871 -0.004719942 0.0004879021 0.002614899 -0.007393542 0.0004877538 0.002634532 0.003350058 0.001435005 0.002634532 0.006000058 0.001435005 0.002637641 -0.007393542 -0.0003441666 0.002637648 -0.004719942 -0.0003441167 0.002659003 -0.004719942 7.278904e-05 0.002659007 -0.007393542 7.268853e-05 0.002669609 -0.003269749 -0.0006696644 0.002685608 0.009000058 -0.0007921557 0.002685608 0.01054252 -0.0007921557 0.002692864 0.01054252 0.0007671252 0.002709483 0.003350058 -0.001287907 0.002709483 0.006000058 -0.001287907 0.002727652 -0.004440659 -0.0004728825 0.002728985 0.01054252 -0.0006266094 0.002738946 0.009000058 0.0005815279 0.002775209 -0.003293463 -0.0003116518 0.002779364 0.009000058 -0.0003393152 0.002783144 0.01054252 0.0003067702 0.002795298 0.01054252 -0.0001621961 0.002797307 0.009000058 0.000122781 0.00279915 -0.003406259 0.001047298 0.002826581 0.003350058 0.001005206 0.002826581 0.006000058 0.001005206 0.002837113 -0.004300665 0.001007385 0.002848944 -0.004393963 -6.16702e-05 0.002877597 0.003350058 -0.0008481942 0.002877597 0.006000058 -0.0008481942 0.002880281 -0.003344491 4.456769e-05 0.002932148 -0.002999942 -0.001911153 0.002932148 5.789971e-08 -0.001911153 0.002932148 0.006000058 -0.001911153 0.002932148 0.009000058 -0.001911153 0.00294903 0.003350058 0.0005506553 0.00294903 0.006000058 0.0005506553 0.00296874 -0.004313625 0.0003444654 0.002974856 0.003350058 -0.0003875961 0.002974856 0.006000058 -0.0003875961 0.002984323 -0.003419219 0.0003972968 0.002998864 0.003350058 8.254586e-05 0.002998864 0.006000058 8.254586e-05 0.003086835 -0.004205854 0.0007448382 0.003086835 -0.00351403 0.0007448382 0.003184684 5.789971e-08 -0.001451744 0.003184684 0.009000058 -0.001451744 0.003184716 -0.002999942 -0.001451751 0.003184716 0.006000058 -0.001451751 0.003320197 -0.002999942 0.00110738 0.003320197 5.789971e-08 0.00110738 0.003320197 0.006000058 0.00110738 0.003320197 0.009000058 0.00110738 0.003365804 5.789971e-08 -0.0009597713 0.003365804 0.009000058 -0.0009597713 0.003365832 -0.002999942 -0.0009597782 0.003365832 0.006000058 -0.0009597782 0.003448338 5.789971e-08 0.0005990378 0.003448338 0.009000058 0.0005990378 0.003448356 -0.002999942 0.0005990337 0.003448356 0.006000058 0.0005990337 0.003471432 -0.002999942 -0.0004462716 0.003471432 5.789971e-08 -0.0004462716 0.003471432 0.006000058 -0.0004462716 0.003471432 0.009000058 -0.0004462716 0.003499147 -0.002999942 7.724763e-05 0.003499147 0.006000058 7.724763e-05 0.003499158 5.789971e-08 7.7245e-05 0.003499158 0.009000058 7.7245e-05 0.0174242 5.78997e-08 0.02000292 0.0174242 0.009000058 0.02000292 0.01742421 -0.002999942 0.02000292 0.01742421 0.006000058 0.02000292 0.01745193 -0.002999942 0.02052644 0.01745193 5.78997e-08 0.02052644 0.01745193 0.006000058 0.02052644 0.01745193 0.009000058 0.02052644 0.017475 -0.002999942 0.01948113 0.017475 0.006000058 0.01948113 0.01747502 5.78997e-08 0.01948113 0.01747502 0.009000058 0.01948113 0.01755753 -0.002999942 0.02103994 0.01755753 0.006000058 0.02103994 0.01755756 5.78997e-08 0.02103994 0.01755756 0.009000058 0.02103994 0.01760316 -0.002999942 0.01897278 0.01760316 5.78997e-08 0.01897278 0.01760316 0.006000058 0.01897278 0.01760316 0.009000058 0.01897278 0.01773864 -0.002999942 0.02153192 0.01773864 0.006000058 0.02153192 0.01773868 5.78997e-08 0.02153191 0.01773868 0.009000058 0.02153191 0.01775725 -0.004205854 0.02032319 0.01775725 -0.00351403 0.02032319 0.01791373 -0.003418978 0.01999644 0.01791387 -0.004300666 0.01999644 0.01799121 -0.002999942 0.02199132 0.01799121 5.78997e-08 0.02199132 0.01799121 0.006000058 0.02199132 0.01799121 0.009000058 0.02199132 0.01799299 -0.003406259 0.02066806 0.01799302 -0.004313625 0.02066766 0.01812344 0.01054257 0.02008541 0.01812441 0.009000058 0.02000355 0.01814689 0.009000058 0.02044239 0.01815141 0.01054264 0.01968608 0.0181525 0.01054254 0.02048289 0.01815269 -0.003315319 0.01949762 0.01815295 -0.004404095 0.01949768 0.01817086 0.009000058 0.01956658 0.01822619 0.01054252 0.01932831 0.01823218 -0.004393963 0.02101708 0.01823218 -0.003325921 0.02101708 0.01823775 0.009000058 0.02087232 0.01823775 0.01054252 0.02087232 0.0182643 -0.004719942 0.02000692 0.0182719 -0.007393542 0.01986713 0.01827456 -0.007393542 0.02032407 0.01828511 0.009000058 0.01914227 0.0182856 -0.004719942 0.02042378 0.01830853 -0.004719942 0.0195919 0.01830952 5.78997e-08 0.02240785 0.01830952 0.009000058 0.02240785 0.01830956 -0.002999942 0.02240784 0.01830956 0.006000058 0.02240784 0.01834749 -0.007393542 0.01941647 0.01835258 0.01067841 0.01978555 0.01835539 -0.007393542 0.02077381 0.01837189 -0.004719942 0.02083223 0.01837472 0.01054265 0.01892113 0.01837725 -0.007499942 0.02027562 0.01837798 0.01054265 0.02124636 0.01838192 -0.007499942 0.01983056 0.01839471 -0.004450135 0.01899333 0.01839471 -0.003269749 0.01899333 0.01840476 0.009000058 0.02130355 0.01841716 -0.004719942 0.01918891 0.01844993 -0.007499942 0.02071475 0.01846388 -0.007499942 0.01939307 0.01846434 0.009000058 0.01874106 0.01847409 -0.003279225 0.02137128 0.01847433 -0.004440659 0.02137088 0.01849909 -0.007393542 0.0189854 0.018512 -0.007393542 0.02120308 0.01852094 -0.004719942 0.02122219 0.01854526 0.01079086 0.0203361 0.0185658 0.01054254 0.01856963 0.01857014 0.01054256 0.02159743 0.01858059 -0.003279225 0.01860459 0.01858105 -0.004440659 0.0186046 0.01858747 -0.004719942 0.01880783 0.01859769 -0.007499942 0.02113462 0.01862063 -0.007499942 0.01897639 0.01863862 -0.004719942 0.02011454 0.01864048 0.009000058 0.02170141 0.01864505 -0.002999942 0.02025489 0.01864926 -0.002999942 0.01985666 0.0186712 -0.004719942 0.01969415 0.01868383 -0.004719942 0.02053377 0.01868652 5.78997e-08 0.02277214 0.01868652 0.009000058 0.02277214 0.01868656 -0.002999942 0.02277214 0.01868656 0.006000058 0.02277214 0.01870412 0.009000058 0.01837283 0.01871005 -0.002999942 0.02064783 0.01871462 0.01075641 0.01901074 0.01871781 -0.004450135 0.02172662 0.01871781 -0.003269749 0.02172662 0.01872223 -0.007393542 0.01858664 0.01872262 -0.002999942 0.01946519 0.01872914 -0.004719942 0.02158395 0.01873977 -0.007393542 0.02159922 0.01876637 -0.004393963 0.01821799 0.01876637 -0.003325921 0.01821799 0.01877151 0.01084133 0.02088304 0.01878048 -0.004719942 0.0192869 0.01880447 0.01054261 0.01825 0.01880531 -0.004719942 0.02093754 0.01880964 0.0105426 0.02191633 0.01881524 -0.004719942 0.01845806 0.01881608 -0.007499942 0.02152247 0.01884225 -0.002999942 0.02102354 0.01884728 -0.007499942 0.01859322 0.01886291 -0.002999942 0.01909236 0.01887201 0.01092973 0.0195567 0.01893846 0.009000058 0.02205505 0.01894904 -0.003406259 0.01783634 0.0189494 -0.004313625 0.01783616 0.01896272 -0.004719942 0.01890666 0.0189914 -0.004719942 0.02190863 0.01899857 0.009000058 0.01804665 0.01899891 -0.004719942 0.02131212 0.01901032 -0.007393542 0.01823195 0.01902813 0.01082911 0.02141865 0.01903197 -0.007393542 0.02195053 0.01903353 -0.003315319 0.02218836 0.01903371 -0.004404096 0.02218816 0.01903763 -0.002999942 0.02137061 0.01905836 0.01103912 0.02011004 0.01906573 -0.002999942 0.01874951 0.01908719 0.0105426 0.01796644 0.01909319 0.01054261 0.02219906 0.01909491 -0.004719942 0.01814821 0.01909853 -0.007499942 0.02186649 0.01911374 -0.002999942 0.02307604 0.01911374 5.78997e-08 0.02307604 0.01911374 0.006000058 0.02307604 0.01911374 0.009000058 0.02307604 0.01912984 -0.004205854 0.01745974 0.01912984 -0.00351403 0.01745974 0.01913053 0.01070063 0.01826609 0.019137 -0.007499942 0.01825531 0.01920086 -0.002999942 0.01998658 0.01921172 -0.004719942 0.01856639 0.01921576 -0.002999942 0.02032439 0.01925221 -0.002999942 0.01965236 0.01925804 -0.004719942 0.02164475 0.01926558 0.01093836 0.01879347 0.01927103 0.01108302 0.02066296 0.01929034 -0.002999942 0.02167846 0.01929059 0.009000058 0.02235482 0.01929624 -0.002999942 0.02065282 0.01930125 -0.004719942 0.02218827 0.0193115 0.01075438 0.02193536 0.01932499 -0.002999942 0.01844716 0.01934043 0.009000058 0.01777055 0.01934603 -0.003418975 0.0226447 0.01934611 -0.004300667 0.02264459 0.01935487 -0.007393542 0.01793181 0.01936783 -0.002999942 0.01933454 0.01938 -0.007393542 0.02224664 0.0194061 0.01054256 0.01772695 0.01941282 0.01054254 0.02243773 0.01941964 -0.004719942 0.01788597 0.01942392 5.78997e-08 0.02003889 0.01942392 0.009000058 0.02003889 0.01942403 0.01111203 0.019339 0.01942622 -0.006999942 0.02017343 0.01942622 -0.002999942 0.02017343 0.01942622 0.006000058 0.02017343 0.01942622 0.009000058 0.02017343 0.01943649 -0.007499942 0.0221562 0.0194392 -0.002999942 0.02095928 0.01944302 -0.006999942 0.01983798 0.01944302 -0.002999942 0.01983798 0.01944302 0.006000058 0.01983798 0.01944302 0.009000058 0.01983798 0.01944812 5.78997e-08 0.02035154 0.01944812 0.009000058 0.02035154 0.01946527 5.78997e-08 0.01972804 0.01946527 0.009000058 0.01972804 0.01948101 -0.007499942 0.01797291 0.01948456 -0.006999942 0.02050426 0.01948456 -0.002999942 0.02050426 0.01948456 0.006000058 0.02050426 0.01948456 0.009000058 0.02050426 0.01949105 -0.003418978 0.01743189 0.01949112 -0.004300665 0.01743201 0.01950702 0.01106083 0.02120765 0.01951284 0.01119587 0.02018344 0.01951901 -0.004719942 0.01827766 0.01953407 -0.006999942 0.01951468 0.01953407 -0.002999942 0.01951468 0.01953407 0.006000058 0.01951468 0.01953407 0.009000058 0.01951468 0.01953678 5.78997e-08 0.02065233 0.01953678 0.009000058 0.02065233 0.01954318 -0.002999942 0.01904534 0.01955074 -0.003514031 0.0229436 0.01955076 -0.004205856 0.02294361 0.01957034 5.78997e-08 0.01943258 0.01957034 0.009000058 0.01943258 0.01957388 -0.004719942 0.02192411 0.01958152 -0.002999942 0.02331273 0.01958152 0.006000058 0.02331273 0.01958154 5.78997e-08 0.02331278 0.01958154 0.009000058 0.02331278 0.01959272 -0.002999942 0.02193772 0.01960365 0.01121919 0.019895 0.01961499 -0.006999942 0.02081384 0.01961499 -0.002999942 0.02081384 0.01961499 0.006000058 0.02081384 0.01961499 0.009000058 0.02081384 0.01961762 0.01061819 0.02242589 0.01963283 -0.002999942 0.01819449 0.01963919 -0.002999942 0.02123194 0.01965102 -0.004719942 0.02241605 0.01968042 -0.002999942 0.0168083 0.01968042 5.78997e-08 0.0168083 0.01968042 0.006000058 0.0168083 0.01968042 0.009000058 0.0168083 0.01968259 0.01119587 0.02075892 0.01968603 5.78997e-08 0.02092812 0.01968603 0.009000058 0.02092812 0.01968726 0.009000058 0.02259254 0.01969473 -0.006999942 0.0192197 0.01969473 -0.002999942 0.0192197 0.01969473 0.006000058 0.0192197 0.01969473 0.009000058 0.0192197 0.01969621 -0.007499942 0.02015661 0.01969628 0.01080911 0.01806657 0.01969781 -0.003495444 0.0199817 0.01970969 -0.003495444 0.0202768 0.01970997 -0.007499942 0.01988165 0.01972127 0.009000058 0.01755134 0.01973455 5.78997e-08 0.01916543 0.01973455 0.009000058 0.01916543 0.01973513 0.01125665 0.02011787 0.01974402 -0.007499942 0.02042778 0.01974571 -0.007393542 0.01769506 0.01975665 -0.003495444 0.01969227 0.01975716 0.01054265 0.01753479 0.01976301 0.01097284 0.02173643 0.01976433 0.01054265 0.02262881 0.01977157 -0.002999942 0.01879598 0.01977356 -0.007393542 0.02247882 0.01978145 -0.004719942 0.01767778 0.01978461 -0.007499942 0.01961666 0.0197916 -0.003495444 0.02056056 0.01981105 -0.006999942 0.02108655 0.01981105 -0.002999942 0.02108655 0.01981105 0.006000058 0.02108655 0.01981105 0.009000058 0.02108655 0.01981955 -0.007499942 0.02238287 0.01984056 0.01104861 0.01859069 0.01985093 -0.007499942 0.02068154 0.01986886 -0.007499942 0.01775453 0.01987412 -0.004719942 0.0180503 0.01988282 -0.003495444 0.01942523 0.0198886 -0.002999942 0.02146032 0.01988937 5.78997e-08 0.02116684 0.01988937 0.009000058 0.02116684 0.01991199 -0.003418981 0.02291601 0.0199163 -0.007499942 0.01937487 0.01991698 -0.006999942 0.01896786 0.01991698 -0.002999942 0.01896786 0.01991698 0.006000058 0.01896786 0.01991698 0.009000058 0.01896786 0.01993546 -0.002999942 0.02214057 0.01993567 -0.004719942 0.02214067 0.01993881 -0.003495444 0.0208166 0.01995072 5.78997e-08 0.01893825 0.01995072 0.009000058 0.01893825 0.01996696 -0.004313623 0.02291166 0.01997989 -0.002999942 0.0179991 0.02000011 0.01122249 0.01913584 0.02001163 -0.007499942 0.02090507 0.02001596 0.0112289 0.02100695 0.02003209 -0.004719942 0.02258637 0.02003537 0.01082031 0.02224184 0.02004252 -0.00331532 0.01738942 0.0200426 -0.004404094 0.01738968 0.02004424 -0.002999942 0.01859601 0.02006289 -0.006999942 0.02130878 0.02006289 -0.002999942 0.02130878 0.02006289 0.006000058 0.02130878 0.02006289 0.009000058 0.02130878 0.02006903 -0.003495444 0.01919598 0.02007941 -0.002999942 0.02347689 0.02007941 0.006000058 0.02347689 0.02007942 5.78997e-08 0.02347695 0.02007942 0.009000058 0.02347695 0.02009846 -0.007499942 0.01916844 0.02011764 0.009000058 0.02276173 0.0201312 0.01054252 0.01739456 0.02013171 0.009000058 0.01739441 0.0201366 -0.007393542 0.02262115 0.0201379 5.78997e-08 0.02135808 0.0201379 0.009000058 0.02135808 0.02014284 -0.003495444 0.02103014 0.0201713 -0.007393542 0.01752869 0.0201713 -0.004719942 0.01752869 0.02017151 0.01054252 0.02277733 0.0201727 0.01132831 0.01969431 0.02017772 -0.002999942 0.02163568 0.02018307 -0.002999942 0.01665935 0.02018307 5.78997e-08 0.01665937 0.02018307 0.006000058 0.01665935 0.02018307 0.009000058 0.01665937 0.02018974 -0.006999942 0.01877181 0.02018974 -0.002999942 0.01877181 0.02018974 0.006000058 0.01877181 0.02018974 0.009000058 0.01877181 0.02020534 0.01132033 0.02060473 0.02020939 5.78997e-08 0.01876098 0.02020939 0.009000058 0.01876098 0.02021807 -0.007499942 0.02108722 0.02023618 -0.007499942 0.02253957 0.02024285 0.0111313 0.02154721 0.0202446 0.01119587 0.01883939 0.020263 0.009841209 0.01996217 0.020263 0.01135485 0.01996217 0.02026497 -0.004719942 0.01789207 0.02027693 0.01084536 0.01788439 0.02028873 -0.007499942 0.01760674 0.02030453 -0.003495444 0.01901776 0.02030827 -0.002999942 0.02228082 0.02032027 0.01060539 0.02271673 0.02032204 -0.007499942 0.01900775 0.02032775 0.009720057 0.01993445 0.02033112 -0.004719942 0.02228708 0.02034924 0.01054252 0.01733965 0.02035068 -0.002999942 0.01845305 0.02035559 -0.002999942 0.01786688 0.02035787 -0.006999942 0.02146946 0.02035787 -0.002999942 0.02146946 0.02035787 0.006000058 0.02146946 0.02035787 0.009000058 0.02146946 0.02038851 0.01136766 0.01988829 0.02038916 -0.004393962 0.02287926 0.0203919 -0.003495443 0.02118887 0.02039879 0.01132033 0.01936214 0.02041103 0.009720057 0.01986351 0.02042076 5.78997e-08 0.02149345 0.02042076 0.009000058 0.02149345 0.02043067 0.01108545 0.01840554 0.02043275 0.009841211 0.02053766 0.02043275 0.01135485 0.02053765 0.02043511 -0.004719942 0.02269498 0.02045984 -0.007499942 0.02121892 0.02046118 0.01135822 0.02053076 0.02046334 0.009720057 0.01976743 0.02046348 -0.00331532 0.02287382 0.02046461 0.01136888 0.01976344 0.02046587 0.009841213 0.01958955 0.02046587 0.01135485 0.01958955 0.02047277 0.01135822 0.01961798 0.02047773 0.009720057 0.01965898 0.02047933 0.01096693 0.02206676 0.02049926 -0.006999942 0.01864137 0.02049926 -0.002999942 0.01864137 0.02049926 5.78997e-08 0.01864137 0.02049926 0.006000058 0.01864137 0.02049926 0.009000058 0.01864137 0.02050218 0.009720057 0.0205258 0.02051655 -0.007393542 0.02270887 0.02051743 -0.002999942 0.02175672 0.02052928 0.01054264 0.02285212 0.02053103 0.0112039 0.01875007 0.02054709 0.01133074 0.02081964 0.0205524 -0.007393542 0.01744616 0.02056154 0.009000058 0.01730367 0.02057 0.009000058 0.02285778 0.02057574 -0.007499942 0.01890083 0.02057574 -0.003495444 0.01890083 0.02057968 -0.004719942 0.0174425 0.02059623 -0.002999942 0.02356484 0.02059623 5.78997e-08 0.02356484 0.02059623 0.006000058 0.02356484 0.02059623 0.009000058 0.02356484 0.02060025 -0.004450135 0.01734688 0.02060026 -0.003269749 0.01734688 0.02060664 0.01136888 0.02053891 0.02061063 0.009720057 0.02054018 0.0206737 -0.007499942 0.02262153 0.02067615 -0.003495443 0.02128455 0.02067822 -0.004719942 0.01780835 0.02067912 -0.002999942 0.01837256 0.02068118 -0.006999942 0.0215605 0.02068118 -0.002999942 0.0215605 0.02068118 0.006000058 0.0215605 0.02068118 0.009000058 0.0215605 0.02069976 -0.002999942 0.0223542 0.02070233 -0.002999942 0.01658715 0.02070233 5.78997e-08 0.01658714 0.02070233 0.006000058 0.01658715 0.02070233 0.009000058 0.01658714 0.02070671 0.009720057 0.02059249 0.02072209 0.01073809 0.02255827 0.02072486 -0.007499942 0.02129354 0.02072558 5.78997e-08 0.02156707 0.02072558 0.009000058 0.02156707 0.02072787 -0.007499942 0.01753406 0.02073149 0.01136766 0.02061502 0.0207436 0.01122732 0.02137061 0.02074673 -0.004719942 0.02235833 0.02074853 -0.002999942 0.01780186 0.02077764 0.009720057 0.02067577 0.02080536 0.009841213 0.02074053 0.02080536 0.01135485 0.02074053 0.02081484 0.01054252 0.01728227 0.02081663 -0.004440659 0.02284645 0.02082009 0.01119587 0.01866965 0.02083006 -0.006999942 0.01858308 0.02083006 -0.002999942 0.01858307 0.02083006 5.78997e-08 0.01858308 0.02083006 0.006000058 0.01858307 0.02083006 0.009000058 0.01858308 0.02085016 -0.004719942 0.02273917 0.0208635 0.01080882 0.01772237 0.02086808 -0.007499942 0.01885191 0.02087162 -0.003495444 0.01885176 0.02087487 -0.002999942 0.02180448 0.02088565 0.01125665 0.01889193 0.02090524 -0.007393542 0.0227401 0.02092861 0.01054257 0.02288009 0.02094148 -0.007393542 0.01742023 0.02094264 0.01105576 0.02190336 0.02096107 0.01125665 0.0212684 0.0209751 -0.003495443 0.02130857 0.02099656 -0.004719942 0.01742116 0.02099984 -0.007499942 0.02130728 0.0210003 0.009000058 0.01728121 0.02101666 -0.006999942 0.02157725 0.02101666 -0.002999942 0.02157725 0.02101666 0.006000058 0.02157725 0.02101666 0.009000058 0.02157725 0.02101694 -0.002999942 0.01835769 0.02102119 -0.003269749 0.02283074 0.02102663 0.01119587 0.02149068 0.0210268 0.01104832 0.01824088 0.02102985 -0.003279225 0.01731348 0.02103007 -0.00444066 0.01731388 0.021032 0.009000058 0.02287806 0.02103905 5.78997e-08 0.0215757 0.02103905 0.009000058 0.0215757 0.02104136 0.009841214 0.0194198 0.02104136 0.01135485 0.0194198 0.02106908 0.009720057 0.01948455 0.02109805 -0.002999942 0.02235847 0.02109983 -0.004719942 0.01780199 0.02111523 0.01136766 0.01954531 0.0211188 -0.007499942 0.02262627 0.02112039 -0.002999942 0.02357461 0.02112039 5.78997e-08 0.02357456 0.02112039 0.006000058 0.02357461 0.02112039 0.009000058 0.02357456 0.02114001 0.009720057 0.01956784 0.02114141 0.01081849 0.02241039 0.02114679 -0.002999942 0.0178061 0.02116362 -0.007499942 0.01887437 0.02116553 -0.002999942 0.01859984 0.02116553 0.006000058 0.01859984 0.02116554 -0.006999942 0.01859983 0.02116554 5.78997e-08 0.01859983 0.02116554 0.009000058 0.01859983 0.02116836 -0.004719942 0.02235199 0.02117057 -0.003495444 0.01887578 0.02117295 -0.007499942 0.01753877 0.02118865 0.0112222 0.01878535 0.02122654 -0.002999942 0.01659332 0.02122654 5.78997e-08 0.01659332 0.02122654 0.006000058 0.01659332 0.02122654 0.009000058 0.01659332 0.02123444 -0.002999942 0.02177688 0.02123609 0.009720057 0.01962015 0.02124008 0.01136888 0.01962142 0.02124645 -0.004450135 0.02281345 0.02126704 -0.004719942 0.02271783 0.02127098 -0.007499942 0.0212595 0.02127098 -0.003495443 0.0212595 0.02128349 0.01054252 0.01730342 0.02129432 -0.007393542 0.02271417 0.02131569 0.0112039 0.02141026 0.02132608 0.01054254 0.02285102 0.02133017 -0.007393542 0.01745146 0.02134454 0.009720057 0.01963453 0.02134674 0.01132802 0.0193481 0.02134746 -0.006999942 0.02151896 0.02134746 -0.002999942 0.02151896 0.02134746 5.78997e-08 0.02151896 0.02134746 0.006000058 0.02151896 0.02134746 0.009000058 0.02151896 0.02135119 -0.002999942 0.01840908 0.02136899 0.009720057 0.02050135 0.02137395 0.01135822 0.02054235 0.02138085 0.009841213 0.02057078 0.02138085 0.01135485 0.02057078 0.02138211 0.01136888 0.02039688 0.02138338 0.009720057 0.0203929 0.02138554 0.01135822 0.01962957 0.02141161 -0.004719942 0.01746535 0.02141397 0.009841213 0.01962267 0.02141397 0.01135485 0.01962267 0.02141815 0.01108545 0.02175417 0.02143569 0.009720057 0.02029682 0.02143715 0.009000058 0.0173277 0.02144521 -0.007499942 0.01896691 0.02144694 0.01070006 0.01758301 0.02144793 0.01132033 0.02079819 0.02145085 -0.003279225 0.02279819 0.02145481 -0.003495443 0.01897146 0.02145754 -0.004393966 0.01728107 0.02145755 -0.00332592 0.01728107 0.02145821 0.01136766 0.02027204 0.02148885 -0.006999942 0.01869087 0.02148885 5.78997e-08 0.01869087 0.02148885 0.009000058 0.01869087 0.02148886 -0.002999942 0.01869085 0.02148886 0.006000058 0.01869085 0.02149103 -0.002999942 0.02229353 0.02149103 0.009000058 0.02282202 0.02151543 -0.004719942 0.0178732 0.02151897 0.009720057 0.02022588 0.02153828 -0.002999942 0.01787949 0.02154219 -0.003495443 0.02114257 0.02154311 -0.007499942 0.02114204 0.02155796 -0.007499942 0.02255366 0.02157178 0.01084536 0.02227535 0.02158041 -0.002999942 0.02167513 0.02158165 -0.004719942 0.02226829 0.02158372 0.009841217 0.02019816 0.02158372 0.01135485 0.02019816 0.02160212 0.01119587 0.02132094 0.02161047 -0.007499942 0.01762078 0.02161976 0.01093779 0.01809924 0.02164013 -0.002999942 0.02350598 0.02164013 5.78997e-08 0.02350593 0.02164013 0.006000058 0.02350598 0.02164013 0.009000058 0.02350593 0.02164138 0.01132033 0.0195556 0.02164286 0.01133047 0.02049651 0.02165698 -0.006999942 0.02138851 0.02165698 5.78997e-08 0.02138851 0.02165698 0.009000058 0.02138851 0.02165699 -0.002999942 0.02138852 0.02165699 0.006000058 0.02138852 0.02166898 -0.002999942 0.01852463 0.02167542 -0.007393542 0.02263163 0.02167542 -0.004719942 0.02263163 0.02169646 -0.007499942 0.01912414 0.02170388 -0.003495443 0.01913019 0.02171012 -0.007393542 0.01753918 0.02171552 0.01054252 0.02276577 0.02174203 0.01054252 0.01740252 0.02174395 5.78997e-08 0.01667775 0.02174395 0.009000058 0.01667775 0.02174396 -0.002999942 0.01667772 0.02174396 0.006000058 0.01667772 0.02177671 0.01122707 0.02106595 0.0217777 -0.003495443 0.02096435 0.02177922 -0.007499942 0.02096287 0.02178274 0.01111146 0.01864344 0.02178382 -0.006999942 0.01885155 0.02178382 5.78997e-08 0.01885155 0.02178382 0.009000058 0.01885155 0.02178384 -0.002999942 0.01885152 0.02178384 0.006000058 0.01885152 0.02180411 -0.004404096 0.02277065 0.02181463 -0.004719942 0.01757396 0.02186134 0.009000058 0.01744197 0.02186676 -0.002999942 0.02216133 0.02187848 -0.003325921 0.02276494 0.0218794 -0.003406257 0.01724844 0.02187973 -0.004313629 0.01724867 0.02189767 -0.002999942 0.02150366 0.02189851 0.01105553 0.02162149 0.02190279 -0.007499942 0.01933694 0.02190791 -0.003495443 0.01934373 0.02191086 -0.004719942 0.01801957 0.02191107 -0.002999942 0.01801967 0.02192973 -0.002999942 0.02119247 0.02192973 0.006000058 0.02119247 0.02192974 -0.006999942 0.02119247 0.02192974 5.78997e-08 0.02119247 0.02192974 0.009000058 0.02119247 0.02193359 0.01121863 0.01920792 0.02193459 0.009000058 0.02269118 0.0219639 -0.003495443 0.0207351 0.0219656 -0.007499942 0.0207324 0.02197252 -0.004719942 0.02211006 0.0219761 -0.002999942 0.01871365 0.02197784 -0.007499942 0.02240588 0.02200654 0.01081828 0.02215527 0.0220271 -0.007499942 0.01777742 0.02203566 -0.002999942 0.0190738 0.02203566 0.006000058 0.0190738 0.02203567 -0.006999942 0.01907377 0.02203567 5.78997e-08 0.01907377 0.02203567 0.009000058 0.01907377 0.0220522 -0.007499942 0.01959293 0.02205512 -0.003495443 0.01959977 0.02206527 -0.004719942 0.02248255 0.02207316 -0.007393542 0.01768151 0.02209007 -0.003495443 0.02046806 0.0220914 -0.007499942 0.02046402 0.02210101 -0.007393542 0.02246527 0.02211159 0.01125665 0.02004246 0.022136 -0.007499942 0.01987723 0.02213703 -0.003495443 0.01988353 0.0221438 -0.002999942 0.02336049 0.0221438 5.78997e-08 0.02336049 0.0221438 0.006000058 0.02336049 0.0221438 0.009000058 0.02336049 0.02214891 -0.003495443 0.02017863 0.02214932 -0.007499942 0.02017333 0.02215199 -0.006999942 0.02094063 0.02215199 5.78997e-08 0.02094063 0.02215199 0.009000058 0.02094063 0.02215201 -0.002999942 0.02094064 0.02215201 0.006000058 0.02094064 0.02215277 0.01054252 0.02259582 0.02216413 0.01119587 0.01940141 0.02217235 -0.002999942 0.02126999 0.02217758 0.01054252 0.01757678 0.0221906 0.01122837 0.02036567 0.0221957 -0.004719942 0.01774428 0.02220037 0.01075556 0.01798283 0.02221383 -0.002999942 0.02196588 0.02223171 -0.002999942 0.01934654 0.02223171 0.006000058 0.01934654 0.02223173 -0.006999942 0.01934649 0.02223173 5.78997e-08 0.01934649 0.02223173 0.009000058 0.01934649 0.02223721 -0.002999942 0.01896239 0.02224295 5.78997e-08 0.01683849 0.02224295 0.009000058 0.01683849 0.02224296 -0.002999942 0.01683846 0.02224296 0.006000058 0.01683846 0.02225388 -0.002999942 0.01822249 0.02226244 0.009000058 0.01762118 0.02227269 -0.004719942 0.01823611 0.02229312 0.01113081 0.0209426 0.02229593 -0.004205859 0.01721672 0.02229594 -0.003514028 0.01721672 0.02230037 -0.003406259 0.02273281 0.02231265 -0.006999942 0.02064565 0.02231265 5.78997e-08 0.02064565 0.02231265 0.009000058 0.02064565 0.02231268 -0.002999942 0.02064567 0.02231268 0.006000058 0.02064567 0.02232766 -0.004719942 0.02188271 0.02233388 0.01119587 0.01997689 0.02235055 0.009000058 0.02248913 0.0223556 -0.004300666 0.02272832 0.02236216 -0.006999942 0.01965607 0.02236216 -0.002999942 0.01965607 0.02236216 5.78997e-08 0.01965607 0.02236216 0.006000058 0.01965607 0.02236216 0.009000058 0.01965607 0.02236447 0.01092888 0.0185268 0.02236568 -0.007499942 0.02218743 0.0223763 0.01096646 0.02150736 0.02239242 -0.002999942 0.0209843 0.02240368 -0.002999942 0.02032234 0.02240368 0.006000058 0.02032234 0.0224037 -0.006999942 0.02032235 0.0224037 5.78997e-08 0.02032235 0.0224037 0.009000058 0.02032235 0.0224102 -0.007499942 0.01800407 0.02242046 -0.002999942 0.01998686 0.02242046 0.006000058 0.01998686 0.0224205 -0.006999942 0.0199869 0.0224205 5.78997e-08 0.0199869 0.0224205 0.009000058 0.0199869 0.02242708 -0.004719942 0.02227436 0.02243898 0.01073767 0.02205198 0.0224409 -0.002999942 0.01925998 0.02246672 -0.007393542 0.01791369 0.02249185 -0.007393542 0.02222852 0.0225006 -0.004300663 0.01751572 0.02250823 0.01103828 0.0190927 0.02252169 -0.002999942 0.02171313 0.0225321 -0.00340626 0.01756131 0.02254547 -0.004719942 0.01797206 0.0225483 -0.002999942 0.02065911 0.02255552 0.01054252 0.02235526 0.02255626 -0.002999942 0.01848177 0.02257793 0.01054252 0.01782132 0.02257827 -0.002999942 0.01959342 0.02258857 -0.004719942 0.01851546 0.02262007 -0.002999942 0.0231414 0.02262007 5.78997e-08 0.02314146 0.02262007 0.006000058 0.0231414 0.02262007 0.009000058 0.02314146 0.02262962 0.01108221 0.01967254 0.0226306 0.009000058 0.01786089 0.02263317 -0.002999942 0.02030862 0.02263497 -0.004719942 0.02159397 0.0226433 -0.002999942 0.01994813 0.02270971 -0.007499942 0.02190496 0.02271235 -0.002999942 0.01707193 0.02271235 5.78997e-08 0.01707193 0.02271235 0.006000058 0.01707193 0.02271235 0.009000058 0.01707193 0.02271688 -0.004205854 0.02270059 0.02271688 -0.00351403 0.02270059 0.02272693 0.01106004 0.02025814 0.02272759 0.009000058 0.02222137 0.02274813 -0.007499942 0.0182938 0.02275181 -0.004719942 0.02201212 0.02277088 -0.003325922 0.01791061 0.02278097 -0.002999942 0.02141077 0.02279878 0.01097211 0.02084122 0.02280901 -0.002999942 0.01878961 0.02281301 -0.004404094 0.01797216 0.02281474 -0.007393542 0.0182098 0.0228364 -0.007393542 0.02192838 0.02284415 0.01081963 0.02141356 0.02284774 -0.004719942 0.01884809 0.02285532 -0.004719942 0.0182517 0.02286242 0.01060477 0.02196707 0.0228736 -0.003418978 0.02237395 0.022884 -0.004719942 0.02125368 0.02289732 -0.004313625 0.02232417 0.02291245 0.01054252 0.02205083 0.02292486 0.0106773 0.01843723 0.02293184 0.01054252 0.01812926 0.02295674 0.009000058 0.01815521 0.0229838 -0.002999942 0.02106797 0.02299943 -0.007499942 0.02156704 0.02300447 -0.002999942 0.01913667 0.02301349 -0.003279226 0.01826433 0.0230306 -0.007499942 0.01863781 0.02303148 -0.004719942 0.02170227 0.02304137 -0.004719942 0.01922269 0.02305541 0.009000058 0.0218952 0.02305827 5.78997e-08 0.02285369 0.02305827 0.009000058 0.02285369 0.02305828 -0.002999942 0.02285363 0.02305828 0.006000058 0.02285363 0.02306178 0.01078976 0.01900422 0.02306625 -0.004719942 0.02087342 0.02308035 -0.004393963 0.02194234 0.02310695 -0.007393542 0.01856111 0.0231128 -0.003315319 0.02187525 0.02311758 -0.004719942 0.01857637 0.02312404 -0.002999942 0.02069516 0.02312449 -0.007393542 0.02157369 0.02312891 -0.004450135 0.01843371 0.0231367 -0.002999942 0.01951239 0.02314161 -0.002999942 0.01737289 0.02314161 0.006000058 0.01737289 0.02314162 5.78997e-08 0.01737285 0.02314162 0.009000058 0.01737285 0.02316287 -0.004719942 0.01962648 0.02316853 0.01084026 0.0195864 0.02317552 -0.004719942 0.02046614 0.02319741 -0.002999942 0.02030367 0.02320166 -0.002999942 0.01990537 0.0232081 -0.004719942 0.02004573 0.02321355 0.01054252 0.02169108 0.02322608 -0.007499942 0.02118394 0.02322936 0.01054252 0.01849197 0.0232328 0.009000058 0.01849696 0.02324358 0.01082809 0.02017555 0.02324906 -0.007499942 0.01902564 0.02325651 -0.003269749 0.01862014 0.02325925 -0.004719942 0.0213525 0.02326567 -0.004440659 0.02155573 0.02328588 0.01075342 0.02076336 0.02329484 0.01061729 0.02134152 0.02332508 0.009000058 0.02151952 0.02332578 -0.004719942 0.01893814 0.02333472 -0.007393542 0.01895724 0.02334763 -0.007393542 0.02117492 0.02335435 -0.003269749 0.02137073 0.02337239 -0.004440659 0.01878945 0.02338277 -0.007499942 0.0207673 0.02339684 -0.007499942 0.01944552 0.02342956 -0.004719942 0.02097142 0.02344859 -0.002999942 0.02250363 0.02344859 5.78997e-08 0.02250363 0.02344859 0.006000058 0.02250363 0.02344859 0.009000058 0.02250363 0.02345035 0.01054252 0.02128611 0.02345199 0.009000058 0.01887772 0.02345201 -0.004450135 0.021167 0.02346215 0.01054252 0.01889926 0.02346474 -0.007499942 0.02032979 0.02346947 -0.007499942 0.01988468 0.02347483 -0.004719942 0.0193281 0.02349133 -0.007393542 0.01938652 0.02349923 -0.007393542 0.02074386 0.0235211 -0.002999942 0.01773459 0.0235211 5.78997e-08 0.01773455 0.0235211 0.006000058 0.01773459 0.0235211 0.009000058 0.01773455 0.02352923 0.009000058 0.02110458 0.02353819 -0.004719942 0.02056843 0.02354098 -0.003279225 0.02098236 0.02356112 -0.004719942 0.01973655 0.02357215 -0.007393542 0.01983626 0.02357267 -0.003315319 0.0190816 0.02357482 -0.007393542 0.0202932 0.02358242 -0.004719942 0.02015341 0.02360897 0.009000058 0.01928801 0.02360897 0.01054252 0.01928801 0.02361454 -0.004393963 0.01914325 0.02361622 0.01054252 0.02084729 0.02365235 0.01054252 0.01945356 0.02366231 0.009000058 0.02066169 0.02369377 -0.004404095 0.02066265 0.02370272 0.009000058 0.01974085 0.0237065 0.01054252 0.02038693 0.02371866 0.01054252 0.01991797 0.02372067 0.009000058 0.02020295 0.02372601 -0.003325921 0.02059539 0.02378225 -0.002999942 0.02209926 0.02378225 0.006000058 0.02209926 0.0237823 5.78997e-08 0.02209925 0.0237823 0.009000058 0.02209925 0.02384231 -0.002999942 0.01814891 0.02384231 5.78997e-08 0.01814891 0.02384231 0.006000058 0.01814891 0.02384231 0.009000058 0.01814891 0.0238537 -0.004313626 0.01949267 0.02388495 -0.003418977 0.0195381 0.02390912 -0.003406259 0.02021395 0.02393285 -0.004300666 0.02016389 0.02405176 -0.002999942 0.02164959 0.02405176 0.006000058 0.02164959 0.02405182 5.78997e-08 0.02164959 0.02405182 0.009000058 0.02164959 0.02408947 -0.004205855 0.01983714 0.02408947 -0.00351403 0.01983714 0.02409803 -0.002999942 0.01860657 0.02409803 0.006000058 0.01860657 0.02409808 5.78997e-08 0.01860659 0.02409808 0.009000058 0.01860659 0.02425109 -0.002999942 0.02116471 0.02425109 5.78997e-08 0.02116471 0.02425109 0.006000058 0.02116471 0.02425109 0.009000058 0.02116471 0.02428252 -0.002999942 0.01909729 0.02428252 0.006000058 0.01909729 0.02428258 5.78997e-08 0.0190973 0.02428258 0.009000058 0.0190973 0.0243757 5.78997e-08 0.02065549 0.0243757 0.009000058 0.02065549 0.02437575 -0.002999942 0.0206555 0.02437575 0.006000058 0.0206555 0.02439165 -0.002999942 0.01961006 0.02439165 5.78997e-08 0.01961006 0.02439165 0.006000058 0.01961006 0.02439165 0.009000058 0.01961006 0.0244229 5.78997e-08 0.02013337 0.0244229 0.009000058 0.02013337 0.02442295 -0.002999942 0.02013338 0.02442295 0.006000058 0.02013338</float_array>
          <technique_common>
            <accessor count="1826" source="#cubeverts-array0-array" stride="3">
              <param type="float" name="X"/>
              <param type="float" name="Y"/>
              <param type="float" name="Z"/>
            </accessor>
          </technique_common>
        </source>
        <source id="cubenormals-array0">
          <float_array count="11382" id="cubenormals-array0-array">-0.5181031 -0.00211374 -0.8553156 -0.6282773 0.001881163 -0.7779872 -0.6568393 -0.002835454 -0.7540253 -0.7423322 0.002500331 -0.6700274 -0.7762113 -0.003317542 -0.6304642 -0.8379796 0.002908099 -0.5456937 -0.8726541 -0.003585805 -0.4883257 -0.9129688 0.003080535 -0.4080177 -0.9433561 -0.003655137 -0.3317618 -0.965532 0.00300794 -0.2602668 -0.986217 -0.003516926 -0.16542 -0.994365 0.00271409 -0.105976 -0.9999781 -0.003147289 0.005822854 -0.9986944 0.002220543 0.05103255 -0.9842272 -0.002533006 0.1768907 -0.9784039 0.001521178 0.2066964 -0.9394327 -0.001691727 0.3427291 -0.7779193 0.0004955031 0.6283641 -0.7688217 -0.001644958 0.639461 -0.6699887 0.001467451 0.7423698 -0.648008 -0.002459031 0.7616296 -0.5457096 0.00222074 0.8379714 -0.2602062 0.002388536 0.9655501 -0.224957 -0.001790547 0.974367 -0.1058691 0.001940924 0.9943782 -0.3649961 -0.002157058 0.9310065 -0.4080495 0.002732201 0.9129557 -0.5081155 -0.0030673 0.8612835 -0.3571987 -0 -0.9340284 -0.3640859 -0.0011528 -0.9313647 -0.498737 0.00106479 -0.8667527 -0.8669149 -0.0006003615 0.4984557 -0.8667125 -0.0006669624 0.4988077 -0.9340926 0.0005718483 0.3570305 0.2116762 -0 0.9773399 0.2065286 0.0007677229 0.9784403 0.06649789 -0.0006875038 0.9977863 0.05112145 0.001400831 0.9986914 -0.0800912 -0.001302928 0.9967866 0.08009347 -0.001263355 -0.9967865 0.2710242 0.001135891 -0.9625719 0.6616144 0.001741178 -0.7498422 0.7230219 -0.002114236 -0.6908219 0.8119489 0.001868838 -0.5837256 0.8669221 -0.002214084 -0.4984387 0.9215521 0.001924207 -0.3882498 0.9607713 -0.002219524 -0.2773328 0.984809 0.001896398 -0.1736305 0.9991882 -0.002155903 -0.04022792 0.9987487 0.001784386 0.04997969 0.9799516 -0.002001521 0.1992257 0.9625443 0.00160142 0.27112 0.9041598 -0.001753084 0.4271908 0.8781936 0.00132711 0.4783036 0.7762042 -0.001439309 0.6304799 0.7498106 0.0009598608 0.6616518 0.6034546 -0.001049248 0.7973967 0.3190171 -0.001699468 -0.9477475 0.4783618 0.001526207 -0.8781615 0.5374456 -0.001923569 -0.8432962 0.04990685 0.0006303839 -0.9987537 -0.16361 -0.0006926889 -0.9865248 -0.1735411 0 -0.9848266 0.583615 0.0005223292 0.8120304 0.3883626 -0.0006051454 0.9215064 0.3959106 0 0.9182891 0.5181031 -0.00211374 0.8553156 0.6282773 0.001881163 0.7779872 0.6568393 -0.002835454 0.7540253 0.7423299 0.002500183 0.6700299 0.7762092 -0.003317735 0.6304668 0.8379804 0.002908181 0.5456926 0.8726619 -0.003587066 0.4883118 0.9129696 0.003078637 0.408016 0.9433534 -0.003655877 0.3317696 0.965531 0.003007548 0.2602711 0.986217 -0.003517629 0.16542 0.9943655 0.002713853 0.1059715 0.9999779 -0.00314838 -0.005843724 0.9986945 0.002216981 -0.05103256 0.9842308 -0.002535748 -0.1768705 0.9784039 0.001521178 -0.2066964 0.9394357 -0.001691533 -0.342721 0.7779102 0.0004939162 -0.6283752 0.7688074 -0.001647763 -0.6394783 0.6699887 0.00146458 -0.7423698 0.6480203 -0.002459626 -0.7616191 0.5457096 0.00222074 -0.8379714 0.2602062 0.002388536 -0.9655501 0.224957 -0.001790547 -0.974367 0.1058691 0.001940924 -0.9943782 0.3650004 -0.002157247 -0.9310048 0.4080495 0.002731551 -0.9129557 0.5081124 -0.003067731 -0.8612853 0.3571803 0 0.9340355 0.3640692 -0.001153066 0.9313712 0.498737 0.00106479 0.8667527 0.8669105 -0.0006014594 -0.4984633 0.8667173 -0.0006650135 -0.4987993 0.9340935 0.0005729854 -0.357028 -0.2116538 0 -0.9773448 -0.2065076 0.0007675031 -0.9784447 -0.06649302 -0.000687554 -0.9977866 -0.05112145 0.001400118 -0.9986914 0.08008634 -0.001303539 -0.9967871 0 1 -0 0 1 0 0 1 -0 0 1 0 0 1 0 0 1 0 0 1 0 0 1 -0 0 1 0 0 1 0 0 1 -0 0 1 0 0 1 0 0 1 0 0 1 0 0 1 0 0 1 0 0 1 0 0 1 0 0 1 0 0 1 -0 0 1 0 0 1 0 0 1 0 0 1 0 0 1 0 0 1 0 0 1 0 0 1 0 0 1 0 0 1 0 0 1 0 0 1 0 0 1 0 0 1 0 0 1 0 0 1 0 0 1 0 0 1 0 0 1 0 0 1 0 0 1 0 0 1 0 0 1 0 0 1 -0 0 1 0 0 1 0 0 1 0 0 1 0 0 1 -0 0 1 0 0 1 0 0 1 0 0 1 0 0 1 0 0 1 0 0 1 0 0 1 0 0 1 0 0 1 0 0 1 0 0 1 0 0 1 0 0 1 0 0 1 0 0 1 0 0 1 0 0 1 0 0 1 0 0 1 0 0 1 0 0 1 0 -0 1 0 0 1 0 0.3599513 -0.7058058 -0.6101421 0.3597674 -0.7076554 -0.6081047 -0.243135 -0.7231877 0.6464403 -0.2584347 -0.7061661 0.6591972 0.4586827 -0.7095034 -0.5349908 0.460246 -0.703968 -0.5409276 0.5432059 -0.7113255 -0.4460306 0.5474104 -0.7021546 -0.4553248 0.6108862 -0.7130289 -0.3441044 0.6187229 -0.7004412 -0.3557584 0.6597741 -0.7146859 -0.2322118 0.6720822 -0.6987054 -0.2451863 0.6884971 -0.7162445 -0.1138664 0.7057198 -0.6970481 -0.1268208 0.6962409 -0.7177701 0.007396027 0.7186114 -0.6953994 -0.004199457 0.6828733 -0.7192464 0.1279407 0.7102291 -0.6938177 0.119128 0.6489354 -0.7206396 0.2440519 0.6807128 -0.6923273 0.2394011 0.5955069 -0.7219731 0.3523161 0.6309429 -0.6908429 0.3530541 0.5243004 -0.7232189 0.4495149 0.5622599 -0.6894193 0.456689 0.4374288 -0.7244467 0.5327596 0.476672 -0.6880084 0.5472004 0.3377048 -0.7255867 0.599566 0.3766245 -0.6867134 0.6217544 0.110599 -0.7350608 0.6689196 -0.007194389 -0.7372278 0.675606 0.04859754 -0.6825774 0.7291956 -0.1251737 -0.7333761 0.6681997 -0.05845829 -0.6835583 0.7275512 -0.1624757 -0.6916312 0.7037385 0.1534743 -0.6887036 0.7086134 0.2280775 -0.7266642 0.6480275 0.2650977 -0.6854162 0.6781797 0.2602935 -0.8684303 0.4219907 0.3097274 -0.8644536 0.3959659 0.2403863 -0.8657128 -0.4390395 0.2544011 -0.868664 -0.4250916 -0.1720608 -0.8685738 0.4647307 -0.1885292 -0.8656241 0.4638444 0.3060149 -0.8617175 -0.4047195 0.3273637 -0.8693699 -0.3701743 0.3886853 -0.870177 -0.3028462 0.3772931 -0.8598322 -0.3440035 0.4378678 -0.8700836 -0.2263324 0.4286599 -0.8620442 -0.2704268 0.4742901 -0.8687242 -0.1427136 0.4627107 -0.8630041 -0.2027873 0.4834304 -0.8653858 -0.1319182 0.5022094 -0.8625301 0.06186869 0.4956842 -0.867653 0.03841274 0.4849896 -0.8608727 0.1538941 0.4800193 -0.8677533 0.1287855 0.4455616 -0.8694092 0.2135473 0.3394603 -0.8684668 0.3612923 0.3568683 -0.8648747 0.3530391 0.269291 -0.8663331 0.4206535 0.1870865 -0.86684 0.4621549 0.1975807 -0.863843 0.4633973 0.09917288 -0.8662379 0.4896902 0.1091266 -0.8625851 0.4940025 0.007455309 -0.8684054 0.4957987 0.01949634 -0.8645421 0.5021819 -0.08345673 -0.8695052 0.4868218 -0.05577492 -0.863155 0.5018492 -0.1269024 -0.86365 0.4878569 0.501987 -0.8648136 -0.01032153 0.4936877 -0.8680068 -0.05325927 0.4958767 -0.8656822 -0.06856094 0.4460706 -0.8636283 0.234877 0.399973 -0.8672509 0.2964751 0.4032033 -0.8662329 0.2950723 0.1720259 -0.8685751 -0.4647412 0.1885336 -0.86562 -0.4638503 -0.2602928 -0.8684319 -0.4219877 -0.309726 -0.8644537 -0.3959667 -0.2404076 -0.8657113 0.439031 -0.2544383 -0.868663 0.4250715 -0.3060205 -0.8617148 0.4047211 -0.3273959 -0.8693687 0.3701486 -0.3887044 -0.8701804 0.302812 -0.3772928 -0.8598312 0.3440067 -0.4378765 -0.8700834 0.2263162 -0.4286573 -0.8620467 0.2704227 -0.4742993 -0.8687217 0.1426985 -0.4627085 -0.8630052 0.2027881 -0.4834304 -0.8653862 0.1319157 -0.5022122 -0.8625283 -0.06187021 -0.4956863 -0.8676516 -0.03841482 -0.4849852 -0.8608755 -0.1538917 -0.4800193 -0.8677503 -0.1288058 -0.4455575 -0.8694114 -0.2135471 -0.3394656 -0.8684657 -0.3612898 -0.3568733 -0.8648734 -0.3530376 -0.2693196 -0.8663275 -0.4206467 -0.1870977 -0.8668361 -0.4621577 -0.1975809 -0.8638417 -0.4633997 -0.09920841 -0.8662308 -0.4896957 -0.1091328 -0.8625879 -0.4939961 -0.007478171 -0.8684015 -0.4958053 -0.01949577 -0.8645445 -0.5021781 0.08341364 -0.8695046 -0.4868305 0.05576643 -0.8631584 -0.5018443 0.1269011 -0.8636492 -0.4878587 -0.5019867 -0.8648136 0.01032432 -0.4936897 -0.8680069 0.05323973 -0.4958811 -0.8656793 0.0685649 -0.4460662 -0.8636302 -0.2348784 -0.3999696 -0.8672529 -0.2964738 -0.4032197 -0.8662287 -0.2950623 0.2430107 -0.7232998 -0.6463616 0.2584538 -0.7061219 -0.6592371 -0.359953 -0.7058066 0.61014 -0.3597575 -0.7077733 0.6079733 -0.4586436 -0.7095023 0.5350258 -0.460182 -0.7040538 0.5408702 -0.5432305 -0.7113208 0.4460083 -0.5474503 -0.7021155 0.4553372 -0.6107921 -0.7131969 0.3439233 -0.6187607 -0.7004005 0.3557728 -0.6595786 -0.7148967 0.2321182 -0.6719268 -0.6988725 0.2451361 -0.6884247 -0.7163024 0.1139396 -0.7055179 -0.6972563 0.1267995 -0.6964183 -0.7175989 -0.007306247 -0.718582 -0.6954297 0.004184295 -0.683066 -0.7190586 -0.1279675 -0.7104121 -0.6936252 -0.1191587 -0.64894 -0.7206113 -0.2441234 -0.6808776 -0.6921472 -0.2394527 -0.5956507 -0.7218453 -0.3523344 -0.6309458 -0.6908327 -0.3530689 -0.5244125 -0.72307 -0.4496233 -0.5624017 -0.6892294 -0.4568011 -0.4374144 -0.7243928 -0.532845 -0.4767886 -0.6878211 -0.5473342 -0.3375383 -0.7257361 -0.5994788 -0.3766364 -0.6866894 -0.6217739 -0.1106995 -0.7351134 -0.6688452 0.007151769 -0.7371845 -0.6756538 -0.04859492 -0.6825624 -0.72921 0.1252475 -0.7333756 -0.6681865 0.05846125 -0.6834715 -0.7276325 0.162448 -0.6917598 -0.7036185 -0.153408 -0.6889527 -0.7083855 -0.2280227 -0.7268705 -0.6478153 -0.2650236 -0.6856677 -0.6779544 0 -1 -0 0 -1 0 0 -1 0 0 -1 0 0 -1 0 0 -1 0 0 -1 0 0 -1 0 0 -1 0 0 -1 0 0 -1 0 0 -1 0 0 -1 0 0 -1 0 0 -1 0 0 -1 0 0 -1 0 0 -1 0 -0 -1 0 0 -1 0 0 -1 0 0 -1 0 0 -1 0 0 -1 0 0 -1 0 0 -1 0 0 -1 0 -0 -1 0 0 -1 0 0 -1 0 -0 -1 0 -0 -1 0 0 -1 -0 0 -1 0 0 -1 -0 0 -1 0 0 -1 0 0 -1 0 0 -1 -0 0 -1 0 0 -1 -0 0 -1 0 0 -1 -0 0 -1 -0 0 -1 0 0 -1 -0 0 -1 -0 0 -1 0 0 -1 0 0 -1 -0 0 -1 0 0 -1 0 0 -1 -0 0 -1 0 0 -1 0 0 -1 -0 0 -1 0 0 -1 -0 0 -1 0 0 -1 0 0 -1 -0 0 -1 0 0 -1 0 0.07614718 1.605419e-05 0.9970965 0.07650255 -0.0001480336 0.9970694 0.07630973 -0.0001599536 0.9970841 0.07647084 -0.0002405535 0.9970718 0.07703655 -0.0002797509 0.9970282 0.076526 8.973147e-06 0.9970676 0.07655313 4.20578e-06 0.9970655 0.075539 -0.0001904595 0.9971429 0.07655279 -0.0003684384 0.9970654 0.07751021 -6.595908e-05 0.9969915 0.07594852 4.239955e-05 0.9971118 0.07658498 -0.0002759812 0.997063 0.07706045 -0.0002464363 0.9970263 0.07652702 0 0.9970675 0.8248751 -1.137073e-05 -0.5653151 0.8256199 -0.0007006105 -0.5642262 0.8245998 0.001024423 -0.5657156 0.8257938 -0.001874786 -0.5639691 0.8249867 0.0007261958 -0.5651516 0.8252906 -0.0006389992 -0.5647079 0.8251899 -2.160308e-07 -0.5648553 0.8252085 6.404627e-05 -0.5648281 0.8252325 -0.0001245875 -0.5647931 0.8252211 -1.470243e-05 -0.5648099 0.8252205 -8.319721e-06 -0.5648107 0.8252201 0 -0.5648112 0.8253223 -0.0006522315 -0.5646616 0.8252178 1.026166e-05 -0.5648146 0.9020076 -0 0.4317201 0.9014495 -0.0006742565 0.4328837 0.9022211 0.001032961 0.4312725 0.9013106 -0.001850303 0.4331694 0.9019294 0.0007434681 0.4318827 0.9016968 -0.0006232501 0.4323684 0.9016817 -0.0007491663 0.4323999 0.9017523 0 0.432253 0.9017524 7.325214e-05 0.4322531 0.9017499 -2.463475e-06 0.4322582 0.9017559 6.049317e-05 0.4322457 0.9017515 4.678023e-06 0.4322549 0.9017516 6.101174e-06 0.4322547 0.9017513 -6.942973e-07 0.4322553 -0.8252308 -8.70048e-05 0.5647957 -0.8251466 -0.0006183477 0.5649183 -0.8254468 0.0007307803 0.5644794 -0.8246416 -0.001854441 0.5656525 -0.8258465 0.001066991 0.5638941 -0.8248074 -0.0006918601 0.5654133 -0.8255557 0 0.5643207 -0.8252201 -1.724041e-05 0.5648113 -0.8252228 1.998821e-05 0.5648074 -0.8252103 -0.0001136091 0.5648256 -0.8251891 -0.0002858142 0.5648566 -0.8252232 -6.067479e-06 0.5648068 -0.8251222 -0.0004797522 0.564954 -0.8252268 -0.0001054819 0.5648015 -0.9017521 3.396335e-05 -0.4322535 -0.9017521 0 -0.4322535 -0.9018232 -0.0007582341 -0.4321046 -0.9018066 -0.0006202939 -0.4321394 -0.901576 0.0007325662 -0.4326199 -0.9021868 -0.001841485 -0.4313415 -0.9012786 0.001040923 -0.4332387 -0.9020616 -0.0006888817 -0.4316067 -0.901492 0 -0.4327958 -0.9017527 0 -0.4322523 -0.9017528 -4.399713e-06 -0.432252 -0.9017494 5.996412e-05 -0.4322592 -0.9017498 5.463604e-05 -0.4322584 -0.9017321 0.0002439823 -0.4322953 -0.0760307 -0.0002449013 -0.9971055 -0.07657708 -0.0002449304 -0.9970636 -0.07676018 -0.0001418632 -0.9970496 -0.07656443 -0.0001418502 -0.9970646 -0.07687163 0 -0.997041 -0.0765272 6.178926e-07 -0.9970675 -0.07751361 6.262588e-07 -0.9969913 -0.07654112 -0.0003583137 -0.9970664 -0.07559888 -0.0003581598 -0.9971382 -0.07652919 6.833882e-07 -0.9970673 -0.07712141 6.886286e-07 -0.9970217 -0.07646482 -0.0002814124 -0.9970722 -0.07600173 -0.0002812518 -0.9971076 -0.07654093 1.054559e-06 -0.9970665 -0.8636566 0.0002493561 0.5040807 -0.7230266 -0.0002470655 0.6908202 -0.7179393 0.000278513 0.6961055 -0.537429 -0.0002783397 0.8433089 -0.5304801 0.0003083108 0.8476973 -0.3190291 -0.0003122851 0.9477449 -0.3122037 0.0002074803 0.9500151 -0.08008721 -0.0002118534 0.9967878 -0.07578115 0.0001040363 0.9971245 0.1636049 -0.0001079783 0.986526 0.1650438 0 0.9862862 -0.8669227 -0.0002191713 0.4984427 -0.9591992 0.0002165562 0.2827307 -0.9607736 -0.0001891954 0.2773335 -0.9989896 0.0001862385 0.04494237 -0.9991905 -0.0001555691 0.04022776 -0.9807215 0.0001582232 -0.1954107 -0.9799546 -0.0001243522 -0.1992212 -0.9054623 0.0001275672 -0.4244268 -0.9041587 -9.579419e-05 -0.4271967 -0.7775607 9.381076e-05 -0.628808 -0.776224 -6.16394e-05 -0.6304572 -0.6044981 6.495876e-05 -0.7966065 -0.6034364 -3.295023e-05 -0.7974112 -0.3962938 3.059038e-05 -0.9181238 -0.3959129 0 -0.9182881 0.4963625 0.8657315 -0.0642903 0.5006297 0.8656249 -0.007964094 0.3038596 0.8657319 0.3977154 0.257207 0.8656234 0.4295821 -0.1925015 0.8657331 0.4620059 -0.174564 0.8684546 0.4640195 0.2527232 0.8681403 -0.4271573 0.2434146 0.8656257 -0.4375403 -0.1244844 0.8621576 0.4911088 -0.09111085 0.8691461 0.4860904 -0.005311721 0.8686514 0.4953953 -0.03106687 0.8606551 0.5082399 0.08056702 0.8693778 0.4875359 0.05707915 0.8628466 0.5022327 0.1640582 0.8692942 0.4662751 0.1321554 0.8627841 0.4879943 0.2435354 0.8681416 0.4324589 0.1997167 0.8637775 0.4626034 0.3145822 0.8684552 0.3831757 0.3754247 0.8691463 0.321933 0.3630772 0.8621567 0.3533563 0.4263688 0.8686573 0.252278 0.4246114 0.8606558 0.2810282 0.4634858 0.862849 0.2016743 0.4625041 0.8693798 0.1739797 0.488689 0.8627855 0.1295539 0.4858332 0.8692961 0.09105127 0.5004862 0.8637771 0.05833273 0.4962909 0.8681402 0.005295063 0.4891298 0.8684554 -0.08085418 0.4665055 0.8691478 -0.1641789 0.4875568 0.8621554 -0.1377555 0.4316638 0.8686563 -0.24311 0.4556831 0.8606557 -0.2272107 0.3819115 0.869379 -0.3135661 0.4064043 0.8628446 -0.3005572 0.32175 0.8692961 -0.3752349 0.3565405 0.8627838 -0.3584452 0.3007599 0.8637791 -0.4042636 -0.2525047 0.8684602 0.426636 -0.2396212 0.8657277 0.4394281 -0.4959769 0.8656276 0.06852571 -0.5003667 0.8657274 0.01221521 -0.3073381 0.8656266 -0.395264 -0.2607545 0.8657286 -0.4272251 0.1886455 0.8656265 -0.4637927 0.1746847 0.8681477 -0.4645478 0.12678 0.8637915 -0.4876382 0.05612073 0.8627775 -0.5024595 0.09107237 0.8693003 -0.4858218 -0.02023527 0.8628383 -0.5050749 0.005260665 0.8693743 -0.4941262 -0.08087599 0.8686587 -0.4887649 -0.1082689 0.8606745 -0.497511 -0.1641642 0.8691689 -0.4664712 -0.2432057 0.8684664 -0.4319921 -0.1979739 0.8621752 -0.4663266 -0.3149014 0.8681259 -0.3836595 -0.3752556 0.8692774 -0.3217764 -0.3589674 0.863762 -0.3536347 -0.4253154 0.8693689 -0.2516041 -0.4071024 0.8627634 -0.299845 -0.4475172 0.8628417 -0.2350164 -0.4636745 0.8686574 -0.1744718 -0.4850607 0.8606306 -0.1550204 -0.4861255 0.8691277 -0.09109865 -0.5029005 0.8621352 -0.06175608 -0.4957557 0.8684462 -0.005240426 -0.4856848 0.8637996 0.1340169 -0.4896462 0.8681509 0.08099806 -0.463168 0.8628062 0.2025855 -0.4662378 0.869315 0.1640534 -0.4272904 0.862839 0.2700587 -0.4305742 0.8693986 0.2423879 -0.3829173 0.8686596 0.3143322 -0.3219066 0.8691473 0.3754451 -0.3767648 0.8606417 0.3425552 -0.304888 0.8621616 0.4046242 0.3675902 0.7053902 -0.6060546 0.3785345 0.7098788 -0.5939559 0.4806944 0.7023923 -0.5249553 0.5749429 0.701142 -0.4217114 0.507116 0.7127852 -0.4845314 0.6457332 0.7016346 -0.3012267 0.6076258 0.7132611 -0.3493558 0.6898699 0.7039187 -0.16905 0.6752599 0.7113585 -0.1949181 0.7056494 0.7079914 -0.02840987 0.7063871 0.7071397 -0.03115743 0.6882095 0.7118931 0.1399141 0.7024806 0.7034709 0.1079336 0.6697603 0.7014666 0.2436508 0.6096162 0.7012442 0.3696278 0.6336393 0.7133544 0.2993772 0.5446441 0.7124966 0.4423928 0.2999313 0.7047729 0.6429124 -0.05613983 0.7131773 0.6987321 0.03135584 0.7011094 0.712364 0.1146709 0.7132583 0.6914574 0.1695057 0.7020423 0.6916679 0.2786005 0.7105017 0.6461959 0.4276245 0.7055833 0.5650571 0.416923 0.7092144 0.5684981 0.5245984 0.7028033 0.4804831 -0.2264319 0.7044572 0.6726579 -0.2404558 0.7105243 0.6613141 -0.1081892 0.7022225 0.7036893 -0.3716399 0.7051648 0.6038431 -0.3792267 0.7085794 0.5950651 0.2249812 0.7089772 -0.6683822 0.2379836 0.7051555 -0.6679218 -0.4907604 0.7026831 0.5151607 -0.5884563 0.7010599 0.4027831 -0.5081562 0.7113696 0.485521 -0.6600106 0.7003229 0.2719077 -0.6078903 0.7129599 0.3495104 -0.7019874 0.7004648 0.1286958 -0.673304 0.7133642 0.1943536 -0.7124 0.7014881 -0.02001868 -0.7010238 0.7125791 0.02822346 -0.6908473 0.7033814 -0.1672859 -0.6894821 0.7106103 -0.1401692 -0.5624141 0.7042725 -0.4332328 -0.6403653 0.7059674 -0.3025597 -0.6374487 0.7073135 -0.3055598 -0.4614159 0.7020695 -0.5423962 -0.5469222 0.7096115 -0.4442158 -0.3392135 0.7007297 -0.6276241 -0.4237139 0.7120109 -0.5599169 -0.05459403 0.7008039 -0.7112619 0.09426221 0.702445 -0.7054685 0.05624501 0.7119387 -0.6999856 -0.1146522 0.7133923 -0.6913223 -0.2014219 0.700265 -0.6848783 -0.2775131 0.7132156 -0.6436691 0 1 0 0 1 0 0 1 0 0 1 0 0 1 0 0 1 0 -0 1 0 0 1 0 0 1 0 0 1 0 0 1 0 0 1 0 0 1 -0 0 1 0 0 1 0 0 1 -0 0 1 0 0 1 -0 0 1 0 0 1 -0 -0 1 -0 0 1 -0 -0 1 0 0 1 0 -0 1 0 0 1 0 0 1 0 0 1 0 0 1 0 0 1 0 0 1 0 0 1 0 0 1 0 0 1 0 0 1 0 0 1 0 0 1 0 0 1 0 0 1 0 0 1 0 0 1 0 0 1 0 0 1 0 0 1 0 0 1 -0 0 1 0 0 1 0 0 1 0 0 1 0 0 1 -0 0 1 0 0 1 0 0 1 0 0 1 0 0 1 0 0 1 0 0 1 0 0 1 0 0 1 0 0 1 0 0 1 -0 0 1 0 0 1 0 0 1 0 0 1 0 0 1 0 0 1 0 0.173532 -0 0.9848283 0.173532 -0 0.9848283 -0.0498671 0 0.9987558 -0.0498671 0 0.9987558 -0.2710463 0 0.9625663 -0.2710463 0 0.9625663 -0.4783476 0 0.8781706 -0.4783476 0 0.8781706 -0.6616557 0 0.7498079 -0.6616557 0 0.7498079 -0.8119439 0 0.5837355 -0.8119439 0 0.5837355 -0.9215502 0 0.3882593 -0.9215502 0 0.3882593 -0.9848047 0 0.1736652 -0.9848047 0 0.1736652 -0.9987482 0 -0.05001919 -0.9987482 0 -0.05001919 -0.9625568 0 -0.27108 -0.9625568 0 -0.27108 -0.8781921 0 -0.4783082 -0.8781921 0 -0.4783082 -0.7497821 0 -0.6616848 -0.7497821 0 -0.6616848 -0.5836431 0 -0.8120103 -0.5836431 0 -0.8120103 -0.3883484 0 -0.9215126 -0.3883484 0 -0.9215126 -0.998685 -0.003343494 0.05115852 -0.9975515 0.00308003 -0.06986899 -0.9943882 -0.004350087 -0.105703 -0.9788396 0.003507248 -0.2045986 -0.9655938 -0.005525407 -0.2599964 -0.9394363 0.00544653 -0.3426804 -0.9130238 -0.00543308 -0.4078699 -0.8785641 0.004708786 -0.4776012 -0.837983 -0.005525457 -0.5456684 -0.8012564 0.004483628 -0.5983043 -0.7422798 -0.005067643 -0.6700709 -0.7081483 0.003970474 -0.7060526 -0.6283072 -0.004355223 -0.7779531 -0.6004928 0.002963158 -0.7996246 -0.4988558 -0.003259261 -0.8666788 -0.4801451 0.001760141 -0.8771873 -0.05112428 -0.005460352 -0.9986774 0.0450802 0.006107072 -0.9989647 0.1058215 -0.005110914 -0.994372 0.2112405 0.0056578 -0.9774178 0.2601109 -0.004576628 -0.9655679 0.3714611 0.004986127 -0.9284351 0.4079253 -0.003838262 -0.9130073 0.5212603 0.004113084 -0.8533878 0.5456352 -0.002866784 -0.8380179 0.6564079 0.003060816 -0.7544 0.6699637 -0.001675876 -0.742392 0.7731654 0.001810267 -0.6342018 -0.9783903 0 0.2067664 -0.9768661 -0.002061998 0.2138422 -0.9973366 0.001712519 0.07291691 -0.3571326 -0.001712006 -0.9340521 -0.3510465 -2.443092e-05 -0.936358 -0.2065503 2.738677e-05 -0.978436 -0.2441991 -0.01099343 -0.9696628 -0.1223082 0.006315418 -0.9924721 0.9355047 0 -0.3533141 0.9339715 -0.001162071 -0.3573458 0.8681937 0.001210581 -0.496224 0.8666568 0.0003183499 -0.4989046 0.7779056 -0.0002983588 -0.6283811 -0.1735375 0 -0.9848272 -0.1735375 0 -0.9848272 0.0498671 0 -0.9987558 0.0498671 0 -0.9987558 0.2710463 0 -0.9625663 0.2710463 0 -0.9625663 0.4783619 0 -0.8781628 0.4783619 0 -0.8781628 0.6616228 0 -0.7498369 0.6616228 0 -0.7498369 0.8119555 0 -0.5837193 0.8119555 0 -0.5837193 0.9215493 0 -0.3882613 0.9215493 0 -0.3882613 0.9848047 0 -0.1736652 0.9848047 0 -0.1736652 0.9987482 -0 0.05001919 0.9987482 -0 0.05001919 0.9625572 -0 0.2710786 0.9625572 -0 0.2710786 0.8781931 -0 0.4783062 0.8781931 -0 0.4783062 0.7497821 -0 0.6616848 0.7497821 -0 0.6616848 0.5836217 -0 0.8120257 0.5836217 -0 0.8120257 0.3883774 -0 0.9215004 0.3883774 -0 0.9215004 0 -1 0 0 -1 -0 0 -1 0 0 -1 -0 0 -1 0 0 -1 -0 0 -1 0 0 -1 -0 0 -1 0 0 -1 -0 0 -1 0 0 -1 -0 0 -1 0 0 -1 -0 0 -1 0 0 -1 -0 0 -1 0 0 -1 -0 0 -1 0 0 -1 -0 0 -1 0 0 -1 -0 0 -1 0 0 -1 -0 0 -1 0 0 -1 0 0 -1 0 0 -1 0 0 -1 0 0 -1 0 0 -1 0 0 -1 0 0 -1 0 -0 -1 0 0 -1 0 0 -1 0 0 -1 0 0 -1 0 0 -1 0 0 -1 0 0 -1 0 0 -1 0 0 -1 0 -0 -1 0 0 -1 0 0 -1 0 0 -1 0 0 -1 0 0 -1 0 -0 -1 0 0 -1 0 0 -1 0 0 -1 0 0 -1 0 0 -1 0 0 -1 0 0 -1 0 0 -1 0 0 -1 0 0 -1 -0 0 -1 0 0 -1 -0 0 -1 0 0 -1 -0 0 -1 -0 0 -1 0 0 -1 -0 0 -1 -0 0 -1 0 0 -1 -0 0 -1 0 0 -1 -0 0 -1 0 0 -1 -0 0 -1 -0 0 -1 0 0 -1 -0 0 -1 -0 0 -1 0 0 -1 0 0 -1 -0 0 -1 0 0 -1 0 0 -1 -0 0 -1 0 0 -1 -0 0 -1 0 0 -1 0 0 -1 -0 0 -1 0 0 -1 -0 0 -1 0 0 -1 0 0.9992293 -0.005868908 -0.03881467 0.9996454 0.00609234 0.02592321 0.991987 -0.005938889 0.1262009 0.9812902 0.00616597 0.1924355 0.9576824 -0.006010079 0.2877642 0.9353875 0.006223932 0.3535696 0.8972646 -0.006068353 0.4414516 0.8632357 0.006275568 0.5047621 0.8123589 -0.00611917 0.5831257 0.7668335 0.006314891 0.6418149 0.7053073 -0.006153697 0.708875 0.648919 0.006348737 0.7608309 0.5789976 -0.006180038 0.8153059 0.5127737 0.006368897 0.8585002 0.4369155 -0.006192537 0.8994812 0.1211814 -0.00570395 0.992614 0.07294223 0.003575711 0.9973298 -0.04385117 -0.004254823 0.999029 -0.06987383 0.001816373 0.9975542 -0.3658591 -0.003603307 0.9306632 -0.4775937 0.003203843 0.878575 -0.5140412 -0.005371136 0.8577486 -0.5983025 0.004342385 0.8012586 -0.6482127 -0.006065827 0.7614352 -0.7060766 0.004715814 0.7081199 -0.7647086 -0.005915424 0.6443492 -0.7996034 0.004018601 0.6005151 -0.8603278 -0.004871157 0.509718 0.2138403 0.004501021 0.9768583 0.2829202 -0.00619967 0.9591234 0.3622713 0.006379369 0.9320509 0.9792352 0 -0.2027275 0.967225 -0.01561836 -0.2534402 0.9899417 0.006001021 -0.1413488 -0.2077006 -0.001892942 0.9781906 -0.2046181 -0.002753428 0.978838 -0.3426658 0.002466272 0.9394541 -0.936358 0 0.3510465 -0.9325038 -0.002800061 0.3611494 -0.8771881 0.002571736 0.4801401 -0.1245829 0.8600922 -0.4946923 -0.1790149 0.8597609 -0.4782935 0.1955739 0.9483042 0.2499397 -0.5186216 0.8480676 -0.1086873 -0.3906803 0.8731428 -0.2915317 -0.03741781 0.8432028 0.5362918 -0.2652662 0.9641591 -0.005564668 0.1021131 0.8617771 0.4969035 0.03801595 0.8539938 0.5188925 -0.1975652 0.8671768 -0.457135 -0.2500819 0.853866 -0.4564777 -0.06304177 0.8569357 -0.5115534 0.2669073 0.853858 0.4468637 0.196435 0.9731984 -0.1195755 0.3525544 0.8395491 0.4133556 0.1859094 0.8657508 -0.4646645 0.4967253 0.8178643 0.2904514 0.374155 0.8852313 0.2763577 0.3245817 0.8691893 -0.373037 0.5081956 0.8581795 -0.07256269 0.4964858 0.8668599 -0.04533961 0.5205067 0.8537509 0.01349799 0.4989756 0.8634696 0.07378054 -0.3773975 0.864493 0.3319984 -0.37262 0.8494276 0.3736669 -0.3080838 0.8582906 -0.410392 0.08075432 0.9855874 -0.1486482 0.08052611 0.9857184 -0.1479014 0.02344111 0.8541803 -0.5194483 0.2799357 0.843562 -0.4583003 0.4293363 0.8285799 0.3593407 -0.2814865 0.9559662 0.08303031 -0.2967299 0.9402697 0.166866 -0.2381039 0.9518141 0.1932782 -0.1931601 0.9725013 0.1301157 -0.09638773 0.9794335 0.1772552 -0.1386027 0.9803994 0.1400229 -0.08808328 0.988827 0.1202592 0.06648437 0.9406212 0.332884 0.03956793 0.9483215 0.3148341 0.1379431 0.9483852 0.2855473 0.1249036 0.9405049 0.3159901 0.1330745 0.9896072 0.05448703 0.1927501 0.9803528 0.04190144 0.1937006 0.980308 0.03842422 0.2687872 0.9630208 0.01855636 0.3052978 0.9516864 0.03295943 0.3398693 0.9402408 -0.02088238 0.2818154 0.9558608 -0.08312732 0.185205 0.8594485 0.4764949 0.1851354 0.8594751 0.4764738 0.1092535 0.8597534 0.4988866 -0.4831922 0.8566316 0.1808526 -0.4867214 0.8650644 0.1215148 -0.5015145 0.8581496 0.1098289 -0.2032537 0.9781147 -0.0444944 -0.1920379 0.9808511 -0.03244469 -0.1324562 0.9897487 -0.05341211 -0.1222865 0.9903737 -0.064853 -0.1188025 0.9897541 -0.0792008 -0.1209093 0.9887668 -0.08786993 -0.1290466 0.9853491 -0.1115082 -0.1633895 0.977324 -0.1346907 -0.3332905 0.9413075 0.0534571 -0.3223428 0.9462934 -0.02497837 -0.3381257 0.9383707 -0.07163405 -0.3381319 0.9383696 -0.07161955 -0.3722196 0.9101958 -0.1816484 -0.3722194 0.9101958 -0.1816489 -0.4016403 0.8681886 -0.2914338 -0.4062622 0.8675091 -0.2870176 -0.3868768 0.837564 -0.3857628 0.08060145 0.9856913 -0.1480406 0.06088581 0.9918604 -0.1118289 0.04049608 0.9801107 -0.1942758 0.04239624 0.9796618 -0.1961261 0.01528667 0.9633211 -0.2679158 0.03017689 0.9495336 -0.3122101 -0.07312708 0.9316714 -0.3558663 -0.02866668 0.9478208 -0.3175122 -0.1176764 0.9491398 -0.2920374 0.1130684 0.9858172 -0.1240157 0.1422781 0.9758313 -0.1658623 0.1282778 0.96749 -0.2179636 0.1282785 0.9674895 -0.2179649 0.09659451 0.9394681 -0.3287389 0.09659462 0.939468 -0.3287391 0.06354743 0.8982301 -0.4349075 0.06355447 0.8982238 -0.4349194 0.03913274 0.8605903 -0.5077922 0.4468598 0.778432 -0.4408626 0.2732146 0.9532081 -0.1294143 0.2455857 0.9382269 -0.2437581 0.2455911 0.938223 -0.2437675 0.2145137 0.9100525 -0.3546666 0.2145174 0.9100491 -0.3546731 0.1804148 0.8690704 -0.460616 0.1811011 0.868298 -0.461802 0.1163431 0.8346686 -0.5383238 0.3287536 0.8668293 -0.3748706 0.3290189 0.8665228 -0.3753463 0.359514 0.8949213 -0.2643206 0.3595241 0.8949121 -0.2643381 0.3849666 0.9107276 -0.1495866 0.3849697 0.9107254 -0.1495916 0.4050007 0.9137309 -0.03271738 0.4049942 0.913734 -0.03270788 0.4193297 0.9038793 0.08464521 0.4193372 0.9038767 0.08463531 0.4277737 0.8812833 0.2008717 0.4277682 0.8812845 0.200878 0.4301759 0.8462637 0.314303 0.4511737 0.8482918 -0.2772065 0.4289132 0.8694454 -0.2451492 0.431026 0.8301895 -0.3535562 0.4841491 0.8596047 -0.1633381 0.4599933 0.8797036 -0.1205311 0.4816874 0.8572528 -0.1819199 0.4803664 0.8553543 0.1939515 0.4944581 0.8488692 0.1869015 0.5169185 0.8500114 0.1013701 -0.5237224 0.851025 0.03835547 -0.5081038 0.8612938 0.001904663 -0.5460004 0.8369183 -0.03809652 -0.4430325 0.865961 0.2320209 -0.4443732 0.8621264 0.2434554 -0.4139869 0.8555793 0.3108037 -0.3075602 0.8498881 0.4278982 -0.2974246 0.8675703 0.3985729 -0.2737224 0.8197587 0.5030625 -0.4661441 0.8475622 -0.2536692 -0.4897031 0.8534516 -0.1783572 -0.4722217 0.8702679 -0.1401444 -0.4767199 0.8698694 -0.126749 -0.4450216 0.8951102 -0.02708235 -0.4450227 0.8951097 -0.02707923 -0.4041239 0.9109203 0.08311465 -0.4041244 0.91092 0.08311599 -0.3575414 0.9139182 0.1921395 -0.3575475 0.9139121 0.1921574 -0.305907 0.9040474 0.2985284 -0.3059008 0.9040555 0.2985104 -0.2499387 0.8814555 0.400708 -0.2499368 0.8814583 0.400703 -0.2080898 0.8578929 0.4698067 -0.1739583 0.8537596 0.4907474 -0.1723346 0.8639168 0.4732321 -0.1176006 0.8192484 0.5612504 -0.2095423 0.9430481 0.2583648 -0.2095433 0.9430472 0.2583671 -0.1599062 0.9178951 0.3631784 -0.1599111 0.9178901 0.3631889 -0.1079841 0.8797826 0.4629493 -0.1079815 0.8797855 0.4629444 -0.07818978 0.852985 0.5160456 -0.2256044 0.967573 -0.1136007 -0.2255958 0.9675729 -0.1136188 -0.2590977 0.9395525 -0.2238511 -0.2590991 0.9395528 -0.2238486 -0.2889622 0.8983191 -0.3309438 -0.2889608 0.8983185 -0.3309463 -0.3087327 0.8590172 -0.408379 -0.1081026 0.9693749 0.2205134 -0.1081066 0.9693726 0.2205213 -0.06510699 0.9424905 0.3278302 -0.0650944 0.9424994 0.3278074 -0.02115779 0.902321 0.4305453 -0.0211671 0.9023137 0.4305601 0.01577234 0.8589898 0.5117497 -0.1729515 0.9129634 -0.3695749 -0.1729522 0.9129638 -0.3695737 -0.1544798 0.9396111 -0.3053965 -0.1947385 0.9495392 -0.2458704 -0.1288091 0.9725945 -0.193567 0.06865435 0.9136589 0.400642 0.06867103 0.9136552 0.4006476 0.1601214 0.9136325 0.3736801 0.1601166 0.9136341 0.3736783 -0.08052611 0.9857184 0.1479014 -0.07051931 0.9908329 0.1152266 -0.05207521 0.9899231 0.1316839 -0.03271613 0.9808272 0.192114 -0.03913257 0.9794595 0.1978073 -0.005383508 0.9641709 0.2652273 -0.02873378 0.9482881 0.3161079 -0.05484071 0.9129346 -0.4044044 -0.05483494 0.9129306 -0.4044143 -0.08208001 0.8664005 -0.4925575 0.1213482 0.9905261 0.06428546 0.1156513 0.9901396 0.07904603 0.1172115 0.9891281 0.08881035 0.1328117 0.9802139 0.1467711 0.2053159 0.9747849 0.08740727 0.1149978 0.9734638 0.1978477 0.210883 0.9692999 0.1264364 0.2108815 0.9692999 0.1264386 0.2329807 0.9424175 0.2399359 0.2329942 0.9424187 0.2399182 0.2518129 0.9022508 0.3500482 0.2518007 0.9022488 0.3500621 0.2659106 0.8543507 0.4465159 0.3166256 0.9429221 0.1031801 0.3166209 0.942923 0.1031866 0.3317873 0.9177706 0.2182069 0.3317837 0.9177709 0.2182112 0.342276 0.8796772 0.3301745 0.3422979 0.8796773 0.3301514 0.3469422 0.8437231 0.409588 0.9591427 0 -0.2829228 0.9591489 -8.491998e-06 -0.2829018 -0.2829134 -7.251764e-06 -0.9591454 -0.2829549 0.0002055064 -0.9591332 0.2829126 -0 0.9591457 0.2828914 0.0001094074 0.959152 0.959137 0.0001518709 -0.2829422 0.9591457 0 -0.2829126 -0.9591432 0 0.282921 -0.9591467 1.943664e-06 0.2829094 -0.9591252 -0.0003264411 0.2829818 -0.9591441 0 0.2829182 0.282909 -4.172653e-06 0.9591468 0.282884 -0 0.9591541 -0.282918 3.235894e-06 -0.9591441 -0.28291 0 -0.9591465 -0.2450075 0.5000006 -0.8306448 -0.2449938 0.5000389 -0.8306257 -0.2450117 0.4999962 -0.8306462 -0.2449916 0.5000024 -0.8306484 -0.2450871 0.4999873 -0.8306293 0.8618062 0 -0.5072376 0.9120555 0.0104324 -0.4099341 0.7613044 -0.00258235 -0.6483895 0.5205473 0.003847793 -0.8538242 0.4781568 0.0004805013 -0.8782743 0.05598833 -0.0006337235 -0.9984312 0.1314382 0.006290579 -0.9913043 -0.2351872 -0.002944016 -0.9719456 -0.1683932 -7.452684e-06 -0.9857199 0.8306435 0.4999987 -0.2450156 0.8306437 0.4999995 -0.2450133 0.8306451 0.4999971 -0.2450137 0.8306485 0.4999898 -0.2450167 0.5072765 0 0.8617833 0.4099726 0.01043292 0.9120381 0.64845 -0.002586129 0.7612528 0.8538625 0.003842731 0.5204844 0.878267 0.0004815555 0.4781703 0.9984269 -0.0006323758 0.05606654 0.9912931 0.006292689 0.1315238 0.9718564 -0.002953509 -0.2355557 0.9857221 0 -0.1683805 0.2449923 0.4999967 0.8306516 0.2448853 0.4999777 0.8306946 0.245008 0.4999982 0.830646 0.2450148 0.5000006 0.8306426 0.245014 0.4999911 0.8306485 -0.5072765 -0 -0.8617834 -0.4099735 0.01043287 -0.9120377 -0.64845 -0.002586129 -0.7612528 -0.8538414 0.003841917 -0.5205191 -0.8782743 0.0004771824 -0.4781568 -0.9984271 -0.0006339304 -0.05606226 -0.9912907 0.006293111 -0.131541 -0.9718564 -0.002953509 0.2355557 -0.9857221 0 0.1683805 -0.861812 0 0.5072279 -0.9120452 0.0104289 0.4099568 -0.7613325 -0.002584103 0.6483565 -0.5205473 0.003847191 0.8538242 -0.4781642 0.0004805221 0.8782704 -0.05598833 -0.0006337235 0.9984312 -0.1314382 0.006290579 0.9913043 0.2355408 -0.002953125 0.9718599 0.168376 0 0.9857228 -0.8306425 0.5000008 0.2450148 -0.830644 0.4999984 0.2450146 -0.8307008 0.4999598 0.244901 -0.8306419 0.5000016 0.2450151 0 1 0 0 1 0 0 1 0 0 1 0 0 1 0 -0 1 0 0 1 0 -0 1 0 0 1 0 0 1 0 0 1 0 0 1 0 0 1 0 0 1 0 0.6699845 -0.001889507 -0.7423728 0.5735107 0.001781354 -0.819196 0.5456011 -0.002226159 -0.8380421 0.4450019 0.002084943 -0.8955271 0.4077856 -0.002505617 -0.9130743 0.3065396 0.002335222 -0.9518551 0.2599303 -0.002726003 -0.9656236 0.161282 0.002530535 -0.9869052 0.1056725 -0.002895982 -0.9943968 0.01235803 0.002668246 -0.99992 -0.05118808 -0.003005828 -0.9986845 -0.1368286 0.002754559 -0.9905909 -0.4226772 0.002754837 -0.9062761 -0.4990027 -0.003005734 -0.8665952 -0.5530449 0.002668098 -0.8331472 -0.6284221 -0.002895996 -0.7778671 -0.6710649 0.002530637 -0.7413942 -0.7423725 -0.002725963 -0.6699818 -0.7740493 0.002335404 -0.6331209 -0.8380415 -0.002505518 -0.5456007 -0.8597756 0.002084649 -0.5106679 -0.9130749 -0.002226587 -0.4077856 -0.9262897 0.001781142 -0.3768079 -0.9656255 -0.001889618 -0.2599307 -0.3572912 -0.003056925 -0.933988 -0.2829119 0.002784965 -0.9591418 -0.2067852 -0.003057082 -0.9783816 0.9353205 0 -0.3538017 0.9339916 -0.0005557205 -0.3572946 0.872147 0.0005287602 -0.4892438 0.8665991 -0.001057314 -0.4990039 0.7894751 0.00100078 -0.6137818 0.7778683 -0.001500369 -0.6284255 0.6891868 0.001419972 -0.7245823 -0.9783862 0 0.2067861 -0.9776063 -0.0005835355 0.2104416 -0.9986888 0.0006119719 0.05118828 -0.9980508 -0.001223702 0.06239491 -0.9944001 0.001278356 -0.1056729 -0.9962001 -0.001916286 -0.08707253 -0.9720992 0.001420014 -0.2345657 -0.3884328 -7.390376e-06 -0.9214771 -0.5838211 -9.110505e-06 -0.8118824 -0.5838792 -4.176578e-06 -0.8118405 -0.7498459 -4.585836e-06 -0.6616125 -0.7499494 6.17354e-06 -0.6614952 -0.8782671 6.472202e-06 -0.4781704 -0.8782599 5.429859e-06 -0.4781837 -0.9626507 5.402743e-06 -0.2707463 -0.962619 -2.662603e-06 -0.2708593 -0.9987618 -2.544693e-06 -0.04974945 -0.9987643 1.043422e-06 -0.04969732 -0.984791 8.832835e-07 0.1737431 -0.9847945 -5.195103e-07 0.173723 -0.3885298 -1.486713e-07 -0.9214361 -0.173841 -2.198523e-07 -0.9847738 -0.1737429 -7.072006e-06 -0.984791 0.04982191 -8.879756e-06 -0.9987581 0.04974893 -3.855728e-06 -0.9987618 0.270898 -4.340012e-06 -0.962608 0.2707464 6.497594e-06 -0.9626507 0.4781545 6.754127e-06 -0.8782758 0.4781694 5.592049e-06 -0.8782676 0.6615273 5.521483e-06 -0.7499212 0.6616129 -2.33143e-06 -0.7498456 0.8119128 -2.230816e-06 -0.5837787 0.8118822 1.378586e-06 -0.5838214 0.9214299 1.200458e-06 -0.3885446 0.9214382 -2.635528e-07 -0.3885249 -0.1706236 0.865623 -0.4707276 -0.1155023 0.8657097 -0.4870381 0.322348 0.8656231 -0.3831299 0.366521 0.8656228 -0.3411151 0.4922074 0.8657097 0.09098676 0.4786748 0.865623 0.1468577 0.3857788 0.865513 0.3194715 0.3879253 0.8682579 0.3092607 -0.3282835 0.8682575 -0.3719662 -0.3383729 0.865513 -0.3693117 0.4262097 0.8637473 0.2688603 0.4340908 0.869298 0.2364029 0.4582279 0.863749 0.2096782 0.4705463 0.8681103 0.1580214 0.4905124 0.8683016 0.07382447 0.4855892 0.8686604 -0.09814302 0.4935236 0.8652427 -0.08825833 0.4603124 0.869187 -0.180628 0.4792125 0.8627829 -0.1611245 0.421777 0.8692771 -0.2578011 0.4500916 0.8626618 -0.2307211 0.372112 0.8681046 -0.3285227 0.4107174 0.8637387 -0.2920047 0.2710848 0.8637389 -0.4248152 0.3094915 0.8681049 -0.3880836 0.2079108 0.8626611 -0.4610736 0.2363766 0.8692767 -0.4341475 0.1369431 0.8627825 -0.4866754 0.1573695 0.8691868 -0.4687741 0.07372369 0.8686606 -0.4898915 0.06345203 0.8652421 -0.4973228 -0.01242241 0.8679051 -0.4965747 -0.001355758 0.8653113 -0.5012331 -0.09827401 0.8683019 -0.4862037 -0.0600431 0.8641026 -0.4997214 -0.1813668 0.8681103 -0.4620504 -0.2578266 0.869298 -0.4217186 -0.2323432 0.863749 -0.4471626 -0.2898503 0.8637471 -0.412223 0.5021002 0.8641024 0.03496487 0.4953596 0.8684167 -0.02171372 0.5016938 0.8649539 -0.0125685 -0.9339727 0 0.3573443 -0.9339917 8.289642e-06 0.3572947 -0.8666602 1.219923e-05 0.4988987 -0.8666002 -6.584869e-06 0.499003 -0.7778967 -9.139524e-07 0.6283922 -0.7778681 -8.002185e-06 0.6284275 -0.6699756 7.031842e-07 0.7423831 -0.6699845 2.582271e-06 0.7423751 -0.5456369 1.457187e-05 0.8380218 -0.5456035 8.353151e-06 0.8380435 -0.4079236 2.305325e-05 0.913016 -0.407788 -1.11708e-07 0.9130767 -0.2601223 1.738771e-05 0.9655757 -0.259929 -1.38289e-05 0.9656277 -0.1058177 6.97067e-06 0.9943855 -0.1056729 -1.572927e-05 0.994401 0.05112009 8.136979e-06 0.9986925 0.0511883 -2.513372e-06 0.998689 0.2065492 2.30552e-05 0.9784361 0.2067883 -1.503452e-05 0.9783857 0.3571277 1.44655e-05 0.9340556 0.3572933 -1.31826e-05 0.9339922 0.4988647 1.330458e-05 0.8666799 0.499003 -1.16054e-05 0.8666002 0.628318 1.197785e-05 0.7779565 0.6284275 -9.970474e-06 0.7778682 0.7422892 1.064723e-05 0.6700797 0.7423751 -9.357836e-06 0.6699845 0.8379887 8.338127e-06 0.5456875 0.8380435 -7.317362e-06 0.5456035 0.9130415 7.383616e-06 0.4078666 0.9130766 -6.020668e-06 0.4077881 0.9656109 5.770366e-06 0.2599917 0.9656277 -4.342602e-06 0.2599291 0.9943962 4.511201e-06 0.1057174 0.994401 -2.465358e-06 0.105673 0.9986907 3.437212e-06 -0.05115534 0.998689 -1.716007e-06 -0.0511883 0.9783878 1.243332e-06 -0.2067784 0.9783862 0 -0.2067862 0 1 -0 0 1 0 0 1 -0 0 1 0 0 1 0 0 1 0 0 1 0 0 1 -0 0 1 0 0 1 0 0 1 -0 0 1 0 0 1 0 0 1 0 0 1 0 0 1 0 0 1 0 0 1 0 0 1 0 0 1 0 0 1 0 0 1 0 0 1 -0 0 1 0 0 1 0 0 1 0 0 1 0 0 1 0 0 1 0 0 1 0 0 1 0 0 1 0 0 1 0 0 1 0 0 1 0 0 1 0 0 1 0 0 1 0 0 1 0 0 1 0 0 1 0 0 1 0 0 1 0 0 1 -0 0 1 0 0 1 -0 0 1 0 0 1 0 0 1 0 0 1 0 0 1 -0 0 1 0 0 1 0 0 1 0 0 1 0 0 1 0 0 1 0 0 1 0 0 1 0 0 1 0 0 1 0 0 1 0 0 1 0 0 1 0 0 1 0 0 1 0 0 1 0 0 1 0 0 1 0 0 1 0 0 1 0 0 1 0 0 1 0 -0 1 0 0 1 0 -0.6928511 -0.7060549 0.146437 -0.6614296 -0.7060369 0.2530272 0.1464432 -0.7060322 0.6928729 0.1380844 -0.7176065 0.6826224 -0.2544967 -0.717626 -0.6482626 -0.2530336 -0.7060153 -0.6614501 0.03678408 -0.6954203 0.7176611 -0.07677335 -0.6871469 0.7224507 0.01721776 -0.726434 0.6870204 -0.1902227 -0.681492 0.7066711 -0.1013824 -0.7325381 0.6731342 -0.2995282 -0.6785876 0.6706725 -0.2154872 -0.7361097 0.6416445 -0.4007701 -0.6785603 0.6155804 -0.3230268 -0.7372739 0.5933639 -0.4903315 -0.6814604 0.5433109 -0.4219695 -0.7360978 0.5292464 -0.5651721 -0.6870973 0.4565937 -0.5103415 -0.7325306 0.4505003 -0.622762 -0.6953962 0.3585969 -0.5863838 -0.7264289 0.3584064 -0.6482569 -0.7176338 0.2544893 -0.6826109 -0.7176173 0.1380858 -0.6870359 -0.7264193 0.01721975 -0.717671 -0.6954101 0.03678456 -0.6731472 -0.7325239 -0.1013989 -0.7224842 -0.6871113 -0.07677692 -0.6416577 -0.7360935 -0.2155035 -0.7066938 -0.6814662 -0.1902305 -0.5933502 -0.7372734 -0.3230533 -0.6706942 -0.6785625 -0.2995367 -0.5292255 -0.7361135 -0.4219683 -0.6155626 -0.678584 -0.4007574 -0.4504757 -0.7325488 -0.5103371 -0.5432911 -0.6814892 -0.4903135 -0.3583995 -0.7264446 -0.5863684 -0.4565689 -0.6871356 -0.5651456 -0.3585919 -0.6954092 -0.6227504 -0.4759127 -0.8684296 -0.1390577 -0.4951931 -0.8644533 -0.0866271 0.1155089 -0.8657122 0.4870318 0.09575856 -0.8686635 0.4860596 -0.183461 -0.8685754 -0.4603465 -0.1706258 -0.8656228 -0.4707271 0.04379079 -0.861717 0.5054959 0.004800172 -0.869369 0.49414 -0.08583442 -0.8701784 0.4852031 -0.04980153 -0.8598315 0.5081434 -0.1735883 -0.8700852 0.4613229 -0.1372219 -0.8620467 0.4878992 -0.2566414 -0.8687265 0.4236148 -0.2078042 -0.8630061 0.4604757 -0.2706586 -0.865388 0.4217195 -0.414391 -0.8625271 0.2903914 -0.3938314 -0.8676515 0.3034432 -0.4632297 -0.8608719 0.210518 -0.4427309 -0.8677502 0.2258297 -0.4739008 -0.8694087 0.1398088 -0.4940521 -0.8684666 -0.04096701 -0.501457 -0.8648723 -0.02316846 -0.4817001 -0.866332 -0.1320376 -0.4484414 -0.8668405 -0.2179169 -0.4570723 -0.8638418 -0.2118075 -0.401601 -0.8662387 -0.2972324 -0.4118806 -0.8625859 -0.2937686 -0.337577 -0.868404 -0.3632026 -0.3507875 -0.8645427 -0.3598807 -0.2640551 -0.8695053 -0.4174151 -0.2946789 -0.8631544 -0.4100352 -0.2324893 -0.8636512 -0.4472756 -0.3658789 -0.8648129 0.3438476 -0.3309516 -0.8680071 0.370182 -0.3223349 -0.8656839 0.3830032 -0.4885588 -0.8636296 0.1243147 -0.4955795 -0.8672522 0.04769413 -0.4970444 -0.8662302 0.05091159 0.183497 -0.8685774 0.4603285 0.170632 -0.86562 0.47073 0.4759108 -0.8684311 0.1390556 0.4951931 -0.8644533 0.08662712 -0.1155038 -0.8657099 -0.4870372 -0.095719 -0.868664 -0.4860665 -0.04379006 -0.8617166 -0.5054967 -0.004765168 -0.8693699 -0.4941387 0.0858619 -0.8701796 -0.4851961 0.04980346 -0.8598315 -0.5081432 0.1736123 -0.8700844 -0.4613154 0.137222 -0.8620463 -0.4878998 0.2566604 -0.8687242 -0.4236082 0.2078051 -0.8630072 -0.4604731 0.2706592 -0.8653893 -0.4217165 0.4143899 -0.8625278 -0.2903906 0.393839 -0.8676505 -0.3034362 0.4632283 -0.8608724 -0.2105184 0.4427345 -0.8677492 -0.2258261 0.4739006 -0.8694087 -0.1398093 0.4940544 -0.8684657 0.04095754 0.5014559 -0.8648729 0.02316888 0.4817078 -0.8663297 0.1320243 0.4484556 -0.866837 0.2179019 0.4570703 -0.8638434 0.2118047 0.4016225 -0.8662341 0.2972167 0.41188 -0.8625886 0.2937613 0.3376034 -0.8684002 0.3631873 0.3507838 -0.8645467 0.3598745 0.2640852 -0.869504 0.4173988 0.2946788 -0.8631564 0.4100308 0.2324925 -0.863651 0.447274 0.3658777 -0.8648131 -0.3438484 0.3309623 -0.8680075 -0.3701714 0.3223343 -0.8656821 -0.3830079 0.4885598 -0.8636293 -0.1243136 0.4955789 -0.8672525 -0.04769384 0.4970464 -0.8662289 -0.05091685 0.2545208 -0.7177216 0.6481473 0.253042 -0.7059926 0.6614712 0.6928816 -0.7060236 -0.1464435 0.6614588 -0.7060056 -0.2530383 -0.146446 -0.7060119 -0.6928931 -0.1379995 -0.7177052 -0.682536 -0.03677957 -0.6955115 -0.717573 0.07678151 -0.6870656 -0.7225271 -0.01727665 -0.7264154 -0.6870387 0.1902301 -0.681468 -0.7066922 0.1014247 -0.7325159 -0.6731519 0.2994507 -0.6787911 -0.6705012 0.2155551 -0.7362007 -0.6415172 0.40064 -0.6788168 -0.6153822 0.3229617 -0.7374529 -0.593177 0.4903285 -0.6814666 -0.5433059 0.4218185 -0.7362149 -0.5292039 0.5653274 -0.6868871 -0.4567176 0.5103278 -0.732476 -0.4506046 0.6229224 -0.6952043 -0.3586903 0.5865331 -0.7262612 -0.3585018 0.648411 -0.7174953 -0.254487 0.6827379 -0.7174802 -0.1381704 0.6872119 -0.7262529 -0.01722185 0.7178544 -0.6952202 -0.03679398 0.6731928 -0.7324687 0.1014945 0.7226813 -0.6869016 0.0767979 0.6415088 -0.7362098 0.2155494 0.7066892 -0.6814718 0.1902276 0.5931939 -0.737452 0.3229327 0.6704787 -0.6788173 0.2994418 0.5292143 -0.7362045 0.4218237 0.6154037 -0.6787886 0.400655 0.4505236 -0.7325222 0.5103329 0.5433107 -0.6814607 0.4903313 0.3583601 -0.7264266 0.5864149 0.4566196 -0.6870538 0.5652041 0.358548 -0.6954974 0.6226771 0 -1 0 0 -1 0 0 -1 0 0 -1 0 0 -1 0 0 -1 0 0 -1 0 -0 -1 0 0 -1 0 0 -1 0 0 -1 0 0 -1 0 0 -1 0 0 -1 0 0 -1 0 0 -1 0 0 -1 0 0 -1 0 -0 -1 0 0 -1 0 0 -1 0 0 -1 0 0 -1 0 0 -1 0 -0 -1 0 0 -1 0 0 -1 0 0 -1 0 0 -1 0 0 -1 0 0 -1 0 0 -1 0 0 -1 0 0 -1 0 0 -1 -0 0 -1 0 0 -1 -0 0 -1 -0 0 -1 0 0 -1 -0 0 -1 -0 0 -1 0 0 -1 -0 0 -1 -0 0 -1 0 0 -1 -0 0 -1 -0 0 -1 0 0 -1 -0 0 -1 -0 0 -1 0 0 -1 0 0 -1 -0 0 -1 0 0 -1 0 0 -1 -0 0 -1 0 0 -1 0 0 -1 -0 0 -1 0 0 -1 0 0 -1 -0 0 -1 0 0 -1 0 -0.724583 -1.012293e-05 -0.6891876 -0.7245814 -1.187553e-07 -0.6891892 -0.7245814 4.319547e-05 -0.6891892 -0.7245827 -5.353585e-06 -0.6891878 -0.7245822 3.771151e-06 -0.6891884 -0.7245823 9.993998e-07 -0.6891882 -0.7245797 2.555648e-05 -0.6891911 -0.7247044 -0.0008207237 -0.6890594 -0.7246091 -0.0003539587 -0.68916 -0.7245044 1.125111e-05 -0.6892702 -0.7243825 0.001813067 -0.689396 -0.7246001 -0.0002168672 -0.6891695 -0.7245817 1.131828e-05 -0.689189 -0.7245846 -1.509178e-05 -0.6891859 -0.2345633 6.281539e-06 0.9721008 -0.2342908 -0.001279495 0.9721658 -0.2349454 0.001042693 0.972008 -0.2338277 -0.002006328 0.9722759 -0.2354754 0.001478792 0.9718792 -0.2340377 -0.0008516491 0.9722272 -0.2347927 -5.334069e-05 0.9720455 -0.234906 3.238162e-07 0.9720181 -0.2345582 -1.19179e-05 0.9721021 -0.2345594 2.007622e-05 0.9721017 -0.2345593 1.885615e-05 0.9721018 -0.2345632 5.196953e-05 0.9721009 -0.2345706 9.843516e-05 0.9720991 -0.2346531 0.0004900551 0.972079 -0.9591459 4.8749e-08 0.2829119 -0.9590454 1.322037e-06 0.2832524 -0.9590787 -5.274142e-05 0.2831399 -0.9591285 -0.000233905 0.2829708 -0.9592912 -0.0005571551 0.2824183 -0.9591453 1.957072e-07 0.2829138 -0.9588737 0.0004725124 0.2838325 -0.9591379 -0.0003475678 0.282939 -0.9594 -0.0006892678 0.2820483 -0.9591451 1.266563e-06 0.2829144 -0.9589894 0.0002126222 0.2834414 -0.9591542 -0.0002664468 0.2828835 -0.9592811 -0.0004587962 0.2824528 -0.9591449 1.831863e-06 0.2829152 0.2345631 6.456597e-08 -0.9721009 0.2345619 6.393286e-07 -0.9721012 0.2345652 -2.266963e-06 -0.9721003 0.2345615 2.369496e-06 -0.9721013 0.2345643 -2.141399e-06 -0.9721006 0.2345639 -1.225761e-06 -0.9721007 0.2345625 2.553804e-06 -0.9721011 0.2345635 -1.13352e-06 -0.9721008 0.2345629 1.782489e-06 -0.9721009 0.2345568 2.77114e-05 -0.9721024 0.234565 -1.008236e-05 -0.9721004 0.2345644 -6.348733e-06 -0.9721006 0.234563 3.882603e-06 -0.9721009 0.2345634 -1.041445e-06 -0.9721009 0.2345634 0 -0.9721008 0.9591455 0 -0.2829129 0.9591455 -2.342267e-07 -0.2829134 0.9591458 1.109199e-06 -0.2829121 0.9591455 5.151167e-07 -0.2829132 0.9591449 -1.244222e-06 -0.2829149 0.9591459 5.466774e-07 -0.2829119 0.959146 8.189802e-07 -0.2829117 0.959146 9.319419e-07 -0.2829114 0.9591453 -1.700771e-06 -0.2829141 0.9591451 -1.922887e-06 -0.2829145 0.9591462 1.757572e-06 -0.2829109 0.9591454 -1.083015e-07 -0.2829137 0.9591459 4.16529e-07 -0.2829121 0.9591457 0 -0.2829126 0.9591457 0 -0.2829126 0.7246863 -0 0.6890789 0.7245544 -0.0004345197 0.6892175 0.7245408 -0.0004905375 0.6892316 0.7243953 -0.001243432 0.6893837 0.724582 -4.398046e-06 0.6891886 0.7245831 7.210545e-06 0.6891875 0.7245824 -4.165832e-06 0.6891882 0.7245825 0 0.6891881 0.7245824 -8.325433e-08 0.6891881 0.7245861 3.647135e-05 0.6891842 0.7245818 -4.353138e-06 0.6891888 0.7245815 -7.170095e-06 0.689189 0.7249122 0.003128765 0.6888341 0.724582 -3.948281e-06 0.6891886 0.7245827 1.205649e-05 0.6891879 0.3883627 -5.549152e-06 0.9215066 0.5838232 5.534047e-06 0.8118808 0.5837007 -4.844744e-06 0.8119689 0.7498443 4.412893e-06 0.6616144 0.7497658 -3.753496e-06 0.6617034 0.8782674 3.677245e-06 0.4781696 0.8782216 -2.922382e-06 0.478254 0.9626507 2.641345e-06 0.2707465 0.9626323 -2.016952e-06 0.2708117 0.9987618 1.68499e-06 0.04974896 0.9987596 -1.18289e-06 0.04979061 0.984791 6.685207e-07 -0.1737429 0.9847935 -2.71123e-07 -0.1737294 0.3885228 6.409767e-06 0.9214391 0.1735709 -6.589648e-06 0.9848213 0.1737391 5.161236e-06 0.9847917 -0.04989649 -5.945895e-06 0.9987545 -0.04974944 4.182853e-06 0.9987618 -0.2708656 -5.069788e-06 0.9626172 -0.2707464 3.448158e-06 0.9626508 -0.4782498 -3.96882e-06 0.8782239 -0.4781705 2.240203e-06 0.8782669 -0.661665 -3.291255e-06 0.7497997 -0.6616131 1.463059e-06 0.7498453 -0.8119057 -2.241211e-06 0.5837886 -0.8118812 6.352309e-07 0.5838226 -0.9214432 -1.198836e-06 0.3885132 -0.9214392 -5.119019e-07 0.3885224 0.3317521 0.865194 0.3760053 -0.3999443 0.8629624 -0.3087723 -0.394172 0.8650749 -0.3102801 -0.4419231 0.8670608 -0.2300209 -0.4505465 0.8640243 -0.2246553 -0.4920194 0.8690115 -0.05230631 -0.485963 0.8651366 0.1240111 -0.4782768 0.8683305 0.131352 -0.4474307 0.8671038 0.2189447 -0.4616781 0.8620377 0.2091513 -0.3988867 0.8671528 0.2982205 -0.4120239 0.8636537 0.2904111 -0.3648683 0.8650178 0.3444057 -0.2628807 0.8665497 0.4242467 -0.180121 0.8654935 0.4674157 -0.1852619 0.8636423 0.4688285 -0.08923101 0.868297 0.487953 -0.09956104 0.8650857 0.4916444 0.003054017 0.8695169 0.4938936 -0.02438514 0.8634354 0.5038697 0.04731102 0.8636637 0.5018434 0.2195671 0.8643941 0.4523419 -0.4947554 0.8646749 -0.0869164 -0.4767062 0.8672311 -0.1437411 -0.4768072 0.8664596 -0.1479948 0.09507307 0.8687057 0.4861189 0.1122592 0.8656191 0.4879563 0.1664669 0.8657351 0.472008 0.1810964 0.8684544 0.4615096 -0.5028719 0.8640698 -0.02243006 -0.4941661 0.8681107 0.0467306 -0.4994512 0.8653926 0.04054722 -0.2691633 0.8646765 0.4241294 -0.3381806 0.8656929 0.3690659 -0.3247422 0.8691451 0.3730004 0.3318563 0.8651605 0.3759903 0.2614323 0.8652334 0.4278134 0.2663786 0.8688381 0.4173282 0.1328988 0.7053967 0.6962424 0.1226548 0.7082545 0.6952204 -0.005406953 0.7032995 0.7108731 -0.1443875 0.7019031 0.6974843 -0.03500002 0.7106695 0.7026548 -0.2779717 0.7011719 0.6565742 -0.1900919 0.7120752 0.6758801 -0.4006217 0.7011701 0.5897989 -0.3355061 0.7125264 0.6162319 -0.5074186 0.7019134 0.4998438 -0.4645232 0.7120716 0.5264716 -0.5940651 0.7033361 0.3903907 -0.5711676 0.7106841 0.4107257 -0.7026397 0.7106845 -0.03499928 -0.7108374 0.703335 -0.005484797 -0.6758831 0.7120721 -0.1900927 -0.6974642 0.7019127 -0.1444376 -0.6162314 0.712527 -0.3355057 -0.6565833 0.7011703 -0.2779544 -0.5264691 0.7120754 -0.4645202 -0.5898068 0.7011729 -0.4006054 -0.4107338 0.7106687 -0.5711811 -0.4998105 0.7019037 -0.507465 -0.6951846 0.7082907 0.1226489 -0.6962177 0.7054009 0.1330053 -0.656947 0.7054021 0.2661362 -0.6504644 0.7082894 0.2742666 -0.2755944 0.7048745 -0.653605 -0.2652079 0.7081463 -0.654365 -0.3903458 0.7033006 -0.5941367 -0.1284219 0.7051606 -0.6973209 -0.1229063 0.70681 -0.6966446 0.2748432 0.7068079 0.6518312 0.2705865 0.7051618 0.6553851 0.01940756 0.7038729 -0.7100608 0.1668645 0.7027756 -0.6915655 0.03511062 0.7084547 -0.7048824 0.3073741 0.7018761 -0.6425661 0.1907097 0.7098181 -0.6780768 0.4346903 0.7011753 -0.5651527 0.3362892 0.7109084 -0.6176721 0.5430591 0.7006717 -0.4627591 0.4647608 0.7117168 -0.5267413 0.6276812 0.7003689 -0.3398525 0.5698727 0.7122602 -0.4097933 0.7116428 0.7003691 -0.05520677 0.707271 0.7006721 0.09394873 0.7010469 0.7122598 0.03491959 0.6718215 0.7011753 0.2387656 0.6762303 0.7117163 0.1901905 0.6069009 0.7018768 0.3728811 0.6176731 0.7109071 0.33629 0.5154766 0.7027764 0.490295 0.5281797 0.7098172 0.4660318 0.4016636 0.7038734 0.5858572 0.4120377 0.7084534 0.5729911 0.6909777 0.7125227 -0.1219065 0.6847174 0.7002639 -0.201972 0.6465264 0.7125225 -0.2726083 0 1 0 -0 1 0 0 1 0 0 1 0 0 1 0 0 1 0 0 1 0 0 1 -0 0 1 0 0 1 0 0 1 0 -0 1 0 0 1 0 0 1 0 0 1 0 0 1 0 0 1 0 0 1 -0 0 1 0 0 1 0 0 1 0 0 1 0 0 1 0 0 1 0 0 1 0 0 1 0 0 1 0 0 1 0 0 1 0 0 1 0 0 1 0 0 1 0 0 1 0 0 1 0 0 1 0 0 1 0 0 1 0 0 1 0 0 1 0 0 1 0 0 1 0 0 1 0 0 1 -0 0 1 0 0 1 0 0 1 -0 0 1 0 0 1 0 0 1 0 0 1 0 0 1 -0 0 1 0 0 1 0 0 1 0 0 1 0 0 1 0 0 1 0 0 1 0 0 1 0 0 1 0 0 1 0 0 1 -0 0 1 0 0 1 0 0 1 0 0 1 0 0.1735363 -0 0.9848275 0.1735363 -0 0.9848275 -0.04988693 0 0.9987549 -0.04988693 0 0.9987549 -0.2710396 0 0.9625682 -0.2710396 0 0.9625682 -0.4783478 0 0.8781704 -0.4783478 0 0.8781704 -0.6616372 0 0.749824 -0.6616372 0 0.749824 -0.8119505 0 0.5837263 -0.8119505 0 0.5837263 -0.9215505 0 0.3882587 -0.9215505 0 0.3882587 -0.9848065 0 0.1736553 -0.9848065 0 0.1736553 -0.9987489 0 -0.05000721 -0.9987489 0 -0.05000721 -0.9625562 0 -0.2710821 -0.9625562 0 -0.2710821 -0.8781853 0 -0.4783204 -0.8781853 0 -0.4783204 -0.7497958 0 -0.6616694 -0.7497958 0 -0.6616694 -0.5836267 0 -0.8120221 -0.5836267 0 -0.8120221 -0.3883694 0 -0.9215038 -0.3883694 0 -0.9215038 -0.998685 -0.003343966 0.05115766 -0.9975516 0.003080277 -0.06986717 -0.9943867 -0.00435292 -0.1057168 -0.978838 0.003503916 -0.2046063 -0.9655964 -0.005525851 -0.2599866 -0.9394377 0.005446925 -0.3426766 -0.9130275 -0.005431894 -0.407862 -0.878567 0.004710489 -0.4775959 -0.8379765 -0.005526201 -0.5456783 -0.801259 0.004480501 -0.5983009 -0.7422802 -0.00507092 -0.6700705 -0.7081356 0.00397067 -0.7060652 -0.6283105 -0.004353052 -0.7779505 -0.6005026 0.002963582 -0.7996172 -0.4988634 -0.003259225 -0.8666745 -0.4801478 0.001761502 -0.8771859 -0.05111933 -0.005461286 -0.9986776 0.04508751 0.006106394 -0.9989644 0.1058151 -0.005109004 -0.9943726 0.2112392 0.005660423 -0.977418 0.2601225 -0.004576561 -0.9655648 0.3714603 0.00498544 -0.9284355 0.4079176 -0.00383731 -0.9130107 0.521255 0.004114108 -0.8533911 0.545635 -0.002867158 -0.8380181 0.65642 0.003060902 -0.7543895 0.6699743 -0.001675313 -0.7423825 0.7731596 0.001810559 -0.634209 -0.978388 0 0.2067776 -0.9768662 -0.002058412 0.213841 -0.9973356 0.001715234 0.07292998 -0.3571269 -0.001711032 -0.9340543 -0.3510442 -2.438041e-05 -0.9363589 -0.2065493 2.728417e-05 -0.9784362 -0.2441594 -0.01098195 -0.969673 -0.1223254 0.006318406 -0.9924699 0.9355077 0 -0.3533062 0.9339721 -0.001163848 -0.3573441 0.8681923 0.001209458 -0.4962266 0.8666607 0.0003203533 -0.4988979 0.7778965 -0.0002965618 -0.6283925 -0.1735363 0 -0.9848275 -0.1735363 0 -0.9848275 0.04988693 0 -0.9987549 0.04988693 0 -0.9987549 0.2710396 0 -0.9625682 0.2710396 0 -0.9625682 0.4783478 0 -0.8781704 0.4783478 0 -0.8781704 0.6616372 0 -0.749824 0.6616372 0 -0.749824 0.8119505 0 -0.5837263 0.8119505 0 -0.5837263 0.9215505 0 -0.3882587 0.9215505 0 -0.3882587 0.9848065 0 -0.1736553 0.9848065 0 -0.1736553 0.9987489 -0 0.05000721 0.9987489 -0 0.05000721 0.9625562 -0 0.2710821 0.9625562 -0 0.2710821 0.8781853 -0 0.4783204 0.8781853 -0 0.4783204 0.7497958 -0 0.6616694 0.7497958 -0 0.6616694 0.5836267 -0 0.8120221 0.5836267 -0 0.8120221 0.3883694 -0 0.9215038 0.3883694 -0 0.9215038 0 -1 0 0 -1 -0 0 -1 0 0 -1 -0 0 -1 0 0 -1 -0 0 -1 0 0 -1 -0 0 -1 0 0 -1 -0 0 -1 0 0 -1 -0 0 -1 0 0 -1 -0 0 -1 0 0 -1 -0 0 -1 0 0 -1 -0 0 -1 0 0 -1 -0 0 -1 0 0 -1 -0 0 -1 0 0 -1 -0 0 -1 0 0 -1 0 0 -1 0 0 -1 0 0 -1 0 0 -1 0 0 -1 0 0 -1 0 0 -1 0 -0 -1 0 0 -1 0 0 -1 0 0 -1 0 0 -1 0 0 -1 0 0 -1 0 0 -1 0 0 -1 0 0 -1 0 -0 -1 0 0 -1 0 0 -1 0 0 -1 0 0 -1 0 0 -1 0 -0 -1 0 0 -1 0 0 -1 0 0 -1 0 0 -1 0 0 -1 0 0 -1 0 0 -1 0 0 -1 0 0 -1 0 0 -1 -0 0 -1 0 0 -1 -0 0 -1 0 0 -1 -0 0 -1 -0 0 -1 0 0 -1 -0 0 -1 -0 0 -1 0 0 -1 -0 0 -1 0 0 -1 -0 0 -1 0 0 -1 -0 0 -1 -0 0 -1 0 0 -1 -0 0 -1 -0 0 -1 0 0 -1 0 0 -1 -0 0 -1 0 0 -1 0 0 -1 -0 0 -1 0 0 -1 -0 0 -1 0 0 -1 0 0 -1 -0 0 -1 0 0 -1 -0 0 -1 0 0 -1 0 0.9992297 -0.00586698 -0.03879946 0.9996458 0.006088503 0.02590761 0.9919871 -0.005944869 0.126199 0.9812894 0.006161187 0.1924403 0.9576858 -0.006012475 0.2877526 0.9353876 0.006223487 0.3535694 0.8972617 -0.006069885 0.4414574 0.8632278 0.006275606 0.5047756 0.8123618 -0.006116617 0.5831217 0.7668382 0.006316735 0.6418094 0.7053038 -0.006153662 0.7088785 0.6489198 0.006347802 0.7608303 0.579007 -0.006179456 0.8152992 0.5127866 0.006368897 0.8584925 0.4369152 -0.006194825 0.8994814 0.1211824 -0.005706646 0.9926138 0.07292975 0.003575673 0.9973307 -0.04385172 -0.004253859 0.999029 -0.0698676 0.001815794 0.9975547 -0.3658601 -0.003598638 0.9306629 -0.4775984 0.003208809 0.8785725 -0.5140462 -0.0053662 0.8577456 -0.5983012 0.004346508 0.8012595 -0.6482151 -0.006062503 0.7614331 -0.7060629 0.00471582 0.7081333 -0.7647011 -0.005916663 0.644358 -0.7996144 0.004022567 0.6005003 -0.8603355 -0.004867148 0.5097049 0.2138397 0.004498393 0.9768584 0.2829087 -0.006200092 0.9591268 0.362261 0.006379152 0.9320549 0.9792325 0 -0.2027405 0.967226 -0.01561335 -0.2534368 0.9899411 0.006005026 -0.1413525 -0.207687 -0.001893249 0.9781935 -0.2046048 -0.002753659 0.9788408 -0.3426813 0.002467198 0.9394485 -0.9363589 0 0.3510442 -0.932503 -0.002801252 0.3611512 -0.8771842 0.00257059 0.4801471 -0.1245627 0.8600919 -0.494698 -0.1790139 0.8597608 -0.4782943 0.1955713 0.9483039 0.2499433 -0.5186199 0.8480682 -0.1086912 -0.3906806 0.8731433 -0.2915293 -0.03741474 0.8432003 0.5362961 -0.2652688 0.9641585 -0.005562055 0.1021011 0.8617793 0.4969022 0.03800913 0.8539964 0.5188887 -0.1975657 0.8671771 -0.4571341 -0.250083 0.8538663 -0.4564766 -0.06305084 0.8569345 -0.5115544 0.2669117 0.8538607 0.4468559 0.1964338 0.9731987 -0.1195748 0.3525614 0.8395424 0.413363 0.1859096 0.8657499 -0.4646662 0.4967048 0.8178772 0.29045 0.3741614 0.8852283 0.2763586 0.3245924 0.8691853 -0.3730372 0.5081954 0.8581793 -0.07256463 0.4964862 0.8668596 -0.04534199 0.5205055 0.8537518 0.01348983 0.4989722 0.8634716 0.07377946 -0.3773974 0.8644934 0.3319975 -0.3726185 0.8494227 0.3736797 -0.3080885 0.858291 -0.4103876 0.08075525 0.9855866 -0.1486528 0.08053116 0.9857152 -0.1479195 0.02344496 0.8541791 -0.5194501 0.2799325 0.8435625 -0.4583014 0.4293442 0.8285753 0.3593419 -0.2814869 0.9559662 0.08302797 -0.2967316 0.9402691 0.1668667 -0.2381006 0.9518144 0.1932805 -0.1931578 0.9725017 0.1301176 -0.09639464 0.9794334 0.1772524 -0.1386023 0.9803989 0.1400267 -0.08803441 0.9888333 0.1202432 0.06648656 0.940621 0.3328837 0.03956854 0.9483219 0.3148329 0.1379455 0.9483851 0.2855466 0.1249074 0.9405056 0.3159861 0.1330723 0.9896075 0.05448723 0.1927519 0.9803525 0.04190002 0.1937011 0.9803078 0.03842754 0.2687936 0.963019 0.01856014 0.3052981 0.9516862 0.03296088 0.3398678 0.9402415 -0.02087889 0.2818144 0.9558614 -0.08312455 0.1851972 0.8594525 0.4764907 0.1851427 0.8594734 0.4764741 0.1092535 0.8597522 0.4988886 -0.4831974 0.8566285 0.1808531 -0.4867263 0.8650615 0.1215156 -0.5015197 0.8581465 0.1098294 -0.2032516 0.978115 -0.04449487 -0.1920364 0.9808514 -0.03244563 -0.1324576 0.9897484 -0.0534123 -0.1222848 0.9903737 -0.06485683 -0.118803 0.9897545 -0.07919522 -0.1209102 0.9887671 -0.08786592 -0.1290499 0.9853484 -0.1115107 -0.1633878 0.9773245 -0.1346899 -0.3332885 0.9413083 0.05345593 -0.3223417 0.9462938 -0.02497392 -0.3381264 0.9383704 -0.07163531 -0.3381321 0.9383693 -0.07162212 -0.372218 0.9101963 -0.1816491 -0.3722195 0.9101964 -0.1816459 -0.4016414 0.8681889 -0.2914314 -0.4062573 0.8675103 -0.2870209 -0.3868694 0.8375644 -0.3857692 0.08060192 0.9856909 -0.1480434 0.06088294 0.9918611 -0.1118251 0.0404919 0.9801113 -0.1942736 0.04239485 0.9796616 -0.1961267 0.01528568 0.9633222 -0.2679118 0.03017723 0.9495338 -0.3122097 -0.07313017 0.9316704 -0.3558684 -0.02866719 0.9478208 -0.317512 -0.1176804 0.9491399 -0.2920355 0.113068 0.9858178 -0.124012 0.1422796 0.9758313 -0.1658607 0.1282787 0.9674892 -0.2179659 0.128279 0.9674891 -0.2179664 0.09659695 0.9394681 -0.3287382 0.09659873 0.9394668 -0.3287414 0.06355277 0.8982293 -0.4349082 0.06355575 0.8982266 -0.4349133 0.03912977 0.8605865 -0.507799 0.4468777 0.7784033 -0.4408951 0.2732161 0.9532076 -0.1294154 0.2455873 0.9382257 -0.2437606 0.2455908 0.9382233 -0.2437666 0.2145126 0.9100519 -0.3546687 0.2145138 0.9100509 -0.3546708 0.1804125 0.8690754 -0.4606076 0.1811064 0.8682944 -0.4618067 0.1163443 0.8346626 -0.538333 0.3287535 0.8668315 -0.3748659 0.3290208 0.8665224 -0.3753454 0.3595157 0.8949201 -0.2643227 0.3595242 0.8949124 -0.2643373 0.3849671 0.9107279 -0.149583 0.3849734 0.9107235 -0.1495932 0.4050041 0.9137293 -0.03271973 0.4049934 0.9137346 -0.03270399 0.4193267 0.9038808 0.08464448 0.419332 0.903879 0.08463755 0.427768 0.8812848 0.2008769 0.4277714 0.8812842 0.2008732 0.4301787 0.8462631 0.314301 0.4511714 0.8482921 -0.2772088 0.4289091 0.8694475 -0.2451486 0.4310215 0.8301906 -0.3535593 0.4841492 0.8596056 -0.1633337 0.4599957 0.8797024 -0.1205301 0.4816883 0.8572533 -0.1819156 0.4803494 0.8553621 0.1939589 0.4944571 0.84887 0.186901 0.516917 0.850012 0.1013724 -0.523725 0.8510232 0.03836256 -0.5081037 0.8612938 0.001905085 -0.5460004 0.8369184 -0.03809552 -0.443035 0.8659589 0.2320241 -0.4443759 0.8621233 0.2434616 -0.413995 0.8555773 0.3107979 -0.3075659 0.8498825 0.4279052 -0.2974311 0.8675636 0.3985827 -0.2737315 0.8197492 0.5030729 -0.4661457 0.8475621 -0.2536664 -0.4897038 0.8534516 -0.1783552 -0.4722227 0.8702676 -0.1401433 -0.4767193 0.8698692 -0.1267523 -0.4450202 0.8951109 -0.02708525 -0.4450226 0.8951098 -0.02707879 -0.4041233 0.9109207 0.08311392 -0.4041234 0.9109206 0.08311427 -0.3575395 0.9139192 0.1921388 -0.3575462 0.9139124 0.1921585 -0.3059082 0.9040472 0.2985277 -0.3059022 0.904055 0.2985102 -0.2499364 0.8814528 0.4007152 -0.2499324 0.8814588 0.4007046 -0.2080835 0.8578925 0.4698102 -0.1739581 0.8537597 0.4907473 -0.1723312 0.8639356 0.4731988 -0.1175882 0.8192645 0.5612295 -0.2095406 0.9430491 0.2583624 -0.209542 0.9430479 0.2583658 -0.1599026 0.917896 0.3631777 -0.1599111 0.9178873 0.363196 -0.1079877 0.8797818 0.4629498 -0.1079859 0.8797838 0.4629465 -0.0781953 0.8529843 0.5160459 -0.2256027 0.9675731 -0.1136032 -0.225596 0.967573 -0.1136174 -0.2590986 0.939553 -0.2238479 -0.2590999 0.9395534 -0.2238453 -0.2889643 0.8983178 -0.3309453 -0.2889626 0.8983173 -0.3309482 -0.3087351 0.8590153 -0.4083813 -0.1081032 0.969375 0.2205131 -0.1081071 0.9693727 0.2205209 -0.06510792 0.942491 0.3278289 -0.0650963 0.9424991 0.3278078 -0.02115746 0.9023179 0.4305518 -0.02116119 0.9023149 0.4305578 0.0157804 0.8589891 0.5117506 -0.172952 0.9129635 -0.3695743 -0.1729515 0.9129633 -0.3695752 -0.1544774 0.9396129 -0.305392 -0.1947333 0.9495403 -0.2458703 -0.1288053 0.9725949 -0.1935674 0.06865749 0.9136565 0.4006469 0.06866207 0.9136555 0.4006484 0.1601239 0.9136332 0.3736772 0.1601218 0.9136339 0.3736764 -0.08053184 0.985715 0.1479204 -0.07051876 0.9908331 0.1152246 -0.0520729 0.9899232 0.131683 -0.03271372 0.9808274 0.1921127 -0.03913067 0.9794597 0.1978065 -0.00538359 0.9641722 0.2652223 -0.02873535 0.9482884 0.3161066 -0.05484115 0.9129348 -0.404404 -0.05483592 0.9129311 -0.4044129 -0.08208358 0.8663967 -0.4925638 0.1213468 0.9905263 0.06428542 0.1156507 0.9901397 0.07904616 0.1172098 0.9891288 0.08880424 0.1328123 0.9802139 0.1467706 0.2053091 0.9747856 0.08741385 0.1149924 0.9734642 0.1978489 0.2108839 0.9692996 0.1264362 0.2108818 0.9692998 0.1264394 0.2329806 0.9424176 0.2399355 0.232991 0.9424186 0.239922 0.2518089 0.9022496 0.3500539 0.2518033 0.9022487 0.3500603 0.265913 0.8543544 0.4465074 0.3166267 0.9429216 0.1031808 0.3166229 0.9429224 0.1031861 0.3317904 0.9177703 0.2182034 0.3317852 0.9177707 0.2182098 0.3422789 0.8796771 0.3301718 0.3422918 0.8796771 0.3301581 0.3469343 0.8437278 0.4095854 0.9591455 -1.039353e-08 -0.282913 0.9591459 -4.328351e-07 -0.282912 -0.2829126 -1.521691e-08 -0.9591457 -0.2829119 -3.135112e-06 -0.9591459 0.2829128 -4.20133e-08 0.9591456 0.2829144 -8.361776e-06 0.9591451 0.9591454 5.921899e-06 -0.2829138 0.9591457 -1.258725e-08 -0.2829127 -0.9591458 0 0.2829123 -0.9591456 -7.132708e-08 0.2829127 -0.959146 7.664944e-06 0.2829114 -0.9591456 5.468295e-09 0.2829129 0.2829125 4.457938e-08 0.9591457 0.2829127 2.133015e-08 0.9591457 -0.2829118 -4.019194e-07 -0.9591458 -0.2829128 -2.683164e-08 -0.9591457 -0.24502 0.4999987 -0.8306422 -0.2450103 0.499996 -0.8306467 -0.2450092 0.4999986 -0.8306454 -0.2449973 0.5000023 -0.8306469 -0.2450364 0.4999961 -0.8306389 0.8617892 4.048899e-08 -0.5072666 0.9120422 0.01043293 -0.4099637 0.7612756 -0.00258463 -0.6484233 0.5205238 0.003844224 -0.8538384 0.4781681 0.0004798101 -0.8782682 0.05602222 -0.0006328667 -0.9984293 0.1314707 0.006291099 -0.9913 -0.2354702 -0.002950605 -0.9718771 -0.1683612 -6.624412e-08 -0.9857253 0.8306454 0.4999988 -0.2450089 0.8306454 0.4999987 -0.2450092 0.8306467 0.4999962 -0.2450096 0.8306476 0.4999944 -0.2450103 0.5072848 -7.553243e-07 0.8617785 0.4099689 0.01043377 0.9120398 0.648423 -0.002584407 0.7612758 0.8538458 0.003843727 0.5205118 0.8782682 0.0004801821 0.4781681 0.9984298 -0.0006334439 0.05601334 0.9913001 0.006291409 0.1314707 0.9718764 -0.002950737 -0.2354732 0.9857253 -2.507541e-08 -0.1683615 0.2449978 0.4999987 0.8306487 0.2449572 0.4999914 0.8306651 0.2450194 0.500002 0.8306404 0.2450106 0.4999989 0.8306448 0.2450102 0.4999951 0.8306472 -0.5072697 -4.402255e-07 -0.8617873 -0.4099617 0.01043324 -0.9120431 -0.6484231 -0.002584575 -0.7612758 -0.8538401 0.003844136 -0.5205211 -0.8782677 0.0004799736 -0.478169 -0.9984296 -0.0006331202 -0.05601683 -0.9913002 0.006291429 -0.1314708 -0.9718757 -0.002950838 0.235476 -0.9857252 0 0.1683622 -0.8617895 6.470624e-08 0.507266 -0.9120421 0.01043291 0.4099638 -0.7612758 -0.002584636 0.648423 -0.5205232 0.003844239 0.8538389 -0.4781681 0.0004798618 0.8782682 -0.05601959 -0.0006329643 0.9984295 -0.1314707 0.006291288 0.9913 0.2354733 -0.002950726 0.9718764 0.1683615 -1.181579e-08 0.9857253 -0.8306472 0.4999951 0.2450102 -0.8306448 0.4999989 0.2450106 -0.8306519 0.4999941 0.2449966 -0.8306455 0.4999987 0.2450089 0 1 0 0 1 0 0 1 0 0 1 0 0 1 0 -0 1 0 0 1 0 -0 1 0 0 1 0 0 1 0 0 1 0 0 1 0 0 1 0 0 1 0 0.05112114 -0.001199252 0.9986918 -0.08726053 0.001145042 0.9961849 -0.1058618 -0.001701337 0.9943795 -0.2347489 0.001621734 0.9720547 -0.2602267 -0.002161155 0.9655451 -0.3769845 0.002011536 0.9262174 -0.4080348 -0.002559884 0.9129627 -0.5108293 0.00234232 0.859679 -0.5457098 -0.002873216 0.8379693 -0.6332669 0.002638441 0.773929 -0.669997 -0.003100569 0.7423573 -0.7415179 0.002889954 0.6709269 -0.7779049 -0.003271474 0.6283735 -0.8332511 0.003066329 0.5528864 -0.8667071 -0.003395006 0.4988058 -0.9063551 0.003154606 0.4225051 -0.9340909 -0.003469909 0.3570184 -0.9591944 0.003168718 0.2827294 -0.9783979 -0.003469906 0.2067014 -0.9906154 0.00315444 0.1366425 -0.998691 -0.003395065 0.05103689 -0.9999166 0.003066625 -0.01254732 -0.9943622 -0.003271291 -0.1059871 -0.9868734 0.002889719 -0.1614694 -0.9655303 -0.003100808 -0.2602723 -0.9517966 0.002638201 -0.3067186 -0.9129726 -0.002873464 -0.4080106 -0.8954434 0.002342196 -0.4451692 -0.8379843 -0.002559929 -0.5456883 -0.8190864 0.002011719 -0.5736667 -0.7423264 -0.002160948 -0.6700351 -0.724452 0.001622051 -0.6893234 -0.6282809 -0.001700949 -0.7779847 -0.6136345 0.001145086 -0.7895894 -0.4987307 -0.001199367 -0.8667562 0.2065222 -0 0.978442 0.2102568 -0.000678289 0.9776459 0.06220784 0.000585935 0.998063 -0.3536246 -0 -0.9353874 -0.3571958 -0.0006464617 -0.9340293 -0.4890771 0.0005855212 -0.8722403 0.9215504 0 -0.3882586 0.8119504 0 -0.5837263 0.8119504 0 -0.5837263 0.6616373 0 -0.749824 0.6616373 0 -0.749824 0.4783478 0 -0.8781704 0.4783478 0 -0.8781704 0.2710396 0 -0.9625682 0.2710396 0 -0.9625682 0.04988693 0 -0.9987549 0.04988693 0 -0.9987549 -0.1735363 0 -0.9848275 -0.1735363 0 -0.9848275 0.9215504 0 -0.3882586 0.9848065 0 -0.1736553 0.9848065 0 -0.1736553 0.9987488 0 0.05000721 0.9987488 0 0.05000721 0.9625562 0 0.2710821 0.9625562 0 0.2710821 0.8781854 0 0.4783204 0.8781854 0 0.4783204 0.7497957 0 0.6616694 0.7497957 0 0.6616694 0.5836267 0 0.8120221 0.5836267 0 0.8120221 0.3883694 0 0.9215038 0.3883694 0 0.9215038 0 1 0 0 1 0 0 1 0 0 1 0 0 1 0 0 1 0 0 1 0 0 1 0 0 1 0 0 1 0 0 1 0 0 1 0 0 1 0 0 1 -0 0 1 0 0 1 0 0 1 0 0 1 -0 0 1 0 0 1 0 0 1 0 -0 1 0 0 1 -0 0 1 0 0 1 0 0 1 0 0 1 0 0 1 0 0 1 0 0 1 0 0 1 0 0 1 0 0 1 -0 0 1 0 0 1 0 0 1 0 0 1 0 0 1 0 0 1 0 0 1 0 0 1 0 0 1 0 0 1 0 0 1 0 0 1 0 -0 1 0 0 1 0 -0 1 0 -0 1 0 0 1 0 0 1 0 0 1 0 0 1 0 0 1 0 0 1 0 0 1 0 0 1 0 0 1 0 0 1 0 0 1 0 0 1 -0 0 1 0 0 1 0 0 1 0 0 1 0 0 1 0 0 1 0 -0 1 0 0 1 0 0 -1 -0 0 -1 -0 0 -1 0 0 -1 0 0 -1 0 0 -1 0 0 -1 0 0 -1 0 0 -1 0 0 -1 0 0 -1 0 -0 -1 0 0 -1 0 0 -1 0 0 -1 0 0 -1 0 0 -1 0 0 -1 0 0 -1 0 0 -1 0 0 -1 0 0 -1 0 0 -1 0 0 -1 0 0 -1 0 0 -1 0 -0 -1 0 0 -1 0 0 -1 0 0 -1 0 0 -1 0 0 -1 0 0 -1 0 0 -1 0 0 -1 0 0 -1 0 0 -1 0 0 -1 -0 0 -1 0 0 -1 -0 0 -1 0 0 -1 -0 0 -1 0 0 -1 -0 0 -1 -0 0 -1 0 0 -1 -0 0 -1 -0 0 -1 0 0 -1 0 0 -1 0 0 -1 0 0 -1 0 0 -1 -0 0 -1 0 0 -1 0 0 -1 -0 0 -1 0 0 -1 0 0 -1 -0 0 -1 0 0 -1 -0 0 -1 0 0 -1 -0 0 -1 0 0 -1 0 0 -1 0 0 -1 -0 -0.2066019 0 -0.9784251 -0.2066019 0 -0.9784251 -0.05099905 0 -0.9986987 -0.05099905 0 -0.9986987 0.1058599 0 -0.9943811 0.1058599 0 -0.9943811 0.2601119 0 -0.9655785 0.2601119 0 -0.9655785 0.4079599 0 -0.9129999 0.4079599 0 -0.9129999 0.5457606 0 -0.8379411 0.5457606 0 -0.8379411 0.6701255 0 -0.7422479 0.6701255 0 -0.7422479 0.7779878 0 -0.6282793 0.7779878 0 -0.6282793 0.8666934 0 -0.4988412 0.8666934 0 -0.4988412 0.9340598 0 -0.3571165 0.9340598 0 -0.3571165 0.9784251 0 -0.2066019 0.9784251 0 -0.2066019 0.9986987 0 -0.05099905 0.9986987 0 -0.05099905 0.9943811 -0 0.1058599 0.9943811 -0 0.1058599 0.9655785 -0 0.2601119 0.9655785 -0 0.2601119 0.9129999 -0 0.4079599 0.9129999 -0 0.4079599 0.8379411 -0 0.5457606 0.8379411 -0 0.5457606 0.7422479 -0 0.6701255 0.7422479 -0 0.6701255 0.6282793 -0 0.7779878 0.6282793 -0 0.7779878 0.4988412 -0 0.8666934 0.4988412 -0 0.8666934 0.3571165 -0 0.9340598 0.3571165 -0 0.9340598 -0.9215111 0 0.388352 -0.8119928 0 0.5836674 -0.8119928 0 0.5836674 -0.6617549 0 0.7497202 -0.6617549 0 0.7497202 -0.4783334 0 0.8781783 -0.4783334 0 0.8781783 -0.2709312 0 0.9625987 -0.2709312 0 0.9625987 -0.04993544 0 0.9987524 -0.04993544 0 0.9987524 0.173555 -0 0.9848242 0.173555 0 0.9848242 -0.9215111 0 0.388352 -0.9848242 0 0.173555 -0.9848242 0 0.173555 -0.9987524 -0 -0.04993544 -0.9987524 0 -0.04993544 -0.9625987 -0 -0.2709312 -0.9625987 0 -0.2709312 -0.8781783 -0 -0.4783334 -0.8781783 0 -0.4783334 -0.7497202 -0 -0.6617549 -0.7497202 0 -0.6617549 -0.5836674 -0 -0.8119928 -0.5836674 0 -0.8119928 -0.388352 -0 -0.9215111 -0.388352 0 -0.9215111 0.04986705 0.001449493 -0.9987548 0.2347679 -0.001345601 -0.9720505 0.2710458 0.002015567 -0.9625643 0.431687 -0.001836112 -0.9020216 0.4783462 0.002470708 -0.8781679 0.6098371 -0.002224414 -0.7925236 0.6616531 0.002793783 -0.749805 0.7612621 -0.002519533 -0.6484395 0.8119402 0.003009567 -0.5837328 0.8794701 -0.002695421 -0.4759465 0.9215457 0.003122405 -0.3882574 0.9591965 -0.002741635 -0.282727 0.9847999 0.00312136 -0.1736643 0.997014 -0.002696472 -0.07717343 0.9987438 0.003008952 0.05001897 0.9912654 -0.002519471 0.1318585 0.962553 0.002795418 0.271079 0.9421945 -0.002221734 0.3350591 0.8781893 0.002472296 0.4783067 0.8519261 -0.00183487 0.5236587 0.7497807 0.002017789 0.6616834 0.7244446 -0.001343736 0.6893318 0.5836424 0.001450592 0.8120095 0.0275226 -0.0007214561 -0.9996209 -0.1809382 0.0008425746 -0.9834941 -0.173532 0 -0.9848282 0.5652998 -0.0007251658 0.8248852 0.3883483 0.0007827724 0.9215124 0.3814365 0 0.924395 0.9215505 0 -0.3882587 0.8119505 0 -0.5837263 0.8119505 0 -0.5837263 0.6616373 0 -0.749824 0.6616373 0 -0.749824 0.4783478 0 -0.8781704 0.4783478 0 -0.8781704 0.2710396 0 -0.9625682 0.2710396 0 -0.9625682 0.04988693 0 -0.9987549 0.04988693 0 -0.9987549 -0.1735363 0 -0.9848275 -0.1735363 0 -0.9848275 0.9215505 0 -0.3882587 0.9848065 0 -0.1736553 0.9848065 0 -0.1736553 0.9987489 0 0.05000721 0.9987489 0 0.05000721 0.9625562 0 0.271082 0.9625562 0 0.271082 0.8781854 0 0.4783204 0.8781854 0 0.4783204 0.7497957 0 0.6616694 0.7497957 0 0.6616694 0.5836267 0 0.8120221 0.5836267 0 0.8120221 0.3883693 0 0.9215038 0.3883693 0 0.9215038 0 -1 -0 0 -1 -0 0 -1 0 0 -1 -0 0 -1 -0 0 -1 0 -0 -1 0 0 -1 0 0 -1 0 0 -1 -0 0 -1 0 0 -1 0 0 -1 0 0 -1 0 0 -1 0 0 -1 0 0 -1 0 0 -1 -0 0 -1 0 0 -1 0 0 -1 0 0 -1 0 0 -1 0 0 -1 0 0 -1 0 0 -1 0 0 -1 0 0 -1 0 0 -1 0 0 -1 0 -0 -1 0 0 -1 0 0 -1 0 0 -1 0 0 -1 0 0 -1 0 0 -1 0 0 -1 0 0 -1 0 0 -1 0 0 -1 0 0 -1 0 0 -1 0 0 -1 0 -0 -1 0 0 -1 0 0 -1 0 0 -1 0 0 -1 0 0 -1 0 0 -1 0 0 -1 0 0 -1 0 0 -1 0 0 -1 0 0 -1 0 0 -1 0 0 -1 0 0 -1 0 0 -1 0 0 -1 0 0 -1 0 0 -1 0 -0 -1 0 0 -1 0 0 -1 0 0 -1 0 0 -1 0 0 -1 0 0 -1 0 0 -1 0 0 -1 0 0 -1 0 0 -1 0 0 -1 0 0 -1 0 0 -1 0 0 -1 0 0 -1 0 0 -1 0 0 -1 0 0 -1 0 0 -1 0 0 -1 0 -0 -1 0 0 -1 0 0 -1 0 0 -1 0 0 -1 0 0 -1 0 0 -1 0 0 -1 0 0 -1 0 0 -1 -0 0 -1 0 0 -1 -0 0 -1 0 0 -1 -0 0 -1 -0 0 -1 0 0 -1 -0 0 -1 -0 0 -1 0 0 -1 -0 -0 -1 0 0 -1 0 -0 -1 0 -0 -1 0 0 -1 0 -0 -1 0 0 -1 -0 0 -1 0 0 -1 -0 0 -1 0 0 -1 -0 -0 -1 0 0 -1 0 -0 -1 0 -0 -1 0 0 -1 0 -0 -1 0 0 -1 0 0 -1 0 -0 -1 0 0 -1 -0 0 -1 0 0 -1 -0 0 -1 0 0 -1 0 0 -1 0 0 -1 0 0 -1 0 -0.9215068 1.227731e-05 0.3883624 -0.8119555 1.481136e-05 0.5837193 -0.8119903 8.147988e-06 0.583671 -0.6616228 9.254244e-06 0.7498369 -0.6617635 -1.17748e-05 0.7497125 -0.4783619 -1.172029e-05 0.8781629 -0.4783301 -7.659813e-06 0.8781801 -0.2710463 -7.593448e-06 0.9625663 -0.2709458 4.092456e-06 0.9625946 -0.0498671 3.365187e-06 0.9987559 -0.04992544 -3.175214e-06 0.998753 0.1735375 -3.130681e-06 0.9848272 0.1735651 0 0.9848225 -0.9215493 0 0.3882613 -0.9848216 0 0.1735699 -0.9848047 1.083059e-05 0.1736652 -0.9987516 1.400171e-05 -0.04995234 -0.9987483 6.508848e-06 -0.05001919 -0.9626005 6.981296e-06 -0.2709248 -0.9625573 -1.090451e-05 -0.2710786 -0.8781747 -1.141613e-05 -0.47834 -0.8781931 -7.105441e-06 -0.4783062 -0.7497247 -6.870267e-06 -0.6617499 -0.7497821 2.86147e-06 -0.6616848 -0.58367 2.226524e-06 -0.811991 -0.5836216 -4.436174e-06 -0.8120257 -0.3883431 -4.163926e-06 -0.9215148 -0.3883773 0 -0.9215004 -0.9215111 1.134207e-05 0.388352 -0.8119505 1.417837e-05 0.5837263 -0.8119928 6.055517e-06 0.5836674 -0.6616373 6.767119e-06 0.749824 -0.6617549 -1.079494e-05 0.7497203 -0.4783478 -1.12777e-05 0.8781704 -0.4783334 -9.441881e-06 0.8781783 -0.2710396 -9.377606e-06 0.9625682 -0.2709311 3.236632e-06 0.9625987 -0.04988693 3.044664e-06 0.9987549 -0.04993544 -2.394203e-06 0.9987524 0.1735363 -2.127004e-06 0.9848275 0.173555 0 0.9848242 -0.9215505 0 0.3882587 -0.9848242 0 0.173555 -0.9848065 1.140165e-05 0.1736553 -0.9987524 1.424483e-05 -0.04993543 -0.9987489 6.199178e-06 -0.05000721 -0.9625987 6.895432e-06 -0.2709311 -0.9625562 -1.06587e-05 -0.271082 -0.8781783 -1.114661e-05 -0.4783334 -0.8781854 -9.482527e-06 -0.4783204 -0.7497203 -9.406484e-06 -0.6617549 -0.7497957 3.364228e-06 -0.6616694 -0.5836674 3.222665e-06 -0.8119928 -0.5836267 -2.395546e-06 -0.8120221 -0.388352 -2.109173e-06 -0.9215111 -0.3883693 0 -0.9215038 0.2841172 -0 0.9587895 0.2840871 5.480646e-06 0.9587985 0.13772 5.831891e-06 0.9904712 0.137773 -3.520294e-06 0.9904639 -0.01176921 -3.664092e-06 0.9999308 -0.01179017 0 0.9999305 -0.1609915 0 0.9869558 -0.1610469 9.794666e-06 0.9869468 -0.306604 9.731781e-06 0.9518372 -0.3066117 1.115785e-05 0.9518346 -0.4453354 1.086375e-05 0.8953638 -0.4452797 0 0.8953915 -0.5740762 0 0.8188018 -0.5740225 -1.148012e-05 0.8188396 -0.6899373 -1.032267e-05 0.7238692 -0.6899428 -8.973379e-06 0.7238638 -0.7903194 -7.250916e-06 0.6126952 -0.7903448 0 0.6126623 -0.8729687 0 0.4877764 -0.872932 -1.313306e-05 0.487842 -0.9360328 -1.48783e-05 0.3519128 -0.9360301 -1.620497e-05 0.3519199 -0.9780961 -1.737712e-05 0.2081538 -0.9781169 0 0.2080566 -0.998215 0 0.05972285 -0.998221 1.753585e-05 0.05962269 -0.9959378 1.768569e-05 -0.0900443 -0.9959379 1.732984e-05 -0.09004226 -0.9713161 1.702656e-05 -0.2377922 -0.9713393 0 -0.2376975 -0.9249009 0 -0.3802083 -0.924938 -1.701748e-05 -0.3801182 -0.8577365 -1.567191e-05 -0.5140897 -0.8577307 -1.370357e-05 -0.5140994 -0.7713261 -1.16312e-05 -0.6364401 -0.7712838 0 -0.6364915 -0.6676114 0 -0.7445099 -0.667661 -1.165075e-05 -0.7444654 -0.5489173 -1.36875e-05 -0.8358766 -0.5489278 -1.587652e-05 -0.8358698 -0.4179089 -1.725585e-05 -0.9084889 -0.4178191 0 -0.9085302 -0.277525 0 -0.9607184 -0.2774294 1.738587e-05 -0.960746 -0.1309102 1.769662e-05 -0.9913942 -0.1309117 1.743803e-05 -0.9913941 0.01863591 1.728477e-05 -0.9998264 0.01853701 0 -0.9998282 0.1677664 0 -0.9858267 0.167668 -1.743369e-05 -0.9858435 0.3131358 -1.626451e-05 -0.9497083 0.3131418 -1.516374e-05 -0.9497064 0.4514751 -1.340949e-05 -0.8922837 0.4515435 0 -0.8922491 0.5796869 0 -0.8148394 0.579653 -7.265862e-06 -0.8148634 0.6948935 -8.976682e-06 -0.7191127 0.6948873 -1.04779e-05 -0.7191187 0.7945094 -1.162131e-05 -0.6072518 0.7945498 0 -0.607199 0.8762989 0 -0.4817678 0.8763278 1.046169e-05 -0.4817153 0.9384279 1.080361e-05 -0.3454752 0.9384255 9.5966e-06 -0.3454817 0.979503 9.649818e-06 -0.2014295 0.9794919 0 -0.2014836 0.9986016 0 -0.05286571 0.9986005 -3.697001e-06 -0.05288683 0.9952958 -3.553619e-06 0.0968828 0.9952906 5.799504e-06 0.09693607 0.9696593 5.444488e-06 0.2444601 0.969667 -0 0.2444299 -0.6924194 0 0.7214952 -0.6924194 0 0.7214952 -0.2841189 0 -0.9587891 -0.2840821 6.705475e-06 -0.9588 -0.1377169 6.926974e-06 -0.9904716 -0.1377776 -3.778317e-06 -0.9904632 0.0117698 -3.814433e-06 -0.9999308 0.01179163 0 -0.9999305 0.1609862 0 -0.9869567 0.1610458 1.055169e-05 -0.986947 0.3066121 1.065726e-05 -0.9518346 0.3066088 1.005209e-05 -0.9518356 0.4453411 9.95453e-06 -0.895361 0.4452901 0 -0.8953863 0.5740763 0 -0.8188018 0.5740148 -1.312245e-05 -0.8188449 0.6899363 -1.229661e-05 -0.7238701 0.6899472 -9.66457e-06 -0.7238597 0.7903108 -8.18051e-06 -0.6127062 0.7903395 0 -0.6126692 0.8729681 0 -0.4877772 0.8729373 -1.101825e-05 -0.4878323 0.9360342 -1.301186e-05 -0.3519092 0.9360255 -1.732962e-05 -0.3519323 0.9780946 -1.86158e-05 -0.2081606 0.9781168 0 -0.2080564 0.9982159 0 -0.05970646 0.9982218 1.690822e-05 -0.05960988 0.9959386 1.743988e-05 0.0900358 0.9959389 1.674943e-05 0.09003187 0.9713166 1.681212e-05 0.2377901 0.9713394 -0 0.2376967 0.9248978 -0 0.380216 0.9249387 -1.881793e-05 0.3801164 0.8577387 -1.745074e-05 0.5140859 0.8577259 -1.308954e-05 0.5141073 0.7713214 -1.12174e-05 0.6364459 0.7712806 -0 0.6364954 0.6676177 -0 0.7445043 0.6676694 -1.212577e-05 0.744458 0.5489138 -1.438062e-05 0.8358789 0.5489264 -1.700583e-05 0.8358707 0.4179179 -1.848317e-05 0.9084849 0.4178218 -0 0.908529 0.2775108 -0 0.9607224 0.2774235 1.58815e-05 0.9607477 0.1309111 1.63881e-05 0.9913941 0.1309111 1.63881e-05 0.9913941 -0.01863503 1.652749e-05 0.9998264 -0.01854047 0 0.9998281 -0.1677633 0 0.9858273 -0.1676567 -1.889733e-05 0.9858454 -0.3131296 -1.772269e-05 0.9497104 -0.3131514 -1.370797e-05 0.9497032 -0.4514827 -1.187925e-05 0.8922799 -0.4515434 0 0.8922492 -0.579684 0 0.8148414 -0.5796479 -7.739134e-06 0.8148671 -0.6948914 -9.277801e-06 0.7191147 -0.694882 -1.156371e-05 0.7191237 -0.7945108 -1.253826e-05 0.60725 -0.7945544 0 0.6071929 -0.8762956 0 0.4817738 -0.8763321 1.32316e-05 0.4817074 -0.938433 1.362762e-05 0.3454614 -0.9384249 9.546152e-06 0.3454833 -0.9795023 9.964013e-06 0.2014328 -0.9794909 0 0.2014887 -0.9986012 0 0.05287429 -0.9986002 -3.174465e-06 0.05289243 -0.9952959 -3.16396e-06 -0.0968817 -0.9952906 6.327887e-06 -0.09693576 -0.969659 6.164926e-06 -0.2444612 -0.9696677 0 -0.2444271 0.6924195 0 -0.7214952 0.6924195 0 -0.7214952 0 1 0 0 1 0 0 1 -0 0 1 0 0 1 0 0 1 0 0 1 0 -0 1 0 0 1 0 0 1 0 0 1 0 0 1 -0 0 1 0 0 1 0 0 1 0 0 1 0 0 1 0 0 1 0 0 1 0 0 1 0 0 1 0 0 1 0 0 1 0 -0 1 0 0 1 0 0 1 -0 0 1 0 0 1 0 0 1 0 0 1 0 0 1 0 0 1 0 0 1 0 0 1 0 0 1 0 0 1 0 0 1 0 0 1 0 0 1 0 0 1 0 0 1 0 -0 1 0 0 1 0 0 1 0 0 1 0 0 1 0 0 1 0 0 1 -0 0 1 0 0 1 0 0 1 0 0 1 0 0 1 0 0 1 0 0 1 0 0 1 0 0 1 0 0 1 0 0 1 0 0 1 0 0 1 0 0 1 0 0 1 0 0 1 -0 0 1 0 0 1 0 0 1 0 0 1 -0 0 1 0 0 1 0 0 1 0 -0 1 0 0 1 0 0 1 0 0 1 0 0 1 0 0 1 -0 0 1 0 0 1 0 0 1 0 -0 1 0 0 1 0 0 1 0 0 1 0 0 1 0 0 1 0 0 1 0 0 1 0 0 1 -0 0 1 0 0 1 0 0 1 0 0 1 0 0 1 0 0 1 0 0 1 0 0 1 0 0 1 0 0 1 0 0 1 0 0 1 0 0 1 0 0 1 0 0 1 0 0 1 0 0 1 0 0 1 0 0 1 0 0 1 0 0 1 0 0 1 0 0 1 0 0 1 0 0 1 0 0 1 0 0 1 0 0 1 0 0 1 0 0 1 0 0 1 0 0 1 0 0 1 0 0 1 0 0 1 0 -0 1 0 0 1 -0 0 1 0 0 1 0 0 1 0 0 1 0 -0 1 0 0 1 0 -0 1 0 0.04986705 0.001449493 -0.9987548 0.2347679 -0.001345601 -0.9720505 0.2710458 0.002015567 -0.9625643 0.431687 -0.001836112 -0.9020216 0.4783462 0.002470708 -0.8781679 0.6098371 -0.002224414 -0.7925236 0.6616531 0.002793783 -0.749805 0.7612621 -0.002519533 -0.6484395 0.8119402 0.003009567 -0.5837328 0.8794701 -0.002695421 -0.4759465 0.9215457 0.003122405 -0.3882574 0.9591965 -0.002741635 -0.282727 0.9847999 0.00312136 -0.1736643 0.997014 -0.002696472 -0.07717343 0.9987438 0.003008952 0.05001897 0.9912654 -0.002519471 0.1318585 0.962553 0.002795418 0.271079 0.9421945 -0.002221734 0.3350591 0.8781893 0.002472296 0.4783067 0.8519261 -0.00183487 0.5236587 0.7497807 0.002017789 0.6616834 0.7244446 -0.001343736 0.6893318 0.5836424 0.001450592 0.8120095 0.0275226 -0.0007214561 -0.9996209 -0.1809382 0.0008425746 -0.9834941 -0.173532 0 -0.9848282 0.5652998 -0.0007251658 0.8248852 0.3883483 0.0007827724 0.9215124 0.3814365 0 0.924395 0.9215505 0 -0.3882587 0.8119505 0 -0.5837263 0.8119505 0 -0.5837263 0.6616373 0 -0.749824 0.6616373 0 -0.749824 0.4783478 0 -0.8781704 0.4783478 0 -0.8781704 0.2710396 0 -0.9625682 0.2710396 0 -0.9625682 0.04988693 0 -0.9987549 0.04988693 0 -0.9987549 -0.1735363 0 -0.9848275 -0.1735363 0 -0.9848275 0.9215505 0 -0.3882587 0.9848065 0 -0.1736553 0.9848065 0 -0.1736553 0.9987489 0 0.05000721 0.9987489 0 0.05000721 0.9625562 0 0.271082 0.9625562 0 0.271082 0.8781854 0 0.4783204 0.8781854 0 0.4783204 0.7497957 0 0.6616694 0.7497957 0 0.6616694 0.5836267 0 0.8120221 0.5836267 0 0.8120221 0.3883693 0 0.9215038 0.3883693 0 0.9215038 0 -1 -0 0 -1 -0 0 -1 0 0 -1 -0 0 -1 -0 0 -1 0 -0 -1 0 0 -1 0 0 -1 0 0 -1 -0 0 -1 0 0 -1 0 0 -1 0 0 -1 0 0 -1 0 0 -1 0 0 -1 0 0 -1 -0 0 -1 0 0 -1 0 0 -1 0 0 -1 0 0 -1 0 0 -1 0 0 -1 0 0 -1 0 0 -1 0 0 -1 0 0 -1 0 0 -1 0 -0 -1 0 0 -1 0 0 -1 0 0 -1 0 0 -1 0 0 -1 0 0 -1 0 0 -1 0 0 -1 0 0 -1 0 0 -1 0 0 -1 0 0 -1 0 0 -1 0 -0 -1 0 0 -1 0 0 -1 0 0 -1 0 0 -1 0 0 -1 0 0 -1 0 0 -1 0 0 -1 0 0 -1 0 0 -1 0 0 -1 0 0 -1 0 0 -1 0 0 -1 0 0 -1 0 0 -1 0 0 -1 0 0 -1 0 -0 -1 0 0 -1 0 0 -1 0 0 -1 0 0 -1 0 0 -1 0 0 -1 0 0 -1 0 0 -1 0 0 -1 0 0 -1 0 0 -1 0 0 -1 0 0 -1 0 0 -1 0 0 -1 0 0 -1 0 0 -1 0 0 -1 0 0 -1 0 0 -1 0 -0 -1 0 0 -1 0 0 -1 0 0 -1 0 0 -1 0 0 -1 0 0 -1 0 0 -1 0 0 -1 0 0 -1 -0 0 -1 0 0 -1 -0 0 -1 0 0 -1 -0 0 -1 -0 0 -1 0 0 -1 -0 0 -1 -0 0 -1 0 0 -1 -0 -0 -1 0 0 -1 0 -0 -1 0 -0 -1 0 0 -1 0 -0 -1 0 0 -1 -0 0 -1 0 0 -1 -0 0 -1 0 0 -1 -0 -0 -1 0 0 -1 0 -0 -1 0 -0 -1 0 0 -1 0 -0 -1 0 0 -1 0 0 -1 0 -0 -1 0 0 -1 -0 0 -1 0 0 -1 -0 0 -1 0 0 -1 0 0 -1 0 0 -1 0 0 -1 0 -0.9215068 1.227731e-05 0.3883624 -0.8119555 1.481136e-05 0.5837193 -0.8119903 8.147988e-06 0.583671 -0.6616228 9.254244e-06 0.7498369 -0.6617635 -1.17748e-05 0.7497125 -0.4783619 -1.172029e-05 0.8781629 -0.4783301 -7.659813e-06 0.8781801 -0.2710463 -7.593448e-06 0.9625663 -0.2709458 4.092456e-06 0.9625946 -0.0498671 3.365187e-06 0.9987559 -0.04992544 -3.175214e-06 0.998753 0.1735375 -3.130681e-06 0.9848272 0.1735651 0 0.9848225 -0.9215493 0 0.3882613 -0.9848216 0 0.1735699 -0.9848047 1.083059e-05 0.1736652 -0.9987516 1.400171e-05 -0.04995234 -0.9987483 6.508848e-06 -0.05001919 -0.9626005 6.981296e-06 -0.2709248 -0.9625573 -1.090451e-05 -0.2710786 -0.8781747 -1.141613e-05 -0.47834 -0.8781931 -7.105441e-06 -0.4783062 -0.7497247 -6.870267e-06 -0.6617499 -0.7497821 2.86147e-06 -0.6616848 -0.58367 2.226524e-06 -0.811991 -0.5836216 -4.436174e-06 -0.8120257 -0.3883431 -4.163926e-06 -0.9215148 -0.3883773 0 -0.9215004 -0.9215111 1.134207e-05 0.388352 -0.8119505 1.417837e-05 0.5837263 -0.8119928 6.055517e-06 0.5836674 -0.6616373 6.767119e-06 0.749824 -0.6617549 -1.079494e-05 0.7497203 -0.4783478 -1.12777e-05 0.8781704 -0.4783334 -9.441881e-06 0.8781783 -0.2710396 -9.377606e-06 0.9625682 -0.2709311 3.236632e-06 0.9625987 -0.04988693 3.044664e-06 0.9987549 -0.04993544 -2.394203e-06 0.9987524 0.1735363 -2.127004e-06 0.9848275 0.173555 0 0.9848242 -0.9215505 0 0.3882587 -0.9848242 0 0.173555 -0.9848065 1.140165e-05 0.1736553 -0.9987524 1.424483e-05 -0.04993543 -0.9987489 6.199178e-06 -0.05000721 -0.9625987 6.895432e-06 -0.2709311 -0.9625562 -1.06587e-05 -0.271082 -0.8781783 -1.114661e-05 -0.4783334 -0.8781854 -9.482527e-06 -0.4783204 -0.7497203 -9.406484e-06 -0.6617549 -0.7497957 3.364228e-06 -0.6616694 -0.5836674 3.222665e-06 -0.8119928 -0.5836267 -2.395546e-06 -0.8120221 -0.388352 -2.109173e-06 -0.9215111 -0.3883693 0 -0.9215038 0.2841172 -0 0.9587895 0.2840871 5.480646e-06 0.9587985 0.13772 5.831891e-06 0.9904712 0.137773 -3.520294e-06 0.9904639 -0.01176921 -3.664092e-06 0.9999308 -0.01179017 0 0.9999305 -0.1609915 0 0.9869558 -0.1610469 9.794666e-06 0.9869468 -0.306604 9.731781e-06 0.9518372 -0.3066117 1.115785e-05 0.9518346 -0.4453354 1.086375e-05 0.8953638 -0.4452797 0 0.8953915 -0.5740762 0 0.8188018 -0.5740225 -1.148012e-05 0.8188396 -0.6899373 -1.032267e-05 0.7238692 -0.6899428 -8.973379e-06 0.7238638 -0.7903194 -7.250916e-06 0.6126952 -0.7903448 0 0.6126623 -0.8729687 0 0.4877764 -0.872932 -1.313306e-05 0.487842 -0.9360328 -1.48783e-05 0.3519128 -0.9360301 -1.620497e-05 0.3519199 -0.9780961 -1.737712e-05 0.2081538 -0.9781169 0 0.2080566 -0.998215 0 0.05972285 -0.998221 1.753585e-05 0.05962269 -0.9959378 1.768569e-05 -0.0900443 -0.9959379 1.732984e-05 -0.09004226 -0.9713161 1.702656e-05 -0.2377922 -0.9713393 0 -0.2376975 -0.9249009 0 -0.3802083 -0.924938 -1.701748e-05 -0.3801182 -0.8577365 -1.567191e-05 -0.5140897 -0.8577307 -1.370357e-05 -0.5140994 -0.7713261 -1.16312e-05 -0.6364401 -0.7712838 0 -0.6364915 -0.6676114 0 -0.7445099 -0.667661 -1.165075e-05 -0.7444654 -0.5489173 -1.36875e-05 -0.8358766 -0.5489278 -1.587652e-05 -0.8358698 -0.4179089 -1.725585e-05 -0.9084889 -0.4178191 0 -0.9085302 -0.277525 0 -0.9607184 -0.2774294 1.738587e-05 -0.960746 -0.1309102 1.769662e-05 -0.9913942 -0.1309117 1.743803e-05 -0.9913941 0.01863591 1.728477e-05 -0.9998264 0.01853701 0 -0.9998282 0.1677664 0 -0.9858267 0.167668 -1.743369e-05 -0.9858435 0.3131358 -1.626451e-05 -0.9497083 0.3131418 -1.516374e-05 -0.9497064 0.4514751 -1.340949e-05 -0.8922837 0.4515435 0 -0.8922491 0.5796869 0 -0.8148394 0.579653 -7.265862e-06 -0.8148634 0.6948935 -8.976682e-06 -0.7191127 0.6948873 -1.04779e-05 -0.7191187 0.7945094 -1.162131e-05 -0.6072518 0.7945498 0 -0.607199 0.8762989 0 -0.4817678 0.8763278 1.046169e-05 -0.4817153 0.9384279 1.080361e-05 -0.3454752 0.9384255 9.5966e-06 -0.3454817 0.979503 9.649818e-06 -0.2014295 0.9794919 0 -0.2014836 0.9986016 0 -0.05286571 0.9986005 -3.697001e-06 -0.05288683 0.9952958 -3.553619e-06 0.0968828 0.9952906 5.799504e-06 0.09693607 0.9696593 5.444488e-06 0.2444601 0.969667 -0 0.2444299 -0.6924194 0 0.7214952 -0.6924194 0 0.7214952 -0.2841189 0 -0.9587891 -0.2840821 6.705475e-06 -0.9588 -0.1377169 6.926974e-06 -0.9904716 -0.1377776 -3.778317e-06 -0.9904632 0.0117698 -3.814433e-06 -0.9999308 0.01179163 0 -0.9999305 0.1609862 0 -0.9869567 0.1610458 1.055169e-05 -0.986947 0.3066121 1.065726e-05 -0.9518346 0.3066088 1.005209e-05 -0.9518356 0.4453411 9.95453e-06 -0.895361 0.4452901 0 -0.8953863 0.5740763 0 -0.8188018 0.5740148 -1.312245e-05 -0.8188449 0.6899363 -1.229661e-05 -0.7238701 0.6899472 -9.66457e-06 -0.7238597 0.7903108 -8.18051e-06 -0.6127062 0.7903395 0 -0.6126692 0.8729681 0 -0.4877772 0.8729373 -1.101825e-05 -0.4878323 0.9360342 -1.301186e-05 -0.3519092 0.9360255 -1.732962e-05 -0.3519323 0.9780946 -1.86158e-05 -0.2081606 0.9781168 0 -0.2080564 0.9982159 0 -0.05970646 0.9982218 1.690822e-05 -0.05960988 0.9959386 1.743988e-05 0.0900358 0.9959389 1.674943e-05 0.09003187 0.9713166 1.681212e-05 0.2377901 0.9713394 -0 0.2376967 0.9248978 -0 0.380216 0.9249387 -1.881793e-05 0.3801164 0.8577387 -1.745074e-05 0.5140859 0.8577259 -1.308954e-05 0.5141073 0.7713214 -1.12174e-05 0.6364459 0.7712806 -0 0.6364954 0.6676177 -0 0.7445043 0.6676694 -1.212577e-05 0.744458 0.5489138 -1.438062e-05 0.8358789 0.5489264 -1.700583e-05 0.8358707 0.4179179 -1.848317e-05 0.9084849 0.4178218 -0 0.908529 0.2775108 -0 0.9607224 0.2774235 1.58815e-05 0.9607477 0.1309111 1.63881e-05 0.9913941 0.1309111 1.63881e-05 0.9913941 -0.01863503 1.652749e-05 0.9998264 -0.01854047 0 0.9998281 -0.1677633 0 0.9858273 -0.1676567 -1.889733e-05 0.9858454 -0.3131296 -1.772269e-05 0.9497104 -0.3131514 -1.370797e-05 0.9497032 -0.4514827 -1.187925e-05 0.8922799 -0.4515434 0 0.8922492 -0.579684 0 0.8148414 -0.5796479 -7.739134e-06 0.8148671 -0.6948914 -9.277801e-06 0.7191147 -0.694882 -1.156371e-05 0.7191237 -0.7945108 -1.253826e-05 0.60725 -0.7945544 0 0.6071929 -0.8762956 0 0.4817738 -0.8763321 1.32316e-05 0.4817074 -0.938433 1.362762e-05 0.3454614 -0.9384249 9.546152e-06 0.3454833 -0.9795023 9.964013e-06 0.2014328 -0.9794909 0 0.2014887 -0.9986012 0 0.05287429 -0.9986002 -3.174465e-06 0.05289243 -0.9952959 -3.16396e-06 -0.0968817 -0.9952906 6.327887e-06 -0.09693576 -0.969659 6.164926e-06 -0.2444612 -0.9696677 0 -0.2444271 0.6924195 0 -0.7214952 0.6924195 0 -0.7214952 0 1 0 0 1 0 0 1 -0 0 1 0 0 1 0 0 1 0 0 1 0 8.882117e-13 1 -2.303944e-13 0 1 0 0 1 0 0 1 0 0 1 -0 0 1 0 0 1 0 0 1 0 0 1 0 0 1 0 0 1 0 0 1 0 0 1 0 0 1 0 0 1 0 0 1 0 -0 1 0 0 1 0 0 1 -0 0 1 0 0 1 0 0 1 0 0 1 0 0 1 0 0 1 0 0 1 0 0 1 0 0 1 0 0 1 0 0 1 0 0 1 0 0 1 0 0 1 0 0 1 0 -0 1 0 0 1 0 0 1 0 0 1 0 0 1 0 0 1 0 0 1 -0 0 1 0 0 1 0 0 1 0 0 1 0 0 1 0 0 1 0 0 1 0 0 1 0 0 1 0 0 1 0 0 1 0 0 1 0 0 1 0 0 1 0 0 1 0 0 1 -0 0 1 0 0 1 0 0 1 0 0 1 -0 0 1 0 0 1 0 0 1 0 -0 1 0 3.472629e-13 1 3.332694e-13 0 1 0 0 1 0 0 1 0 0 1 -0 0 1 0 0 1 0 0 1 0 -0 1 0 -1.423971e-12 1 1.749328e-12 8.563917e-13 1 -1.510108e-13 6.397119e-13 1 3.203057e-14 5.100486e-13 1 1.436424e-13 4.159315e-13 1 2.265462e-13 3.372868e-13 1 2.976423e-13 2.633226e-13 1 3.663742e-13 0 1 -0 0 1 0 0 1 0 0 1 0 0 1 0 0 1 0 0 1 0 0 1 0 0 1 0 0 1 0 0 1 0 0 1 0 0 1 0 0 1 0 0 1 0 0 1 0 0 1 0 0 1 0 0 1 0 0 1 0 0 1 0 0 1 0 0 1 0 0 1 0 0 1 0 0 1 0 0 1 0 0 1 0 0 1 0 0 1 0 0 1 0 0 1 0 0 1 0 0 1 0 0 1 0 0 1 0 -0 1 0 0 1 -0 0 1 0 0 1 0 0 1 0 0 1 0 -0 1 0 0 1 0 -0 1 0</float_array>
          <technique_common>
            <accessor count="3794" source="#cubenormals-array0-array" stride="3">
              <param type="float" name="X"/>
              <param type="float" name="Y"/>
              <param type="float" name="Z"/>
            </accessor>
          </technique_common>
        </source>
        <vertices id="cubeverts-array0-vertices">
          <input semantic="POSITION" source="#cubeverts-array0"/>
        </vertices>
        <triangles count="3794" material="ref_gr_lh_link">
          <input offset="0" semantic="VERTEX" source="#cubeverts-array0-vertices"/>
          <input offset="1" semantic="NORMAL" source="#cubenormals-array0"/>
          <p>1205 0 1124 0 1129 0 1098 1 1129 1 1124 1 1124 2 1088 2 1098 2 1075 3 1098 3 1088 3 1088 4 1064 4 1075 4 1046 5 1075 5 1064 5 1064 6 1038 6 1046 6 1032 7 1046 7 1038 7 1038 8 1021 8 1032 8 1032 9 1021 9 1016 9 1016 10 1021 10 1012 10 1016 11 1012 11 1011 11 1011 12 1012 12 1013 12 1011 13 1013 13 1015 13 1015 14 1013 14 1023 14 1015 15 1023 15 1024 15 1024 16 1023 16 1039 16 1085 17 1066 17 1067 17 1067 18 1090 18 1085 18 1118 19 1085 19 1090 19 1090 20 1126 20 1118 20 1182 21 1118 21 1126 21 1314 22 1244 22 1262 22 1262 23 1331 23 1314 23 1384 24 1314 24 1331 24 1211 25 1262 25 1244 25 1211 26 1244 26 1182 26 1211 27 1182 27 1126 27 1267 28 1266 28 1212 28 1212 29 1266 29 1205 29 1212 30 1205 30 1129 30 1067 31 1066 31 1039 31 1039 32 1066 32 1040 32 1039 33 1040 33 1024 33 1514 34 1515 34 1448 34 1448 35 1515 35 1444 35 1448 36 1444 36 1390 36 1390 37 1444 37 1384 37 1390 38 1384 38 1331 38 1365 39 1351 39 1395 39 1351 40 1365 40 1315 40 1265 41 1282 41 1242 41 1242 42 1236 42 1265 42 1236 43 1242 43 1221 43 1221 44 1214 44 1236 44 1214 45 1221 45 1204 45 1204 46 1198 46 1214 46 1195 47 1198 47 1204 47 1197 48 1198 48 1195 48 1199 49 1197 49 1195 49 1206 50 1197 50 1199 50 1213 51 1206 51 1199 51 1224 52 1206 52 1213 52 1229 53 1224 53 1213 53 1253 54 1224 54 1229 54 1258 55 1253 55 1229 55 1291 56 1253 56 1258 56 1306 57 1351 57 1315 57 1306 58 1315 58 1282 58 1306 59 1282 59 1265 59 1365 60 1395 60 1397 60 1397 61 1395 61 1446 61 1397 62 1446 62 1445 62 1258 63 1294 63 1291 63 1291 64 1294 64 1339 64 1291 65 1339 65 1340 65 1572 66 1645 66 1641 66 1676 67 1641 67 1645 67 1645 68 1683 68 1676 68 1700 69 1676 69 1683 69 1683 70 1714 70 1700 70 1734 71 1700 71 1714 71 1714 72 1741 72 1734 72 1746 73 1734 73 1741 73 1741 74 1759 74 1746 74 1746 75 1759 75 1765 75 1765 76 1759 76 1770 76 1765 77 1770 77 1771 77 1771 78 1770 78 1768 78 1771 79 1768 79 1767 79 1767 80 1768 80 1758 80 1767 81 1758 81 1757 81 1757 82 1758 82 1740 82 1686 83 1712 83 1710 83 1710 84 1682 84 1686 84 1650 85 1686 85 1682 85 1682 86 1644 86 1650 86 1592 87 1650 87 1644 87 1467 88 1535 88 1518 88 1518 89 1451 89 1467 89 1396 90 1467 90 1451 90 1569 91 1518 91 1535 91 1569 92 1535 92 1592 92 1569 93 1592 93 1644 93 1515 94 1514 94 1568 94 1568 95 1514 95 1572 95 1568 96 1572 96 1641 96 1710 97 1712 97 1740 97 1740 98 1712 98 1739 98 1740 99 1739 99 1757 99 1266 100 1267 100 1336 100 1336 101 1267 101 1341 101 1336 102 1341 102 1392 102 1392 103 1341 103 1396 103 1392 104 1396 104 1451 104 1016 105 1011 105 1054 105 1686 106 1650 106 1685 106 1686 107 1685 107 1701 107 1686 108 1701 108 1712 108 1757 109 1739 109 1712 109 1757 110 1712 110 1701 110 1757 111 1701 111 1721 111 1757 112 1721 112 1765 112 1757 113 1765 113 1771 113 1757 114 1771 114 1767 114 1073 115 1066 115 1085 115 1066 116 1073 116 1040 116 1040 117 1073 117 1054 117 1040 118 1054 118 1024 118 1024 119 1054 119 1011 119 1024 120 1011 120 1015 120 1071 121 1046 121 1053 121 1053 122 1046 122 1032 122 1053 123 1032 123 1049 123 1049 124 1032 124 1016 124 1049 125 1016 125 1054 125 1685 126 1650 126 1656 126 1656 127 1650 127 1592 127 1656 128 1592 128 1607 128 1607 129 1592 129 1535 129 1607 130 1535 130 1545 130 1545 131 1535 131 1467 131 1545 132 1467 132 1488 132 1488 133 1467 133 1396 133 1488 134 1396 134 1416 134 1416 135 1396 135 1341 135 1416 136 1341 136 1352 136 1352 137 1341 137 1267 137 1352 138 1267 138 1288 138 1288 139 1267 139 1212 139 1288 140 1212 140 1223 140 1223 141 1212 141 1129 141 1223 142 1129 142 1156 142 1156 143 1129 143 1098 143 1156 144 1098 144 1109 144 1109 145 1098 145 1075 145 1109 146 1075 146 1084 146 1084 147 1075 147 1046 147 1084 148 1046 148 1071 148 1168 149 1112 149 1182 149 1182 150 1112 150 1087 150 1182 151 1087 151 1118 151 1118 152 1087 152 1073 152 1118 153 1073 153 1085 153 1726 154 1723 154 1746 154 1746 155 1723 155 1708 155 1746 156 1708 156 1734 156 1734 157 1708 157 1689 157 1734 158 1689 158 1700 158 1700 159 1689 159 1664 159 1700 160 1664 160 1676 160 1676 161 1664 161 1617 161 1676 162 1617 162 1641 162 1641 163 1617 163 1556 163 1641 164 1556 164 1568 164 1568 165 1556 165 1496 165 1568 166 1496 166 1515 166 1515 167 1496 167 1432 167 1515 168 1432 168 1444 168 1444 169 1432 169 1371 169 1444 170 1371 170 1384 170 1384 171 1371 171 1296 171 1384 172 1296 172 1314 172 1314 173 1296 173 1235 173 1314 174 1235 174 1244 174 1244 175 1235 175 1168 175 1244 176 1168 176 1182 176 1726 177 1746 177 1721 177 1721 178 1746 178 1765 178 1569 179 1644 179 1560 179 1644 180 1635 180 1560 180 1283 181 1262 181 1219 181 1262 182 1211 182 1219 182 1682 183 1675 183 1635 183 1635 184 1644 184 1682 184 1710 185 1699 185 1675 185 1675 186 1682 186 1710 186 1740 187 1732 187 1699 187 1699 188 1710 188 1740 188 1758 189 1745 189 1732 189 1732 190 1740 190 1758 190 1768 191 1756 191 1745 191 1745 192 1758 192 1768 192 1770 193 1755 193 1756 193 1756 194 1768 194 1770 194 1759 195 1744 195 1755 195 1755 196 1770 196 1759 196 1741 197 1728 197 1744 197 1744 198 1759 198 1741 198 1714 199 1696 199 1728 199 1728 200 1741 200 1714 200 1683 201 1666 201 1696 201 1696 202 1714 202 1683 202 1645 203 1627 203 1666 203 1666 204 1683 204 1645 204 1572 205 1558 205 1627 205 1627 206 1645 206 1572 206 1448 207 1418 207 1493 207 1390 208 1350 208 1418 208 1418 209 1448 209 1390 209 1331 210 1283 210 1350 210 1350 211 1390 211 1331 211 1283 212 1331 212 1262 212 1514 213 1448 213 1493 213 1514 214 1493 214 1558 214 1514 215 1558 215 1572 215 1620 216 1617 216 1671 216 1617 217 1690 217 1671 217 1609 218 1646 218 1545 218 1646 219 1607 219 1545 219 1296 220 1239 220 1235 220 1239 221 1165 221 1235 221 1646 222 1681 222 1607 222 1681 223 1656 223 1607 223 1715 224 1685 224 1656 224 1656 225 1681 225 1715 225 1743 226 1701 226 1685 226 1685 227 1715 227 1743 227 1774 228 1721 228 1701 228 1701 229 1743 229 1774 229 1721 230 1774 230 1792 230 1795 231 1778 231 1723 231 1726 232 1795 232 1723 232 1778 233 1753 233 1708 233 1723 234 1778 234 1708 234 1689 235 1708 235 1753 235 1690 236 1617 236 1664 236 1664 237 1709 237 1690 237 1556 238 1617 238 1620 238 1534 239 1496 239 1556 239 1556 240 1620 240 1534 240 1443 241 1432 241 1496 241 1496 242 1534 242 1443 242 1377 243 1371 243 1432 243 1432 244 1443 244 1377 244 1305 245 1296 245 1371 245 1371 246 1377 246 1305 246 1296 247 1305 247 1239 247 1800 248 1795 248 1726 248 1800 249 1726 249 1721 249 1800 250 1721 250 1792 250 1753 251 1735 251 1689 251 1689 252 1735 252 1709 252 1689 253 1709 253 1664 253 1488 254 1540 254 1545 254 1540 255 1609 255 1545 255 1153 256 1156 256 1104 256 1156 257 1083 257 1104 257 1165 258 1123 258 1235 258 1123 259 1168 259 1235 259 1123 260 1092 260 1168 260 1092 261 1112 261 1168 261 1062 262 1087 262 1112 262 1112 263 1092 263 1062 263 1037 264 1073 264 1087 264 1087 265 1062 265 1037 265 1007 266 1054 266 1073 266 1073 267 1037 267 1007 267 1054 268 1007 268 997 268 991 269 1004 269 1053 269 1049 270 991 270 1053 270 1004 271 1029 271 1071 271 1053 272 1004 272 1071 272 1084 273 1071 273 1029 273 1083 274 1156 274 1109 274 1109 275 1068 275 1083 275 1223 276 1156 276 1153 276 1247 277 1288 277 1223 277 1223 278 1153 278 1247 278 1346 279 1352 279 1288 279 1288 280 1247 280 1346 280 1408 281 1416 281 1352 281 1352 282 1346 282 1408 282 1478 283 1488 283 1416 283 1416 284 1408 284 1478 284 1488 285 1478 285 1540 285 988 286 991 286 1049 286 988 287 1049 287 1054 287 988 288 1054 288 997 288 1029 289 1045 289 1084 289 1084 290 1045 290 1068 290 1084 291 1068 291 1109 291 1500 292 1518 292 1560 292 1518 293 1569 293 1560 293 1211 294 1126 294 1219 294 1126 295 1137 295 1219 295 1090 296 1099 296 1137 296 1137 297 1126 297 1090 297 1067 298 1076 298 1099 298 1099 299 1090 299 1067 299 1039 300 1047 300 1076 300 1076 301 1067 301 1039 301 1023 302 1033 302 1047 302 1047 303 1039 303 1023 303 1013 304 1026 304 1033 304 1033 305 1023 305 1013 305 1012 306 1028 306 1026 306 1026 307 1013 307 1012 307 1021 308 1034 308 1028 308 1028 309 1012 309 1021 309 1038 310 1048 310 1034 310 1034 311 1021 311 1038 311 1064 312 1078 312 1048 312 1048 313 1038 313 1064 313 1088 314 1107 314 1078 314 1078 315 1064 315 1088 315 1124 316 1147 316 1107 316 1107 317 1088 317 1124 317 1205 318 1222 318 1147 318 1147 319 1124 319 1205 319 1336 320 1368 320 1290 320 1392 321 1434 321 1368 321 1368 322 1336 322 1392 322 1451 323 1500 323 1434 323 1434 324 1392 324 1451 324 1500 325 1451 325 1518 325 1266 326 1336 326 1290 326 1266 327 1290 327 1222 327 1266 328 1222 328 1205 328 1258 329 1222 329 1294 329 1500 330 1560 330 1635 330 1500 331 1635 331 1675 331 1500 332 1675 332 1699 332 1500 333 1699 333 1732 333 1574 334 1756 334 1755 334 1574 335 1755 335 1744 335 1574 336 1744 336 1728 336 1574 337 1728 337 1696 337 1574 338 1696 338 1666 338 1574 339 1666 339 1581 339 1204 340 1221 340 1283 340 1204 341 1283 341 1219 341 1204 342 1219 342 1137 342 1204 343 1137 343 1099 343 1204 344 1099 344 1076 344 1204 345 1076 345 1047 345 1204 346 1047 346 1033 346 1204 347 1033 347 1026 347 1204 348 1026 348 1028 348 1204 349 1028 349 1034 349 1204 350 1034 350 1048 350 1204 351 1048 351 1078 351 1204 352 1078 352 1107 352 1204 353 1107 353 1195 353 1500 354 1566 354 1543 354 1500 355 1543 355 1516 355 1500 356 1516 356 1434 356 1756 357 1574 357 1745 357 1745 358 1574 358 1566 358 1745 359 1566 359 1732 359 1732 360 1566 360 1500 360 1195 361 1107 361 1199 361 1199 362 1107 362 1147 362 1199 363 1147 363 1213 363 1222 364 1258 364 1147 364 1147 365 1258 365 1229 365 1147 366 1229 366 1213 366 1294 367 1222 367 1339 367 1339 368 1222 368 1290 368 1339 369 1290 369 1386 369 1386 370 1290 370 1368 370 1386 371 1368 371 1426 371 1426 372 1368 372 1473 372 1473 373 1368 373 1434 373 1473 374 1434 374 1516 374 1283 375 1221 375 1350 375 1350 376 1221 376 1242 376 1350 377 1242 377 1282 377 1350 378 1282 378 1418 378 1418 379 1282 379 1315 379 1418 380 1315 380 1365 380 1418 381 1365 381 1493 381 1493 382 1365 382 1397 382 1493 383 1397 383 1445 383 1493 384 1445 384 1558 384 1558 385 1445 385 1492 385 1558 386 1492 386 1627 386 1627 387 1492 387 1527 387 1627 388 1527 388 1555 388 1627 389 1555 389 1666 389 1666 390 1555 390 1571 390 1666 391 1571 391 1581 391 1164 392 1165 392 1228 392 1228 393 1165 393 1239 393 1228 394 1239 394 1318 394 1318 395 1239 395 1305 395 1318 396 1305 396 1404 396 1404 397 1305 397 1377 397 1404 398 1377 398 1443 398 1404 399 1443 399 1476 399 1476 400 1443 400 1534 400 1476 401 1534 401 1538 401 1538 402 1534 402 1611 402 1611 403 1534 403 1620 403 1611 404 1620 404 1672 404 1672 405 1620 405 1671 405 1609 406 1610 406 1649 406 1609 407 1649 407 1677 407 1609 408 1677 408 1698 408 1609 409 1698 409 1733 409 1609 410 1733 410 1769 410 1609 411 1769 411 1793 411 1609 412 1793 412 1646 412 1800 413 1792 413 1774 413 1800 414 1774 414 1743 414 1800 415 1743 415 1715 415 1800 416 1715 416 1681 416 1800 417 1681 417 1801 417 1793 418 1801 418 1646 418 1646 419 1801 419 1681 419 1800 420 1801 420 1794 420 1800 421 1794 421 1783 421 1800 422 1783 422 1766 422 1800 423 1766 423 1742 423 1800 424 1742 424 1711 424 1800 425 1711 425 1688 425 1800 426 1688 426 1672 426 1800 427 1672 427 1671 427 1800 428 1671 428 1795 428 1671 429 1690 429 1709 429 1671 430 1709 430 1735 430 1671 431 1735 431 1753 431 1671 432 1753 432 1778 432 1671 433 1778 433 1795 433 988 434 997 434 1122 434 988 435 1122 435 1091 435 988 436 1091 436 1063 436 988 437 1063 437 1036 437 988 438 1036 438 1008 438 988 439 1008 439 996 439 988 440 996 440 989 440 1165 441 1164 441 1037 441 1165 442 1037 442 1062 442 1165 443 1062 443 1092 443 1165 444 1092 444 1123 444 1037 445 1164 445 1007 445 1007 446 1164 446 1122 446 1007 447 1122 447 997 447 1104 448 1083 448 988 448 1104 449 988 449 989 449 1104 450 989 450 990 450 1104 451 990 451 1003 451 1104 452 1003 452 1030 452 1104 453 1030 453 1044 453 1104 454 1044 454 1069 454 1104 455 1069 455 1082 455 1104 456 1082 456 1105 456 988 457 1083 457 1068 457 988 458 1068 458 1045 458 988 459 1045 459 1029 459 988 460 1029 460 1004 460 988 461 1004 461 991 461 1347 462 1247 462 1246 462 1246 463 1247 463 1153 463 1246 464 1153 464 1152 464 1152 465 1153 465 1104 465 1152 466 1104 466 1105 466 1247 467 1347 467 1346 467 1346 468 1347 468 1407 468 1346 469 1407 469 1408 469 1408 470 1407 470 1479 470 1408 471 1479 471 1478 471 1478 472 1479 472 1539 472 1478 473 1539 473 1540 473 1540 474 1539 474 1610 474 1540 475 1610 475 1609 475 1566 476 1544 476 1543 476 1543 477 1544 477 1517 477 1543 478 1517 478 1516 478 1516 479 1517 479 1477 479 1516 480 1477 480 1473 480 1473 481 1477 481 1433 481 1473 482 1433 482 1426 482 1426 483 1433 483 1387 483 1426 484 1387 484 1386 484 1386 485 1387 485 1340 485 1386 486 1340 486 1339 486 1544 487 1566 487 1567 487 1567 488 1566 488 1574 488 1567 489 1574 489 1575 489 1575 490 1574 490 1581 490 1575 491 1581 491 1580 491 1580 492 1581 492 1571 492 1580 493 1571 493 1570 493 1570 494 1571 494 1555 494 1570 495 1555 495 1554 495 1554 496 1555 496 1527 496 1554 497 1527 497 1526 497 1526 498 1527 498 1492 498 1526 499 1492 499 1491 499 1491 500 1492 500 1445 500 1491 501 1445 501 1446 501 1793 502 1725 502 1801 502 1725 503 1794 503 1801 503 1688 504 1594 504 1672 504 1594 505 1611 505 1672 505 1164 506 1228 506 1234 506 1228 507 1292 507 1234 507 1605 508 1649 508 1546 508 1649 509 1610 509 1546 509 1228 510 1318 510 1292 510 1318 511 1358 511 1292 511 1404 512 1415 512 1358 512 1358 513 1318 513 1404 513 1476 514 1486 514 1415 514 1415 515 1404 515 1476 515 1538 516 1537 516 1486 516 1486 517 1476 517 1538 517 1611 518 1594 518 1537 518 1537 519 1538 519 1611 519 1688 520 1648 520 1594 520 1711 521 1678 521 1648 521 1648 522 1688 522 1711 522 1742 523 1695 523 1678 523 1678 524 1711 524 1742 524 1742 525 1766 525 1695 525 1713 526 1695 526 1766 526 1783 527 1713 527 1766 527 1724 528 1713 528 1783 528 1794 529 1724 529 1783 529 1724 530 1794 530 1725 530 1793 531 1716 531 1725 531 1769 532 1697 532 1716 532 1716 533 1793 533 1769 533 1733 534 1680 534 1697 534 1697 535 1769 535 1733 535 1698 536 1653 536 1680 536 1680 537 1733 537 1698 537 1677 538 1605 538 1653 538 1653 539 1698 539 1677 539 1605 540 1677 540 1649 540 1173 541 1122 541 1234 541 1122 542 1164 542 1234 542 996 543 1051 543 989 543 1051 544 990 544 989 544 1082 545 1180 545 1105 545 1180 546 1152 546 1105 546 1610 547 1539 547 1546 547 1539 548 1490 548 1546 548 1539 549 1479 549 1490 549 1479 550 1407 550 1425 550 1490 551 1479 551 1425 551 1407 552 1347 552 1372 552 1425 553 1407 553 1372 553 1299 554 1372 554 1347 554 1246 555 1299 555 1347 555 1240 556 1299 556 1246 556 1152 557 1180 557 1240 557 1240 558 1246 558 1152 558 1082 559 1120 559 1180 559 1069 560 1095 560 1120 560 1120 561 1082 561 1069 561 1044 562 1079 562 1095 562 1095 563 1069 563 1044 563 1030 564 1079 564 1044 564 1065 565 1079 565 1030 565 1003 566 1065 566 1030 566 1052 567 1065 567 1003 567 990 568 1052 568 1003 568 1051 569 1052 569 990 569 996 570 1008 570 1060 570 1051 571 996 571 1060 571 1008 572 1036 572 1077 572 1060 573 1008 573 1077 573 1036 574 1063 574 1093 574 1077 575 1036 575 1093 575 1115 576 1093 576 1063 576 1091 577 1173 577 1115 577 1115 578 1063 578 1091 578 1173 579 1091 579 1122 579 1306 580 1225 580 1270 580 1306 581 1265 581 1225 581 1265 582 1181 582 1225 582 1236 583 1138 583 1181 583 1236 584 1181 584 1265 584 1214 585 1117 585 1138 585 1214 586 1138 586 1236 586 1198 587 1110 587 1117 587 1198 588 1117 588 1214 588 1198 589 1197 589 1108 589 1198 590 1108 590 1110 590 1197 591 1206 591 1111 591 1111 592 1108 592 1197 592 1111 593 1206 593 1125 593 1224 594 1163 594 1125 594 1224 595 1125 595 1206 595 1253 596 1163 596 1224 596 1298 597 1248 597 1291 597 1387 598 1433 598 1403 598 1403 599 1353 599 1387 599 1340 600 1387 600 1353 600 1340 601 1353 601 1298 601 1340 602 1298 602 1291 602 1291 603 1248 603 1253 603 1253 604 1248 604 1210 604 1253 605 1210 605 1163 605 1477 606 1513 606 1433 606 1433 607 1513 607 1459 607 1433 608 1459 608 1403 608 1477 609 1557 609 1513 609 1477 610 1517 610 1557 610 1306 611 1332 611 1351 611 1306 612 1270 612 1332 612 1517 613 1600 613 1557 613 1544 614 1643 614 1600 614 1544 615 1600 615 1517 615 1567 616 1655 616 1643 616 1567 617 1643 617 1544 617 1575 618 1665 618 1655 618 1575 619 1655 619 1567 619 1580 620 1663 620 1665 620 1580 621 1665 621 1575 621 1570 622 1651 622 1663 622 1570 623 1663 623 1580 623 1554 624 1589 624 1629 624 1554 625 1629 625 1570 625 1570 626 1629 626 1651 626 1526 627 1541 627 1589 627 1526 628 1589 628 1554 628 1491 629 1495 629 1541 629 1491 630 1541 630 1526 630 1395 631 1388 631 1440 631 1351 632 1332 632 1388 632 1351 633 1388 633 1395 633 1446 634 1395 634 1440 634 1446 635 1440 635 1495 635 1446 636 1495 636 1491 636 1108 637 1111 637 1095 637 1225 638 1292 638 1270 638 1655 639 1665 639 1695 639 1655 640 1695 640 1713 640 1655 641 1713 641 1724 641 1655 642 1724 642 1725 642 1655 643 1725 643 1716 643 1117 644 1110 644 1051 644 1117 645 1051 645 1060 645 1117 646 1060 646 1077 646 1117 647 1077 647 1093 647 1117 648 1093 648 1115 648 1117 649 1115 649 1173 649 1117 650 1173 650 1234 650 1117 651 1234 651 1138 651 1653 652 1605 652 1680 652 1680 653 1605 653 1643 653 1680 654 1643 654 1697 654 1697 655 1643 655 1655 655 1697 656 1655 656 1716 656 1052 657 1051 657 1065 657 1065 658 1051 658 1110 658 1065 659 1110 659 1079 659 1079 660 1110 660 1108 660 1079 661 1108 661 1095 661 1163 662 1120 662 1125 662 1125 663 1120 663 1095 663 1125 664 1095 664 1111 664 1353 665 1299 665 1298 665 1298 666 1299 666 1240 666 1298 667 1240 667 1248 667 1248 668 1240 668 1180 668 1248 669 1180 669 1210 669 1210 670 1180 670 1120 670 1210 671 1120 671 1163 671 1600 672 1546 672 1557 672 1557 673 1546 673 1490 673 1557 674 1490 674 1513 674 1513 675 1490 675 1425 675 1513 676 1425 676 1459 676 1459 677 1425 677 1372 677 1459 678 1372 678 1403 678 1403 679 1372 679 1299 679 1403 680 1299 680 1353 680 1605 681 1546 681 1643 681 1643 682 1546 682 1600 682 1138 683 1234 683 1181 683 1181 684 1234 684 1292 684 1181 685 1292 685 1225 685 1589 686 1541 686 1594 686 1594 687 1541 687 1495 687 1594 688 1495 688 1537 688 1537 689 1495 689 1440 689 1537 690 1440 690 1486 690 1486 691 1440 691 1388 691 1486 692 1388 692 1415 692 1415 693 1388 693 1332 693 1415 694 1332 694 1358 694 1358 695 1332 695 1270 695 1358 696 1270 696 1292 696 1665 697 1663 697 1695 697 1695 698 1663 698 1651 698 1695 699 1651 699 1678 699 1678 700 1651 700 1629 700 1678 701 1629 701 1648 701 1648 702 1629 702 1589 702 1648 703 1589 703 1594 703 1454 704 1458 704 1399 704 1399 705 1458 705 1402 705 1399 706 1402 706 1354 706 1354 707 1402 707 1357 707 1354 708 1357 708 1300 708 1300 709 1357 709 1303 709 1300 710 1303 710 1249 710 1249 711 1303 711 1252 711 1249 712 1252 712 1215 712 1215 713 1252 713 1218 713 1215 714 1218 714 1175 714 1175 715 1218 715 1178 715 1175 716 1178 716 1148 716 1148 717 1178 717 1151 717 1148 718 1151 718 1133 718 1133 719 1151 719 1136 719 1133 720 1136 720 1139 720 1139 721 1136 721 1142 721 1139 722 1142 722 1157 722 1157 723 1142 723 1160 723 1157 724 1160 724 1191 724 1191 725 1160 725 1194 725 1191 726 1194 726 1230 726 1230 727 1194 727 1233 727 1230 728 1233 728 1275 728 1275 729 1233 729 1278 729 1275 730 1278 730 1325 730 1325 731 1278 731 1329 731 1000 732 998 732 999 732 999 733 998 733 1001 733 999 734 1001 734 1005 734 1005 735 1001 735 1006 735 1005 736 1006 736 1014 736 1014 737 1006 737 1025 737 1014 738 1025 738 1035 738 1025 739 1042 739 1035 739 1059 740 1035 740 1042 740 1042 741 1072 741 1059 741 1086 742 1059 742 1072 742 1072 743 1096 743 1086 743 1121 744 1086 744 1096 744 1096 745 1127 745 1121 745 1200 746 1121 746 1127 746 1127 747 1207 747 1200 747 1337 748 1376 748 1398 748 1398 749 1376 749 1447 749 1398 750 1447 750 1472 750 1472 751 1447 751 1520 751 1472 752 1520 752 1536 752 1536 753 1520 753 1590 753 1536 754 1590 754 1606 754 1606 755 1590 755 1654 755 1606 756 1654 756 1662 756 1662 757 1654 757 1693 757 1662 758 1693 758 1694 758 1694 759 1693 759 1729 759 1009 760 1010 760 1000 760 1000 761 1010 761 1002 761 1000 762 1002 762 998 762 1200 763 1207 763 1261 763 1261 764 1207 764 1260 764 1261 765 1260 765 1337 765 1337 766 1260 766 1297 766 1337 767 1297 767 1376 767 1773 768 1772 768 1754 768 1754 769 1772 769 1752 769 1754 770 1752 770 1729 770 1729 771 1752 771 1730 771 1729 772 1730 772 1694 772 1325 773 1329 773 1379 773 1379 774 1329 774 1383 774 1379 775 1383 775 1429 775 1429 776 1383 776 1431 776 1429 777 1431 777 1481 777 1481 778 1431 778 1483 778 1481 779 1483 779 1529 779 1529 780 1483 780 1531 780 1529 781 1531 781 1563 781 1563 782 1531 782 1565 782 1563 783 1565 783 1597 783 1597 784 1565 784 1599 784 1597 785 1599 785 1621 785 1621 786 1599 786 1625 786 1621 787 1625 787 1638 787 1638 788 1625 788 1640 788 1638 789 1640 789 1632 789 1632 790 1640 790 1634 790 1632 791 1634 791 1612 791 1612 792 1634 792 1614 792 1612 793 1614 793 1582 793 1582 794 1614 794 1584 794 1582 795 1584 795 1549 795 1549 796 1584 796 1551 796 1549 797 1551 797 1508 797 1508 798 1551 798 1510 798 1508 799 1510 799 1454 799 1454 800 1510 800 1458 800 1133 801 1175 801 1148 801 1175 802 1133 802 1215 802 1215 803 1133 803 1139 803 1215 804 1139 804 1249 804 1249 805 1139 805 1157 805 1249 806 1157 806 1300 806 1300 807 1157 807 1191 807 1300 808 1191 808 1354 808 1354 809 1191 809 1230 809 1354 810 1230 810 1399 810 1399 811 1230 811 1275 811 1399 812 1275 812 1454 812 1454 813 1275 813 1325 813 1454 814 1325 814 1508 814 1508 815 1325 815 1379 815 1508 816 1379 816 1549 816 1549 817 1379 817 1429 817 1549 818 1429 818 1582 818 1582 819 1429 819 1481 819 1582 820 1481 820 1612 820 1612 821 1481 821 1529 821 1612 822 1529 822 1632 822 1632 823 1529 823 1563 823 1632 824 1563 824 1638 824 1638 825 1563 825 1597 825 1638 826 1597 826 1621 826 1151 827 1178 827 1259 827 1151 828 1259 828 1190 828 1151 829 1190 829 1116 829 1151 830 1116 830 1081 830 1151 831 1081 831 1050 831 1151 832 1050 832 1031 832 1151 833 1031 833 1009 833 1151 834 1009 834 1000 834 1151 835 1000 835 999 835 1151 836 999 836 1005 836 1151 837 1005 837 1014 837 1151 838 1014 838 1035 838 1151 839 1035 839 1059 839 1151 840 1059 840 1136 840 1536 841 1772 841 1625 841 1536 842 1625 842 1599 842 1536 843 1599 843 1565 843 1536 844 1565 844 1472 844 1772 845 1536 845 1606 845 1772 846 1606 846 1662 846 1772 847 1662 847 1694 847 1772 848 1694 848 1730 848 1772 849 1730 849 1752 849 1702 850 1674 850 1614 850 1702 851 1614 851 1634 851 1702 852 1634 852 1640 852 1702 853 1640 853 1625 853 1772 854 1779 854 1782 854 1772 855 1782 855 1777 855 1772 856 1777 856 1764 856 1772 857 1764 857 1738 857 1772 858 1738 858 1702 858 1772 859 1702 859 1625 859 1136 860 1059 860 1142 860 1142 861 1059 861 1086 861 1142 862 1086 862 1160 862 1160 863 1086 863 1121 863 1160 864 1121 864 1194 864 1194 865 1121 865 1233 865 1233 866 1121 866 1200 866 1233 867 1200 867 1278 867 1278 868 1200 868 1329 868 1329 869 1200 869 1261 869 1329 870 1261 870 1383 870 1383 871 1261 871 1337 871 1383 872 1337 872 1431 872 1431 873 1337 873 1398 873 1431 874 1398 874 1483 874 1483 875 1398 875 1531 875 1531 876 1398 876 1472 876 1531 877 1472 877 1565 877 1259 878 1178 878 1338 878 1338 879 1178 879 1218 879 1338 880 1218 880 1252 880 1338 881 1252 881 1409 881 1409 882 1252 882 1303 882 1409 883 1303 883 1357 883 1409 884 1357 884 1487 884 1487 885 1357 885 1402 885 1487 886 1402 886 1553 886 1553 887 1402 887 1458 887 1553 888 1458 888 1510 888 1553 889 1510 889 1619 889 1619 890 1510 890 1551 890 1619 891 1551 891 1674 891 1674 892 1551 892 1584 892 1674 893 1584 893 1614 893 1782 894 1779 894 1781 894 1781 895 1780 895 1782 895 1777 896 1782 896 1780 896 1780 897 1775 897 1777 897 1764 898 1777 898 1775 898 1775 899 1751 899 1764 899 1738 900 1764 900 1751 900 1751 901 1727 901 1738 901 1702 902 1738 902 1727 902 1727 903 1691 903 1702 903 1674 904 1702 904 1691 904 1691 905 1652 905 1674 905 1619 906 1674 906 1652 906 1652 907 1587 907 1619 907 1553 908 1619 908 1587 908 1409 909 1487 909 1450 909 1450 910 1391 910 1409 910 1338 911 1409 911 1391 911 1391 912 1333 912 1338 912 1259 913 1209 913 1190 913 1190 914 1209 914 1128 914 1190 915 1128 915 1116 915 1116 916 1128 916 1097 916 1116 917 1097 917 1081 917 1097 918 1074 918 1081 918 1050 919 1081 919 1074 919 1074 920 1043 920 1050 920 1031 921 1050 921 1043 921 1519 922 1450 922 1487 922 1519 923 1487 923 1553 923 1519 924 1553 924 1587 924 1772 925 1773 925 1779 925 1779 926 1773 926 1776 926 1779 927 1776 927 1781 927 1338 928 1333 928 1259 928 1259 929 1333 929 1268 929 1259 930 1268 930 1209 930 1010 931 1009 931 1027 931 1027 932 1009 932 1031 932 1027 933 1031 933 1043 933 1260 934 1289 934 1297 934 1260 935 1207 935 1289 935 1499 936 1542 936 1525 936 1006 937 1001 937 1022 937 1072 938 1042 938 1061 938 1391 939 1364 939 1333 939 1155 940 1203 940 1174 940 1450 941 1494 941 1424 941 1450 942 1424 942 1391 942 1196 943 1289 943 1207 943 1207 944 1127 944 1196 944 1385 945 1376 945 1297 945 1652 946 1642 946 1587 946 1588 947 1552 947 1506 947 1687 948 1652 948 1691 948 1593 949 1590 949 1520 949 1727 950 1751 950 1737 950 1737 951 1687 951 1727 951 1692 952 1693 952 1654 952 1781 953 1776 953 1722 953 1722 954 1731 954 1781 954 1780 955 1781 955 1731 955 1731 956 1736 956 1780 956 1089 957 1074 957 1119 957 1074 958 1097 958 1119 958 1196 959 1127 959 1096 959 1469 960 1417 960 1466 960 1466 961 1417 961 1442 961 1385 962 1447 962 1376 962 1593 963 1654 963 1590 963 1687 964 1691 964 1727 964 1187 965 1155 965 1114 965 1187 966 1114 966 1154 966 1187 967 1154 967 1243 967 1187 968 1243 968 1279 968 1313 969 1279 969 1243 969 1313 970 1243 970 1335 970 1313 971 1335 971 1316 971 1449 972 1405 972 1393 972 1449 973 1393 973 1470 973 1449 974 1470 974 1542 974 1449 975 1542 975 1499 975 1498 976 1480 976 1507 976 1498 977 1507 977 1591 977 1498 978 1591 978 1573 978 1618 979 1573 979 1591 979 1618 980 1591 980 1673 980 1618 981 1673 981 1661 981 1618 982 1661 982 1588 982 1519 983 1587 983 1559 983 1519 984 1559 984 1494 984 1519 985 1494 985 1450 985 1010 986 1027 986 1070 986 1010 987 1070 987 1041 987 1010 988 1041 988 1002 988 1269 989 1174 989 1203 989 1269 990 1203 990 1287 990 1269 991 1287 991 1304 991 1269 992 1304 992 1319 992 1269 993 1319 993 1322 993 1269 994 1322 994 1321 994 1269 995 1321 995 1307 995 1269 996 1307 996 1241 996 1114 997 1155 997 1094 997 1094 998 1155 998 1174 998 1094 999 1174 999 1080 999 1080 1000 1174 1000 1132 1000 1080 1001 1132 1001 1061 1001 1061 1002 1132 1002 1113 1002 1061 1003 1113 1003 1072 1003 1072 1004 1113 1004 1106 1004 1072 1005 1106 1005 1096 1005 1417 1006 1469 1006 1413 1006 1413 1007 1469 1007 1453 1007 1413 1008 1453 1008 1389 1008 1389 1009 1453 1009 1435 1009 1389 1010 1435 1010 1378 1010 1378 1011 1435 1011 1406 1011 1378 1012 1406 1012 1334 1012 1334 1013 1406 1013 1311 1013 1334 1014 1311 1014 1285 1014 1469 1015 1506 1015 1453 1015 1453 1016 1506 1016 1552 1016 1453 1017 1552 1017 1435 1017 1435 1018 1552 1018 1528 1018 1435 1019 1528 1019 1406 1019 1406 1020 1528 1020 1501 1020 1406 1021 1501 1021 1385 1021 1385 1022 1501 1022 1474 1022 1385 1023 1474 1023 1447 1023 1588 1024 1661 1024 1552 1024 1552 1025 1661 1025 1647 1025 1552 1026 1647 1026 1528 1026 1528 1027 1647 1027 1626 1027 1528 1028 1626 1028 1501 1028 1501 1029 1626 1029 1593 1029 1501 1030 1593 1030 1474 1030 1474 1031 1593 1031 1520 1031 1474 1032 1520 1032 1447 1032 1654 1033 1593 1033 1692 1033 1692 1034 1593 1034 1626 1034 1692 1035 1626 1035 1707 1035 1707 1036 1626 1036 1647 1036 1707 1037 1647 1037 1722 1037 1722 1038 1647 1038 1661 1038 1722 1039 1661 1039 1731 1039 1731 1040 1661 1040 1673 1040 1731 1041 1673 1041 1736 1041 1736 1042 1673 1042 1679 1042 1736 1043 1679 1043 1737 1043 1737 1044 1679 1044 1684 1044 1737 1045 1684 1045 1687 1045 1707 1046 1754 1046 1692 1046 1692 1047 1754 1047 1729 1047 1692 1048 1729 1048 1693 1048 1722 1049 1776 1049 1707 1049 1707 1050 1776 1050 1773 1050 1707 1051 1773 1051 1754 1051 1737 1052 1751 1052 1736 1052 1736 1053 1751 1053 1775 1053 1736 1054 1775 1054 1780 1054 1002 1055 1041 1055 998 1055 998 1056 1041 1056 1022 1056 998 1057 1022 1057 1001 1057 1070 1058 1027 1058 1089 1058 1089 1059 1027 1059 1043 1059 1089 1060 1043 1060 1074 1060 1119 1061 1097 1061 1179 1061 1179 1062 1097 1062 1128 1062 1179 1063 1128 1063 1209 1063 1042 1064 1025 1064 1061 1064 1061 1065 1025 1065 1006 1065 1061 1066 1006 1066 1080 1066 1080 1067 1006 1067 1022 1067 1080 1068 1022 1068 1094 1068 1094 1069 1022 1069 1041 1069 1094 1070 1041 1070 1114 1070 1114 1071 1041 1071 1070 1071 1114 1072 1070 1072 1154 1072 1154 1073 1070 1073 1089 1073 1154 1074 1089 1074 1208 1074 1208 1075 1089 1075 1119 1075 1208 1076 1119 1076 1245 1076 1245 1077 1119 1077 1179 1077 1245 1078 1179 1078 1209 1078 1245 1079 1209 1079 1293 1079 1293 1080 1209 1080 1268 1080 1293 1081 1268 1081 1333 1081 1243 1082 1154 1082 1284 1082 1284 1083 1154 1083 1208 1083 1284 1084 1208 1084 1324 1084 1324 1085 1208 1085 1245 1085 1324 1086 1245 1086 1364 1086 1364 1087 1245 1087 1293 1087 1364 1088 1293 1088 1333 1088 1174 1089 1269 1089 1132 1089 1132 1090 1269 1090 1241 1090 1132 1091 1241 1091 1113 1091 1113 1092 1241 1092 1220 1092 1113 1093 1220 1093 1106 1093 1106 1094 1220 1094 1196 1094 1106 1095 1196 1095 1096 1095 1335 1096 1243 1096 1370 1096 1370 1097 1243 1097 1284 1097 1370 1098 1284 1098 1393 1098 1393 1099 1284 1099 1324 1099 1393 1100 1324 1100 1424 1100 1424 1101 1324 1101 1364 1101 1424 1102 1364 1102 1391 1102 1289 1103 1196 1103 1311 1103 1311 1104 1196 1104 1220 1104 1311 1105 1220 1105 1285 1105 1285 1106 1220 1106 1241 1106 1285 1107 1241 1107 1307 1107 1393 1108 1424 1108 1470 1108 1470 1109 1424 1109 1494 1109 1470 1110 1494 1110 1542 1110 1542 1111 1494 1111 1559 1111 1348 1112 1316 1112 1369 1112 1369 1113 1316 1113 1335 1113 1369 1114 1335 1114 1375 1114 1375 1115 1335 1115 1394 1115 1394 1116 1335 1116 1370 1116 1394 1117 1370 1117 1405 1117 1405 1118 1370 1118 1393 1118 1311 1119 1406 1119 1289 1119 1289 1120 1406 1120 1385 1120 1289 1121 1385 1121 1297 1121 1480 1122 1464 1122 1507 1122 1507 1123 1464 1123 1461 1123 1507 1124 1461 1124 1463 1124 1507 1125 1463 1125 1525 1125 1525 1126 1463 1126 1475 1126 1525 1127 1475 1127 1499 1127 1591 1128 1507 1128 1608 1128 1608 1129 1507 1129 1525 1129 1608 1130 1525 1130 1628 1130 1628 1131 1525 1131 1542 1131 1628 1132 1542 1132 1642 1132 1642 1133 1542 1133 1559 1133 1642 1134 1559 1134 1587 1134 1673 1135 1591 1135 1679 1135 1679 1136 1591 1136 1608 1136 1679 1137 1608 1137 1684 1137 1684 1138 1608 1138 1628 1138 1684 1139 1628 1139 1687 1139 1687 1140 1628 1140 1642 1140 1687 1141 1642 1141 1652 1141 1375 1142 1394 1142 1374 1142 1374 1143 1394 1143 1405 1143 1312 1144 1187 1144 1313 1144 1313 1145 1187 1145 1279 1145 1286 1146 1287 1146 1155 1146 1155 1147 1287 1147 1203 1147 1307 1148 1321 1148 1285 1148 1285 1149 1321 1149 1320 1149 1463 1150 1462 1150 1475 1150 1475 1151 1462 1151 1499 1151 1389 1152 1378 1152 1413 1152 1413 1153 1378 1153 1412 1153 1588 1154 1506 1154 1468 1154 1468 1155 1506 1155 1469 1155 1618 1156 1497 1156 1573 1156 1573 1157 1497 1157 1498 1157 1499 1158 1462 1158 1449 1158 1460 1159 1373 1159 1374 1159 1460 1160 1374 1160 1405 1160 1460 1161 1405 1161 1449 1161 1460 1162 1449 1162 1462 1162 1375 1163 1374 1163 1369 1163 1369 1164 1374 1164 1373 1164 1369 1165 1373 1165 1363 1165 1369 1166 1363 1166 1348 1166 1348 1167 1363 1167 1349 1167 1348 1168 1349 1168 1316 1168 1316 1169 1349 1169 1330 1169 1316 1170 1330 1170 1313 1170 1313 1171 1330 1171 1312 1171 1155 1172 1187 1172 1312 1172 1155 1173 1312 1173 1286 1173 1286 1174 1312 1174 1330 1174 1286 1175 1330 1175 1295 1175 1287 1176 1286 1176 1304 1176 1304 1177 1286 1177 1295 1177 1304 1178 1295 1178 1308 1178 1304 1179 1308 1179 1319 1179 1319 1180 1308 1180 1317 1180 1319 1181 1317 1181 1322 1181 1322 1182 1317 1182 1323 1182 1322 1183 1323 1183 1321 1183 1321 1184 1323 1184 1320 1184 1334 1185 1412 1185 1378 1185 1414 1186 1412 1186 1334 1186 1414 1187 1334 1187 1285 1187 1414 1188 1285 1188 1320 1188 1414 1189 1320 1189 1323 1189 1498 1190 1497 1190 1480 1190 1480 1191 1497 1191 1489 1191 1480 1192 1489 1192 1471 1192 1480 1193 1471 1193 1464 1193 1464 1194 1471 1194 1465 1194 1464 1195 1465 1195 1461 1195 1461 1196 1465 1196 1460 1196 1461 1197 1460 1197 1463 1197 1463 1198 1460 1198 1462 1198 1413 1199 1412 1199 1417 1199 1417 1200 1412 1200 1414 1200 1417 1201 1414 1201 1423 1201 1417 1202 1423 1202 1442 1202 1442 1203 1423 1203 1441 1203 1442 1204 1441 1204 1466 1204 1466 1205 1441 1205 1452 1205 1466 1206 1452 1206 1469 1206 1469 1207 1452 1207 1468 1207 1452 1208 1489 1208 1468 1208 1489 1209 1588 1209 1468 1209 1489 1210 1497 1210 1588 1210 1497 1211 1618 1211 1588 1211 1373 1212 1317 1212 1363 1212 1363 1213 1317 1213 1308 1213 1363 1214 1308 1214 1349 1214 1349 1215 1308 1215 1295 1215 1349 1216 1295 1216 1330 1216 1317 1217 1373 1217 1323 1217 1323 1218 1373 1218 1460 1218 1323 1219 1460 1219 1414 1219 1414 1220 1460 1220 1465 1220 1414 1221 1465 1221 1423 1221 1423 1222 1465 1222 1471 1222 1423 1223 1471 1223 1441 1223 1441 1224 1471 1224 1489 1224 1441 1225 1489 1225 1452 1225 814 1226 778 1226 786 1226 731 1227 786 1227 778 1227 778 1228 713 1228 731 1228 657 1229 731 1229 713 1229 713 1230 646 1230 657 1230 601 1231 657 1231 646 1231 646 1232 571 1232 601 1232 529 1233 601 1233 571 1233 571 1234 494 1234 529 1234 467 1235 529 1235 494 1235 494 1236 436 1236 467 1236 395 1237 467 1237 436 1237 325 1238 296 1238 263 1238 263 1239 296 1239 211 1239 263 1240 211 1240 201 1240 201 1241 211 1241 174 1241 201 1242 174 1242 164 1242 164 1243 174 1243 150 1243 164 1244 150 1244 136 1244 136 1245 150 1245 114 1245 136 1246 114 1246 107 1246 107 1247 114 1247 96 1247 107 1248 96 1248 90 1248 90 1249 96 1249 75 1249 356 1250 296 1250 325 1250 356 1251 325 1251 395 1251 356 1252 395 1252 436 1252 889 1253 888 1253 871 1253 871 1254 888 1254 870 1254 871 1255 870 1255 842 1255 842 1256 870 1256 841 1256 842 1257 841 1257 817 1257 817 1258 841 1258 814 1258 817 1259 814 1259 786 1259 84 1260 85 1260 70 1260 70 1261 85 1261 71 1261 70 1262 71 1262 68 1262 68 1263 71 1263 67 1263 68 1264 67 1264 75 1264 75 1265 67 1265 73 1265 75 1266 73 1266 90 1266 547 1267 598 1267 599 1267 599 1268 598 1268 630 1268 599 1269 630 1269 631 1269 631 1270 630 1270 667 1270 631 1271 667 1271 666 1271 666 1272 667 1272 686 1272 666 1273 686 1273 685 1273 685 1274 686 1274 694 1274 685 1275 694 1275 695 1275 695 1276 694 1276 697 1276 695 1277 697 1277 696 1277 696 1278 697 1278 690 1278 696 1279 690 1279 691 1279 598 1280 547 1280 548 1280 548 1281 547 1281 495 1281 548 1282 495 1282 496 1282 496 1283 495 1283 457 1283 496 1284 457 1284 458 1284 458 1285 457 1285 411 1285 458 1286 411 1286 410 1286 410 1287 411 1287 372 1287 410 1288 372 1288 371 1288 371 1289 372 1289 328 1289 371 1290 328 1290 329 1290 329 1291 328 1291 309 1291 329 1292 309 1292 308 1292 308 1293 309 1293 291 1293 308 1294 291 1294 292 1294 290 1295 378 1295 333 1295 378 1296 398 1296 333 1296 797 1297 776 1297 839 1297 776 1298 859 1298 839 1298 935 1299 843 1299 939 1299 843 1300 918 1300 939 1300 819 1301 851 1301 783 1301 851 1302 811 1302 783 1302 249 1303 183 1303 198 1303 183 1304 157 1304 198 1304 881 1305 811 1305 851 1305 828 1306 811 1306 881 1306 918 1307 828 1307 881 1307 828 1308 918 1308 843 1308 843 1309 935 1309 853 1309 904 1310 840 1310 852 1310 852 1311 913 1311 904 1311 886 1312 823 1312 840 1312 840 1313 904 1313 886 1313 872 1314 808 1314 823 1314 823 1315 886 1315 872 1315 859 1316 776 1316 808 1316 808 1317 872 1317 859 1317 797 1318 735 1318 711 1318 776 1319 797 1319 711 1319 735 1320 654 1320 651 1320 711 1321 735 1321 651 1321 654 1322 584 1322 585 1322 651 1323 654 1323 585 1323 513 1324 585 1324 584 1324 516 1325 513 1325 584 1325 465 1326 445 1326 513 1326 516 1327 465 1327 513 1327 398 1328 378 1328 445 1328 445 1329 465 1329 398 1329 290 1330 312 1330 378 1330 225 1331 249 1331 312 1331 312 1332 290 1332 225 1332 249 1333 225 1333 183 1333 935 1334 925 1334 853 1334 853 1335 925 1335 913 1335 853 1336 913 1336 852 1336 85 1337 84 1337 104 1337 104 1338 84 1338 105 1338 104 1339 105 1339 132 1339 132 1340 105 1340 133 1340 132 1341 133 1341 161 1341 161 1342 133 1342 162 1342 161 1343 162 1343 202 1343 202 1344 162 1344 203 1344 202 1345 203 1345 266 1345 266 1346 203 1346 267 1346 266 1347 267 1347 334 1347 334 1348 267 1348 335 1348 334 1349 335 1349 406 1349 406 1350 335 1350 408 1350 406 1351 408 1351 484 1351 484 1352 408 1352 485 1352 484 1353 485 1353 545 1353 545 1354 485 1354 546 1354 545 1355 546 1355 624 1355 624 1356 546 1356 625 1356 624 1357 625 1357 687 1357 687 1358 625 1358 688 1358 687 1359 688 1359 770 1359 770 1360 688 1360 771 1360 770 1361 771 1361 804 1361 804 1362 771 1362 805 1362 804 1363 805 1363 829 1363 829 1364 805 1364 830 1364 829 1365 830 1365 862 1365 862 1366 830 1366 863 1366 862 1367 863 1367 879 1367 879 1368 863 1368 880 1368 879 1369 880 1369 896 1369 896 1370 880 1370 897 1370 896 1371 897 1371 902 1371 902 1372 897 1372 903 1372 902 1373 903 1373 901 1373 901 1374 903 1374 900 1374 901 1375 900 1375 889 1375 889 1376 900 1376 888 1376 73 1377 67 1377 124 1377 817 1378 786 1378 813 1378 817 1379 813 1379 831 1379 817 1380 831 1380 842 1380 889 1381 871 1381 842 1381 889 1382 842 1382 831 1382 889 1383 831 1383 848 1383 889 1384 848 1384 896 1384 889 1385 896 1385 902 1385 889 1386 902 1386 901 1386 146 1387 132 1387 161 1387 132 1388 146 1388 104 1388 104 1389 146 1389 124 1389 104 1390 124 1390 85 1390 85 1391 124 1391 67 1391 85 1392 67 1392 71 1392 159 1393 136 1393 139 1393 139 1394 136 1394 107 1394 139 1395 107 1395 123 1395 123 1396 107 1396 90 1396 123 1397 90 1397 119 1397 119 1398 90 1398 73 1398 119 1399 73 1399 124 1399 395 1400 325 1400 377 1400 377 1401 325 1401 263 1401 377 1402 263 1402 310 1402 310 1403 263 1403 201 1403 310 1404 201 1404 238 1404 238 1405 201 1405 164 1405 238 1406 164 1406 186 1406 186 1407 164 1407 136 1407 186 1408 136 1408 159 1408 785 1409 731 1409 732 1409 732 1410 731 1410 657 1410 732 1411 657 1411 656 1411 656 1412 657 1412 601 1412 656 1413 601 1413 600 1413 600 1414 601 1414 529 1414 600 1415 529 1415 518 1415 518 1416 529 1416 467 1416 518 1417 467 1417 452 1417 452 1418 467 1418 395 1418 452 1419 395 1419 377 1419 786 1420 731 1420 813 1420 813 1421 731 1421 785 1421 248 1422 195 1422 266 1422 266 1423 195 1423 163 1423 266 1424 163 1424 202 1424 202 1425 163 1425 146 1425 202 1426 146 1426 161 1426 854 1427 850 1427 879 1427 879 1428 850 1428 835 1428 879 1429 835 1429 862 1429 862 1430 835 1430 816 1430 862 1431 816 1431 829 1431 829 1432 816 1432 789 1432 829 1433 789 1433 804 1433 804 1434 789 1434 742 1434 804 1435 742 1435 770 1435 770 1436 742 1436 672 1436 770 1437 672 1437 687 1437 687 1438 672 1438 603 1438 687 1439 603 1439 624 1439 624 1440 603 1440 530 1440 624 1441 530 1441 545 1441 545 1442 530 1442 464 1442 545 1443 464 1443 484 1443 484 1444 464 1444 381 1444 484 1445 381 1445 406 1445 406 1446 381 1446 323 1446 406 1447 323 1447 334 1447 334 1448 323 1448 248 1448 334 1449 248 1449 266 1449 854 1450 879 1450 848 1450 848 1451 879 1451 896 1451 70 1452 101 1452 84 1452 101 1453 105 1453 84 1453 625 1454 546 1454 613 1454 546 1455 538 1455 613 1455 299 1456 296 1456 365 1456 296 1457 356 1457 365 1457 546 1458 485 1458 538 1458 485 1459 408 1459 468 1459 538 1460 485 1460 468 1460 408 1461 335 1461 385 1461 468 1462 408 1462 385 1462 335 1463 267 1463 311 1463 385 1464 335 1464 311 1464 267 1465 203 1465 236 1465 311 1466 267 1466 236 1466 203 1467 162 1467 182 1467 236 1468 203 1468 182 1468 162 1469 133 1469 154 1469 182 1470 162 1470 154 1470 133 1471 105 1471 118 1471 154 1472 133 1472 118 1472 118 1473 105 1473 101 1473 70 1474 89 1474 101 1474 68 1475 86 1475 89 1475 89 1476 70 1476 68 1476 75 1477 97 1477 86 1477 86 1478 68 1478 75 1478 96 1479 113 1479 97 1479 97 1480 75 1480 96 1480 114 1481 145 1481 113 1481 113 1482 96 1482 114 1482 150 1483 169 1483 145 1483 145 1484 114 1484 150 1484 174 1485 209 1485 169 1485 169 1486 150 1486 174 1486 211 1487 299 1487 209 1487 209 1488 174 1488 211 1488 299 1489 211 1489 296 1489 50 1490 123 1490 28 1490 123 1491 35 1491 28 1491 648 1492 586 1492 603 1492 586 1493 530 1493 603 1493 310 1494 289 1494 377 1494 289 1495 332 1495 377 1495 586 1496 491 1496 530 1496 491 1497 464 1497 530 1497 399 1498 381 1498 464 1498 464 1499 491 1499 399 1499 324 1500 323 1500 381 1500 381 1501 399 1501 324 1501 246 1502 248 1502 323 1502 323 1503 324 1503 246 1503 248 1504 246 1504 180 1504 117 1505 103 1505 163 1505 195 1506 117 1506 163 1506 103 1507 77 1507 146 1507 163 1508 103 1508 146 1508 124 1509 146 1509 77 1509 35 1510 123 1510 119 1510 119 1511 48 1511 35 1511 139 1512 123 1512 50 1512 100 1513 159 1513 139 1513 139 1514 50 1514 100 1514 151 1515 186 1515 159 1515 159 1516 100 1516 151 1516 181 1517 238 1517 186 1517 186 1518 151 1518 181 1518 226 1519 310 1519 238 1519 238 1520 181 1520 226 1520 310 1521 226 1521 289 1521 134 1522 117 1522 195 1522 134 1523 195 1523 248 1523 134 1524 248 1524 180 1524 77 1525 62 1525 124 1525 124 1526 62 1526 48 1526 124 1527 48 1527 119 1527 672 1528 692 1528 603 1528 692 1529 648 1529 603 1529 921 1530 850 1530 938 1530 850 1531 932 1531 938 1531 332 1532 397 1532 377 1532 397 1533 452 1533 377 1533 397 1534 489 1534 452 1534 489 1535 518 1535 452 1535 583 1536 600 1536 518 1536 518 1537 489 1537 583 1537 653 1538 656 1538 600 1538 600 1539 583 1539 653 1539 734 1540 732 1540 656 1540 656 1541 653 1541 734 1541 732 1542 734 1542 796 1542 857 1543 873 1543 813 1543 785 1544 857 1544 813 1544 873 1545 890 1545 831 1545 813 1546 873 1546 831 1546 848 1547 831 1547 890 1547 932 1548 850 1548 854 1548 854 1549 922 1549 932 1549 835 1550 850 1550 921 1550 875 1551 816 1551 835 1551 835 1552 921 1552 875 1552 827 1553 789 1553 816 1553 816 1554 875 1554 827 1554 795 1555 742 1555 789 1555 789 1556 827 1556 795 1556 757 1557 672 1557 742 1557 742 1558 795 1558 757 1558 672 1559 757 1559 692 1559 838 1560 857 1560 785 1560 838 1561 785 1561 732 1561 838 1562 732 1562 796 1562 890 1563 910 1563 848 1563 848 1564 910 1564 922 1564 848 1565 922 1565 854 1565 684 1566 688 1566 613 1566 688 1567 625 1567 613 1567 900 1568 874 1568 888 1568 874 1569 870 1569 888 1569 356 1570 436 1570 365 1570 436 1571 444 1571 365 1571 436 1572 494 1572 444 1572 494 1573 571 1573 515 1573 444 1574 494 1574 515 1574 571 1575 646 1575 597 1575 515 1576 571 1576 597 1576 646 1577 713 1577 671 1577 597 1578 646 1578 671 1578 713 1579 778 1579 745 1579 671 1580 713 1580 745 1580 778 1581 814 1581 794 1581 745 1582 778 1582 794 1582 814 1583 841 1583 824 1583 794 1584 814 1584 824 1584 841 1585 870 1585 855 1585 824 1586 841 1586 855 1586 855 1587 870 1587 874 1587 900 1588 884 1588 874 1588 903 1589 887 1589 884 1589 884 1590 900 1590 903 1590 897 1591 878 1591 887 1591 887 1592 903 1592 897 1592 880 1593 864 1593 878 1593 878 1594 897 1594 880 1594 863 1595 832 1595 864 1595 864 1596 880 1596 863 1596 830 1597 809 1597 832 1597 832 1598 863 1598 830 1598 805 1599 774 1599 809 1599 809 1600 830 1600 805 1600 771 1601 684 1601 774 1601 774 1602 805 1602 771 1602 684 1603 771 1603 688 1603 291 1604 309 1604 385 1604 291 1605 385 1605 311 1605 291 1606 311 1606 236 1606 291 1607 236 1607 182 1607 291 1608 182 1608 154 1608 291 1609 154 1609 118 1609 291 1610 118 1610 101 1610 291 1611 101 1611 89 1611 291 1612 89 1612 86 1612 291 1613 86 1613 97 1613 291 1614 97 1614 113 1614 291 1615 113 1615 145 1615 291 1616 145 1616 169 1616 291 1617 169 1617 277 1617 597 1618 874 1618 691 1618 597 1619 691 1619 674 1619 597 1620 674 1620 650 1620 597 1621 650 1621 610 1621 597 1622 610 1622 515 1622 874 1623 597 1623 671 1623 874 1624 671 1624 745 1624 874 1625 745 1625 794 1625 874 1626 794 1626 824 1626 874 1627 824 1627 855 1627 809 1628 774 1628 685 1628 809 1629 685 1629 695 1629 809 1630 695 1630 696 1630 809 1631 696 1631 691 1631 874 1632 884 1632 887 1632 874 1633 887 1633 878 1633 874 1634 878 1634 864 1634 874 1635 864 1635 832 1635 874 1636 832 1636 809 1636 874 1637 809 1637 691 1637 277 1638 169 1638 285 1638 285 1639 169 1639 209 1639 285 1640 209 1640 298 1640 298 1641 209 1641 315 1641 315 1642 209 1642 299 1642 315 1643 299 1643 346 1643 346 1644 299 1644 384 1644 384 1645 299 1645 365 1645 384 1646 365 1646 435 1646 435 1647 365 1647 483 1647 483 1648 365 1648 444 1648 483 1649 444 1649 521 1649 521 1650 444 1650 570 1650 570 1651 444 1651 515 1651 570 1652 515 1652 610 1652 385 1653 309 1653 468 1653 468 1654 309 1654 328 1654 468 1655 328 1655 372 1655 468 1656 372 1656 538 1656 538 1657 372 1657 411 1657 538 1658 411 1658 457 1658 538 1659 457 1659 613 1659 613 1660 457 1660 495 1660 613 1661 495 1661 547 1661 613 1662 547 1662 684 1662 684 1663 547 1663 599 1663 684 1664 599 1664 631 1664 684 1665 631 1665 774 1665 774 1666 631 1666 666 1666 774 1667 666 1667 685 1667 100 1668 50 1668 151 1668 28 1669 29 1669 332 1669 28 1670 332 1670 289 1670 28 1671 289 1671 226 1671 28 1672 226 1672 181 1672 28 1673 181 1673 151 1673 28 1674 151 1674 50 1674 29 1675 57 1675 332 1675 332 1676 57 1676 106 1676 332 1677 106 1677 333 1677 333 1678 106 1678 157 1678 333 1679 157 1679 290 1679 290 1680 157 1680 183 1680 290 1681 183 1681 225 1681 134 1682 180 1682 647 1682 134 1683 647 1683 575 1683 134 1684 575 1684 498 1684 134 1685 498 1685 437 1685 134 1686 437 1686 355 1686 134 1687 355 1687 264 1687 134 1688 264 1688 170 1688 134 1689 170 1689 135 1689 648 1690 647 1690 180 1690 648 1691 180 1691 246 1691 648 1692 246 1692 324 1692 648 1693 324 1693 399 1693 648 1694 399 1694 491 1694 648 1695 491 1695 586 1695 28 1696 35 1696 29 1696 135 1697 116 1697 134 1697 134 1698 116 1698 102 1698 134 1699 102 1699 117 1699 117 1700 102 1700 76 1700 117 1701 76 1701 103 1701 103 1702 76 1702 61 1702 103 1703 61 1703 77 1703 77 1704 61 1704 49 1704 77 1705 49 1705 62 1705 62 1706 49 1706 34 1706 62 1707 34 1707 48 1707 48 1708 34 1708 29 1708 48 1709 29 1709 35 1709 332 1710 333 1710 398 1710 332 1711 398 1711 465 1711 332 1712 465 1712 516 1712 332 1713 516 1713 584 1713 332 1714 584 1714 654 1714 332 1715 654 1715 735 1715 332 1716 735 1716 797 1716 332 1717 797 1717 839 1717 332 1718 839 1718 397 1718 838 1719 796 1719 734 1719 838 1720 734 1720 653 1720 838 1721 653 1721 583 1721 838 1722 583 1722 489 1722 838 1723 489 1723 397 1723 838 1724 397 1724 839 1724 839 1725 857 1725 838 1725 857 1726 839 1726 873 1726 873 1727 839 1727 859 1727 873 1728 859 1728 890 1728 890 1729 859 1729 872 1729 890 1730 872 1730 910 1730 910 1731 872 1731 886 1731 910 1732 886 1732 922 1732 922 1733 886 1733 904 1733 922 1734 904 1734 932 1734 932 1735 904 1735 913 1735 932 1736 913 1736 925 1736 932 1737 925 1737 938 1737 938 1738 925 1738 935 1738 938 1739 935 1739 939 1739 938 1740 939 1740 784 1740 938 1741 784 1741 743 1741 938 1742 743 1742 689 1742 938 1743 689 1743 647 1743 648 1744 692 1744 827 1744 648 1745 827 1745 875 1745 648 1746 875 1746 921 1746 648 1747 921 1747 938 1747 648 1748 938 1748 647 1748 881 1749 851 1749 918 1749 918 1750 851 1750 819 1750 918 1751 819 1751 939 1751 939 1752 819 1752 784 1752 692 1753 757 1753 827 1753 827 1754 757 1754 795 1754 435 1755 383 1755 384 1755 384 1756 383 1756 345 1756 384 1757 345 1757 346 1757 346 1758 345 1758 314 1758 346 1759 314 1759 315 1759 315 1760 314 1760 297 1760 315 1761 297 1761 298 1761 298 1762 297 1762 284 1762 298 1763 284 1763 285 1763 285 1764 284 1764 278 1764 285 1765 278 1765 277 1765 277 1766 278 1766 292 1766 277 1767 292 1767 291 1767 383 1768 435 1768 434 1768 434 1769 435 1769 483 1769 434 1770 483 1770 482 1770 482 1771 483 1771 521 1771 482 1772 521 1772 520 1772 520 1773 521 1773 570 1773 520 1774 570 1774 569 1774 569 1775 570 1775 610 1775 569 1776 610 1776 609 1776 609 1777 610 1777 650 1777 609 1778 650 1778 649 1778 649 1779 650 1779 674 1779 649 1780 674 1780 673 1780 673 1781 674 1781 691 1781 673 1782 691 1782 690 1782 784 1783 819 1783 783 1783 106 1784 166 1784 157 1784 166 1785 198 1785 157 1785 148 1786 166 1786 106 1786 57 1787 148 1787 106 1787 125 1788 34 1788 120 1788 76 1789 122 1789 61 1789 140 1790 122 1790 76 1790 102 1791 160 1791 140 1791 140 1792 76 1792 102 1792 116 1793 193 1793 160 1793 160 1794 102 1794 116 1794 193 1795 116 1795 135 1795 264 1796 313 1796 245 1796 355 1797 380 1797 313 1797 313 1798 264 1798 355 1798 437 1799 456 1799 380 1799 380 1800 355 1800 437 1800 498 1801 528 1801 456 1801 456 1802 437 1802 498 1802 528 1803 498 1803 575 1803 670 1804 689 1804 743 1804 29 1805 34 1805 125 1805 29 1806 125 1806 148 1806 29 1807 148 1807 57 1807 602 1808 528 1808 575 1808 602 1809 575 1809 647 1809 602 1810 647 1810 689 1810 602 1811 689 1811 670 1811 34 1812 49 1812 120 1812 120 1813 49 1813 61 1813 120 1814 61 1814 122 1814 264 1815 245 1815 170 1815 170 1816 245 1816 193 1816 170 1817 193 1817 135 1817 783 1818 730 1818 784 1818 784 1819 730 1819 670 1819 784 1820 670 1820 743 1820 434 1821 469 1821 407 1821 434 1822 482 1822 469 1822 482 1823 517 1823 469 1823 520 1824 578 1824 517 1824 520 1825 517 1825 482 1825 569 1826 629 1826 578 1826 569 1827 578 1827 520 1827 609 1828 677 1828 629 1828 609 1829 629 1829 569 1829 649 1830 728 1830 677 1830 649 1831 677 1831 609 1831 673 1832 775 1832 728 1832 673 1833 728 1833 649 1833 697 1834 694 1834 792 1834 792 1835 793 1835 697 1835 694 1836 686 1836 780 1836 780 1837 792 1837 694 1837 686 1838 667 1838 772 1838 772 1839 780 1839 686 1839 667 1840 630 1840 723 1840 723 1841 772 1841 667 1841 630 1842 598 1842 676 1842 676 1843 723 1843 630 1843 690 1844 697 1844 793 1844 690 1845 793 1845 781 1845 690 1846 781 1846 775 1846 690 1847 775 1847 673 1847 548 1848 572 1848 598 1848 598 1849 572 1849 627 1849 598 1850 627 1850 676 1850 548 1851 512 1851 572 1851 548 1852 496 1852 512 1852 434 1853 347 1853 383 1853 434 1854 407 1854 347 1854 496 1855 453 1855 512 1855 458 1856 387 1856 453 1856 458 1857 453 1857 496 1857 410 1858 331 1858 387 1858 410 1859 387 1859 458 1859 371 1860 287 1860 331 1860 371 1861 331 1861 410 1861 329 1862 234 1862 287 1862 329 1863 287 1863 371 1863 308 1864 205 1864 234 1864 308 1865 234 1865 329 1865 278 1866 184 1866 191 1866 284 1867 194 1867 184 1867 284 1868 184 1868 278 1868 297 1869 207 1869 194 1869 297 1870 194 1870 284 1870 314 1871 247 1871 207 1871 314 1872 207 1872 297 1872 345 1873 300 1873 247 1873 345 1874 247 1874 314 1874 383 1875 347 1875 300 1875 383 1876 300 1876 345 1876 292 1877 278 1877 191 1877 292 1878 191 1878 205 1878 292 1879 205 1879 308 1879 207 1880 247 1880 198 1880 775 1881 781 1881 711 1881 781 1882 793 1882 828 1882 191 1883 148 1883 125 1883 191 1884 125 1884 120 1884 191 1885 120 1885 122 1885 191 1886 122 1886 140 1886 166 1887 148 1887 191 1887 166 1888 191 1888 184 1888 166 1889 184 1889 194 1889 166 1890 194 1890 207 1890 166 1891 207 1891 198 1891 840 1892 823 1892 808 1892 840 1893 808 1893 776 1893 840 1894 776 1894 711 1894 840 1895 711 1895 781 1895 840 1896 781 1896 828 1896 840 1897 828 1897 843 1897 840 1898 843 1898 853 1898 840 1899 853 1899 852 1899 245 1900 205 1900 193 1900 193 1901 205 1901 160 1901 205 1902 191 1902 160 1902 160 1903 191 1903 140 1903 629 1904 585 1904 578 1904 578 1905 585 1905 513 1905 578 1906 513 1906 517 1906 517 1907 513 1907 445 1907 517 1908 445 1908 469 1908 469 1909 445 1909 378 1909 469 1910 378 1910 407 1910 407 1911 378 1911 312 1911 407 1912 312 1912 347 1912 347 1913 312 1913 249 1913 347 1914 249 1914 300 1914 300 1915 249 1915 198 1915 300 1916 198 1916 247 1916 775 1917 711 1917 728 1917 728 1918 711 1918 651 1918 728 1919 651 1919 677 1919 677 1920 651 1920 585 1920 677 1921 585 1921 629 1921 287 1922 234 1922 313 1922 313 1923 234 1923 205 1923 313 1924 205 1924 245 1924 453 1925 387 1925 456 1925 456 1926 387 1926 331 1926 456 1927 331 1927 380 1927 380 1928 331 1928 287 1928 380 1929 287 1929 313 1929 772 1930 723 1930 783 1930 783 1931 723 1931 676 1931 783 1932 676 1932 730 1932 730 1933 676 1933 627 1933 730 1934 627 1934 670 1934 670 1935 627 1935 572 1935 670 1936 572 1936 602 1936 602 1937 572 1937 512 1937 602 1938 512 1938 528 1938 528 1939 512 1939 453 1939 528 1940 453 1940 456 1940 793 1941 792 1941 828 1941 828 1942 792 1942 780 1942 828 1943 780 1943 811 1943 811 1944 780 1944 772 1944 811 1945 772 1945 783 1945 556 1946 561 1946 501 1946 501 1947 561 1947 506 1947 501 1948 506 1948 446 1948 446 1949 506 1949 451 1949 446 1950 451 1950 389 1950 389 1951 451 1951 394 1951 389 1952 394 1952 337 1952 337 1953 394 1953 342 1953 337 1954 342 1954 301 1954 301 1955 342 1955 306 1955 301 1956 306 1956 256 1956 256 1957 306 1957 261 1957 256 1958 261 1958 227 1958 227 1959 261 1959 232 1959 227 1960 232 1960 213 1960 213 1961 232 1961 218 1961 213 1962 218 1962 219 1962 219 1963 218 1963 224 1963 219 1964 224 1964 239 1964 239 1965 224 1965 244 1965 239 1966 244 1966 271 1966 271 1967 244 1967 276 1967 271 1968 276 1968 316 1968 316 1969 276 1969 321 1969 316 1970 321 1970 359 1970 359 1971 321 1971 364 1971 359 1972 364 1972 420 1972 420 1973 364 1973 425 1973 56 1974 53 1974 54 1974 54 1975 53 1975 58 1975 54 1976 58 1976 60 1976 60 1977 58 1977 64 1977 60 1978 64 1978 69 1978 69 1979 64 1979 87 1979 69 1980 87 1980 99 1980 87 1981 111 1981 99 1981 126 1982 99 1982 111 1982 111 1983 147 1983 126 1983 165 1984 126 1984 147 1984 147 1985 171 1985 165 1985 206 1986 165 1986 171 1986 171 1987 208 1987 206 1987 286 1988 206 1988 208 1988 208 1989 293 1989 286 1989 432 1990 473 1990 497 1990 497 1991 473 1991 549 1991 497 1992 549 1992 579 1992 579 1993 549 1993 628 1993 579 1994 628 1994 652 1994 652 1995 628 1995 710 1995 652 1996 710 1996 724 1996 724 1997 710 1997 782 1997 724 1998 782 1998 791 1998 791 1999 782 1999 821 1999 791 2000 821 2000 822 2000 822 2001 821 2001 858 2001 65 2002 66 2002 56 2002 56 2003 66 2003 59 2003 56 2004 59 2004 53 2004 286 2005 293 2005 354 2005 354 2006 293 2006 353 2006 354 2007 353 2007 432 2007 432 2008 353 2008 388 2008 432 2009 388 2009 473 2009 906 2010 905 2010 885 2010 885 2011 905 2011 883 2011 885 2012 883 2012 858 2012 858 2013 883 2013 860 2013 858 2014 860 2014 822 2014 420 2015 425 2015 475 2015 475 2016 425 2016 477 2016 475 2017 477 2017 534 2017 534 2018 477 2018 536 2018 534 2019 536 2019 589 2019 589 2020 536 2020 591 2020 589 2021 591 2021 640 2021 640 2022 591 2022 642 2022 640 2023 642 2023 681 2023 681 2024 642 2024 683 2024 681 2025 683 2025 720 2025 720 2026 683 2026 722 2026 720 2027 722 2027 749 2027 749 2028 722 2028 754 2028 749 2029 754 2029 767 2029 767 2030 754 2030 769 2030 767 2031 769 2031 761 2031 761 2032 769 2032 763 2032 761 2033 763 2033 736 2033 736 2034 763 2034 738 2034 736 2035 738 2035 698 2035 698 2036 738 2036 700 2036 698 2037 700 2037 663 2037 663 2038 700 2038 665 2038 663 2039 665 2039 614 2039 614 2040 665 2040 616 2040 614 2041 616 2041 556 2041 556 2042 616 2042 561 2042 213 2043 256 2043 227 2043 256 2044 213 2044 301 2044 301 2045 213 2045 219 2045 301 2046 219 2046 337 2046 337 2047 219 2047 239 2047 337 2048 239 2048 389 2048 389 2049 239 2049 271 2049 389 2050 271 2050 446 2050 446 2051 271 2051 316 2051 446 2052 316 2052 501 2052 501 2053 316 2053 359 2053 501 2054 359 2054 556 2054 556 2055 359 2055 420 2055 556 2056 420 2056 614 2056 614 2057 420 2057 475 2057 614 2058 475 2058 663 2058 663 2059 475 2059 534 2059 663 2060 534 2060 698 2060 698 2061 534 2061 589 2061 698 2062 589 2062 736 2062 736 2063 589 2063 640 2063 736 2064 640 2064 761 2064 761 2065 640 2065 681 2065 761 2066 681 2066 767 2066 767 2067 681 2067 720 2067 767 2068 720 2068 749 2068 232 2069 261 2069 352 2069 232 2070 352 2070 270 2070 232 2071 270 2071 200 2071 232 2072 200 2072 158 2072 232 2073 158 2073 121 2073 232 2074 121 2074 95 2074 232 2075 95 2075 65 2075 232 2076 65 2076 56 2076 232 2077 56 2077 54 2077 232 2078 54 2078 60 2078 232 2079 60 2079 69 2079 232 2080 69 2080 99 2080 232 2081 99 2081 126 2081 232 2082 126 2082 218 2082 652 2083 905 2083 754 2083 652 2084 754 2084 722 2084 652 2085 722 2085 683 2085 652 2086 683 2086 579 2086 905 2087 652 2087 724 2087 905 2088 724 2088 791 2088 905 2089 791 2089 822 2089 905 2090 822 2090 860 2090 905 2091 860 2091 883 2091 833 2092 799 2092 738 2092 833 2093 738 2093 763 2093 833 2094 763 2094 769 2094 833 2095 769 2095 754 2095 905 2096 914 2096 917 2096 905 2097 917 2097 912 2097 905 2098 912 2098 891 2098 905 2099 891 2099 869 2099 905 2100 869 2100 833 2100 905 2101 833 2101 754 2101 218 2102 126 2102 224 2102 224 2103 126 2103 165 2103 224 2104 165 2104 244 2104 244 2105 165 2105 206 2105 244 2106 206 2106 276 2106 276 2107 206 2107 321 2107 321 2108 206 2108 286 2108 321 2109 286 2109 364 2109 364 2110 286 2110 425 2110 425 2111 286 2111 354 2111 425 2112 354 2112 477 2112 477 2113 354 2113 432 2113 477 2114 432 2114 536 2114 536 2115 432 2115 497 2115 536 2116 497 2116 591 2116 591 2117 497 2117 642 2117 642 2118 497 2118 579 2118 642 2119 579 2119 683 2119 352 2120 261 2120 433 2120 433 2121 261 2121 306 2121 433 2122 306 2122 342 2122 433 2123 342 2123 509 2123 509 2124 342 2124 394 2124 509 2125 394 2125 451 2125 509 2126 451 2126 595 2126 595 2127 451 2127 506 2127 595 2128 506 2128 669 2128 669 2129 506 2129 561 2129 669 2130 561 2130 616 2130 669 2131 616 2131 746 2131 746 2132 616 2132 665 2132 746 2133 665 2133 799 2133 799 2134 665 2134 700 2134 799 2135 700 2135 738 2135 917 2136 914 2136 916 2136 916 2137 915 2137 917 2137 912 2138 917 2138 915 2138 915 2139 907 2139 912 2139 891 2140 912 2140 907 2140 907 2141 882 2141 891 2141 869 2142 891 2142 882 2142 882 2143 856 2143 869 2143 833 2144 869 2144 856 2144 856 2145 818 2145 833 2145 799 2146 833 2146 818 2146 818 2147 779 2147 799 2147 746 2148 799 2148 779 2148 779 2149 704 2149 746 2149 669 2150 746 2150 704 2150 509 2151 595 2151 552 2151 552 2152 490 2152 509 2152 433 2153 509 2153 490 2153 490 2154 427 2154 433 2154 352 2155 295 2155 270 2155 270 2156 295 2156 210 2156 270 2157 210 2157 200 2157 200 2158 210 2158 172 2158 200 2159 172 2159 158 2159 172 2160 149 2160 158 2160 121 2161 158 2161 149 2161 149 2162 112 2162 121 2162 95 2163 121 2163 112 2163 626 2164 552 2164 595 2164 626 2165 595 2165 669 2165 626 2166 669 2166 704 2166 905 2167 906 2167 914 2167 914 2168 906 2168 911 2168 914 2169 911 2169 916 2169 433 2170 427 2170 352 2170 352 2171 427 2171 357 2171 352 2172 357 2172 295 2172 66 2173 65 2173 88 2173 88 2174 65 2174 95 2174 88 2175 95 2175 112 2175 353 2176 379 2176 388 2176 353 2177 293 2177 379 2177 607 2178 655 2178 638 2178 64 2179 58 2179 83 2179 147 2180 111 2180 131 2180 490 2181 455 2181 427 2181 237 2182 288 2182 251 2182 552 2183 604 2183 523 2183 552 2184 523 2184 490 2184 279 2185 379 2185 293 2185 293 2186 208 2186 279 2186 486 2187 473 2187 388 2187 779 2188 773 2188 704 2188 705 2189 668 2189 611 2189 815 2190 779 2190 818 2190 714 2191 710 2191 628 2191 856 2192 882 2192 866 2192 866 2193 815 2193 856 2193 820 2194 821 2194 782 2194 916 2195 911 2195 849 2195 849 2196 861 2196 916 2196 915 2197 916 2197 861 2197 861 2198 865 2198 915 2198 167 2199 149 2199 204 2199 149 2200 172 2200 204 2200 279 2201 208 2201 171 2201 573 2202 519 2202 568 2202 568 2203 519 2203 540 2203 486 2204 549 2204 473 2204 714 2205 782 2205 710 2205 815 2206 818 2206 856 2206 269 2207 237 2207 199 2207 269 2208 199 2208 235 2208 269 2209 235 2209 330 2209 269 2210 330 2210 366 2210 405 2211 366 2211 330 2211 405 2212 330 2212 431 2212 405 2213 431 2213 412 2213 551 2214 507 2214 492 2214 551 2215 492 2215 576 2215 551 2216 576 2216 655 2216 551 2217 655 2217 607 2217 605 2218 582 2218 612 2218 605 2219 612 2219 712 2219 605 2220 712 2220 693 2220 744 2221 693 2221 712 2221 744 2222 712 2222 798 2222 744 2223 798 2223 790 2223 744 2224 790 2224 705 2224 626 2225 704 2225 675 2225 626 2226 675 2226 604 2226 626 2227 604 2227 552 2227 66 2228 88 2228 138 2228 66 2229 138 2229 108 2229 66 2230 108 2230 59 2230 358 2231 251 2231 288 2231 358 2232 288 2232 376 2232 358 2233 376 2233 400 2233 358 2234 400 2234 414 2234 358 2235 414 2235 417 2235 358 2236 417 2236 416 2236 358 2237 416 2237 401 2237 358 2238 401 2238 326 2238 199 2239 237 2239 168 2239 168 2240 237 2240 251 2240 168 2241 251 2241 155 2241 155 2242 251 2242 212 2242 155 2243 212 2243 131 2243 131 2244 212 2244 197 2244 131 2245 197 2245 147 2245 147 2246 197 2246 175 2246 147 2247 175 2247 171 2247 519 2248 573 2248 510 2248 510 2249 573 2249 555 2249 510 2250 555 2250 487 2250 487 2251 555 2251 537 2251 487 2252 537 2252 474 2252 474 2253 537 2253 508 2253 474 2254 508 2254 428 2254 428 2255 508 2255 403 2255 428 2256 403 2256 374 2256 573 2257 611 2257 555 2257 555 2258 611 2258 668 2258 555 2259 668 2259 537 2259 537 2260 668 2260 639 2260 537 2261 639 2261 508 2261 508 2262 639 2262 608 2262 508 2263 608 2263 486 2263 486 2264 608 2264 580 2264 486 2265 580 2265 549 2265 705 2266 790 2266 668 2266 668 2267 790 2267 777 2267 668 2268 777 2268 639 2268 639 2269 777 2269 755 2269 639 2270 755 2270 608 2270 608 2271 755 2271 714 2271 608 2272 714 2272 580 2272 580 2273 714 2273 628 2273 580 2274 628 2274 549 2274 782 2275 714 2275 820 2275 820 2276 714 2276 755 2276 820 2277 755 2277 834 2277 834 2278 755 2278 777 2278 834 2279 777 2279 849 2279 849 2280 777 2280 790 2280 849 2281 790 2281 861 2281 861 2282 790 2282 798 2282 861 2283 798 2283 865 2283 865 2284 798 2284 810 2284 865 2285 810 2285 866 2285 866 2286 810 2286 812 2286 866 2287 812 2287 815 2287 834 2288 885 2288 820 2288 820 2289 885 2289 858 2289 820 2290 858 2290 821 2290 849 2291 911 2291 834 2291 834 2292 911 2292 906 2292 834 2293 906 2293 885 2293 866 2294 882 2294 865 2294 865 2295 882 2295 907 2295 865 2296 907 2296 915 2296 59 2297 108 2297 53 2297 53 2298 108 2298 83 2298 53 2299 83 2299 58 2299 138 2300 88 2300 167 2300 167 2301 88 2301 112 2301 167 2302 112 2302 149 2302 204 2303 172 2303 262 2303 262 2304 172 2304 210 2304 262 2305 210 2305 295 2305 111 2306 87 2306 131 2306 131 2307 87 2307 64 2307 131 2308 64 2308 155 2308 155 2309 64 2309 83 2309 155 2310 83 2310 168 2310 168 2311 83 2311 108 2311 168 2312 108 2312 199 2312 199 2313 108 2313 138 2313 199 2314 138 2314 235 2314 235 2315 138 2315 167 2315 235 2316 167 2316 294 2316 294 2317 167 2317 204 2317 294 2318 204 2318 336 2318 336 2319 204 2319 262 2319 336 2320 262 2320 295 2320 336 2321 295 2321 382 2321 382 2322 295 2322 357 2322 382 2323 357 2323 427 2323 330 2324 235 2324 373 2324 373 2325 235 2325 294 2325 373 2326 294 2326 419 2326 419 2327 294 2327 336 2327 419 2328 336 2328 455 2328 455 2329 336 2329 382 2329 455 2330 382 2330 427 2330 251 2331 358 2331 212 2331 212 2332 358 2332 326 2332 212 2333 326 2333 197 2333 197 2334 326 2334 307 2334 197 2335 307 2335 175 2335 175 2336 307 2336 279 2336 175 2337 279 2337 171 2337 431 2338 330 2338 466 2338 466 2339 330 2339 373 2339 466 2340 373 2340 492 2340 492 2341 373 2341 419 2341 492 2342 419 2342 523 2342 523 2343 419 2343 455 2343 523 2344 455 2344 490 2344 379 2345 279 2345 403 2345 403 2346 279 2346 307 2346 403 2347 307 2347 374 2347 374 2348 307 2348 326 2348 374 2349 326 2349 401 2349 492 2350 523 2350 576 2350 576 2351 523 2351 604 2351 576 2352 604 2352 655 2352 655 2353 604 2353 675 2353 438 2354 412 2354 463 2354 463 2355 412 2355 431 2355 463 2356 431 2356 472 2356 472 2357 431 2357 493 2357 493 2358 431 2358 466 2358 493 2359 466 2359 507 2359 507 2360 466 2360 492 2360 403 2361 508 2361 379 2361 379 2362 508 2362 486 2362 379 2363 486 2363 388 2363 582 2364 566 2364 612 2364 612 2365 566 2365 563 2365 612 2366 563 2366 565 2366 612 2367 565 2367 638 2367 638 2368 565 2368 581 2368 638 2369 581 2369 607 2369 712 2370 612 2370 733 2370 733 2371 612 2371 638 2371 733 2372 638 2372 756 2372 756 2373 638 2373 655 2373 756 2374 655 2374 773 2374 773 2375 655 2375 675 2375 773 2376 675 2376 704 2376 798 2377 712 2377 810 2377 810 2378 712 2378 733 2378 810 2379 733 2379 812 2379 812 2380 733 2380 756 2380 812 2381 756 2381 815 2381 815 2382 756 2382 773 2382 815 2383 773 2383 779 2383 472 2384 493 2384 471 2384 471 2385 493 2385 507 2385 404 2386 269 2386 405 2386 405 2387 269 2387 366 2387 375 2388 376 2388 237 2388 237 2389 376 2389 288 2389 401 2390 416 2390 374 2390 374 2391 416 2391 415 2391 565 2392 564 2392 581 2392 581 2393 564 2393 607 2393 487 2394 474 2394 510 2394 510 2395 474 2395 511 2395 705 2396 611 2396 574 2396 574 2397 611 2397 573 2397 744 2398 606 2398 693 2398 693 2399 606 2399 605 2399 607 2400 564 2400 551 2400 562 2401 470 2401 471 2401 562 2402 471 2402 507 2402 562 2403 507 2403 551 2403 562 2404 551 2404 564 2404 472 2405 471 2405 463 2405 463 2406 471 2406 470 2406 463 2407 470 2407 454 2407 463 2408 454 2408 438 2408 438 2409 454 2409 439 2409 438 2410 439 2410 412 2410 412 2411 439 2411 426 2411 412 2412 426 2412 405 2412 405 2413 426 2413 404 2413 237 2414 269 2414 404 2414 237 2415 404 2415 375 2415 375 2416 404 2416 426 2416 375 2417 426 2417 386 2417 376 2418 375 2418 400 2418 400 2419 375 2419 386 2419 400 2420 386 2420 402 2420 400 2421 402 2421 414 2421 414 2422 402 2422 413 2422 414 2423 413 2423 417 2423 417 2424 413 2424 418 2424 417 2425 418 2425 416 2425 416 2426 418 2426 415 2426 428 2427 511 2427 474 2427 514 2428 511 2428 428 2428 514 2429 428 2429 374 2429 514 2430 374 2430 415 2430 514 2431 415 2431 418 2431 605 2432 606 2432 582 2432 582 2433 606 2433 596 2433 582 2434 596 2434 577 2434 582 2435 577 2435 566 2435 566 2436 577 2436 567 2436 566 2437 567 2437 563 2437 563 2438 567 2438 562 2438 563 2439 562 2439 565 2439 565 2440 562 2440 564 2440 510 2441 511 2441 519 2441 519 2442 511 2442 514 2442 519 2443 514 2443 522 2443 519 2444 522 2444 540 2444 540 2445 522 2445 539 2445 540 2446 539 2446 568 2446 568 2447 539 2447 554 2447 568 2448 554 2448 573 2448 573 2449 554 2449 574 2449 554 2450 596 2450 574 2450 596 2451 705 2451 574 2451 596 2452 606 2452 705 2452 606 2453 744 2453 705 2453 470 2454 413 2454 454 2454 454 2455 413 2455 402 2455 454 2456 402 2456 439 2456 439 2457 402 2457 386 2457 439 2458 386 2458 426 2458 413 2459 470 2459 418 2459 418 2460 470 2460 562 2460 418 2461 562 2461 514 2461 514 2462 562 2462 567 2462 514 2463 567 2463 522 2463 522 2464 567 2464 577 2464 522 2465 577 2465 539 2465 539 2466 577 2466 596 2466 539 2467 596 2467 554 2467 550 2468 488 2468 481 2468 481 2469 488 2469 409 2469 481 2470 409 2470 396 2470 396 2471 409 2471 327 2471 396 2472 327 2472 322 2472 322 2473 327 2473 250 2473 322 2474 250 2474 233 2474 233 2475 250 2475 185 2475 233 2476 185 2476 173 2476 173 2477 185 2477 152 2477 173 2478 152 2478 137 2478 137 2479 152 2479 110 2479 137 2480 110 2480 98 2480 98 2481 110 2481 74 2481 98 2482 74 2482 63 2482 63 2483 74 2483 52 2483 63 2484 52 2484 43 2484 52 2485 37 2485 43 2485 33 2486 43 2486 37 2486 37 2487 31 2487 33 2487 30 2488 33 2488 31 2488 31 2489 32 2489 30 2489 36 2490 30 2490 32 2490 32 2491 42 2491 36 2491 51 2492 36 2492 42 2492 42 2493 55 2493 51 2493 72 2494 51 2494 55 2494 55 2495 82 2495 72 2495 109 2496 72 2496 82 2496 82 2497 115 2497 109 2497 153 2498 109 2498 115 2498 115 2499 156 2499 153 2499 192 2500 153 2500 156 2500 156 2501 196 2501 192 2501 265 2502 192 2502 196 2502 636 2503 637 2503 550 2503 550 2504 637 2504 553 2504 550 2505 553 2505 488 2505 344 2506 343 2506 268 2506 268 2507 343 2507 265 2507 268 2508 265 2508 196 2508 230 2509 260 2509 259 2509 259 2510 260 2510 305 2510 259 2511 305 2511 304 2511 304 2512 305 2512 341 2512 304 2513 341 2513 340 2513 340 2514 341 2514 393 2514 340 2515 393 2515 392 2515 392 2516 393 2516 450 2516 392 2517 450 2517 449 2517 449 2518 450 2518 505 2518 449 2519 505 2519 504 2519 504 2520 505 2520 560 2520 504 2521 560 2521 559 2521 260 2522 230 2522 231 2522 231 2523 230 2523 216 2523 231 2524 216 2524 217 2524 217 2525 216 2525 222 2525 217 2526 222 2526 223 2526 223 2527 222 2527 242 2527 223 2528 242 2528 243 2528 243 2529 242 2529 274 2529 243 2530 274 2530 275 2530 275 2531 274 2531 319 2531 275 2532 319 2532 320 2532 320 2533 319 2533 362 2533 320 2534 362 2534 363 2534 363 2535 362 2535 423 2535 363 2536 423 2536 424 2536 243 2537 275 2537 196 2537 553 2538 505 2538 450 2538 231 2539 115 2539 82 2539 231 2540 82 2540 55 2540 231 2541 55 2541 42 2541 231 2542 42 2542 32 2542 231 2543 32 2543 31 2543 231 2544 31 2544 37 2544 231 2545 37 2545 52 2545 231 2546 52 2546 74 2546 231 2547 74 2547 110 2547 231 2548 110 2548 152 2548 231 2549 152 2549 185 2549 231 2550 185 2550 250 2550 231 2551 250 2551 327 2551 231 2552 327 2552 409 2552 231 2553 409 2553 260 2553 156 2554 115 2554 231 2554 156 2555 231 2555 217 2555 156 2556 217 2556 223 2556 156 2557 223 2557 243 2557 156 2558 243 2558 196 2558 588 2559 500 2559 594 2559 588 2560 594 2560 645 2560 588 2561 645 2561 680 2561 924 2562 909 2562 877 2562 924 2563 877 2563 837 2563 924 2564 837 2564 807 2564 924 2565 807 2565 748 2565 924 2566 748 2566 659 2566 924 2567 868 2567 899 2567 924 2568 899 2568 920 2568 924 2569 920 2569 931 2569 924 2570 931 2570 937 2570 924 2571 937 2571 934 2571 363 2572 268 2572 320 2572 320 2573 268 2573 196 2573 320 2574 196 2574 275 2574 594 2575 500 2575 533 2575 533 2576 500 2576 430 2576 533 2577 430 2577 480 2577 480 2578 430 2578 344 2578 480 2579 344 2579 424 2579 424 2580 344 2580 268 2580 424 2581 268 2581 363 2581 741 2582 826 2582 760 2582 760 2583 826 2583 868 2583 760 2584 868 2584 766 2584 766 2585 868 2585 924 2585 766 2586 924 2586 753 2586 753 2587 924 2587 659 2587 753 2588 659 2588 719 2588 719 2589 659 2589 588 2589 719 2590 588 2590 680 2590 260 2591 409 2591 305 2591 305 2592 409 2592 488 2592 305 2593 488 2593 341 2593 341 2594 488 2594 393 2594 393 2595 488 2595 553 2595 393 2596 553 2596 450 2596 703 2597 662 2597 788 2597 788 2598 662 2598 619 2598 788 2599 619 2599 716 2599 716 2600 619 2600 560 2600 716 2601 560 2601 637 2601 637 2602 560 2602 505 2602 637 2603 505 2603 553 2603 703 2604 788 2604 741 2604 741 2605 788 2605 826 2605 216 2606 153 2606 222 2606 319 2607 265 2607 362 2607 259 2608 304 2608 396 2608 230 2609 259 2609 396 2609 230 2610 396 2610 322 2610 230 2611 322 2611 233 2611 230 2612 233 2612 173 2612 230 2613 173 2613 137 2613 230 2614 137 2614 98 2614 230 2615 98 2615 63 2615 230 2616 63 2616 43 2616 230 2617 43 2617 33 2617 230 2618 33 2618 30 2618 230 2619 30 2619 36 2619 230 2620 36 2620 51 2620 230 2621 51 2621 72 2621 230 2622 72 2622 109 2622 230 2623 109 2623 153 2623 230 2624 153 2624 216 2624 192 2625 265 2625 319 2625 192 2626 319 2626 274 2626 192 2627 274 2627 242 2627 192 2628 242 2628 222 2628 192 2629 222 2629 153 2629 587 2630 679 2630 644 2630 587 2631 644 2631 593 2631 587 2632 593 2632 499 2632 923 2633 658 2633 747 2633 923 2634 747 2634 806 2634 923 2635 806 2635 836 2635 923 2636 836 2636 876 2636 923 2637 876 2637 908 2637 923 2638 933 2638 936 2638 923 2639 936 2639 930 2639 923 2640 930 2640 919 2640 923 2641 919 2641 898 2641 923 2642 898 2642 867 2642 362 2643 265 2643 423 2643 423 2644 265 2644 343 2644 423 2645 343 2645 479 2645 479 2646 343 2646 429 2646 479 2647 429 2647 532 2647 532 2648 429 2648 499 2648 532 2649 499 2649 593 2649 679 2650 587 2650 718 2650 718 2651 587 2651 658 2651 718 2652 658 2652 752 2652 752 2653 658 2653 923 2653 752 2654 923 2654 765 2654 765 2655 923 2655 867 2655 765 2656 867 2656 759 2656 759 2657 867 2657 825 2657 759 2658 825 2658 740 2658 396 2659 304 2659 481 2659 481 2660 304 2660 340 2660 481 2661 340 2661 392 2661 481 2662 392 2662 550 2662 550 2663 392 2663 449 2663 550 2664 449 2664 504 2664 550 2665 504 2665 636 2665 636 2666 504 2666 559 2666 636 2667 559 2667 715 2667 715 2668 559 2668 618 2668 715 2669 618 2669 787 2669 787 2670 618 2670 661 2670 787 2671 661 2671 702 2671 702 2672 740 2672 787 2672 787 2673 740 2673 825 2673 343 2674 344 2674 429 2674 429 2675 344 2675 430 2675 429 2676 430 2676 499 2676 499 2677 430 2677 500 2677 499 2678 500 2678 587 2678 587 2679 500 2679 588 2679 587 2680 588 2680 658 2680 658 2681 588 2681 659 2681 658 2682 659 2682 747 2682 747 2683 659 2683 748 2683 747 2684 748 2684 806 2684 806 2685 748 2685 807 2685 806 2686 807 2686 836 2686 836 2687 807 2687 837 2687 836 2688 837 2688 876 2688 876 2689 837 2689 877 2689 876 2690 877 2690 908 2690 908 2691 877 2691 909 2691 908 2692 909 2692 923 2692 923 2693 909 2693 924 2693 923 2694 924 2694 933 2694 933 2695 924 2695 934 2695 933 2696 934 2696 936 2696 936 2697 934 2697 937 2697 936 2698 937 2698 930 2698 930 2699 937 2699 931 2699 930 2700 931 2700 919 2700 919 2701 931 2701 920 2701 919 2702 920 2702 898 2702 898 2703 920 2703 899 2703 898 2704 899 2704 867 2704 867 2705 899 2705 868 2705 867 2706 868 2706 825 2706 825 2707 868 2707 826 2707 825 2708 826 2708 787 2708 787 2709 826 2709 788 2709 787 2710 788 2710 715 2710 715 2711 788 2711 716 2711 715 2712 716 2712 636 2712 636 2713 716 2713 637 2713 752 2714 719 2714 718 2714 718 2715 719 2715 680 2715 718 2716 680 2716 679 2716 679 2717 680 2717 645 2717 679 2718 645 2718 644 2718 644 2719 645 2719 594 2719 644 2720 594 2720 593 2720 593 2721 594 2721 533 2721 593 2722 533 2722 532 2722 532 2723 533 2723 480 2723 532 2724 480 2724 479 2724 479 2725 480 2725 424 2725 479 2726 424 2726 423 2726 719 2727 752 2727 753 2727 753 2728 752 2728 765 2728 753 2729 765 2729 766 2729 766 2730 765 2730 759 2730 766 2731 759 2731 760 2731 760 2732 759 2732 740 2732 760 2733 740 2733 741 2733 741 2734 740 2734 702 2734 741 2735 702 2735 703 2735 703 2736 702 2736 661 2736 703 2737 661 2737 662 2737 662 2738 661 2738 618 2738 662 2739 618 2739 619 2739 619 2740 618 2740 559 2740 619 2741 559 2741 560 2741 1356 2742 1367 2742 1401 2742 1310 2743 1367 2743 1356 2743 1302 2744 1310 2744 1356 2744 1264 2745 1310 2745 1302 2745 1251 2746 1264 2746 1302 2746 1227 2747 1264 2747 1251 2747 1217 2748 1227 2748 1251 2748 1189 2749 1227 2749 1217 2749 1177 2750 1189 2750 1217 2750 1162 2751 1189 2751 1177 2751 1150 2752 1162 2752 1177 2752 1150 2753 1144 2753 1162 2753 1144 2754 1150 2754 1135 2754 1135 2755 1131 2755 1144 2755 1131 2756 1135 2756 1141 2756 1141 2757 1146 2757 1131 2757 1146 2758 1141 2758 1159 2758 1159 2759 1167 2759 1146 2759 1167 2760 1159 2760 1193 2760 1193 2761 1202 2761 1167 2761 1202 2762 1193 2762 1232 2762 1232 2763 1238 2763 1202 2763 1238 2764 1232 2764 1277 2764 1367 2765 1411 2765 1401 2765 1401 2766 1411 2766 1458 2766 1401 2767 1458 2767 1457 2767 1238 2768 1277 2768 1281 2768 1281 2769 1277 2769 1328 2769 1281 2770 1328 2770 1329 2770 231 2771 261 2771 260 2771 260 2772 261 2772 306 2772 260 2773 306 2773 305 2773 305 2774 306 2774 342 2774 305 2775 342 2775 341 2775 341 2776 342 2776 394 2776 341 2777 394 2777 393 2777 393 2778 394 2778 451 2778 393 2779 451 2779 450 2779 450 2780 451 2780 506 2780 450 2781 506 2781 505 2781 505 2782 506 2782 561 2782 505 2783 561 2783 560 2783 261 2784 231 2784 232 2784 232 2785 231 2785 217 2785 232 2786 217 2786 218 2786 218 2787 217 2787 223 2787 218 2788 223 2788 224 2788 224 2789 223 2789 243 2789 224 2790 243 2790 244 2790 244 2791 243 2791 275 2791 244 2792 275 2792 276 2792 276 2793 275 2793 320 2793 276 2794 320 2794 321 2794 321 2795 320 2795 363 2795 321 2796 363 2796 364 2796 364 2797 363 2797 424 2797 364 2798 424 2798 425 2798 243 2799 189 2799 275 2799 275 2800 189 2800 320 2800 527 2801 341 2801 393 2801 1328 2802 1273 2802 1382 2802 1533 2803 1438 2803 1562 2803 1457 2804 1512 2804 1578 2804 708 2805 621 2805 505 2805 708 2806 505 2806 560 2806 708 2807 560 2807 619 2807 708 2808 619 2808 982 2808 982 2809 619 2809 662 2809 982 2810 662 2810 703 2810 982 2811 703 2811 741 2811 982 2812 741 2812 760 2812 982 2813 760 2813 766 2813 982 2814 766 2814 753 2814 982 2815 753 2815 946 2815 982 2816 946 2816 1185 2816 982 2817 1185 2817 1141 2817 982 2818 1141 2818 1135 2818 982 2819 1135 2819 1150 2819 635 2820 729 2820 802 2820 635 2821 802 2821 845 2821 635 2822 845 2822 893 2822 635 2823 893 2823 928 2823 635 2824 928 2824 943 2824 635 2825 943 2825 951 2825 635 2826 951 2826 753 2826 635 2827 753 2827 719 2827 635 2828 719 2828 680 2828 635 2829 680 2829 543 2829 753 2830 951 2830 958 2830 753 2831 958 2831 961 2831 753 2832 961 2832 955 2832 753 2833 955 2833 946 2833 1524 2834 1604 2834 1669 2834 1524 2835 1669 2835 1718 2835 1524 2836 1718 2836 1762 2836 1524 2837 1762 2837 1790 2837 1524 2838 1790 2838 1803 2838 1524 2839 1803 2839 1811 2839 1524 2840 1811 2840 1624 2840 1524 2841 1624 2841 1596 2841 1524 2842 1596 2842 1562 2842 1524 2843 1562 2843 1438 2843 1624 2844 1811 2844 1820 2844 1624 2845 1820 2845 1825 2845 1624 2846 1825 2846 1817 2846 1624 2847 1817 2847 1808 2847 1624 2848 1808 2848 1797 2848 1624 2849 1797 2849 1785 2849 1624 2850 1785 2850 1749 2850 1624 2851 1749 2851 1637 2851 231 2852 260 2852 442 2852 231 2853 442 2853 349 2853 231 2854 349 2854 253 2854 231 2855 253 2855 178 2855 231 2856 178 2856 130 2856 231 2857 130 2857 79 2857 231 2858 79 2858 40 2858 231 2859 40 2859 23 2859 231 2860 23 2860 15 2860 231 2861 15 2861 6 2861 231 2862 6 2862 1 2862 231 2863 1 2863 9 2863 231 2864 9 2864 18 2864 231 2865 18 2865 27 2865 231 2866 27 2866 47 2866 231 2867 47 2867 93 2867 142 2868 189 2868 243 2868 142 2869 243 2869 223 2869 142 2870 223 2870 217 2870 142 2871 217 2871 231 2871 142 2872 231 2872 93 2872 1150 2873 1177 2873 1344 2873 1150 2874 1344 2874 1255 2874 1150 2875 1255 2875 1170 2875 1150 2876 1170 2876 1102 2876 1150 2877 1102 2877 1058 2877 1150 2878 1058 2878 1020 2878 1150 2879 1020 2879 994 2879 1150 2880 994 2880 985 2880 1150 2881 985 2881 977 2881 1150 2882 977 2882 970 2882 1150 2883 970 2883 967 2883 1150 2884 967 2884 973 2884 1150 2885 973 2885 982 2885 1185 2886 1273 2886 1328 2886 1185 2887 1328 2887 1277 2887 1185 2888 1277 2888 1232 2888 1185 2889 1232 2889 1193 2889 1185 2890 1193 2890 1159 2890 1185 2891 1159 2891 1141 2891 320 2892 189 2892 363 2892 363 2893 189 2893 282 2893 363 2894 282 2894 424 2894 424 2895 282 2895 368 2895 424 2896 368 2896 480 2896 480 2897 368 2897 533 2897 533 2898 368 2898 460 2898 533 2899 460 2899 594 2899 594 2900 460 2900 645 2900 645 2901 460 2901 543 2901 645 2902 543 2902 680 2902 341 2903 527 2903 305 2903 305 2904 527 2904 442 2904 305 2905 442 2905 260 2905 505 2906 621 2906 450 2906 450 2907 621 2907 527 2907 450 2908 527 2908 393 2908 1382 2909 1273 2909 1428 2909 1428 2910 1273 2910 1361 2910 1428 2911 1361 2911 1485 2911 1485 2912 1361 2912 1438 2912 1485 2913 1438 2913 1533 2913 1251 2914 1421 2914 1217 2914 1217 2915 1421 2915 1344 2915 1217 2916 1344 2916 1177 2916 1356 2917 1504 2917 1302 2917 1302 2918 1504 2918 1421 2918 1302 2919 1421 2919 1251 2919 1457 2920 1578 2920 1401 2920 1401 2921 1578 2921 1504 2921 1401 2922 1504 2922 1356 2922 1578 2923 1512 2923 1659 2923 1659 2924 1512 2924 1548 2924 1659 2925 1548 2925 1706 2925 1706 2926 1548 2926 1586 2926 1706 2927 1586 2927 1616 2927 1637 2928 1749 2928 1631 2928 1631 2929 1749 2929 1706 2929 1631 2930 1706 2930 1616 2930 1624 2931 1599 2931 1596 2931 1596 2932 1599 2932 1565 2932 1596 2933 1565 2933 1562 2933 1562 2934 1565 2934 1531 2934 1562 2935 1531 2935 1533 2935 1533 2936 1531 2936 1483 2936 1533 2937 1483 2937 1485 2937 1485 2938 1483 2938 1431 2938 1485 2939 1431 2939 1428 2939 1428 2940 1431 2940 1383 2940 1428 2941 1383 2941 1382 2941 1382 2942 1383 2942 1329 2942 1382 2943 1329 2943 1328 2943 1599 2944 1624 2944 1625 2944 1625 2945 1624 2945 1637 2945 1625 2946 1637 2946 1640 2946 1640 2947 1637 2947 1631 2947 1640 2948 1631 2948 1634 2948 1634 2949 1631 2949 1616 2949 1634 2950 1616 2950 1614 2950 1614 2951 1616 2951 1586 2951 1614 2952 1586 2952 1584 2952 1584 2953 1586 2953 1548 2953 1584 2954 1548 2954 1551 2954 1551 2955 1548 2955 1512 2955 1551 2956 1512 2956 1510 2956 1510 2957 1512 2957 1457 2957 1510 2958 1457 2958 1458 2958 753 2959 722 2959 719 2959 719 2960 722 2960 683 2960 719 2961 683 2961 680 2961 680 2962 683 2962 642 2962 680 2963 642 2963 645 2963 645 2964 642 2964 591 2964 645 2965 591 2965 594 2965 594 2966 591 2966 536 2966 594 2967 536 2967 533 2967 533 2968 536 2968 477 2968 533 2969 477 2969 480 2969 480 2970 477 2970 425 2970 480 2971 425 2971 424 2971 722 2972 753 2972 754 2972 754 2973 753 2973 766 2973 754 2974 766 2974 769 2974 769 2975 766 2975 760 2975 769 2976 760 2976 763 2976 763 2977 760 2977 741 2977 763 2978 741 2978 738 2978 738 2979 741 2979 703 2979 738 2980 703 2980 700 2980 700 2981 703 2981 662 2981 700 2982 662 2982 665 2982 665 2983 662 2983 619 2983 665 2984 619 2984 616 2984 616 2985 619 2985 560 2985 616 2986 560 2986 561 2986 708 2987 709 2987 621 2987 621 2988 709 2988 623 2988 621 2989 623 2989 527 2989 527 2990 623 2990 525 2990 527 2991 525 2991 442 2991 442 2992 525 2992 443 2992 442 2993 443 2993 349 2993 349 2994 443 2994 351 2994 349 2995 351 2995 253 2995 253 2996 351 2996 255 2996 253 2997 255 2997 178 2997 178 2998 255 2998 179 2998 178 2999 179 2999 130 2999 130 3000 179 3000 128 3000 130 3001 128 3001 79 3001 79 3002 128 3002 81 3002 79 3003 81 3003 40 3003 40 3004 81 3004 41 3004 40 3005 41 3005 23 3005 23 3006 41 3006 21 3006 23 3007 21 3007 15 3007 15 3008 21 3008 13 3008 15 3009 13 3009 6 3009 6 3010 13 3010 7 3010 6 3011 7 3011 1 3011 1 3012 7 3012 3 3012 1 3013 3 3013 9 3013 9 3014 3 3014 11 3014 9 3015 11 3015 18 3015 18 3016 11 3016 19 3016 18 3017 19 3017 27 3017 27 3018 19 3018 25 3018 27 3019 25 3019 47 3019 47 3020 25 3020 45 3020 47 3021 45 3021 93 3021 93 3022 45 3022 94 3022 93 3023 94 3023 142 3023 142 3024 94 3024 144 3024 142 3025 144 3025 189 3025 189 3026 144 3026 190 3026 189 3027 190 3027 282 3027 282 3028 190 3028 283 3028 282 3029 283 3029 368 3029 368 3030 283 3030 370 3030 368 3031 370 3031 460 3031 460 3032 370 3032 462 3032 460 3033 462 3033 543 3033 543 3034 462 3034 544 3034 543 3035 544 3035 635 3035 635 3036 544 3036 633 3036 635 3037 633 3037 729 3037 729 3038 633 3038 726 3038 729 3039 726 3039 802 3039 802 3040 726 3040 803 3040 802 3041 803 3041 845 3041 845 3042 803 3042 847 3042 845 3043 847 3043 893 3043 893 3044 847 3044 895 3044 893 3045 895 3045 928 3045 928 3046 895 3046 929 3046 928 3047 929 3047 943 3047 943 3048 929 3048 941 3048 943 3049 941 3049 951 3049 951 3050 941 3050 949 3050 951 3051 949 3051 958 3051 958 3052 949 3052 959 3052 958 3053 959 3053 961 3053 961 3054 959 3054 963 3054 961 3055 963 3055 955 3055 955 3056 963 3056 953 3056 955 3057 953 3057 946 3057 946 3058 953 3058 947 3058 983 3059 709 3059 982 3059 982 3060 709 3060 708 3060 1185 3061 1186 3061 1273 3061 1273 3062 1186 3062 1274 3062 1273 3063 1274 3063 1361 3063 1361 3064 1274 3064 1362 3064 1361 3065 1362 3065 1438 3065 1438 3066 1362 3066 1439 3066 1438 3067 1439 3067 1524 3067 1524 3068 1439 3068 1522 3068 1524 3069 1522 3069 1604 3069 1604 3070 1522 3070 1602 3070 1604 3071 1602 3071 1669 3071 1669 3072 1602 3072 1670 3072 1669 3073 1670 3073 1718 3073 1718 3074 1670 3074 1720 3074 1718 3075 1720 3075 1762 3075 1762 3076 1720 3076 1763 3076 1762 3077 1763 3077 1790 3077 1790 3078 1763 3078 1791 3078 1790 3079 1791 3079 1803 3079 1803 3080 1791 3080 1805 3080 1803 3081 1805 3081 1811 3081 1811 3082 1805 3082 1813 3082 1811 3083 1813 3083 1820 3083 1820 3084 1813 3084 1821 3084 1820 3085 1821 3085 1825 3085 1825 3086 1821 3086 1823 3086 1825 3087 1823 3087 1817 3087 1817 3088 1823 3088 1815 3088 1817 3089 1815 3089 1808 3089 1808 3090 1815 3090 1809 3090 1808 3091 1809 3091 1797 3091 1797 3092 1809 3092 1799 3092 1797 3093 1799 3093 1785 3093 1785 3094 1799 3094 1787 3094 1785 3095 1787 3095 1749 3095 1749 3096 1787 3096 1750 3096 1749 3097 1750 3097 1706 3097 1706 3098 1750 3098 1704 3098 1706 3099 1704 3099 1659 3099 1659 3100 1704 3100 1660 3100 1659 3101 1660 3101 1578 3101 1578 3102 1660 3102 1579 3102 1578 3103 1579 3103 1504 3103 1504 3104 1579 3104 1505 3104 1504 3105 1505 3105 1421 3105 1421 3106 1505 3106 1422 3106 1421 3107 1422 3107 1344 3107 1344 3108 1422 3108 1345 3108 1344 3109 1345 3109 1255 3109 1255 3110 1345 3110 1257 3110 1255 3111 1257 3111 1170 3111 1170 3112 1257 3112 1172 3112 1170 3113 1172 3113 1102 3113 1102 3114 1172 3114 1103 3114 1102 3115 1103 3115 1058 3115 1058 3116 1103 3116 1056 3116 1058 3117 1056 3117 1020 3117 1020 3118 1056 3118 1018 3118 1020 3119 1018 3119 994 3119 994 3120 1018 3120 995 3120 994 3121 995 3121 985 3121 985 3122 995 3122 987 3122 985 3123 987 3123 977 3123 977 3124 987 3124 979 3124 977 3125 979 3125 970 3125 970 3126 979 3126 971 3126 970 3127 971 3127 967 3127 967 3128 971 3128 965 3128 967 3129 965 3129 973 3129 973 3130 965 3130 975 3130 973 3131 975 3131 982 3131 982 3132 975 3132 983 3132 1186 3133 1185 3133 947 3133 947 3134 1185 3134 946 3134 276 3135 190 3135 244 3135 321 3136 190 3136 276 3136 394 3137 342 3137 525 3137 1144 3138 1131 3138 983 3138 1383 3139 1274 3139 1329 3139 1565 3140 1439 3140 1531 3140 1579 3141 1510 3141 1458 3141 709 3142 983 3142 616 3142 709 3143 616 3143 561 3143 709 3144 561 3144 506 3144 709 3145 506 3145 623 3145 633 3146 544 3146 683 3146 633 3147 683 3147 722 3147 633 3148 722 3148 754 3148 633 3149 754 3149 949 3149 633 3150 949 3150 941 3150 633 3151 941 3151 929 3151 633 3152 929 3152 895 3152 633 3153 895 3153 847 3153 633 3154 847 3154 803 3154 633 3155 803 3155 726 3155 754 3156 947 3156 953 3156 754 3157 953 3157 963 3157 754 3158 963 3158 959 3158 754 3159 959 3159 949 3159 1522 3160 1439 3160 1565 3160 1522 3161 1565 3161 1599 3161 1522 3162 1599 3162 1625 3162 1522 3163 1625 3163 1813 3163 1522 3164 1813 3164 1805 3164 1522 3165 1805 3165 1791 3165 1522 3166 1791 3166 1763 3166 1522 3167 1763 3167 1720 3167 1522 3168 1720 3168 1670 3168 1522 3169 1670 3169 1602 3169 1625 3170 1640 3170 1750 3170 1625 3171 1750 3171 1787 3171 1625 3172 1787 3172 1799 3172 1625 3173 1799 3173 1809 3173 1625 3174 1809 3174 1815 3174 1625 3175 1815 3175 1823 3175 1625 3176 1823 3176 1821 3176 1625 3177 1821 3177 1813 3177 1162 3178 987 3178 995 3178 1162 3179 995 3179 1018 3179 1162 3180 1018 3180 1056 3180 1162 3181 1056 3181 1103 3181 1162 3182 1103 3182 1172 3182 1162 3183 1172 3183 1257 3183 1162 3184 1257 3184 1345 3184 1162 3185 1345 3185 1189 3185 232 3186 94 3186 45 3186 232 3187 45 3187 25 3187 232 3188 25 3188 19 3188 232 3189 19 3189 11 3189 232 3190 11 3190 3 3190 232 3191 3 3191 7 3191 232 3192 7 3192 13 3192 232 3193 13 3193 21 3193 232 3194 21 3194 41 3194 232 3195 41 3195 81 3195 232 3196 81 3196 128 3196 232 3197 128 3197 179 3197 232 3198 179 3198 255 3198 232 3199 255 3199 351 3199 232 3200 351 3200 443 3200 232 3201 443 3201 261 3201 144 3202 94 3202 232 3202 144 3203 232 3203 218 3203 144 3204 218 3204 224 3204 144 3205 224 3205 244 3205 144 3206 244 3206 190 3206 1186 3207 947 3207 983 3207 1186 3208 983 3208 1131 3208 1186 3209 1131 3209 1146 3209 1186 3210 1146 3210 1167 3210 1186 3211 1167 3211 1202 3211 1186 3212 1202 3212 1238 3212 1186 3213 1238 3213 1281 3213 1186 3214 1281 3214 1329 3214 1186 3215 1329 3215 1274 3215 983 3216 947 3216 754 3216 983 3217 754 3217 769 3217 983 3218 769 3218 763 3218 983 3219 763 3219 738 3219 983 3220 738 3220 700 3220 983 3221 700 3221 665 3221 983 3222 665 3222 616 3222 1144 3223 987 3223 1162 3223 987 3224 1144 3224 979 3224 979 3225 1144 3225 983 3225 979 3226 983 3226 971 3226 971 3227 983 3227 975 3227 971 3228 975 3228 965 3228 477 3229 370 3229 425 3229 425 3230 370 3230 283 3230 425 3231 283 3231 364 3231 364 3232 283 3232 190 3232 364 3233 190 3233 321 3233 591 3234 462 3234 536 3234 536 3235 462 3235 370 3235 536 3236 370 3236 477 3236 683 3237 544 3237 642 3237 642 3238 544 3238 462 3238 642 3239 462 3239 591 3239 261 3240 443 3240 306 3240 306 3241 443 3241 525 3241 306 3242 525 3242 342 3242 394 3243 525 3243 451 3243 451 3244 525 3244 623 3244 451 3245 623 3245 506 3245 1531 3246 1439 3246 1483 3246 1483 3247 1439 3247 1362 3247 1483 3248 1362 3248 1431 3248 1431 3249 1362 3249 1274 3249 1431 3250 1274 3250 1383 3250 1189 3251 1345 3251 1227 3251 1227 3252 1345 3252 1422 3252 1227 3253 1422 3253 1264 3253 1264 3254 1422 3254 1310 3254 1310 3255 1422 3255 1505 3255 1310 3256 1505 3256 1367 3256 1367 3257 1505 3257 1411 3257 1411 3258 1505 3258 1579 3258 1411 3259 1579 3259 1458 3259 1614 3260 1584 3260 1704 3260 1704 3261 1584 3261 1551 3261 1704 3262 1551 3262 1660 3262 1660 3263 1551 3263 1510 3263 1660 3264 1510 3264 1579 3264 1614 3265 1704 3265 1634 3265 1634 3266 1704 3266 1750 3266 1634 3267 1750 3267 1640 3267 1355 3268 1366 3268 1400 3268 1309 3269 1366 3269 1355 3269 1301 3270 1309 3270 1355 3270 1263 3271 1309 3271 1301 3271 1250 3272 1263 3272 1301 3272 1226 3273 1263 3273 1250 3273 1216 3274 1226 3274 1250 3274 1188 3275 1226 3275 1216 3275 1176 3276 1188 3276 1216 3276 1161 3277 1188 3277 1176 3277 1149 3278 1161 3278 1176 3278 1149 3279 1143 3279 1161 3279 1143 3280 1149 3280 1134 3280 1134 3281 1130 3281 1143 3281 1130 3282 1134 3282 1140 3282 1140 3283 1145 3283 1130 3283 1145 3284 1140 3284 1158 3284 1158 3285 1166 3285 1145 3285 1166 3286 1158 3286 1192 3286 1192 3287 1201 3287 1166 3287 1201 3288 1192 3288 1231 3288 1231 3289 1237 3289 1201 3289 1237 3290 1231 3290 1276 3290 1366 3291 1410 3291 1400 3291 1400 3292 1410 3292 1456 3292 1400 3293 1456 3293 1455 3293 1237 3294 1276 3294 1280 3294 1280 3295 1276 3295 1326 3295 1280 3296 1326 3296 1327 3296 228 3297 258 3297 257 3297 257 3298 258 3298 303 3298 257 3299 303 3299 302 3299 302 3300 303 3300 339 3300 302 3301 339 3301 338 3301 338 3302 339 3302 391 3302 338 3303 391 3303 390 3303 390 3304 391 3304 448 3304 390 3305 448 3305 447 3305 447 3306 448 3306 503 3306 447 3307 503 3307 502 3307 502 3308 503 3308 558 3308 502 3309 558 3309 557 3309 258 3310 228 3310 229 3310 229 3311 228 3311 214 3311 229 3312 214 3312 215 3312 215 3313 214 3313 220 3313 215 3314 220 3314 221 3314 221 3315 220 3315 240 3315 221 3316 240 3316 241 3316 241 3317 240 3317 272 3317 241 3318 272 3318 273 3318 273 3319 272 3319 317 3319 273 3320 317 3320 318 3320 318 3321 317 3321 360 3321 318 3322 360 3322 361 3322 361 3323 360 3323 421 3323 361 3324 421 3324 422 3324 240 3325 187 3325 272 3325 272 3326 187 3326 317 3326 526 3327 338 3327 390 3327 1326 3328 1271 3328 1380 3328 1532 3329 1436 3329 1561 3329 1455 3330 1511 3330 1576 3330 706 3331 620 3331 502 3331 706 3332 502 3332 557 3332 706 3333 557 3333 617 3333 706 3334 617 3334 980 3334 980 3335 617 3335 660 3335 980 3336 660 3336 701 3336 980 3337 701 3337 739 3337 980 3338 739 3338 758 3338 980 3339 758 3339 764 3339 980 3340 764 3340 750 3340 980 3341 750 3341 944 3341 980 3342 944 3342 1183 3342 980 3343 1183 3343 1140 3343 980 3344 1140 3344 1134 3344 980 3345 1134 3345 1149 3345 634 3346 727 3346 800 3346 634 3347 800 3347 844 3347 634 3348 844 3348 892 3348 634 3349 892 3349 926 3349 634 3350 926 3350 942 3350 634 3351 942 3351 950 3351 634 3352 950 3352 750 3352 634 3353 750 3353 717 3353 634 3354 717 3354 678 3354 634 3355 678 3355 541 3355 750 3356 950 3356 956 3356 750 3357 956 3357 960 3357 750 3358 960 3358 954 3358 750 3359 954 3359 944 3359 1523 3360 1603 3360 1667 3360 1523 3361 1667 3361 1717 3361 1523 3362 1717 3362 1760 3362 1523 3363 1760 3363 1788 3363 1523 3364 1788 3364 1802 3364 1523 3365 1802 3365 1810 3365 1523 3366 1810 3366 1622 3366 1523 3367 1622 3367 1595 3367 1523 3368 1595 3368 1561 3368 1523 3369 1561 3369 1436 3369 1622 3370 1810 3370 1818 3370 1622 3371 1818 3371 1824 3371 1622 3372 1824 3372 1816 3372 1622 3373 1816 3373 1806 3373 1622 3374 1806 3374 1796 3374 1622 3375 1796 3375 1784 3375 1622 3376 1784 3376 1747 3376 1622 3377 1747 3377 1636 3377 228 3378 257 3378 440 3378 228 3379 440 3379 348 3379 228 3380 348 3380 252 3380 228 3381 252 3381 176 3381 228 3382 176 3382 129 3382 228 3383 129 3383 78 3383 228 3384 78 3384 38 3384 228 3385 38 3385 22 3385 228 3386 22 3386 14 3386 228 3387 14 3387 4 3387 228 3388 4 3388 0 3388 228 3389 0 3389 8 3389 228 3390 8 3390 16 3390 228 3391 16 3391 26 3391 228 3392 26 3392 46 3392 228 3393 46 3393 91 3393 141 3394 187 3394 240 3394 141 3395 240 3395 220 3395 141 3396 220 3396 214 3396 141 3397 214 3397 228 3397 141 3398 228 3398 91 3398 1149 3399 1176 3399 1342 3399 1149 3400 1342 3400 1254 3400 1149 3401 1254 3401 1169 3401 1149 3402 1169 3402 1100 3402 1149 3403 1100 3403 1057 3403 1149 3404 1057 3404 1019 3404 1149 3405 1019 3405 992 3405 1149 3406 992 3406 984 3406 1149 3407 984 3407 976 3407 1149 3408 976 3408 968 3408 1149 3409 968 3409 966 3409 1149 3410 966 3410 972 3410 1149 3411 972 3411 980 3411 1183 3412 1271 3412 1326 3412 1183 3413 1326 3413 1276 3413 1183 3414 1276 3414 1231 3414 1183 3415 1231 3415 1192 3415 1183 3416 1192 3416 1158 3416 1183 3417 1158 3417 1140 3417 317 3418 187 3418 360 3418 360 3419 187 3419 280 3419 360 3420 280 3420 421 3420 421 3421 280 3421 367 3421 421 3422 367 3422 478 3422 478 3423 367 3423 531 3423 531 3424 367 3424 459 3424 531 3425 459 3425 592 3425 592 3426 459 3426 643 3426 643 3427 459 3427 541 3427 643 3428 541 3428 678 3428 338 3429 526 3429 302 3429 302 3430 526 3430 440 3430 302 3431 440 3431 257 3431 502 3432 620 3432 447 3432 447 3433 620 3433 526 3433 447 3434 526 3434 390 3434 1380 3435 1271 3435 1427 3435 1427 3436 1271 3436 1359 3436 1427 3437 1359 3437 1484 3437 1484 3438 1359 3438 1436 3438 1484 3439 1436 3439 1532 3439 1250 3440 1419 3440 1216 3440 1216 3441 1419 3441 1342 3441 1216 3442 1342 3442 1176 3442 1355 3443 1502 3443 1301 3443 1301 3444 1502 3444 1419 3444 1301 3445 1419 3445 1250 3445 1455 3446 1576 3446 1400 3446 1400 3447 1576 3447 1502 3447 1400 3448 1502 3448 1355 3448 1576 3449 1511 3449 1657 3449 1657 3450 1511 3450 1547 3450 1657 3451 1547 3451 1705 3451 1705 3452 1547 3452 1585 3452 1705 3453 1585 3453 1615 3453 1636 3454 1747 3454 1630 3454 1630 3455 1747 3455 1705 3455 1630 3456 1705 3456 1615 3456 1622 3457 1598 3457 1595 3457 1595 3458 1598 3458 1564 3458 1595 3459 1564 3459 1561 3459 1561 3460 1564 3460 1530 3460 1561 3461 1530 3461 1532 3461 1532 3462 1530 3462 1482 3462 1532 3463 1482 3463 1484 3463 1484 3464 1482 3464 1430 3464 1484 3465 1430 3465 1427 3465 1427 3466 1430 3466 1381 3466 1427 3467 1381 3467 1380 3467 1380 3468 1381 3468 1327 3468 1380 3469 1327 3469 1326 3469 1598 3470 1622 3470 1623 3470 1623 3471 1622 3471 1636 3471 1623 3472 1636 3472 1639 3472 1639 3473 1636 3473 1630 3473 1639 3474 1630 3474 1633 3474 1633 3475 1630 3475 1615 3475 1633 3476 1615 3476 1613 3476 1613 3477 1615 3477 1585 3477 1613 3478 1585 3478 1583 3478 1583 3479 1585 3479 1547 3479 1583 3480 1547 3480 1550 3480 1550 3481 1547 3481 1511 3481 1550 3482 1511 3482 1509 3482 1509 3483 1511 3483 1455 3483 1509 3484 1455 3484 1456 3484 750 3485 721 3485 717 3485 717 3486 721 3486 682 3486 717 3487 682 3487 678 3487 678 3488 682 3488 641 3488 678 3489 641 3489 643 3489 643 3490 641 3490 590 3490 643 3491 590 3491 592 3491 592 3492 590 3492 535 3492 592 3493 535 3493 531 3493 531 3494 535 3494 476 3494 531 3495 476 3495 478 3495 478 3496 476 3496 422 3496 478 3497 422 3497 421 3497 721 3498 750 3498 751 3498 751 3499 750 3499 764 3499 751 3500 764 3500 768 3500 768 3501 764 3501 758 3501 768 3502 758 3502 762 3502 762 3503 758 3503 739 3503 762 3504 739 3504 737 3504 737 3505 739 3505 701 3505 737 3506 701 3506 699 3506 699 3507 701 3507 660 3507 699 3508 660 3508 664 3508 664 3509 660 3509 617 3509 664 3510 617 3510 615 3510 615 3511 617 3511 557 3511 615 3512 557 3512 558 3512 706 3513 707 3513 620 3513 620 3514 707 3514 622 3514 620 3515 622 3515 526 3515 526 3516 622 3516 524 3516 526 3517 524 3517 440 3517 440 3518 524 3518 441 3518 440 3519 441 3519 348 3519 348 3520 441 3520 350 3520 348 3521 350 3521 252 3521 252 3522 350 3522 254 3522 252 3523 254 3523 176 3523 176 3524 254 3524 177 3524 176 3525 177 3525 129 3525 129 3526 177 3526 127 3526 129 3527 127 3527 78 3527 78 3528 127 3528 80 3528 78 3529 80 3529 38 3529 38 3530 80 3530 39 3530 38 3531 39 3531 22 3531 22 3532 39 3532 20 3532 22 3533 20 3533 14 3533 14 3534 20 3534 12 3534 14 3535 12 3535 4 3535 4 3536 12 3536 5 3536 4 3537 5 3537 0 3537 0 3538 5 3538 2 3538 0 3539 2 3539 8 3539 8 3540 2 3540 10 3540 8 3541 10 3541 16 3541 16 3542 10 3542 17 3542 16 3543 17 3543 26 3543 26 3544 17 3544 24 3544 26 3545 24 3545 46 3545 46 3546 24 3546 44 3546 46 3547 44 3547 91 3547 91 3548 44 3548 92 3548 91 3549 92 3549 141 3549 141 3550 92 3550 143 3550 141 3551 143 3551 187 3551 187 3552 143 3552 188 3552 187 3553 188 3553 280 3553 280 3554 188 3554 281 3554 280 3555 281 3555 367 3555 367 3556 281 3556 369 3556 367 3557 369 3557 459 3557 459 3558 369 3558 461 3558 459 3559 461 3559 541 3559 541 3560 461 3560 542 3560 541 3561 542 3561 634 3561 634 3562 542 3562 632 3562 634 3563 632 3563 727 3563 727 3564 632 3564 725 3564 727 3565 725 3565 800 3565 800 3566 725 3566 801 3566 800 3567 801 3567 844 3567 844 3568 801 3568 846 3568 844 3569 846 3569 892 3569 892 3570 846 3570 894 3570 892 3571 894 3571 926 3571 926 3572 894 3572 927 3572 926 3573 927 3573 942 3573 942 3574 927 3574 940 3574 942 3575 940 3575 950 3575 950 3576 940 3576 948 3576 950 3577 948 3577 956 3577 956 3578 948 3578 957 3578 956 3579 957 3579 960 3579 960 3580 957 3580 962 3580 960 3581 962 3581 954 3581 954 3582 962 3582 952 3582 954 3583 952 3583 944 3583 944 3584 952 3584 945 3584 981 3585 707 3585 980 3585 980 3586 707 3586 706 3586 1183 3587 1184 3587 1271 3587 1271 3588 1184 3588 1272 3588 1271 3589 1272 3589 1359 3589 1359 3590 1272 3590 1360 3590 1359 3591 1360 3591 1436 3591 1436 3592 1360 3592 1437 3592 1436 3593 1437 3593 1523 3593 1523 3594 1437 3594 1521 3594 1523 3595 1521 3595 1603 3595 1603 3596 1521 3596 1601 3596 1603 3597 1601 3597 1667 3597 1667 3598 1601 3598 1668 3598 1667 3599 1668 3599 1717 3599 1717 3600 1668 3600 1719 3600 1717 3601 1719 3601 1760 3601 1760 3602 1719 3602 1761 3602 1760 3603 1761 3603 1788 3603 1788 3604 1761 3604 1789 3604 1788 3605 1789 3605 1802 3605 1802 3606 1789 3606 1804 3606 1802 3607 1804 3607 1810 3607 1810 3608 1804 3608 1812 3608 1810 3609 1812 3609 1818 3609 1818 3610 1812 3610 1819 3610 1818 3611 1819 3611 1824 3611 1824 3612 1819 3612 1822 3612 1824 3613 1822 3613 1816 3613 1816 3614 1822 3614 1814 3614 1816 3615 1814 3615 1806 3615 1806 3616 1814 3616 1807 3616 1806 3617 1807 3617 1796 3617 1796 3618 1807 3618 1798 3618 1796 3619 1798 3619 1784 3619 1784 3620 1798 3620 1786 3620 1784 3621 1786 3621 1747 3621 1747 3622 1786 3622 1748 3622 1747 3623 1748 3623 1705 3623 1705 3624 1748 3624 1703 3624 1705 3625 1703 3625 1657 3625 1657 3626 1703 3626 1658 3626 1657 3627 1658 3627 1576 3627 1576 3628 1658 3628 1577 3628 1576 3629 1577 3629 1502 3629 1502 3630 1577 3630 1503 3630 1502 3631 1503 3631 1419 3631 1419 3632 1503 3632 1420 3632 1419 3633 1420 3633 1342 3633 1342 3634 1420 3634 1343 3634 1342 3635 1343 3635 1254 3635 1254 3636 1343 3636 1256 3636 1254 3637 1256 3637 1169 3637 1169 3638 1256 3638 1171 3638 1169 3639 1171 3639 1100 3639 1100 3640 1171 3640 1101 3640 1100 3641 1101 3641 1057 3641 1057 3642 1101 3642 1055 3642 1057 3643 1055 3643 1019 3643 1019 3644 1055 3644 1017 3644 1019 3645 1017 3645 992 3645 992 3646 1017 3646 993 3646 992 3647 993 3647 984 3647 984 3648 993 3648 986 3648 984 3649 986 3649 976 3649 976 3650 986 3650 978 3650 976 3651 978 3651 968 3651 968 3652 978 3652 969 3652 968 3653 969 3653 966 3653 966 3654 969 3654 964 3654 966 3655 964 3655 972 3655 972 3656 964 3656 974 3656 972 3657 974 3657 980 3657 980 3658 974 3658 981 3658 1184 3659 1183 3659 945 3659 945 3660 1183 3660 944 3660 273 3661 188 3661 241 3661 318 3662 188 3662 273 3662 391 3663 339 3663 524 3663 1143 3664 1130 3664 981 3664 1381 3665 1272 3665 1327 3665 1564 3666 1437 3666 1530 3666 1577 3667 1509 3667 1456 3667 707 3668 981 3668 615 3668 707 3669 615 3669 558 3669 707 3670 558 3670 503 3670 707 3671 503 3671 622 3671 632 3672 542 3672 682 3672 632 3673 682 3673 721 3673 632 3674 721 3674 751 3674 632 3675 751 3675 948 3675 632 3676 948 3676 940 3676 632 3677 940 3677 927 3677 632 3678 927 3678 894 3678 632 3679 894 3679 846 3679 632 3680 846 3680 801 3680 632 3681 801 3681 725 3681 751 3682 945 3682 952 3682 751 3683 952 3683 962 3683 751 3684 962 3684 957 3684 751 3685 957 3685 948 3685 1521 3686 1437 3686 1564 3686 1521 3687 1564 3687 1598 3687 1521 3688 1598 3688 1623 3688 1521 3689 1623 3689 1812 3689 1521 3690 1812 3690 1804 3690 1521 3691 1804 3691 1789 3691 1521 3692 1789 3692 1761 3692 1521 3693 1761 3693 1719 3693 1521 3694 1719 3694 1668 3694 1521 3695 1668 3695 1601 3695 1623 3696 1639 3696 1748 3696 1623 3697 1748 3697 1786 3697 1623 3698 1786 3698 1798 3698 1623 3699 1798 3699 1807 3699 1623 3700 1807 3700 1814 3700 1623 3701 1814 3701 1822 3701 1623 3702 1822 3702 1819 3702 1623 3703 1819 3703 1812 3703 1161 3704 986 3704 993 3704 1161 3705 993 3705 1017 3705 1161 3706 1017 3706 1055 3706 1161 3707 1055 3707 1101 3707 1161 3708 1101 3708 1171 3708 1161 3709 1171 3709 1256 3709 1161 3710 1256 3710 1343 3710 1161 3711 1343 3711 1188 3711 229 3712 92 3712 44 3712 229 3713 44 3713 24 3713 229 3714 24 3714 17 3714 229 3715 17 3715 10 3715 229 3716 10 3716 2 3716 229 3717 2 3717 5 3717 229 3718 5 3718 12 3718 229 3719 12 3719 20 3719 229 3720 20 3720 39 3720 229 3721 39 3721 80 3721 229 3722 80 3722 127 3722 229 3723 127 3723 177 3723 229 3724 177 3724 254 3724 229 3725 254 3725 350 3725 229 3726 350 3726 441 3726 229 3727 441 3727 258 3727 143 3728 92 3728 229 3728 143 3729 229 3729 215 3729 143 3730 215 3730 221 3730 143 3731 221 3731 241 3731 143 3732 241 3732 188 3732 1184 3733 945 3733 981 3733 1184 3734 981 3734 1130 3734 1184 3735 1130 3735 1145 3735 1184 3736 1145 3736 1166 3736 1184 3737 1166 3737 1201 3737 1184 3738 1201 3738 1237 3738 1184 3739 1237 3739 1280 3739 1184 3740 1280 3740 1327 3740 1184 3741 1327 3741 1272 3741 981 3742 945 3742 751 3742 981 3743 751 3743 768 3743 981 3744 768 3744 762 3744 981 3745 762 3745 737 3745 981 3746 737 3746 699 3746 981 3747 699 3747 664 3747 981 3748 664 3748 615 3748 1143 3749 986 3749 1161 3749 986 3750 1143 3750 978 3750 978 3751 1143 3751 981 3751 978 3752 981 3752 969 3752 969 3753 981 3753 974 3753 969 3754 974 3754 964 3754 476 3755 369 3755 422 3755 422 3756 369 3756 281 3756 422 3757 281 3757 361 3757 361 3758 281 3758 188 3758 361 3759 188 3759 318 3759 590 3760 461 3760 535 3760 535 3761 461 3761 369 3761 535 3762 369 3762 476 3762 682 3763 542 3763 641 3763 641 3764 542 3764 461 3764 641 3765 461 3765 590 3765 258 3766 441 3766 303 3766 303 3767 441 3767 524 3767 303 3768 524 3768 339 3768 391 3769 524 3769 448 3769 448 3770 524 3770 622 3770 448 3771 622 3771 503 3771 1530 3772 1437 3772 1482 3772 1482 3773 1437 3773 1360 3773 1482 3774 1360 3774 1430 3774 1430 3775 1360 3775 1272 3775 1430 3776 1272 3776 1381 3776 1188 3777 1343 3777 1226 3777 1226 3778 1343 3778 1420 3778 1226 3779 1420 3779 1263 3779 1263 3780 1420 3780 1309 3780 1309 3781 1420 3781 1503 3781 1309 3782 1503 3782 1366 3782 1366 3783 1503 3783 1410 3783 1410 3784 1503 3784 1577 3784 1410 3785 1577 3785 1456 3785 1613 3786 1583 3786 1703 3786 1703 3787 1583 3787 1550 3787 1703 3788 1550 3788 1658 3788 1658 3789 1550 3789 1509 3789 1658 3790 1509 3790 1577 3790 1613 3791 1703 3791 1633 3791 1633 3792 1703 3792 1748 3792 1633 3793 1748 3793 1639 3793</p>
        </triangles>
      </mesh>
    </geometry>
  </library_geometries>
  <library_materials>
    <material id="mat_gr_lh_link" name="gr_lh_link">
      <instance_effect url="#effect_gr_lh_link"/>
    </material>
  </library_materials>
  <library_visual_scenes>
    <visual_scene id="myscene">
      <node id="node0" name="node0">
        <instance_geometry url="#geometry0">
          <bind_material>
            <technique_common>
              <instance_material symbol="ref_gr_lh_link" target="#mat_gr_lh_link"/>
            </technique_common>
          </bind_material>
        </instance_geometry>
      </node>
    </visual_scene>
  </library_visual_scenes>
  <scene>
    <instance_visual_scene url="#myscene"/>
  </scene>
</COLLADA>
