<COLLADA xmlns="http://www.collada.org/2005/11/COLLADASchema" version="1.4.1">
  <asset>
    <contributor/>
    <created>2025-11-18T20:30:27.149116</created>
    <modified>2025-11-18T20:30:27.149131</modified>
    <unit name="meter" meter="1.0"/>
    <up_axis>Z_UP</up_axis>
  </asset>
  <library_effects>
    <effect id="effect_gr_l_b_new" name="effect_gr_l_b_new">
      <profile_COMMON>
        <technique sid="common">
          <phong>
            <emission>
              <color>0.0 0.0 0.0 1.0</color>
            </emission>
            <ambient>
              <color>0.0 0.0 0.0 1.0</color>
            </ambient>
            <diffuse>
              <color>0.800000011920929 0.800000011920929 0.800000011920929 1.0</color>
            </diffuse>
            <specular>
              <color>1 1 1 1.0</color>
            </specular>
            <shininess>
              <float>0.0</float>
            </shininess>
            <reflective>
              <color>0.0 0.0 0.0 1.0</color>
            </reflective>
            <reflectivity>
              <float>0.0</float>
            </reflectivity>
            <transparent>
              <color>0.0 0.0 0.0 1.0</color>
            </transparent>
            <transparency>
              <float>1.0</float>
            </transparency>
          </phong>
        </technique>
        <extra>
          <technique profile="GOOGLEEARTH">
            <double_sided>0</double_sided>
          </technique>
        </extra>
      </profile_COMMON>
    </effect>
  </library_effects>
  <library_geometries>
    <geometry id="geometry0" name="gr_l_b_new">
      <mesh>
        <source id="cubeverts-array0">
          <float_array count="2202" id="cubeverts-array0-array">-0.01546676 0.003 -0.0009233075 -0.01546651 8.384816e-14 -0.001023724 -0.01545188 8.384814e-14 -0.0007906815 -0.01544267 0.003 -0.001188525 -0.01542556 8.384818e-14 -0.001253062 -0.01541931 0.003 -0.0006612599 -0.01538408 8.384811e-14 -0.0005678031 -0.01534879 0.003 -0.001437737 -0.01533268 8.384819e-14 -0.00146714 -0.01530375 0.003 -0.0004213289 -0.0152651 8.384807e-14 -0.0003668885 -0.0151919 8.384819e-14 -0.001652924 -0.0151919 0.003 -0.001652924 -0.01512844 0.003 -0.0002208617 -0.01510329 8.384804e-14 -0.0001990947 -0.01500376 8.384818e-14 -0.001806603 -0.01500352 0.003 -0.001806212 -0.01492351 8.384761e-14 0.004115773 -0.01492271 0.003 0.004115979 -0.01490606 8.3848e-14 -7.435258e-05 -0.01490606 0.003 -7.435258e-05 -0.01490457 8.384763e-14 0.003840534 -0.01490457 0.003 0.003840534 -0.01486413 8.384757e-14 0.004385732 -0.01486413 0.003 0.004385731 -0.0148117 8.384764e-14 0.003580335 -0.01481111 0.003 0.003580796 -0.01478349 8.384816e-14 -0.001909043 -0.01478349 0.003 -0.001909043 -0.01473415 8.384753e-14 0.004629086 -0.01473337 0.003 0.004628838 -0.01464959 -1.601115e-14 0.00335694 -0.01464959 0.003 0.00335694 -0.01454487 -5.385979e-15 0.003262338 -0.01454487 0.003 0.003262338 -0.01454059 8.384749e-14 0.004826412 -0.01454059 0.003 0.004826412 -0.01434326 0.003 0.0001590105 -0.01434308 8.38479e-14 0.000159155 -0.01430077 0.003 0.004963107 -0.01429564 8.384744e-14 0.004965131 -0.01426385 2.932323e-14 -0.005855804 -0.01426385 0.003 -0.005855804 -0.0142326 2.93146e-14 -0.006107193 -0.0142326 0.003 -0.006107193 -0.01423029 2.932557e-14 -0.005604713 -0.01423029 0.003 -0.005604713 -0.01419526 0.003 -0.002065332 -0.01419491 8.384809e-14 -0.002065486 -0.01413862 2.930024e-14 -0.006342433 -0.01413862 0.003 -0.006342433 -0.01413414 2.932147e-14 -0.005370347 -0.01413414 0.003 -0.005370347 -0.01404547 0.003 0.002914224 -0.01404519 8.38476e-14 0.002913959 -0.01403254 8.38474e-14 0.005028303 -0.01403254 0.003 0.005028303 -0.01398802 2.928109e-14 -0.006546136 -0.01398802 0.003 -0.006546136 -0.01398168 2.931119e-14 -0.00516804 -0.01398168 0.003 -0.00516804 -0.01377046 9.80245e-14 -0.006717029 -0.01377046 0.003 -0.006717029 -0.01376798 8.38478e-14 0.0003575298 -0.0137673 0.003 0.0003576678 -0.01359899 8.384802e-14 -0.002185554 -0.01359861 0.003 -0.002185546 -0.01353264 0.003 -0.004756264 -0.01353252 8.384825e-14 -0.004756064 -0.01352618 8.384756e-14 0.002597267 -0.01352581 0.003 0.002597142 -0.01351412 9.799732e-14 -0.006821078 -0.01351412 0.003 -0.006821078 -0.01342387 0.003 0.005055106 -0.01342365 8.384732e-14 0.005055178 -0.01323901 2.586744e-14 -0.006850165 -0.01323901 0.003 -0.006850165 -0.01318077 6.889109e-14 0.0005207887 -0.01318032 0.003 0.0005208964 -0.01305995 8.384815e-14 -0.004372958 -0.01305936 0.003 -0.004372597 -0.01299575 8.660463e-14 -0.002269247 -0.01299575 0.003 -0.002269247 -0.01298783 -8.096004e-15 0.002312262 -0.01298783 0.003 0.002312262 -0.0129653 6.879839e-14 0.0005995626 -0.01296497 0.003 0.0005997281 -0.01283695 -7.986697e-15 0.00222151 -0.01283695 0.003 0.00222151 -0.01281538 8.384723e-14 0.005044894 -0.0128147 0.003 0.005044793 -0.01277345 6.872426e-14 0.000725369 -0.01277324 0.003 0.0007255462 -0.01276796 8.641417e-14 -0.002320414 -0.01276796 0.003 -0.002320414 -0.01270432 -1.017088e-14 0.002105702 -0.01270432 0.003 0.002105702 -0.01270192 0.003 0.008535674 -0.01270169 8.384689e-14 0.008601128 -0.01269578 8.384689e-14 0.008450482 -0.01268491 8.384687e-14 0.008750406 -0.01267517 0.003 0.008795403 -0.01266709 8.384691e-14 0.008303028 -0.01265986 0.003 0.00827798 -0.01264542 8.384685e-14 0.008895907 -0.01263278 0.003 -0.006795839 -0.01263239 8.384832e-14 -0.006795863 -0.01261905 8.384692e-14 0.0081673 -0.01261533 6.867259e-14 0.0008915865 -0.01261522 0.003 0.0008917338 -0.01258782 8.384683e-14 0.009027419 -0.01258148 0.003 0.009039117 -0.01257194 -1.074247e-14 0.001933759 -0.01257194 0.003 0.001933759 -0.01256399 5.801795e-14 -0.004018706 -0.0125636 0.003 -0.004018452 -0.01255824 8.632611e-14 -0.002423006 -0.01255824 0.003 -0.002423006 -0.01255192 8.384692e-14 0.008040233 -0.01255192 0.003 0.008040233 -0.01251139 8.38468e-14 0.009149598 -0.01249924 6.864611e-14 0.001089467 -0.01249921 0.003 0.001089551 -0.01247977 -1.169527e-14 0.001737306 -0.01247977 0.003 0.001737306 -0.01243215 -1.29844e-14 0.001525595 -0.01243215 0.003 0.001525595 -0.01243131 6.864621e-14 0.001308595 -0.01243131 0.003 0.001308595 -0.01242735 0.003 0.009249876 -0.0124185 8.384678e-14 0.009259079 -0.01238846 5.791436e-14 -0.003870988 -0.0123882 0.003 -0.00387072 -0.01237802 1.208392e-13 -0.00257143 -0.01237802 0.003 -0.00257143 -0.01231026 8.384676e-14 0.009354222 -0.01225121 5.782879e-14 -0.003687154 -0.01225107 0.003 -0.003686915 -0.0122241 1.20985e-13 -0.002780469 -0.0122241 0.003 -0.002780469 -0.0122235 0.003 0.009413033 -0.01220775 2.0185e-14 0.004997468 -0.01220729 0.003 0.004997416 -0.01220176 0.003 0.007542394 -0.01220159 8.384692e-14 0.00754205 -0.01218405 8.384674e-14 0.009435687 -0.01215947 5.776576e-14 -0.003476879 -0.01215942 0.003 -0.003476702 -0.01212918 5.771922e-14 -0.003022083 -0.01212918 0.003 -0.003022083 -0.01211807 5.772859e-14 -0.00325123 -0.01211806 0.003 -0.003251137 -0.0120464 8.384671e-14 0.00949719 -0.01203133 8.384823e-14 -0.006704872 -0.01203097 0.003 -0.006704732 -0.01198409 0.003 0.009517245 -0.01197833 2.030695e-14 0.004997797 -0.01197797 0.003 0.00499784 -0.01190158 8.384669e-14 0.009537113 -0.01182227 8.384691e-14 0.007067021 -0.01182197 0.003 0.00706678 -0.01175503 2.038333e-14 0.005050402 -0.01175477 0.003 0.005050496 -0.01175183 8.384667e-14 0.009554565 -0.01172577 0.003 0.009555272 -0.01160819 8.384664e-14 0.009549994 -0.01154959 2.04101e-14 0.005152514 -0.01154943 0.003 0.005152614 -0.01146649 8.384663e-14 0.00952447 -0.01146649 0.003 0.00952447 -0.01145772 1.333039e-13 -0.01009717 -0.01145772 0.003 -0.01009717 -0.01144174 1.33303e-13 -0.009862587 -0.01144174 0.003 -0.009862587 -0.01143583 2.738144e-14 -0.00657719 -0.01143583 0.003 -0.00657719 -0.01141796 1.333384e-13 -0.0103289 -0.01141796 0.003 -0.0103289 -0.01141395 3.567328e-14 0.006615147 -0.01141395 0.003 0.006615147 -0.01137283 2.038586e-14 0.005298758 -0.01137276 0.003 0.005298824 -0.01137091 1.333358e-13 -0.009638386 -0.01137091 0.003 -0.009638386 -0.01132469 1.334047e-13 -0.01054474 -0.01132469 0.003 -0.01054474 -0.01126703 3.570157e-14 0.006420441 -0.01126703 0.003 0.006420441 -0.01123405 2.031189e-14 0.005481437 -0.01123405 0.003 0.005481437 -0.01118318 1.334989e-13 -0.0107325 -0.01118318 0.003 -0.0107325 -0.01117552 2.744149e-14 -0.00654747 -0.01117552 0.003 -0.00654747 -0.01117162 3.570903e-14 0.006195958 -0.01117162 0.003 0.006195958 -0.01115462 3.566096e-14 0.005712061 -0.01115462 0.003 0.005712061 -0.01113339 3.569522e-14 0.005955054 -0.01113339 0.003 0.005955054 -0.01108979 0.003 -0.009097862 -0.01108974 8.384832e-14 -0.009097632 -0.01100139 1.158323e-13 -0.01088162 -0.01100139 0.003 -0.01088162 -0.01091643 2.753721e-14 -0.006586382 -0.01091643 0.003 -0.006586382 -0.01088537 0.003 0.00934148 -0.01088513 8.384657e-14 0.009341472 -0.01078957 1.159653e-13 -0.01098368 -0.01078957 0.003 -0.01098368 -0.0107767 8.384823e-14 -0.008576002 -0.01077627 0.003 -0.008575462 -0.01067633 2.766204e-14 -0.006691256 -0.01067633 0.003 -0.006691256 -0.01055966 1.161069e-13 -0.01103294 -0.01055966 0.003 -0.01103294 -0.01047172 -3.487559e-15 -0.006854893 -0.01047172 0.003 -0.006854893 -0.01043181 1.241579e-13 -0.008073485 -0.01043153 0.003 -0.008073115 -0.01036409 1.242111e-13 -0.006988253 -0.01036409 0.003 -0.006988253 -0.01032463 1.16249e-13 -0.01102661 -0.01032463 0.003 -0.01102661 -0.01031739 1.24138e-13 -0.007874641 -0.01031724 0.003 -0.007874302 -0.01031707 8.384651e-14 0.00912377 -0.01031646 0.003 0.009123441 -0.0102753 0.003 -0.007199691 -0.01027527 1.24171e-13 -0.00719978 -0.01025129 1.241335e-13 -0.007654952 -0.01025124 0.003 -0.00765468 -0.01023701 0.003 -0.007425797 -0.010237 1.241447e-13 -0.007425981 -0.0100977 -6.582063e-15 -0.01096506 -0.0100977 0.003 -0.01096506 -0.009762296 7.696833e-14 0.00887138 -0.009761883 0.003 0.008871175 -0.009546622 0.003 -0.01070667 -0.009546602 7.704316e-14 0.008793224 -0.009546253 8.384827e-14 -0.01070656 -0.009546244 0.003 0.008793139 -0.009318774 7.706136e-14 0.008766282 -0.009318498 0.003 0.008766281 -0.0090908 7.7022e-14 0.008791971 -0.009090621 0.003 0.008792012 -0.009065142 0.003 0.01210868 -0.009064646 8.384607e-14 0.01199072 -0.009063364 8.384606e-14 0.01213469 -0.009045025 8.384608e-14 0.01184836 -0.009045025 0.003 0.01184836 -0.009039895 8.384604e-14 0.01228307 -0.009016527 0.003 0.01236522 -0.009012572 8.384816e-14 -0.01041549 -0.009012283 0.003 -0.01041523 -0.008993927 8.384602e-14 0.01242665 -0.008927096 8.3846e-14 0.01256119 -0.008902559 0.003 0.01260014 -0.008886257 0.003 0.01126078 -0.008886214 8.384612e-14 0.0112604 -0.008874681 7.692713e-14 0.008868939 -0.008874599 0.003 0.00886898 -0.008840233 8.384597e-14 0.01268441 -0.00874112 8.384595e-14 0.01278829 -0.008731161 0.003 0.01279711 -0.008692236 8.384615e-14 0.01068428 -0.008692037 0.003 0.01068395 -0.00868179 7.678175e-14 0.008993137 -0.00868179 0.003 0.008993137 -0.008627513 8.384593e-14 0.01287696 -0.008528275 1.063707e-14 0.009182687 -0.008528275 0.003 0.009182687 -0.008514244 0.003 0.01294244 -0.008502783 8.38459e-14 0.01294807 -0.008496659 -8.106842e-15 -0.01009184 -0.008496659 0.003 -0.01009184 -0.008463092 1.044182e-14 0.01012001 -0.008463092 0.003 0.01012001 -0.008425215 1.063141e-14 0.009403764 -0.008425215 0.003 0.009403764 -0.008391624 1.053079e-14 0.009886792 -0.008391624 0.003 0.009886792 -0.008378743 1.059527e-14 0.009643214 -0.008378743 0.003 0.009643214 -0.008368526 8.384588e-14 0.01300045 -0.008279399 -8.186475e-15 -0.00998096 -0.008279399 0.003 -0.00998096 -0.008266885 0.003 0.01302604 -0.008222063 8.384586e-14 0.01303383 -0.008071683 8.384583e-14 0.01304455 -0.008041759 -8.204009e-15 -0.009925978 -0.008041759 0.003 -0.009925978 -0.008006275 0.003 0.01304209 -0.007921945 8.384582e-14 0.01303254 -0.007797876 -8.1584e-15 -0.009930163 -0.007797876 0.003 -0.009930163 -0.007775258 8.38458e-14 0.01299772 -0.007750528 0.003 0.01298947 -0.007641844 8.384578e-14 0.0129443 -0.007562262 -8.052363e-15 -0.009993268 -0.007562262 0.003 -0.009993268 -0.007517419 8.384578e-14 0.01287185 -0.007517419 0.003 0.01287185 -0.007388637 3.618605e-14 -0.0129462 -0.007388637 0.003 -0.0129462 -0.007370884 3.618657e-14 -0.01322228 -0.007370884 0.003 -0.01322228 -0.007348934 5.670108e-14 -0.01011154 -0.007348934 0.003 -0.01011154 -0.007309375 8.384812e-14 -0.01234192 -0.007309339 0.003 -0.01234213 -0.0072787 8.358476e-14 -0.01017797 -0.0072787 0.003 -0.01017797 -0.007277462 3.616287e-14 -0.01348268 -0.007277462 0.003 -0.01348268 -0.007193631 8.384805e-14 -0.0117447 -0.007193402 0.003 -0.01174401 -0.007123442 0.003 -0.01038945 -0.007123378 8.363365e-14 -0.01038957 -0.007115657 3.61168e-14 -0.01370708 -0.007115657 0.003 -0.01370708 -0.007041421 -2.782426e-14 -0.01115456 -0.007041271 0.003 -0.01115405 -0.007034328 0.003 0.01250146 -0.00703406 8.384574e-14 0.01250134 -0.007028529 0.003 -0.01063403 -0.007028467 8.365338e-14 -0.01063429 -0.007000505 8.364241e-14 -0.01089528 -0.007000495 0.003 -0.01089489 -0.006918318 2.5578e-14 -0.01386592 -0.006918318 0.003 -0.01386592 -0.00668714 2.550737e-14 -0.0139695 -0.00668714 0.003 -0.0139695 -0.006575029 8.384572e-14 0.0121028 -0.006574667 0.003 0.01210237 -0.0065505 8.384731e-14 -0.00484344 -0.006550462 0.003 -0.004843401 -0.006513658 8.384733e-14 -0.005177284 -0.00651364 0.003 -0.00517727 -0.006512067 8.384727e-14 -0.004509709 -0.006512067 0.003 -0.004509709 -0.006437248 2.542946e-14 -0.01401105 -0.006437248 0.003 -0.01401105 -0.00640345 0.003 -0.005494576 -0.006403422 8.384735e-14 -0.005494555 -0.0064004 8.384723e-14 -0.004192877 -0.006400382 0.003 -0.004192928 -0.006225414 0.003 -0.005779405 -0.006225391 8.384735e-14 -0.005779388 -0.006221015 8.384718e-14 -0.003908921 -0.006221006 0.003 -0.003908941 -0.00618499 2.534938e-14 -0.01398785 -0.00618499 0.003 -0.01398785 -0.00614032 8.365177e-14 0.01167625 -0.006140136 0.003 0.01167606 -0.005988471 8.384734e-14 -0.006017483 -0.005988462 0.003 -0.006017476 -0.005982934 0.003 -0.003671988 -0.005982919 8.384712e-14 -0.003672019 -0.005951819 8.362721e-14 0.01152145 -0.005951639 0.003 0.01152134 -0.00594687 2.527234e-14 -0.01390141 -0.00594687 0.003 -0.01390141 -0.005738466 5.136604e-14 -0.0137574 -0.005738466 0.003 -0.0137574 -0.005731449 8.361512e-14 0.01141689 -0.005731297 0.003 0.01141684 -0.005704475 0.003 -0.006196852 -0.005704468 8.384732e-14 -0.006196847 -0.005698105 0.003 -0.003493953 -0.005698092 8.384707e-14 -0.003493978 -0.00549232 8.361624e-14 0.01136879 -0.005492213 0.003 0.01136878 -0.005387693 8.384729e-14 -0.006308537 -0.005387693 0.003 -0.006308537 -0.005380805 8.384701e-14 -0.003383753 -0.0053808 0.003 -0.003383762 -0.005308994 0.003 -0.01332611 -0.005308685 8.384794e-14 -0.01332589 -0.00524866 8.363048e-14 0.01138002 -0.005248607 0.003 0.01138002 -0.005076439 0.003 -0.006346712 -0.005054005 8.384725e-14 -0.006346925 -0.005046931 0.003 -0.003346941 -0.005046928 8.384696e-14 -0.003346948 -0.005014966 8.3657e-14 0.0114499 -0.005014966 0.003 0.0114499 -0.004906742 8.384784e-14 -0.01286984 -0.004906556 0.003 -0.0128695 -0.004764051 0.003 -0.006319336 -0.004720127 8.38472e-14 -0.00631012 -0.00471324 8.384692e-14 -0.003385335 -0.00471324 0.003 -0.003385335 -0.004532636 5.10557e-14 -0.01238926 -0.004532636 0.003 -0.01238926 -0.004464181 0.003 -0.006227612 -0.004416724 0.003 -0.003487387 -0.00440284 8.384714e-14 -0.006199894 -0.004396464 8.384689e-14 -0.003497025 -0.004366401 5.107838e-14 -0.01221076 -0.004366401 0.003 -0.01221076 -0.004189933 0.003 -0.006075551 -0.004161897 5.108354e-14 -0.01207781 -0.004161897 0.003 -0.01207781 -0.004147909 0.003 -0.003648861 -0.004140324 8.384542e-14 0.01179439 -0.004140324 0.003 0.01179439 -0.004118013 8.384709e-14 -0.006021854 -0.004112462 8.384687e-14 -0.00367639 -0.003953296 0.003 -0.005869784 -0.003931291 5.107088e-14 -0.01199833 -0.003931291 0.003 -0.01199833 -0.003918538 0.003 -0.003862695 -0.003879917 8.384703e-14 -0.005784952 -0.003875541 8.384686e-14 -0.003914485 -0.003764604 0.003 -0.005619318 -0.003738634 0.003 -0.004119539 -0.003700532 8.384698e-14 -0.005500996 -0.00369751 8.384686e-14 -0.004199317 -0.003688303 5.104116e-14 -0.01197705 -0.003688303 0.003 -0.01197705 -0.003632125 0.003 -0.005335094 -0.003616069 0.003 -0.004408183 -0.003588865 8.384694e-14 -0.005184163 -0.003587275 8.384687e-14 -0.004516589 -0.003561625 0.003 -0.005029536 -0.003556187 0.003 -0.004716 -0.003550432 8.38469e-14 -0.004850433 -0.00344739 5.099614e-14 -0.01201522 -0.00344739 0.003 -0.01201522 -0.003242266 8.384527e-14 0.01207219 -0.003242266 0.003 0.01207219 -0.00264678 8.384747e-14 -0.01221685 -0.002481402 0.003 -0.01225123 -0.002325871 8.384513e-14 0.01228171 -0.002325871 0.003 0.01228171 -0.001838227 8.384737e-14 -0.0123646 -0.001499996 0.003 3.534863e-06 -0.00149971 0.003 -0.01240971 -0.001494279 8.384618e-14 -0.0001309363 -0.001488841 8.384615e-14 0.0001825996 -0.001463174 0.003 -0.0003303342 -0.001461601 0.003 0.0003372267 -0.001434397 8.38462e-14 -0.0004387537 -0.001418341 8.384611e-14 0.0004881576 -0.001396323 8.384499e-14 0.01242177 -0.001396323 0.003 0.01242177 -0.001352983 0.003 -0.000647639 -0.001349916 0.003 0.0006540086 -0.001311832 8.384621e-14 -0.0007273972 -0.001285862 8.384606e-14 0.000772382 -0.001174948 0.003 -0.0009324684 -0.00117054 0.003 0.0009379958 -0.001131929 8.384621e-14 -0.0009842416 -0.00109717 8.384601e-14 0.001022848 -0.001021733 8.384727e-14 -0.01245846 -0.0009379958 0.003 -0.00117054 -0.0009324684 0.003 0.001174948 -0.0009025577 8.384619e-14 -0.001198075 -0.0008605329 8.384596e-14 0.001228614 -0.0006540086 0.003 -0.001349916 -0.000647639 0.003 0.001352983 -0.0006337419 8.384617e-14 -0.001359549 -0.0005862851 8.384591e-14 0.001380675 -0.0005085275 0.003 -0.01248965 -0.0004588777 8.384485e-14 0.01249157 -0.0004588777 0.003 0.01249157 -0.0003372267 8.384615e-14 -0.001461601 -0.0003372267 0.003 -0.001461601 -0.0003303342 0.003 0.001463174 -0.0002864145 8.384586e-14 0.0014724 -0.0001972968 8.384716e-14 -0.01249844 -2.597337e-05 0.003 -0.001499776 -3.538446e-06 8.38461e-14 -0.001499988 3.534863e-06 0.003 0.001499996 2.597337e-05 8.384582e-14 0.001499776 0.0002864145 0.003 -0.0014724 0.000330339 8.384606e-14 -0.001463184 0.0003372267 8.384578e-14 0.001461601 0.0003372267 0.003 0.001461601 0.0004811629 8.384472e-14 0.01249074 0.0004811629 0.003 0.01249074 0.0004858733 0.003 -0.01249055 0.0005862851 0.003 -0.001380675 0.0006337419 0.003 0.001359549 0.0006476259 8.3846e-14 -0.001352958 0.0006540021 8.384574e-14 0.001349911 0.0006592807 8.384704e-14 -0.0124829 0.0008605329 0.003 -0.001228614 0.0009025577 0.003 0.001198075 0.0009324529 8.384594e-14 -0.001174918 0.0009380041 8.384572e-14 0.001170546 0.00109717 0.003 -0.001022848 0.001131929 0.003 0.0009842416 0.001170549 8.384589e-14 -0.0009380153 0.001174925 8.384572e-14 0.0009324515 0.001285862 0.003 -0.000772382 0.001311832 0.003 0.0007273972 0.001349934 8.384584e-14 -0.0006540596 0.001352956 8.384572e-14 0.0006476188 0.001418341 0.003 -0.0004881576 0.001418482 8.38446e-14 0.01241926 0.001418482 0.003 0.01241926 0.001434397 0.003 0.0004387537 0.001461601 8.384579e-14 -0.0003372267 0.001463191 8.384573e-14 0.0003303477 0.001477199 0.003 -0.01241241 0.001488841 0.003 -0.0001825996 0.001494279 0.003 0.0001309363 0.001500034 8.384576e-14 -3.496881e-06 0.001508653 8.384692e-14 -0.01240918 0.002347779 8.384449e-14 0.01227754 0.002347779 0.003 0.01227754 0.002350821 8.384679e-14 -0.01227728 0.002459177 0.003 -0.01225571 0.003185783 8.384666e-14 -0.01208722 0.003263798 8.384438e-14 0.01206638 0.003263798 0.003 0.01206638 0.003425591 0.003 -0.01202145 0.00355047 0.003 0.004850471 0.003556187 8.384504e-14 0.004716 0.003561625 8.3845e-14 0.005029536 0.003587292 0.003 0.004516602 0.003588865 0.003 0.005184163 0.003616069 8.384506e-14 0.004408183 0.003632125 8.384497e-14 0.005335094 0.003697483 0.003 0.004199297 0.00370055 0.003 0.005500945 0.003738634 8.384506e-14 0.004119539 0.003764604 8.384492e-14 0.005619318 0.003875518 0.003 0.003914468 0.003879926 0.003 0.005784932 0.003918538 8.384506e-14 0.003862695 0.003953296 8.384487e-14 0.005869784 0.004006327 8.384653e-14 -0.01184089 0.004112471 0.003 0.003676396 0.004117998 0.003 0.006021884 0.004147909 8.384506e-14 0.003648861 0.004161359 8.384429e-14 0.01178699 0.004161359 0.003 0.01178699 0.004189933 8.384482e-14 0.006075551 0.004370327 0.003 -0.01171112 0.004396458 0.003 0.00349702 0.004402827 0.003 0.00619992 0.004416724 8.384503e-14 0.003487387 0.004464181 8.384476e-14 0.006227612 0.00471324 8.3845e-14 0.003385335 0.00471324 0.003 0.003385335 0.004720132 0.003 0.006310111 0.004764051 8.384472e-14 0.006319336 0.004804221 8.384639e-14 -0.0115405 0.005024493 0.003 0.003347161 0.005046928 8.384496e-14 0.003346948 0.005054001 0.003 0.006346932 0.005076439 8.384467e-14 0.006346712 0.005287405 0.003 -0.01132667 0.005336881 0.003 0.003374536 0.005380805 8.384491e-14 0.003383753 0.005387693 8.384463e-14 0.006308537 0.005387693 0.003 0.006308537 0.005579464 8.384625e-14 -0.01118605 0.005636751 0.003 0.003466261 0.005684208 0.003 0.006206485 0.005698092 8.384485e-14 0.003493978 0.005704468 8.38446e-14 0.006196847 0.005910999 0.003 0.003618322 0.005953024 0.003 0.006045012 0.005982919 8.38448e-14 0.003672019 0.005988471 8.384458e-14 0.006017483 0.006147636 0.003 0.003824089 0.006171021 0.003 -0.01087053 0.006182395 0.003 0.005831178 0.006221015 8.384474e-14 0.003908921 0.006225391 8.384457e-14 0.005779388 0.006332058 8.384611e-14 -0.01077752 0.006336328 0.003 0.004074554 0.006362298 0.003 0.005574334 0.0064004 8.38447e-14 0.004192877 0.006403422 8.384457e-14 0.005494555 0.006468808 0.003 0.004358778 0.006484863 0.003 0.00528569 0.006512067 8.384465e-14 0.004509709 0.006513658 8.384458e-14 0.005177284 0.006539307 0.003 0.004664337 0.006544745 0.003 0.004977872 0.0065505 8.384461e-14 0.00484344 0.007015584 0.003 -0.01034561 0.007029915 8.384597e-14 -0.01033618 0.00769415 8.384584e-14 -0.009851999 0.007815748 0.003 -0.009755208 0.008324763 8.38457e-14 -0.009324983 0.00856645 0.003 -0.009103073 0.008921755 8.384557e-14 -0.00875513 0.009262938 0.003 -0.008393329 0.009480494 8.384543e-14 -0.008147182 0.009900806 0.003 -0.007630467 0.009995611 8.384531e-14 -0.00750664 0.0104671 8.384517e-14 -0.006833503 0.01047602 0.003 -0.006819315 0.01089497 8.384505e-14 -0.00612777 0.01098493 0.003 -0.005965008 0.01128938 8.384492e-14 -0.005367238 0.01142432 0.003 -0.00507295 0.01162921 8.384481e-14 -0.004585327 0.01179142 0.003 -0.004148788 0.01191446 8.38447e-14 -0.003782036 0.0119481 8.384399e-14 0.003673272 0.0119481 0.003 0.003673272 0.01208389 0.003 -0.00319837 0.01214512 8.384458e-14 -0.002957366 0.01216472 8.384404e-14 0.002876803 0.01220228 0.003 0.002711904 0.01229989 0.003 -0.002227712 0.01231946 8.384448e-14 -0.002118572 0.01232767 8.384408e-14 0.002071245 0.01237923 0.003 0.001733374 0.01243547 8.384438e-14 -0.001273936 0.01243693 8.384415e-14 0.001256599 0.01243805 0.003 -0.001242955 0.01247785 0.003 0.000743875 0.0124925 8.384422e-14 0.000432865 0.01249315 8.38443e-14 -0.0004234573 0.01249749 0.003 -0.0002503321 0.01746126 8.384136e-14 0.02368764 0.01746126 0.003 0.02368764 0.01792135 8.384126e-14 0.02407855 0.0179407 0.003 0.02409311 0.01842519 8.384116e-14 0.02441133 0.01846717 0.003 0.02443529 0.01896547 8.384106e-14 0.02468093 0.01903238 0.003 0.02470879 0.01942336 0.003 0.0200837 0.01942908 8.384144e-14 0.01994923 0.01943452 8.384141e-14 0.02026276 0.01946019 0.003 0.01974983 0.01946176 0.003 0.02041739 0.01948896 8.384146e-14 0.01964141 0.01950502 8.384137e-14 0.02056832 0.0195343 8.384096e-14 0.02488336 0.01957038 0.003 0.01943253 0.01957344 0.003 0.02073417 0.01961153 8.384147e-14 0.01935277 0.01962741 0.003 0.0249093 0.0196375 8.384133e-14 0.02085255 0.01974841 0.003 0.0191477 0.01975282 0.003 0.02101816 0.01979143 8.384147e-14 0.01909592 0.01982619 8.384127e-14 0.02110301 0.01998536 0.003 0.01890962 0.01999089 0.003 0.02125511 0.0200208 8.384146e-14 0.01888209 0.02006283 8.384123e-14 0.02130878 0.02012339 8.384087e-14 0.0250157 0.02024289 0.003 0.02503364 0.02026935 0.003 0.01873025 0.02027572 0.003 0.02143315 0.02028962 8.384144e-14 0.01872062 0.02033707 8.384118e-14 0.02146084 0.02058613 8.384141e-14 0.01861856 0.02058613 0.003 0.01861856 0.02059303 0.003 0.02154334 0.02063695 8.384112e-14 0.02155256 0.02072415 8.384078e-14 0.02507608 0.02086909 0.003 0.02507987 0.02089739 0.003 0.01858039 0.02091982 8.384136e-14 0.01858018 0.0209269 0.003 0.02158016 0.02094933 8.384108e-14 0.02157994 0.02120977 0.003 0.01860777 0.0212537 8.384132e-14 0.01861698 0.02126059 8.384104e-14 0.02154177 0.02126059 0.003 0.02154177 0.02132781 8.38407e-14 0.02506365 0.02149614 0.003 0.02504725 0.02150965 0.003 0.01869949 0.0215571 0.003 0.02143971 0.02157099 8.384126e-14 0.01872721 0.02157736 8.384101e-14 0.02143007 0.02178389 0.003 0.01885155 0.02182592 0.003 0.02127824 0.02185581 8.38412e-14 0.01890525 0.02186136 8.384098e-14 0.02125071 0.02192556 8.384063e-14 0.02497862 0.02202053 0.003 0.01905732 0.02205529 0.003 0.02106441 0.02209391 8.384115e-14 0.01914215 0.02209829 8.384098e-14 0.02101262 0.02211417 0.003 0.02493629 0.02220922 0.003 0.01930778 0.02223519 0.003 0.02080756 0.02227329 8.38411e-14 0.01942611 0.02227632 8.384098e-14 0.02072778 0.0223417 0.003 0.01959201 0.02235776 0.003 0.02051892 0.02238496 8.384106e-14 0.01974294 0.02238655 8.384099e-14 0.02041051 0.0224122 0.003 0.01989757 0.02241764 0.003 0.0202111 0.02242339 8.384102e-14 0.02007667 0.0225087 8.384056e-14 0.02482222 0.02271341 0.003 0.02474875 0.02306871 8.38405e-14 0.02459665 0.02328443 0.003 0.02448759 0.02359744 8.384046e-14 0.02430516 0.0238182 0.003 0.02415691 0.02408718 8.384043e-14 0.02395197 0.02430633 0.003 0.02376195 0.02438546 8.384109e-14 0.01647269 0.02438546 0.003 0.01647269 0.02453084 8.384041e-14 0.02354226 0.0247411 0.003 0.02330892 0.02479495 8.384099e-14 0.01691632 0.0248103 0.003 0.01693505 0.02492196 8.38404e-14 0.02308214 0.02511567 0.003 0.02280497 0.02514817 8.38409e-14 0.01740605 0.02517383 0.003 0.01744701 0.02525472 8.38404e-14 0.02257829 0.02542412 0.003 0.02225804 0.02543975 8.384081e-14 0.01793479 0.02547034 0.003 0.0180005 0.02552423 8.384041e-14 0.02203803 0.02566159 0.003 0.02167677 0.02566539 8.384073e-14 0.01849482 0.02569513 0.003 0.01858679 0.02572658 8.384044e-14 0.02146922 0.02582184 8.384065e-14 0.01907797 0.02582434 0.003 0.02107033 0.02584468 0.003 0.01919662 0.02585888 8.384048e-14 0.02088014 0.02590686 8.384058e-14 0.01967574 0.02590979 0.003 0.02044827 0.02591661 0.003 0.0198204 0.02591926 8.384052e-14 0.0202794</float_array>
          <technique_common>
            <accessor count="734" source="#cubeverts-array0-array" stride="3">
              <param type="float" name="X"/>
              <param type="float" name="Y"/>
              <param type="float" name="Z"/>
            </accessor>
          </technique_common>
        </source>
        <source id="cubenormals-array0">
          <float_array count="4440" id="cubenormals-array0-array">-0.5339825 0.001449157 -0.8454943 -0.6818989 -0.001345132 -0.7314451 -0.7088507 0.002017275 -0.7053556 -0.8190607 -0.001835044 -0.5737039 -0.847981 0.002470547 -0.5300208 -0.9204535 -0.002223952 -0.3908458 -0.9446045 0.002793262 -0.3281991 -0.981595 -0.002521039 -0.1909577 -0.9939609 0.003008747 -0.1096937 -0.999846 -0.00269512 0.01734173 -0.9934292 0.003123616 0.1144054 -0.974397 -0.002740115 0.2248177 -0.9431319 0.003123434 0.3324042 -0.9063737 -0.002695347 0.4224683 -0.8454256 0.003008569 0.5340849 -0.7987061 -0.002521228 0.601716 -0.705324 0.002793157 0.7088796 -0.6561697 -0.002223765 0.75461 -0.5300466 0.002470787 0.8479649 -0.4849131 -0.001834613 0.8745604 -0.3281626 0.002017752 0.9446191 -0.2925011 -0.001345001 0.9562643 -0.1095701 0.001449198 0.993978 -0.5149292 -0.0007235246 -0.8572323 -0.3325199 0.0007842202 -0.9430959 -0.3254351 0 -0.9455643 -0.08730057 -0.0007234463 0.9961817 0.1217371 0.0008399776 0.992562 0.1142872 0 0.9934477 -0.5339823 0.001449288 -0.8454944 -0.6818974 -0.001344939 -0.7314466 -0.7088503 0.002017598 -0.705356 -0.8190629 -0.001834782 -0.5737007 -0.8479815 0.002470564 -0.5300201 -0.9204531 -0.002223891 -0.3908467 -0.944604 0.002793296 -0.3282001 -0.9815952 -0.002521067 -0.1909571 -0.993961 0.003008733 -0.1096931 -0.999846 -0.002695105 0.01734134 -0.9934292 0.003123636 0.1144052 -0.9743969 -0.002740124 0.2248182 -0.9431317 0.003123426 0.3324046 -0.906374 -0.002695273 0.4224675 -0.8454252 0.003008723 0.5340853 -0.7987061 -0.002521021 0.6017161 -0.7053254 0.002793325 0.7088783 -0.6561672 -0.002223991 0.7546122 -0.5300466 0.002470427 0.8479649 -0.4849136 -0.001834939 0.8745602 -0.3281624 0.00201742 0.9446192 -0.2925037 -0.001345068 0.9562634 -0.1095681 0.001449242 0.9939783 -0.5149283 -0.0007234836 -0.857233 -0.3325208 0.0007842335 -0.9430956 -0.3254358 0 -0.9455641 -0.08730021 -0.0007232395 0.9961818 0.121737 0.0008402609 0.9925621 0.1142846 0 0.9934481 -0.533978 0.001449168 -0.8454971 -0.6818985 -0.001345183 -0.7314456 -0.7088529 0.002017546 -0.7053535 -0.8190624 -0.001834738 -0.5737015 -0.8479819 0.002470739 -0.5300195 -0.9204537 -0.002223775 -0.3908451 -0.944603 0.002793046 -0.3282031 -0.9815951 -0.002521451 -0.1909572 -0.9939613 0.003008554 -0.1096902 -0.999846 -0.002695082 0.01734102 -0.9934293 0.003123676 0.1144051 -0.9743978 -0.002739918 0.2248141 -0.9431318 0.003123826 0.3324045 -0.9063725 -0.00269509 0.4224708 -0.845425 0.003008784 0.5340856 -0.7987046 -0.002521089 0.601718 -0.7053247 0.002793176 0.7088789 -0.6561694 -0.002223856 0.7546104 -0.5300486 0.002470632 0.8479636 -0.4849138 -0.001834908 0.8745601 -0.3281595 0.002017525 0.9446201 -0.2925039 -0.001344665 0.9562634 -0.1095718 0.001449568 0.9939779 -0.5149251 -0.0007234727 -0.8572348 -0.3325213 0.0007841878 -0.9430954 -0.3254368 0 -0.9455638 -0.0872968 -0.0007236039 0.9961821 0.1217337 0.0008398333 0.9925624 0.1142851 0 0.993448 -0.5339768 0.001450915 -0.8454978 -0.6818952 -0.001343132 -0.7314487 -0.7088295 0.002017049 -0.705377 -0.8190736 -0.001836451 -0.5736854 -0.8479903 0.002468763 -0.530006 -0.9204453 -0.002224837 -0.3908654 -0.9446071 0.002794408 -0.3281913 -0.9815961 -0.002520026 -0.1909522 -0.9939622 0.003010159 -0.1096818 -0.9998459 -0.00269329 0.01734737 -0.9934305 0.003124363 0.1143947 -0.9743962 -0.002740187 0.2248213 -0.9431289 0.003123616 0.3324125 -0.9063783 -0.002693978 0.4224584 -0.8454337 0.003010003 0.534072 -0.7987015 -0.002521165 0.6017222 -0.7053158 0.002793364 0.7088877 -0.6561694 -0.002222777 0.7546104 -0.5300586 0.002471496 0.8479574 -0.48492 -0.001834294 0.8745566 -0.3281693 0.002018096 0.9446167 -0.2924777 -0.001347522 0.9562714 -0.109557 0.001446798 0.9939795 -0.5149142 -0.0007228344 -0.8572415 -0.3325518 0.0007845464 -0.9430847 -0.3254641 0 -0.9455544 -0.0873149 -0.0007231385 0.9961805 0.1217182 0.0008400165 0.9925643 0.114268 0 0.9934499 -0 1 0 0 1 0 0 1 0 -0 1 0 0 1 0 0 1 0 0 1 0 0 1 0 0 1 0 0 1 0 0 1 0 0 1 0 0 1 0 0 1 0 -0 1 0 0 1 -0 0 1 -0 0 1 0 -0 1 -0 0 1 0 0 1 0 0 1 0 -0 1 -0 0 1 0 0 1 0 0 1 0 0 1 0 0 1 0 0 1 0 0 1 0 -0 1 0 0 1 0 0 1 0 0 1 0 0 1 0 0 1 0 0 1 -0 0 1 0 0 1 0 0 1 0 0 1 0 0 1 0 0 1 0 0 1 0 0 1 0 0 1 0 0 1 0 0 1 0 0 1 0 0 1 0 0 1 0 0 1 0 0 1 0 0 1 -0 0 1 0 0 1 0 0 1 0 0 1 0 0 1 0 0 1 0 0 1 -0 0 1 0 0 1 0 0 1 0 0 1 0 0 1 0 0 1 0 0 1 0 0 1 0 0 1 0 0 1 0 0 1 0 -0 1 0 0 1 0 0 1 0 0 1 0 0 1 0 0 1 0 0 1 0 0 1 0 0 1 0 0 1 0 0 1 0 0 1 0 0 1 0 0 1 0 0 1 0 0 1 0 0 1 0 0 1 0 -0 1 0 0 1 0 0 1 0 0 1 0 0 1 0 0 1 0 0 1 0 0 1 0 -0 1 0 0 1 0 0 1 0 0 1 0 0 1 0 0 1 0 0 1 0 0 1 0 0 1 0 0 1 0 0 1 0 0 1 0 0 1 0 0 1 0 0 1 0 0 1 0 0 1 0 0 1 0 0 1 0 0 1 0 0 1 0 0 1 0 0 1 0 0 1 0 0 1 0 0 1 0 0 1 0 0 1 0 0 1 0 0 1 0 0 1 0 0 1 0 0 1 0 0 1 0 -0 1 0 0 1 0 0 1 0 0 1 0 0 1 0 0 1 0 0 1 0 0 1 0 0 1 0 0 1 0 0 1 0 0 1 0 0 1 0 0 1 0 0 1 0 0 1 0 0 1 0 0 1 0 0 1 0 0 1 0 0 1 0 0 1 0 0 1 0 0 1 -0 -0 1 0 0 1 0 0 1 0 0 1 0 0 1 0 0 1 -0 0 1 -0 0 1 0 0 1 0 0 1 0 0 1 0 0 1 0 0 1 0 0 1 0 -0 1 0 0 1 0 0 1 0 0 1 0 0 1 0 0 1 0 0 1 0 0 1 0 0 1 0 0 1 0 0 1 0 0 1 0 -0 1 -0 0 1 0 0 1 0 0 1 0 0 1 0 0 1 0 0 1 0 0 1 0 0 1 0 0 1 0 0 1 0 0 1 0 0 1 0 0 1 0 0 1 0 0 1 0 0 1 0 0 1 0 0 1 0 0 1 0 0 1 0 0 1 0 0 1 0 0 1 0 0 1 0 0 1 0 0 1 0 0 1 0 0 1 0 0 1 0 0 1 0 0 1 0 0 1 0 0 1 0 0 1 0 0 1 0 0 1 0 0 1 0 0 1 0 0 1 0 0 1 0 0 1 0 0 1 0 0 1 0 0 1 0 0 1 0 0 1 0 0 1 0 0 1 0 0 1 0 0 1 0 0 1 0 0 1 0 0 1 0 0 1 0 0 1 0 0 1 0 0 1 0 0 1 0 0 1 0 0 1 0 0 1 0 0 1 0 0 1 0 0 1 0 -0 1 0 0 1 0 0 1 -0 0 1 0 0 1 0 0 1 0 0 1 0 0 1 0 0 1 0 0 1 0 0 1 0 0 1 0 0 1 0 0 1 0 0 1 0 0 1 0 0 1 0 0 1 0 0 1 0 0 1 0 -0 1 0 0 1 0 0 1 0 0 1 0 0 1 0 0 1 0 0 1 0 0 1 0 0 1 0 0 1 0 0 1 0 0 1 0 0 1 0 0 1 0 0 1 0 0 1 0 0 1 0 0 1 0 0 1 0 0 1 0 0 1 0 0 1 0 0 1 0 0 1 0 0 1 0 0 1 0 0 1 0 0 1 0 0 1 0 0 1 0 0 1 0 0 1 0 0 1 0 0 1 0 0 1 0 -0 1 0 0 1 0 -0 1 0 -0 1 0 0 1 0 -0 1 0 0 1 0 -0 1 0 0 1 0 0 1 0 0 1 0 -0 1 0 0 1 0 0 1 0 0 1 0 0 1 0 0 1 0 0 1 0 0 1 0 0 1 0 0 1 0 0 1 0 0 1 0 0 1 0 0 1 0 0 1 0 0 1 0 0 1 0 0 1 0 0 1 0 0 1 0 0 1 0 0 1 0 -0 1 0 0 1 0 -0 1 0 0 1 0 0 1 0 0 1 0 0 1 0 0 1 0 0 1 0 0 1 0 0 1 0 -0 1 0 0 1 0 0 1 0 0 1 0 0 1 0 -0 1 0 0 1 0 -0 1 0 -0 1 0 0 1 0 -0 1 0 0 1 0 0 1 0 0 1 0 0 1 0 0 1 0 0 1 0 0.9934455 -1.114336e-05 -0.1143068 0.9939658 -1.406859e-05 0.1096907 0.9939732 -6.508389e-06 0.1096236 0.9446067 -7.218199e-06 0.3282044 0.9446606 1.115351e-05 0.3280495 0.8479845 1.165899e-05 0.5300212 0.8479742 9.50102e-06 0.5300375 0.7088543 9.444202e-06 0.7053549 0.7087707 -3.818902e-06 0.7054389 0.5339786 -3.628423e-06 0.845498 0.5340267 2.754188e-06 0.8454675 0.3325213 2.441704e-06 0.9430957 0.3325008 0 0.9431029 0.9934341 0 -0.1144056 0.9431027 0 -0.3325017 0.9431364 -1.134809e-05 -0.3324061 0.8454673 -1.418887e-05 -0.5340271 0.8454288 -6.115059e-06 -0.5340881 0.7054393 -6.861958e-06 -0.7087704 0.7053275 1.079922e-05 -0.7088817 0.530035 1.137249e-05 -0.8479759 0.5300502 9.349422e-06 -0.8479663 0.3280535 9.290702e-06 -0.9446591 0.3281602 -3.349446e-06 -0.9446222 0.1096208 -3.114436e-06 -0.9939734 0.1095719 2.395546e-06 -0.993979 -0.1143045 2.180598e-06 -0.9934458 -0.1142851 0 -0.993448 0.5340258 -0.00145171 0.8454669 0.6818974 0.001341572 0.7314466 0.7087697 -0.002010737 0.7054372 0.8190629 0.001844304 0.5737007 0.8479735 -0.00245983 0.5300329 0.9204531 0.002234791 0.3908467 0.9446555 -0.002794299 0.3280522 0.9815952 0.00251463 0.1909571 0.9939686 -0.003019584 0.1096234 0.999846 0.00268265 -0.01734134 0.9934406 -0.003128836 -0.1143063 0.9743969 0.002740124 -0.2248182 0.9430981 -0.003128701 -0.3324999 0.906374 0.002682658 -0.4224675 0.8454639 -0.003019624 -0.5340239 0.7987061 0.0025147 -0.6017161 0.7054358 -0.002794251 -0.7087684 0.6561672 0.002234907 -0.7546122 0.5300329 -0.002459714 -0.8479735 0.4849136 0.001844346 -0.8745601 0.3280528 -0.002010702 -0.9446573 0.2925037 0.001341405 -0.9562634 0.1096238 -0.001451902 -0.993972 0.5149283 0.0007260417 0.857233 0.3254357 -0.0008377216 0.9455638 0.3325015 0 0.9431027 0.08730021 0.0007259966 -0.9961818 -0.1143068 -0.0007821251 -0.9934452 -0.121737 0 -0.9925624 0.5340257 -0.001451688 0.845467 0.6818989 0.001341619 0.7314452 0.7087693 -0.002010468 0.7054375 0.8190607 0.001844532 0.5737039 0.847973 -0.002459844 0.5300336 0.9204535 0.002234827 0.3908458 0.9446555 -0.002794202 0.3280522 0.981595 0.002514682 0.1909577 0.9939686 -0.003019601 0.1096231 0.999846 0.002682626 -0.01734173 0.9934406 -0.003128832 -0.1143062 0.974397 0.002740115 -0.2248177 0.9430981 -0.003128732 -0.3324998 0.9063737 0.002682687 -0.4224683 0.845464 -0.003019533 -0.5340238 0.7987061 0.002514798 -0.601716 0.7054343 -0.002794213 -0.7087697 0.6561697 0.002234556 -0.75461 0.5300365 -0.002460038 -0.8479713 0.4849131 0.001844417 -0.8745604 0.3280522 -0.002010646 -0.9446576 0.2925011 0.001341649 -0.9562643 0.1096207 -0.001451616 -0.9939724 0.5149292 0.0007259362 0.8572323 0.325435 -0.0008377982 0.945564 0.3325014 0 0.9431027 0.08730057 0.0007259459 -0.9961817 -0.1143067 -0.0007821465 -0.9934452 -0.1217371 0 -0.9925624 0.5340099 -0.001450332 0.8454769 0.6818952 0.001343132 0.7314487 0.7087842 -0.002011286 0.7054226 0.8190736 0.001844003 0.5736854 0.8479808 -0.002459664 0.5300214 0.9204461 0.002234077 0.3908631 0.9446556 -0.002796337 0.3280517 0.9815959 0.002512632 0.1909534 0.9939663 -0.003020025 0.1096438 0.9998459 0.002683623 -0.01735345 0.9934393 -0.003127695 -0.1143179 0.9743975 0.002740639 -0.2248156 0.9431013 -0.003127747 -0.3324909 0.906376 0.002683867 -0.4224634 0.8454621 -0.003019134 -0.5340269 0.7987015 0.002515308 -0.6017222 0.7054326 -0.002793521 -0.7087715 0.6561724 0.002234744 -0.7546077 0.5300418 -0.00246009 -0.847968 0.4849199 0.001844176 -0.8745566 0.3280486 -0.0020109 -0.9446588 0.2924833 0.001342845 -0.9562697 0.1096162 -0.001450121 -0.993973 0.5149142 0.0007271942 0.8572415 0.3254585 -0.0008363496 0.9455559 0.3325127 0 0.9430988 0.0873149 0.0007256164 -0.9961805 -0.1142911 -0.0007818236 -0.993447 -0.1217183 0 -0.9925647 0.7171775 0 -0.6968907 0.7171775 0 -0.6968907 -0.5449597 0.0009293903 0.8384617 -0.4464981 -0.0008982685 0.8947841 -0.4355766 0.001355184 0.9001506 -0.3352739 -0.001271653 0.9421198 -0.3193304 0.001717136 0.9476419 -0.2191874 -0.001633451 0.9756814 -0.1980209 0.002026037 0.9801957 -0.1000036 -0.001966732 0.9949851 -0.07362623 0.002297246 0.9972833 0.02058694 -0.002257649 0.9997855 0.05195009 0.002544156 0.9986464 0.1408314 -0.002490048 0.9900305 0.1767119 0.002777939 0.9842587 0.2590483 -0.002658146 0.9658607 0.2986766 0.002991058 0.9543498 0.3736247 -0.002778832 0.9275758 0.4159186 0.003151891 0.9093964 0.4827901 -0.002880414 0.8757314 0.526642 0.003254774 0.850081 0.5849342 -0.002962262 0.8110753 0.6290092 0.003290601 0.7773909 0.6784351 -0.003026922 0.734654 0.7214931 0.003288644 0.6924138 0.7619199 -0.003025345 0.6476642 0.8025824 0.003291315 0.5965322 0.8344386 -0.002963745 0.551093 0.8710244 0.003255314 0.4912291 0.8948351 -0.002876034 0.4463876 0.9257218 0.003155867 0.378192 0.9421554 -0.0027779 0.3351651 0.9658198 0.002990456 0.2591971 0.9756926 -0.002659013 0.2191278 0.990693 0.002778192 0.1360867 0.9949837 -0.002488578 0.1000067 0.9999378 0.002545011 0.01086252 0.9997866 -0.002259156 -0.02053642 0.9934145 0.002295097 -0.1145537 0.9900345 -0.001968509 -0.1408116 0.9712198 0.00202553 -0.2381763 0.9658436 -0.001630713 -0.2591207 0.9337213 0.001718941 -0.3579966 0.9275436 -0.00127231 -0.3737127 0.8814803 0.001354999 -0.472219 0.8756742 -0.0008965408 -0.4829015 0.8153549 0.0009309257 -0.5789608 -0.6457467 0 0.7635517 -0.6474888 0.0004780174 0.7620749 -0.5511246 -0.000494633 0.8344228 0.7348152 0 -0.6782674 0.7363505 0.0004561033 -0.6766002 0.8110509 -0.0004981129 -0.5849754 -0.6668178 0 0.7452208 -0.6668178 0 0.7452208 -0.3664639 0 0.9304323 -0.3664639 0 0.9304323 -0.2955188 0 0.9553369 -0.2955188 0 0.9553369 -0.2228831 0 0.9748452 -0.2228831 0 0.9748452 -0.148994 0 0.9888381 -0.148994 0 0.9888381 -0.07425253 0 0.9972395 -0.07425253 0 0.9972395 0.000883632 0 0.9999996 0.000883632 0 0.9999996 0.07603905 0 0.9971049 0.07603905 0 0.9971049 0.1507591 0 0.9885705 0.1507591 0 0.9885705 0.2246289 0 0.9744444 0.2246289 0 0.9744444 0.2972103 0 0.954812 0.2972103 0 0.954812 0.7003766 2.410265e-06 0.7137735 0.7003223 1.785392e-05 0.7138268 0.6555997 2.916778e-05 0.7551086 0.6556029 2.831811e-05 0.7551059 0.6083643 2.255423e-05 0.7936579 0.6084525 -0 0.7935902 0.5031893 -0 0.8641762 0.4504719 0.002877374 0.892786 0.3717167 -0.0005111842 0.9283461 0.2309618 0.0007718129 0.9729626 0.2015311 0.002547007 0.9794788 0.07994755 -0.0009258459 0.9967987 -0.07110704 0.002368082 0.9974659 -0.06147111 0.001673209 0.9981075 -0.222206 -0.0007882642 0.9749994 -0.3634658 0.004367913 0.9315974 -0.3201784 0.0005545124 0.9473571 -0.4952746 -0.0002619611 0.8687364 -0.556603 0.00288218 0.8307736 -0.6152734 -0.0002749851 0.7883138 -0.7235141 0.0003724657 0.6903095 -0.7543752 0.002766934 0.6564376 -0.8173288 -0.0007956583 0.576171 -0.8955924 0.00154915 0.4448728 -0.8997105 0.002159818 0.4364818 -0.9523807 -0.0009311213 0.3049099 -0.9877155 0.003415601 0.1562257 -0.9825138 0.001032083 0.1861868 -0.9999602 -0.0005153405 0.008902431 -0.9906352 0 -0.1365354 -0.9970233 0.002864687 -0.07704727 -0.9654037 0 -0.2607597 -0.965379 1.927619e-05 -0.2608514 -0.9477223 2.691648e-05 -0.3190963 -0.9477208 2.786789e-05 -0.3191007 -0.9265184 2.017341e-05 -0.3762493 -0.9265559 0 -0.3761572 0.4141018 5.211359e-06 0.9102306 0.4140553 1.558986e-05 0.9102517 0.3578581 2.960318e-05 0.933776 0.3578747 2.599731e-05 0.9337697 0.300253 2.132384e-05 0.9538596 0.3003531 -0 0.9538281 0.1772753 -0 0.9841613 0.1179672 0.002876625 0.9930133 0.03180612 -0.0005117286 0.999494 -0.1157592 0.0007715915 0.993277 -0.1456382 0.002546464 0.9893346 -0.2657576 -0.0009247404 0.9640394 -0.4079413 0.002369587 0.9130051 -0.3991162 0.001675508 0.9168988 -0.5423092 -0.0007868644 0.8401786 -0.6601992 0.004369177 0.7510779 -0.624874 0.0005515956 0.7807254 -0.7625197 -0.000264794 0.646965 -0.8071803 0.00288045 0.5902979 -0.8477848 -0.0002762732 0.5303403 -0.9159944 0.0003714633 0.4011909 -0.9334015 0.002764963 0.358823 -0.9650867 -0.0007953402 0.2619294 -0.9937404 0.001550898 0.111703 -0.994736 0.002158998 0.1024485 -0.999231 -0.000931824 -0.03920054 -0.9815875 0.003414466 -0.1909822 -0.9869401 0.001033812 -0.1610847 -0.9426925 -0.0005137614 -0.3336626 -0.8841932 0 -0.4671213 -0.9105461 0.002865208 -0.4133975 -0.8179939 0 -0.5752268 -0.8179387 1.947854e-05 -0.5753053 -0.7814334 2.714263e-05 -0.6239886 -0.7814303 2.816277e-05 -0.6239926 -0.7419586 2.048156e-05 -0.6704457 -0.7420263 0 -0.6703708 0.07781452 5.324787e-06 0.9969679 0.07776233 1.596911e-05 0.996972 0.01690447 2.986017e-05 0.9998571 0.01692722 2.524038e-05 0.9998567 -0.04409475 2.073945e-05 0.9990273 -0.04399274 0 0.9990318 -0.2334723 0 0.9723635 -0.2361841 0.0002516209 0.9717083 -0.4927798 -0.0002556469 0.870154 -0.4951955 0 0.8687816 -0.7138873 0 0.7002607 -0.7157379 0.0002438385 0.6983689 -0.8820647 0.0002683075 0.4711282 -0.880688 1.505842e-07 0.4736968 -0.9766532 6.829022e-08 0.2148225 -0.9772224 0.0002457534 0.2122174 -0.9976407 0.0002704784 -0.06865042 -0.9978383 0 -0.06571753 -0.9418089 0 -0.3361486 -0.94094 0.0002371921 -0.3385732 -0.8093538 0.000249532 -0.5873215 -0.8109435 0 -0.5851244 -0.5719216 0 -0.8203083 -0.5718449 1.898864e-05 -0.8203617 -0.5208746 2.669e-05 -0.8536332 -0.5208662 2.869588e-05 -0.8536384 -0.4678825 2.090513e-05 -0.8837906 -0.4679736 0 -0.8837424 -0.2678649 5.620986e-06 0.9634565 -0.267916 1.640191e-05 0.9634423 -0.3260854 3.041916e-05 0.9453403 -0.3260646 2.594271e-05 0.9453475 -0.3831222 2.147183e-05 0.9236977 -0.3830245 0 0.9237381 -0.7527583 0.002247749 0.6582931 -0.8604405 -0.001838828 0.5095477 -0.9009431 0.002937839 0.4339273 -0.9567099 -0.00216846 0.2910351 -0.9839941 0.002996565 0.178176 -0.9980331 -0.002180223 0.06265205 -0.995896 0.002944867 -0.09045764 -0.9844285 -0.001833122 -0.1757762 -0.9358009 0.002246431 -0.3525219 -0.5345326 0 0.8451478 -0.5501575 0.001446707 0.8350596 -0.7198251 -0.0009980499 0.6941547 -0.4233939 -0 -0.9059456 -0.4216927 0.0001519615 -0.9067388 -0.6311606 0.0001516564 -0.7756522 -0.6326121 -0 -0.7744687 -0.8080384 -0 -0.5891299 -0.7970207 0.001639192 -0.6039497 -0.9173781 -0.001025505 -0.3980154 -0.2568781 0 -0.9664438 -0.2567845 1.965992e-05 -0.9664686 -0.1975144 2.728483e-05 -0.9802999 -0.1975124 2.770106e-05 -0.9803004 -0.1374229 2.010698e-05 -0.9905125 -0.1375211 0 -0.9904988 -0.5812328 6.761581e-06 0.8137373 -0.5812716 1.647252e-05 0.8137096 -0.629743 3.045106e-05 0.7768036 -0.6297284 2.663468e-05 0.7768154 -0.6759441 2.212243e-05 0.7369528 -0.6758638 0 0.7370265 0.08915877 0 -0.9960174 0.08925531 1.967864e-05 -0.9960088 0.1496789 2.74758e-05 -0.9887347 0.1496825 2.821729e-05 -0.9887341 0.2096469 2.049977e-05 -0.9777772 0.2095481 0 -0.9777983 -0.8244941 7.26174e-06 0.5658706 -0.8245195 1.640209e-05 0.5658335 -0.8574483 3.034669e-05 0.5145702 -0.8574346 2.497763e-05 0.5145929 -0.8872315 2.039463e-05 0.4613245 -0.8871852 0 0.4614136 0.4244465 0 -0.905453 0.4245318 1.912794e-05 -0.905413 0.4788158 2.681141e-05 -0.8779154 0.4788298 3.006725e-05 -0.8779077 0.5314207 2.232871e-05 -0.8471081 0.5313274 0 -0.8471665 -0.9683107 5.852127e-06 0.2497487 -0.9683238 1.656238e-05 0.2496977 -0.981733 3.126643e-05 0.190264 -0.9817271 2.501154e-05 0.1902942 -0.9915069 2.091515e-05 0.130054 -0.9914935 0 0.1301561 0.7085249 0 -0.7056859 0.7085984 2.116824e-05 -0.705612 0.7502084 2.871514e-05 -0.6612014 0.7502072 2.832343e-05 -0.6612028 0.789096 2.06014e-05 -0.61427 0.7890336 0 -0.6143501 0.9840355 0.003128713 0.1779451 0.9911234 -0.002063021 0.1329286 0.9950643 0.003377052 0.09917509 0.99773 -0.002105529 0.06730869 0.9998009 0.002834944 0.01975047 0.9999986 -0.001490489 0.0007584192 0.9982099 0.00200534 -0.05977422 0.9977081 -0.0001594609 -0.06766534 0.9761206 0.002472618 -0.2172152 0.9630373 -0.001983502 -0.2693607 0.9557645 0.003243375 -0.2941152 0.9423473 -0.002259712 -0.3346288 0.9293579 0.00346791 -0.3691638 0.917124 -0.002151584 -0.3985961 0.8970777 0.002994385 -0.4418627 0.8877246 -0.001642886 -0.460372 0.8157158 0.001902016 -0.5784498 0.7792731 -0.001240501 -0.6266834 0.7671531 0.003002172 -0.6414571 0.736275 -0.002126993 -0.6766792 0.7137373 0.003297587 -0.7004057 0.6904725 -0.002119531 -0.7233556 0.6558039 0.003008658 -0.7549254 0.6412644 -0.001235623 -0.767319 0.5937238 0.001896313 -0.8046667 0.5890469 0.0002737409 -0.8080988 0.4587041 0.00300554 -0.888584 0.4158098 -0.002148366 -0.909449 0.3866122 0.003465638 -0.9222358 0.3523357 -0.0022673 -0.9358709 0.3120764 0.003230891 -0.9500515 0.2875262 -0.001986125 -0.9577708 0.2355779 0.002475135 -0.9718523 0.2219492 -0.001005783 -0.9750577 0.0785801 0.001999891 -0.9969057 0.01813911 -0.001501218 -0.9998343 -0.0009053337 0.00283607 -0.9999955 -0.04843664 -0.00209843 -0.9988241 -0.0803895 0.00338918 -0.9967578 -0.1142022 -0.002051712 -0.9934554 -0.1593711 0.003138958 -0.9872137 0.9667798 0 0.2556109 0.9649453 0.002344133 0.2624408 0.9801471 -0.001373598 0.1982669 0.9903008 0.00058295 -0.1389385 0.990698 0.001512505 -0.1360711 0.979075 -0.001016274 -0.2034971 0.859117 0.002003807 -0.5117754 0.8551157 -9.06329e-05 -0.5184373 0.8190644 0.0002779158 -0.5737015 0.5278774 -0.0001480317 -0.8493205 0.5345009 0.002488575 -0.8451642 0.4770724 -0.001638882 -0.8788624 0.1575821 0.001408573 -0.9875049 0.1547331 0.0005585986 -0.9879562 0.0864684 -0.0001660708 -0.9962546 -0.2442202 0 -0.9697198 -0.2373389 0.001951033 -0.9714249 -0.179757 -0.001364013 -0.9837101 3.141475e-10 -1 -6.111943e-11 -6.039677e-12 -1 -1.762572e-11 -2.951282e-09 -1 5.719706e-10 -8.654169e-09 -1 1.795589e-09 1.215742e-12 -1 -8.031825e-12 -2.67828e-11 -1 4.718954e-12 4.143907e-11 -1 2.429217e-11 2.927762e-11 -1 1.267447e-11 4.393503e-10 -1 3.740214e-10 4.209314e-16 -1 -5.472821e-16 -1.548525e-16 -1 -9.044647e-17 -1.412996e-16 -1 -9.012219e-17 -1.367467e-16 -1 -9.42367e-17 -8.701647e-17 -1 -3.413603e-18 -1.796306e-16 -1 -1.76124e-16 -1.729741e-16 -1 -1.634712e-16 -1.216236e-16 -1 -6.425364e-17 -1.385605e-16 -1 -9.743812e-17 -1.258909e-16 -1 -7.131154e-17 8.423384e-11 -1 1.827235e-10 6.031669e-12 -1 4.406075e-12 -1.655509e-11 -1 -8.435768e-13 8.60615e-12 -1 1.493229e-11 5.436112e-13 -1 -1.551098e-11 -5.747204e-09 -1 -3.984305e-10 -2.334623e-10 -1 -9.784058e-11 -1.692704e-11 -1 3.244887e-11 -8.878528e-12 -1 3.805538e-11 9.738062e-13 -1 4.584386e-11 -1.558152e-10 -1 -9.092242e-11 2.782736e-09 -1 1.288293e-09 2.250702e-11 -1 1.445417e-12 3.852591e-12 -1 6.10027e-12 5.143384e-09 -1 -1.032504e-09 -1.829818e-09 -1 3.188876e-10 -1.48777e-16 -1 -1.019268e-16 -1.360485e-16 -1 -9.459321e-17 -1.36979e-16 -1 -9.291651e-17 -1.560481e-16 -1 -7.609022e-17 -1.094498e-16 -1 -1.160029e-16 -1.148019e-16 -1 -1.1153e-16 -1.369109e-16 -1 -9.339393e-17 -1.043882e-16 -1 -9.78216e-17 -1.320142e-16 -1 -9.398044e-17 -1.373473e-16 -1 -9.394427e-17 -1.452517e-16 -1 -9.498125e-17 -1.324504e-16 -1 -9.138431e-17 -1.33208e-16 -1 -9.17261e-17 -1.446532e-16 -1 -1.023227e-16 -1.314605e-16 -1 -8.800766e-17 -1.244622e-16 -1 -7.994094e-17 -1.374863e-16 -1 -9.590844e-17 -1.386132e-16 -1 -1.008793e-16 6.543607e-12 -1 2.74794e-12 5.477742e-12 -1 9.266108e-13 4.799686e-12 -1 -2.783239e-13 3.431679e-11 -1 5.473544e-11 4.519955e-12 -1 -3.838719e-12 3.973823e-12 -1 -4.968789e-12 3.313195e-12 -1 -6.403677e-12 2.359624e-12 -1 -8.564215e-12 5.49936e-13 -1 -1.280189e-11 -1.301859e-10 -1 -3.256129e-10 -1.505186e-16 -1 -1.313012e-16 -1.3299e-16 -1 -8.522355e-17 -1.358625e-16 -1 -9.320439e-17 -1.395329e-16 -1 -1.037615e-16 -1.342343e-16 -1 -8.773499e-17 1.123065e-11 -1 1.746696e-11 7.211422e-12 -1 -4.903033e-12 -1.279739e-16 -1 -9.819955e-17 -1.430545e-16 -1 -8.941462e-17 -1.640066e-16 -1 -7.885392e-17 -8.64895e-17 -1 -1.134694e-16 -8.199986e-17 -1 -1.153082e-16 3.816742e-12 -1 -1.779167e-12 3.381754e-12 -1 -2.547885e-12 2.939626e-12 -1 -3.38093e-12 2.435118e-12 -1 -4.392155e-12 1.772718e-12 -1 -5.795985e-12 7.137368e-13 -1 -8.146052e-12 -1.670307e-12 -1 -1.361745e-11 5.245544e-13 -1 -4.313336e-14 3.517937e-14 -1 -1.844258e-12 -2.779949e-13 -1 -3.026332e-12 -1.263654e-11 -1 -5.0124e-11 -1.158421e-16 -1 -1.407437e-17 -1.339056e-16 -1 -9.596486e-17 -1.116477e-16 -1 -1.110974e-16 -1.458596e-16 -1 -9.116769e-17 -1.677257e-16 -1 -8.014628e-17 -1.29114e-16 -1 -9.738836e-17 -1.572942e-16 -1 -8.584524e-17 -1.390851e-16 -1 -1.075242e-16 -1.38236e-16 -1 -1.045851e-16 -1.243223e-16 -1 -4.364384e-17 -1.383705e-16 -1 -1.245437e-16 -1.346527e-16 -1 -9.564252e-17 -1.258143e-16 -1 -8.297979e-17 -1.498095e-16 -1 -1.115423e-16 -1.321329e-16 -1 -8.703792e-17 -1.404159e-16 -1 -1.005317e-16 -1.285067e-16 -1 -7.726316e-17 -1.34078e-16 -1 -9.059802e-17 -1.411253e-16 -1 -1.11982e-16 -1.351748e-16 -1 -8.771892e-17 -1.365752e-16 -1 -9.625506e-17 -1.359292e-16 -1 -8.868684e-17 -1.359335e-16 -1 -8.92375e-17 -1.350585e-16 -1 -1.01772e-16 -1.348421e-16 -1 -1.032616e-16 -1.418251e-16 -1 -7.175761e-17 9.752767e-11 -1 -2.175526e-11 -8.391301e-11 -1 3.631052e-11 -2.433842e-11 -1 1.770555e-11 -1.269223e-11 -1 1.438058e-11 -7.254479e-11 -1 2.864944e-11 -2.577409e-10 -1 4.203598e-11 -1.574374e-16 -1 -8.946958e-17 -1.124171e-10 -1 1.927625e-11 -5.527987e-12 -1 5.27521e-12 -3.239619e-12 -1 5.021986e-12 -1.742879e-12 -1 4.897572e-12 -5.459606e-13 -1 4.837423e-12 5.769602e-13 -1 4.820986e-12 4.246551e-11 -1 5.688521e-12 -1.460045e-16 -1 -9.45449e-17 -1.293801e-16 -1 -9.049172e-17 -1.392212e-16 -1 -9.396471e-17 -1.360343e-16 -1 -9.248697e-17 -1.311023e-16 -1 -8.961637e-17 -1.413762e-16 -1 -9.686499e-17 -1.36734e-16 -1 -9.297766e-17 -1.336647e-16 -1 -8.996545e-17 -1.381384e-16 -1 -9.506981e-17 -1.365214e-16 -1 -9.293478e-17 -1.351166e-16 -1 -9.07887e-17 -1.380998e-16 -1 -9.607994e-17 -1.342423e-16 -1 -8.812932e-17 -1.382734e-16 -1 -9.787333e-17 -1.353749e-16 -1 -8.953421e-17 9.592143e-11 -1 -2.026211e-11 -3.724943e-11 -1 1.312835e-11 -1.022122e-11 -1 6.456939e-12 -5.278286e-12 -1 5.304642e-12 1.430066e-10 -1 -2.57583e-11 5.254438e-12 -1 1.793815e-11 5.086777e-11 -1 5.613534e-12 1.390709e-10 -1 -1.601578e-11 3.54683e-11 -1 -6.672125e-12 -9.27017e-11 -1 -9.891163e-12 -7.924865e-13 -1 8.961769e-12 1.827928e-12 -1 9.711067e-12 5.309524e-12 -1 1.096547e-11 -2.184794e-10 -1 -8.282611e-11 -3.790601e-11 -1 1.138465e-11 1.679348e-12 -1 2.182286e-12 1.10343e-12 -1 2.275416e-12 5.419217e-13 -1 2.326675e-12 -5.451241e-10 -1 1.419586e-11 -3.624771e-10 -1 2.267075e-11 1.440148e-10 -1 4.260658e-11 -6.009439e-12 -1 1.1018e-11 -1.4853e-10 -1 -4.735487e-11 -1.023345e-10 -1 -1.719721e-11 3.297232e-11 -1 -1.022106e-11 -1.896404e-12 -1 -4.720168e-12 -2.692775e-12 -1 -4.646293e-12 1.824914e-10 -1 -1.094532e-11 -1.765075e-11 -1 -1.369414e-11 -8.026261e-10 -1 -5.347205e-11 1.055572e-10 -1 8.459316e-11 1.102993e-11 -1 -3.887598e-12 9.142998e-12 -1 -5.776139e-12 7.504364e-12 -1 -7.542444e-12 5.889086e-12 -1 -9.421554e-12 4.065479e-12 -1 -1.170321e-11 1.905651e-10 -1 2.371071e-10 1.574929e-12 -1 -1.42885e-11 -2.261228e-12 -1 -1.965512e-11 -1.180632e-11 -1 -3.348496e-11 -1.495408e-10 -1 -2.367787e-10 -2.114292e-16 -1 -1.252078e-17 -1.806517e-16 -1 -4.655433e-17 -8.802786e-17 -1 -1.441127e-16 -1.733796e-16 -1 -6.105096e-17 -1.102079e-16 -1 -1.162312e-16 -1.178823e-16 -1 -1.103016e-16 -1.643749e-16 -1 -7.896921e-17 -1.362406e-16 -1 -9.542763e-17 -1.507102e-16 -1 -8.803494e-17 -1.369708e-16 -1 -9.427262e-17 -1.574255e-16 -1 -8.579396e-17 -5.363936e-17 -1 -1.870019e-16 -1.806519e-16 -1 -4.65541e-17 -1.350531e-16 -1 -9.458229e-17 -1.355881e-16 -1 -9.40616e-17 -1.282e-16 -1 -1.005152e-16 -1.700289e-16 -1 -6.819571e-17 -1.046512e-16 -1 -1.12255e-16 -1.349546e-16 -1 -9.452767e-17 -1.747422e-16 -1 -7.419956e-17 -1.324611e-16 -1 -9.339559e-17 -3.906395e-17 -1 -1.32109e-16 -1.565068e-12 -1 5.058941e-12 -2.151704e-12 -1 6.010011e-12 -1.306362e-12 -1 4.748302e-12 -7.905462e-14 -1 2.983027e-12 4.593143e-13 -1 2.26023e-12 8.131888e-13 -1 1.829476e-12 1.109416e-12 -1 1.509618e-12 2.56001e-09 -1 -2.422305e-09 2.05956e-13 -1 1.351296e-12 1.215726e-13 -1 1.595939e-12 1.550998e-15 -1 1.905979e-12 -1.721102e-13 -1 2.309416e-12 -4.298739e-13 -1 2.851984e-12 -8.26009e-13 -1 3.612132e-12 1.622565e-11 -1 -2.637054e-11 2.982146e-13 -1 9.583611e-13 2.568155e-13 -1 1.114563e-12 6.732649e-12 -1 -2.013716e-11 -2.340931e-16 -1 -8.619508e-17 -1.344981e-16 -1 -9.260185e-17 -1.244312e-16 -1 -9.295581e-17 -1.760298e-16 -1 -9.321395e-17 -8.864209e-17 -1 -8.84539e-17 -1.691699e-16 -1 -9.733035e-17 -1.224401e-16 -1 -8.94702e-17 -1.426663e-16 -1 -9.399776e-17 -1.305498e-16 -1 -9.065314e-17 -1.156484e-16 -1 -8.593406e-17 -1.641429e-16 -1 -1.025955e-16 -6.176599e-17 -1 -1.429565e-16 -1.765868e-16 -1 -6.826903e-17 -1.721125e-16 -1 -7.112815e-17 -9.047015e-17 -1 -1.219688e-16 -1.745624e-16 -1 -7.135676e-17 -1.275261e-16 -1 -9.85434e-17 -1.343549e-16 -1 -9.475758e-17 -1.238089e-16 -1 -1.003554e-16 -1.350901e-16 -1 -9.461818e-17 -1.495556e-16 -1 -8.754777e-17 -1.358001e-16 -1 -9.404328e-17 -1.536047e-16 -1 -8.585987e-17 -1.27484e-16 -1 -8.647267e-17 -1.304895e-16 -1 -8.86221e-17 -1.366028e-16 -1 -9.38699e-17 -1.371468e-16 -1 -9.238367e-17 -1.326314e-16 -1 -8.85338e-17 -1.377816e-16 -1 -9.462355e-17 -1.311651e-16 -1 -8.344522e-17 -1.395035e-16 -1 -1.05361e-16 -1.377857e-16 -1 -9.648276e-17 -1.378647e-16 -1 -1.006204e-16 -1.422019e-16 -1 -7.204572e-17 -1.328812e-16 -1 -1.005187e-16 -1.295002e-16 -1 -1.070635e-16 -1.453673e-16 -1 -8.535997e-17 -1.390024e-16 -1 -9.180219e-17 -1.319984e-16 -1 -9.712356e-17 -1.350302e-16 -1 -9.541118e-17 -1.386082e-16 -1 -9.396416e-17 -4.016449e-17 -1 -1.201271e-16 -1.376413e-16 -1 -9.61857e-17 -1.794381e-16 -1 -7.557661e-17 -9.865344e-17 -1 -1.083674e-16 -9.532182e-17 -1 -1.094446e-16 -2.00998e-16 -1 -8.355899e-17 -6.37321e-17 -1 -1.062679e-16 -1.290054e-09 -1 -2.1142e-09 5.380876e-11 -1 2.473651e-10 -6.973242e-11 -1 -3.205668e-10 7.18749e-12 -1 -1.658471e-12 1.239718e-10 -1 5.36968e-10 -1.014903e-16 -1 7.565565e-17 -1.653017e-16 -1 -1.838797e-16 -2.828563e-16 -1 -1.298449e-15 -1.345483e-16 -1 -9.609634e-17 -1.261381e-16 -1 -6.385659e-17 1.120102e-11 -1 5.187301e-11 -1.866828e-12 -1 4.177547e-12 -2.086932e-12 -1 3.232946e-12 2.771677e-16 -1 -1.70604e-16 -1.361895e-16 -1 -9.169943e-17 -1.376883e-16 -1 -9.79824e-17 -1.285754e-16 -1 -6.117021e-17 -1.450627e-16 -1 -1.335973e-16 2.832951e-10 -1 -4.160371e-11 -2.897662e-12 -1 -6.877624e-12 5.514614e-12 -1 -6.802667e-12 -9.701104e-14 -1 2.228771e-14 -9.699923e-14 -1 2.228613e-14 1.219146e-10 -1 -5.390368e-13 -9.692921e-14 -1 2.226815e-14 -9.697978e-14 -1 2.228167e-14 -9.699705e-14 -1 2.228397e-14 6.060217e-13 -1 -4.512751e-14 6.053945e-13 -1 -4.500882e-14 -2.025404e-10 -1 1.379699e-11 -5.708777e-11 -1 -2.497646e-11 7.822777e-11 -1 -4.694608e-11 -2.390458e-11 -1 -1.851796e-11 2.073771e-10 -1 -6.211241e-11 -8.123388e-11 -1 1.944166e-11 -8.225877e-12 -1 4.633288e-12 -4.058264e-11 -1 1.59296e-11 2.887095e-12 -1 7.125512e-12 8.591725e-13 -1 7.469488e-12 9.277624e-13 -1 7.454795e-12 -8.574333e-13 -1 7.776989e-12 -1.036349e-12 -1 7.816883e-12 -2.835018e-12 -1 8.160059e-12 -3.326567e-12 -1 8.272545e-12 -5.435461e-12 -1 8.695341e-12 1.123065e-11 -1 4.120146e-12 6.766076e-12 -1 5.084042e-12 2.101503e-12 -1 5.960522e-12 -6.885813e-17 -1 4.202636e-14 3.437817e-14 -1 3.426673e-14 2.17973e-13 -1 3.897276e-15 2.986702e-13 -1 -1.18212e-14 6.905713e-14 -1 4.316324e-14 3.25319e-10 -1 -6.074242e-11 1.064703e-11 -1 3.699252e-12 2.802845e-10 -1 -4.194527e-11 7.315797e-12 -1 -7.270286e-12 3.720463e-12 -1 -6.120976e-12 1.187916e-11 -1 -7.102912e-12 3.710687e-12 -1 -6.247873e-12 1.685501e-12 -1 -5.787087e-12 -1.080013e-12 -1 -5.359724e-12 -1.518399e-16 -1 -9.558461e-17 -1.392876e-16 -1 -9.629256e-17 -1.327945e-16 -1 -9.585878e-17 -1.428045e-16 -1 -9.372723e-17 -1.485216e-16 -1 -9.4108e-17 -1.458265e-16 -1 -8.017136e-17 -4.38787e-17 -1 -9.860338e-17 -1.992991e-16 -1 -8.919548e-17 -9.83147e-17 -1 -1.074808e-16 -5.747516e-17 -1 -1.099893e-16 -1.282537e-16 -1 -9.718544e-17 -1.504808e-16 -1 -9.583069e-17 -1.232045e-16 -1 -9.013473e-17 -1.684467e-16 -1 -8.678931e-17 -6.092549e-17 -1 -1.100265e-16 -2.721532e-16 -1 -9.435885e-17 1.458262e-11 -1 1.531626e-11 1.237954e-10 -1 -5.773549e-11 1.476422e-11 -1 1.700523e-11 1.347784e-11 -1 1.758297e-11 1.143436e-11 -1 1.963734e-11 8.155829e-12 -1 2.03692e-11 9.494188e-11 -1 4.756146e-12 4.746306e-11 -1 1.41631e-11 5.729776e-12 -1 2.413825e-11 -1.772028e-10 -1 5.812704e-11 -1.013889e-16 -1 -1.085774e-16 -1.782703e-16 -1 -8.83641e-17 -1.15568e-16 -1 -1.012007e-16 -1.18829e-16 -1 -1.002305e-16 -1.19301e-16 -1 -1.001645e-16 -2.894705e-17 -1 -1.357152e-16 -4.123699e-16 -1 -4.45254e-17 -1.294524e-16 -1 -9.042167e-17 -1.877338e-16 -1 -8.709625e-17 -1.264092e-16 -1 -9.70895e-17 -1.196739e-16 -1 -9.805109e-17 -1.007443e-16 -1 -1.002536e-16 -1.516311e-16 -1 -9.477156e-17 -1.497329e-16 -1 -9.48793e-17 -1.24865e-16 -1 -9.598393e-17 -1.452563e-16 -1 -9.376857e-17 -1.29465e-16 -1 -9.406997e-17 -1.213454e-16 -1 -9.564096e-17 -1.440459e-16 -1 -9.341349e-17 -1.507035e-16 -1 -9.326704e-17 -1.567844e-16 -1 -9.261597e-17 -1.39852e-16 -1 -9.303502e-17 -5.016638e-17 -1 -1.109155e-16 -1.410697e-16 -1 -9.037036e-17 -2.188546e-16 -1 -8.446199e-17 -0.04609114 8.131314e-07 0.9989372 -0.2864876 5.054494e-06 0.9580839 -0.2865472 0 0.9580661 -0.04604186 4.822029e-06 0.9989396 0.1970726 -3.931294e-06 0.9803889 0.1971987 6.517611e-06 0.9803636 0.4285156 -6.504347e-06 0.9035344 0.4286696 7.341108e-06 0.9034614 0.6344526 -9.760444e-06 0.7729618 0.6346425 1.019456e-05 0.7728059 -0.9986046 0 -0.0528098 -0.9561149 -0 -0.2929919 -0.9561149 0 -0.2929919 -0.9986046 0 -0.0528098 -0.9816831 0 0.1905212 -0.9816831 0 0.1905212 -0.9063551 0 0.4225169 -0.9063551 0 0.4225169 -0.7771025 0 0.6293741 -0.7771025 0 0.6293741 -0.3356311 -3.698371e-06 0.9419935 -0.5413636 3.307139e-06 0.8407886 -0.5414 0 0.8407652 -0.335497 7.174571e-06 0.9420413 -0.1122037 -6.877318e-06 0.9936852 -0.1119758 1.063933e-05 0.9937109 0.1171195 -1.048137e-05 0.9931179 0.1174387 1.405955e-05 0.9930801 0.3402835 -1.406919e-05 0.9403229 0.3406708 1.736665e-05 0.9401826 -0.9203249 0 -0.3911549 -0.7982437 -0 -0.6023346 -0.7982437 0 -0.6023346 -0.9203249 0 -0.3911549 -0.9876412 0 -0.1567322 -0.9876412 0 -0.1567322 -0.9962052 0 0.08703621 -0.9962052 0 0.08703621 -0.945494 0 0.3256397 -0.945494 0 0.3256397 -0.6375677 -1.897916e-06 0.7703943 -0.7962789 5.462802e-06 0.6049297 -0.7963221 0 0.6048728 -0.6374646 8.327492e-06 0.7704796 -0.4452864 -6.105952e-06 0.8953882 -0.4450923 1.044649e-05 0.8954847 -0.2296118 -1.062199e-05 0.9732823 -0.2293036 1.355634e-05 0.9733549 -0.001848545 -1.408355e-05 0.9999983 -0.001434122 1.754527e-05 0.999999 -0.6703528 -0 -0.7420425 -0.6703528 -0 -0.7420425 -0.7923662 0 -0.6100457 -0.6577209 -0 -0.7532618 -0.6577209 0 -0.7532618 -0.5154318 -0 -0.8569307 -0.5154318 0 -0.8569307 -0.7923662 0 -0.6100457 -0.9053112 0 -0.4247489 -0.9053112 0 -0.4247489 -0.9756248 0 -0.2194457 -0.9756248 0 -0.2194457 -0.9999925 0 -0.003871801 -0.9999925 0 -0.003871801 -0.8626067 -5.650414e-06 0.5058751 -0.9551566 1.129457e-06 0.296101 -0.955161 0 0.2960869 -0.8625251 6.679172e-06 0.5060142 -0.7246907 -7.35046e-06 0.6890743 -0.7245345 9.959534e-06 0.6892385 -0.5486429 -1.101442e-05 0.8360568 -0.548367 1.417836e-05 0.8362378 -0.3437549 -1.400193e-05 0.9390593 -0.3433634 1.781848e-05 0.9392027 -0.4394258 0 -0.8982789 -0.2191619 -0 -0.9756885 -0.2191619 0 -0.9756885 -0.4394258 0 -0.8982789 -0.635727 0 -0.771914 -0.635727 0 -0.771914 -0.8052555 0 -0.5929281 -0.8052555 0 -0.5929281 -0.9307511 0 -0.3656535 -0.9307511 0 -0.3656535 -0.9836017 -2.462403e-06 0.1803546 -0.9988267 4.676201e-06 -0.04842862 -0.9988237 0 -0.04848972 -0.9835826 5.617063e-06 0.1804586 -0.916666 -8.414329e-06 0.399654 -0.9165646 1.09553e-05 0.3998865 -0.8015128 -1.021084e-05 0.5979776 -0.8013067 1.610272e-05 0.5982538 -0.6442051 -1.241546e-05 0.7648528 -0.64389 1.902037e-05 0.7651181 -0.7986153 0 0.6018419 -0.7986153 0 0.6018419 -0.9251683 0 0.3795573 -0.9251683 0 0.3795573 -0.991186 0 0.1324779 -0.991186 0 0.1324779 -0.992362 0 -0.1233599 -0.992362 0 -0.1233599 -0.9286348 0 -0.3709953 -0.9286348 0 -0.3709953 -0.8041056 0 -0.5944865 -0.8041056 0 -0.5944865 -0.6177173 0 -0.7864003 -0.6177173 0 -0.7864003 -0.3760996 0 -0.9265793 -0.3760996 0 -0.9265793 -0.1051427 0 -0.9944572 -0.1051427 0 -0.9944572 -0.1485211 0 -0.9889092 0.1134339 0 -0.9935455 0.1134339 0 -0.9935455 -0.1485211 0 -0.9889092 -0.4002742 0 -0.9163954 -0.4002742 0 -0.9163954 -0.624577 0 -0.7809633 -0.624577 0 -0.7809633 -0.7781807 0 -0.6280404 -0.7781807 0 -0.6280404 -0.9859623 -4.752888e-06 -0.1669681 -0.922016 2.421123e-06 -0.3871518 -0.9220037 0 -0.387181 -0.9859883 7.100142e-06 -0.1668152 -0.998073 -6.979792e-06 0.06205077 -0.9980582 1.116235e-05 0.06228783 -0.9576901 -9.984873e-06 0.2878013 -0.9575939 1.553709e-05 0.2881214 -0.8669581 -1.277767e-05 0.498381 -0.8667473 1.948861e-05 0.4987475 -0.9535461 0 0.3012473 -0.9535461 0 0.3012473 -0.9976879 0 0.06796242 -0.9976879 0 0.06796242 -0.9855978 0 -0.169106 -0.9855978 0 -0.169106 -0.9179587 0 -0.3966759 -0.9179587 0 -0.3966759 -0.7985896 0 -0.6018759 -0.7985896 0 -0.6018759 -0.6342145 0 -0.7731572 -0.6342145 0 -0.7731572 -0.434063 0 -0.9008825 -0.434063 0 -0.9008825 -0.2095036 0 -0.9778079 -0.2095036 0 -0.9778079 0.02692098 0 -0.9996375 0.02692098 0 -0.9996375 0.2617722 0 -0.9651297 0.2617722 0 -0.9651297 0.2254126 0 -0.9742634 0.4545769 0 -0.8907074 0.4545769 0 -0.8907074 0.2254126 0 -0.9742634 -0.01716014 0 -0.9998527 -0.01716014 0 -0.9998527 -0.2587123 0 -0.9659544 -0.2587123 0 -0.9659544 -0.4848794 0 -0.874581 -0.4848794 0 -0.874581 -0.932264 -5.514197e-06 -0.3617789 -0.8061351 6.403622e-06 -0.5917315 -0.8060917 0 -0.5917906 -0.9323364 1.19999e-05 -0.3615921 -0.9942748 -1.130541e-05 -0.1068533 -0.9943095 1.716992e-05 -0.1065293 -0.9878473 -1.691107e-05 0.1554279 -0.9877765 2.278911e-05 0.155877 -0.9979389 0 -0.06417193 -0.9979389 0 -0.06417193 -0.9412582 0 -0.3376878 -0.9412582 0 -0.3376878 -0.8111271 0 -0.5848699 -0.8111271 0 -0.5848699 -0.6270245 0 -0.7789996 -0.6270245 0 -0.7789996 -0.4088853 0 -0.9125858 -0.4088853 0 -0.9125858 -0.1640226 0 -0.9864566 -0.1640226 0 -0.9864566 0.09158286 0 -0.9957975 0.09158286 0 -0.9957975 0.3412234 0 -0.9399823 0.3412234 0 -0.9399823 0.5684914 0 -0.8226892 0.5684914 0 -0.8226892 0.5450523 0 -0.838402 0.7318016 0 -0.6815177 0.7318016 0 -0.6815177 0.5450523 0 -0.838402 0.3258472 0 -0.9454225 0.3258472 0 -0.9454225 0.08724356 0 -0.996187 0.08724356 0 -0.996187 -0.1564865 0 -0.9876802 -0.1564865 0 -0.9876802 -0.6871575 0 -0.7265085 -0.6871575 0 -0.7265085</float_array>
          <technique_common>
            <accessor count="1480" source="#cubenormals-array0-array" stride="3">
              <param type="float" name="X"/>
              <param type="float" name="Y"/>
              <param type="float" name="Z"/>
            </accessor>
          </technique_common>
        </source>
        <vertices id="cubeverts-array0-vertices">
          <input semantic="POSITION" source="#cubeverts-array0"/>
        </vertices>
        <triangles count="1480" material="ref_gr_l_b_new">
          <input offset="0" semantic="VERTEX" source="#cubeverts-array0-vertices"/>
          <input offset="1" semantic="NORMAL" source="#cubenormals-array0"/>
          <p>404 0 408 0 398 0 408 1 404 1 412 1 412 2 414 2 408 2 414 3 412 3 416 3 416 4 418 4 414 4 418 5 416 5 422 5 422 6 424 6 418 6 424 7 422 7 426 7 426 8 427 8 424 8 427 9 426 9 425 9 425 10 423 10 427 10 421 11 423 11 425 11 417 12 423 12 421 12 415 13 417 13 421 13 413 14 417 14 415 14 409 15 413 15 415 15 407 16 413 16 409 16 401 17 407 17 409 17 397 18 407 18 401 18 395 19 397 19 401 19 390 20 397 20 395 20 389 21 390 21 395 21 382 22 390 22 389 22 404 23 398 23 396 23 396 24 398 24 391 24 396 25 391 25 392 25 389 26 381 26 382 26 382 27 381 27 374 27 382 28 374 28 373 28 489 29 491 29 486 29 491 30 489 30 493 30 493 31 495 31 491 31 495 32 493 32 497 32 497 33 499 33 495 33 499 34 497 34 503 34 503 35 505 35 499 35 505 36 503 36 508 36 508 37 509 37 505 37 509 38 508 38 507 38 507 39 504 39 509 39 504 40 507 40 500 40 500 41 498 41 504 41 496 42 498 42 500 42 494 43 498 43 496 43 492 44 494 44 496 44 490 45 494 45 492 45 488 46 490 46 492 46 485 47 490 47 488 47 483 48 485 48 488 48 477 49 485 49 483 49 476 50 477 50 483 50 473 51 477 51 476 51 489 52 486 52 484 52 484 53 486 53 478 53 484 54 478 54 479 54 476 55 472 55 473 55 473 56 472 56 468 56 473 57 468 57 467 57 566 58 568 58 564 58 568 59 566 59 571 59 571 60 573 60 568 60 573 61 571 61 576 61 576 62 578 62 573 62 578 63 576 63 580 63 580 64 582 64 578 64 582 65 580 65 584 65 584 66 585 66 582 66 585 67 584 67 583 67 583 68 581 68 585 68 579 69 581 69 583 69 577 70 581 70 579 70 575 71 577 71 579 71 572 72 577 72 575 72 569 73 572 73 575 73 567 74 572 74 569 74 565 75 567 75 569 75 563 76 567 76 565 76 561 77 563 77 565 77 557 78 563 78 561 78 556 79 557 79 561 79 552 80 557 80 556 80 566 81 564 81 562 81 562 82 564 82 558 82 562 83 558 83 559 83 556 84 551 84 552 84 552 85 551 85 547 85 552 86 547 86 546 86 679 87 681 87 677 87 681 88 679 88 684 88 684 89 686 89 681 89 686 90 684 90 689 90 689 91 691 91 686 91 691 92 689 92 693 92 693 93 695 93 691 93 695 94 693 94 697 94 697 95 698 95 695 95 698 96 697 96 696 96 696 97 694 97 698 97 692 98 694 98 696 98 690 99 694 99 692 99 688 100 690 100 692 100 685 101 690 101 688 101 683 102 685 102 688 102 680 103 685 103 683 103 678 104 680 104 683 104 676 105 680 105 678 105 674 106 676 106 678 106 669 107 676 107 674 107 668 108 669 108 674 108 665 109 669 109 668 109 679 110 677 110 675 110 675 111 677 111 670 111 675 112 670 112 671 112 668 113 664 113 665 113 665 114 664 114 659 114 665 115 659 115 658 115 483 116 488 116 604 116 394 117 388 117 377 117 604 118 488 118 492 118 575 119 579 119 611 119 575 120 611 120 569 120 611 121 565 121 569 121 322 122 310 122 316 122 364 123 409 123 415 123 322 124 328 124 356 124 147 125 154 125 105 125 78 126 47 126 64 126 113 127 340 127 124 127 124 128 340 128 126 128 32 129 53 129 34 129 277 130 297 130 281 130 697 131 693 131 702 131 666 132 660 132 673 132 149 133 128 133 126 133 149 134 126 134 340 134 149 135 340 135 295 135 149 136 295 136 151 136 221 137 217 137 151 137 221 138 151 138 295 138 221 139 295 139 291 139 221 140 291 140 286 140 221 141 286 141 275 141 221 142 275 142 228 142 304 143 310 143 322 143 304 144 322 144 356 144 304 145 356 145 367 145 304 146 367 146 306 146 607 147 611 147 579 147 607 148 579 148 583 148 607 149 583 149 584 149 607 150 584 150 580 150 607 151 580 151 539 151 607 152 539 152 624 152 607 153 624 153 635 153 607 154 635 154 631 154 607 155 631 155 634 155 607 156 634 156 639 156 607 157 639 157 644 157 607 158 644 158 648 158 607 159 648 159 654 159 607 160 654 160 659 160 607 161 659 161 664 161 607 162 664 162 668 162 607 163 668 163 674 163 607 164 674 164 678 164 607 165 678 165 683 165 607 166 683 166 688 166 708 167 607 167 688 167 708 168 688 168 692 168 708 169 692 169 724 169 708 170 724 170 720 170 708 171 720 171 716 171 708 172 716 172 712 172 635 173 624 173 626 173 635 174 626 174 628 174 635 175 628 175 630 175 635 176 630 176 642 176 635 177 642 177 653 177 635 178 653 178 640 178 696 179 697 179 702 179 696 180 702 180 704 180 696 181 704 181 706 181 696 182 706 182 710 182 696 183 710 183 714 183 696 184 714 184 718 184 696 185 718 185 722 185 696 186 722 186 727 186 696 187 727 187 731 187 696 188 731 188 732 188 696 189 732 189 728 189 696 190 728 190 724 190 696 191 724 191 692 191 425 192 442 192 437 192 425 193 437 193 441 193 425 194 441 194 447 194 425 195 447 195 451 195 425 196 451 196 456 196 425 197 456 197 460 197 425 198 460 198 468 198 429 199 506 199 482 199 429 200 482 200 464 200 429 201 464 201 438 201 429 202 438 202 433 202 420 203 586 203 570 203 420 204 570 204 555 204 420 205 555 205 541 205 420 206 541 206 518 206 420 207 518 207 514 207 420 208 514 208 506 208 420 209 506 209 429 209 411 210 593 210 591 210 411 211 591 211 589 211 411 212 589 212 586 212 411 213 586 213 420 213 421 214 425 214 593 214 421 215 593 215 411 215 421 216 411 216 403 216 421 217 403 217 400 217 421 218 400 218 394 218 421 219 394 219 377 219 421 220 377 220 364 220 421 221 364 221 415 221 425 222 602 222 600 222 425 223 600 223 598 223 425 224 598 224 595 224 425 225 595 225 593 225 442 226 26 226 36 226 442 227 36 227 39 227 442 228 39 228 56 228 442 229 56 229 73 229 442 230 73 230 90 230 442 231 90 231 142 231 442 232 142 232 157 232 442 233 157 233 162 233 442 234 162 234 167 234 442 235 167 235 181 235 442 236 181 236 189 236 442 237 189 237 197 237 442 238 197 238 199 238 442 239 199 239 195 239 442 240 195 240 187 240 507 241 523 241 519 241 507 242 519 242 522 242 507 243 522 243 526 243 507 244 526 244 530 244 507 245 530 245 535 245 507 246 535 246 542 246 507 247 542 247 547 247 507 248 619 248 622 248 507 249 622 249 618 249 507 250 618 250 612 250 507 251 612 251 608 251 507 252 608 252 500 252 615 253 556 253 561 253 615 254 561 254 565 254 615 255 565 255 611 255 187 256 479 256 474 256 187 257 474 257 469 257 187 258 469 258 461 258 187 259 461 259 457 259 187 260 457 260 452 260 187 261 452 261 448 261 187 262 448 262 442 262 479 263 187 263 179 263 479 264 179 264 160 264 479 265 160 265 143 265 479 266 143 266 119 266 479 267 119 267 103 267 479 268 103 268 97 268 479 269 97 269 101 269 479 270 101 270 111 270 479 271 111 271 523 271 479 272 523 272 484 272 523 273 111 273 129 273 523 274 129 274 241 274 523 275 241 275 243 275 523 276 243 276 245 276 523 277 245 277 539 277 76 278 72 278 80 278 76 279 80 279 115 279 76 280 115 280 132 280 76 281 132 281 137 281 76 282 137 282 147 282 76 283 147 283 105 283 295 284 340 284 336 284 295 285 336 285 338 285 295 286 338 286 300 286 151 287 217 287 213 287 151 288 213 288 205 288 151 289 205 289 193 289 151 290 193 290 175 290 151 291 175 291 154 291 151 292 154 292 147 292 231 293 235 293 223 293 231 294 223 294 215 294 231 295 215 295 209 295 231 296 209 296 203 296 231 297 203 297 225 297 232 298 228 298 275 298 232 299 275 299 254 299 232 300 254 300 238 300 232 301 238 301 235 301 232 302 235 302 231 302 128 303 149 303 139 303 128 304 139 304 134 304 128 305 134 305 117 305 128 306 117 306 94 306 128 307 94 307 82 307 128 308 82 308 122 308 96 309 376 309 369 309 96 310 369 310 357 310 96 311 357 311 350 311 96 312 350 312 346 312 96 313 346 313 340 313 96 314 340 314 113 314 88 315 404 315 396 315 88 316 396 316 392 316 88 317 392 317 383 317 88 318 383 318 376 318 88 319 376 319 96 319 442 320 425 320 426 320 442 321 426 321 422 321 442 322 422 322 416 322 442 323 416 323 412 323 442 324 412 324 404 324 442 325 404 325 88 325 442 326 88 326 84 326 523 327 507 327 508 327 523 328 508 328 503 328 523 329 503 329 497 329 523 330 497 330 493 330 523 331 493 331 489 331 523 332 489 332 484 332 539 333 580 333 576 333 539 334 576 334 571 334 539 335 571 335 566 335 539 336 566 336 562 336 539 337 562 337 559 337 539 338 559 338 553 338 539 339 553 339 548 339 539 340 548 340 543 340 539 341 543 341 536 341 539 342 536 342 531 342 539 343 531 343 527 343 539 344 527 344 523 344 268 345 271 345 354 345 268 346 354 346 360 346 268 347 360 347 366 347 268 348 366 348 372 348 268 349 372 349 380 349 268 350 380 350 386 350 268 351 386 351 406 351 268 352 406 352 431 352 261 353 268 353 431 353 261 354 431 354 435 354 261 355 435 355 446 355 261 356 446 356 466 356 261 357 466 357 481 357 261 358 481 358 502 358 261 359 502 359 512 359 245 360 261 360 512 360 245 361 512 361 517 361 245 362 517 362 539 362 425 363 468 363 602 363 602 364 468 364 472 364 602 365 472 365 604 365 604 366 472 366 476 366 604 367 476 367 483 367 500 368 608 368 496 368 496 369 608 369 604 369 496 370 604 370 492 370 26 371 442 371 32 371 32 372 442 372 84 372 32 373 84 373 53 373 53 374 84 374 70 374 556 375 615 375 551 375 551 376 615 376 619 376 551 377 619 377 547 377 547 378 619 378 507 378 241 379 129 379 237 379 237 380 129 380 140 380 237 381 140 381 227 381 164 382 169 382 155 382 155 383 169 383 206 383 155 384 206 384 140 384 140 385 206 385 227 385 80 386 72 386 67 386 67 387 72 387 62 387 67 388 62 388 58 388 67 389 58 389 60 389 60 390 58 390 50 390 60 391 50 391 44 391 60 392 44 392 52 392 52 393 44 393 42 393 52 394 42 394 46 394 225 395 203 395 219 395 219 396 203 396 191 396 219 397 191 397 211 397 211 398 191 398 185 398 211 399 185 399 200 399 200 400 185 400 177 400 200 401 177 401 183 401 183 402 177 402 171 402 183 403 171 403 173 403 409 404 364 404 401 404 401 405 364 405 362 405 401 406 362 406 395 406 395 407 362 407 352 407 395 408 352 408 389 408 389 409 352 409 342 409 389 410 342 410 381 410 381 411 342 411 332 411 381 412 332 412 330 412 381 413 330 413 374 413 374 414 330 414 320 414 374 415 320 415 367 415 367 416 320 416 314 416 367 417 314 417 306 417 317 418 347 418 325 418 325 419 347 419 356 419 325 420 356 420 328 420 300 421 338 421 308 421 308 422 338 422 343 422 308 423 343 423 312 423 312 424 343 424 347 424 312 425 347 425 317 425 122 426 82 426 109 426 109 427 82 427 66 427 109 428 66 428 92 428 47 429 78 429 66 429 66 430 78 430 86 430 66 431 86 431 92 431 64 432 47 432 37 432 37 433 47 433 28 433 37 434 28 434 20 434 20 435 28 435 16 435 20 436 16 436 12 436 20 437 12 437 13 437 13 438 12 438 7 438 13 439 7 439 9 439 9 440 7 440 3 440 9 441 3 441 5 441 5 442 3 442 0 442 36 443 26 443 30 443 30 444 26 444 22 444 30 445 22 445 24 445 24 446 22 446 18 446 354 447 271 447 334 447 334 448 271 448 279 448 334 449 279 449 323 449 323 450 279 450 302 450 281 451 297 451 283 451 283 452 297 452 302 452 283 453 302 453 279 453 297 454 277 454 292 454 292 455 277 455 266 455 292 456 266 456 287 456 287 457 266 457 272 457 272 458 266 458 258 458 272 459 258 459 264 459 264 460 258 460 250 460 264 461 250 461 257 461 246 462 252 462 250 462 250 463 252 463 257 463 702 464 693 464 700 464 700 465 693 465 689 465 700 466 689 466 684 466 675 467 687 467 679 467 679 468 687 468 700 468 679 469 700 469 684 469 666 470 673 470 671 470 671 471 673 471 687 471 671 472 687 472 675 472 673 473 660 473 663 473 663 474 660 474 655 474 663 475 655 475 649 475 663 476 649 476 653 476 653 477 649 477 645 477 653 478 645 478 640 478 340 479 335 479 336 479 336 480 335 480 337 480 336 481 337 481 338 481 338 482 337 482 344 482 338 483 344 483 343 483 343 484 344 484 348 484 343 485 348 485 347 485 347 486 348 486 355 486 347 487 355 487 356 487 356 488 355 488 368 488 356 489 368 489 367 489 367 490 368 490 373 490 367 491 373 491 374 491 335 492 340 492 339 492 339 493 340 493 346 493 339 494 346 494 345 494 345 495 346 495 350 495 345 496 350 496 349 496 349 497 350 497 357 497 349 498 357 498 358 498 358 499 357 499 369 499 358 500 369 500 370 500 370 501 369 501 376 501 370 502 376 502 375 502 375 503 376 503 383 503 375 504 383 504 384 504 384 505 383 505 392 505 384 506 392 506 391 506 456 507 458 507 460 507 453 508 458 508 456 508 451 509 453 509 456 509 449 510 453 510 451 510 447 511 449 511 451 511 443 512 449 512 447 512 441 513 443 513 447 513 439 514 443 514 441 514 437 515 439 515 441 515 440 516 439 516 437 516 442 517 440 517 437 517 442 518 444 518 440 518 444 519 442 519 448 519 448 520 450 520 444 520 450 521 448 521 452 521 452 522 454 522 450 522 454 523 452 523 457 523 457 524 459 524 454 524 459 525 457 525 461 525 461 526 463 526 459 526 463 527 461 527 469 527 469 528 470 528 463 528 470 529 469 529 474 529 458 530 462 530 460 530 460 531 462 531 467 531 460 532 467 532 468 532 470 533 474 533 475 533 475 534 474 534 479 534 475 535 479 535 478 535 535 536 537 536 542 536 532 537 537 537 535 537 530 538 532 538 535 538 528 539 532 539 530 539 526 540 528 540 530 540 524 541 528 541 526 541 522 542 524 542 526 542 520 543 524 543 522 543 519 544 520 544 522 544 521 545 520 545 519 545 523 546 521 546 519 546 525 547 521 547 523 547 527 548 525 548 523 548 527 549 529 549 525 549 529 550 527 550 531 550 531 551 533 551 529 551 533 552 531 552 536 552 536 553 540 553 533 553 540 554 536 554 543 554 543 555 545 555 540 555 545 556 543 556 548 556 548 557 549 557 545 557 549 558 548 558 553 558 537 559 544 559 542 559 542 560 544 560 546 560 542 561 546 561 547 561 549 562 553 562 554 562 554 563 553 563 559 563 554 564 559 564 558 564 648 565 650 565 654 565 646 566 650 566 648 566 644 567 646 567 648 567 641 568 646 568 644 568 639 569 641 569 644 569 636 570 641 570 639 570 634 571 636 571 639 571 632 572 636 572 634 572 631 573 632 573 634 573 633 574 632 574 631 574 635 575 633 575 631 575 637 576 633 576 635 576 640 577 637 577 635 577 640 578 643 578 637 578 643 579 640 579 645 579 645 580 647 580 643 580 647 581 645 581 649 581 649 582 651 582 647 582 651 583 649 583 655 583 655 584 657 584 651 584 657 585 655 585 660 585 660 586 661 586 657 586 661 587 660 587 666 587 650 588 656 588 654 588 654 589 656 589 658 589 654 590 658 590 659 590 661 591 666 591 667 591 667 592 666 592 671 592 667 593 671 593 670 593 708 594 707 594 607 594 607 595 707 595 606 595 626 596 627 596 628 596 628 597 627 597 629 597 628 598 629 598 630 598 630 599 629 599 638 599 630 600 638 600 642 600 642 601 638 601 652 601 642 602 652 602 653 602 653 603 652 603 662 603 653 604 662 604 663 604 663 605 662 605 672 605 663 606 672 606 673 606 673 607 672 607 682 607 673 608 682 608 687 608 687 609 682 609 699 609 687 610 699 610 700 610 700 611 699 611 701 611 700 612 701 612 702 612 702 613 701 613 703 613 702 614 703 614 704 614 704 615 703 615 705 615 704 616 705 616 706 616 706 617 705 617 709 617 706 618 709 618 710 618 709 619 713 619 710 619 714 620 710 620 713 620 713 621 717 621 714 621 718 622 714 622 717 622 717 623 721 623 718 623 722 624 718 624 721 624 721 625 725 625 722 625 727 626 722 626 725 626 725 627 729 627 727 627 731 628 727 628 729 628 729 629 733 629 731 629 732 630 731 630 733 630 733 631 730 631 732 631 728 632 732 632 730 632 730 633 726 633 728 633 724 634 728 634 726 634 726 635 723 635 724 635 720 636 724 636 723 636 723 637 719 637 720 637 716 638 720 638 719 638 719 639 715 639 716 639 712 640 716 640 715 640 624 641 623 641 626 641 626 642 623 642 625 642 626 643 625 643 627 643 707 644 708 644 711 644 711 645 708 645 712 645 711 646 712 646 715 646 624 647 539 647 623 647 623 648 539 648 538 648 386 649 385 649 406 649 406 650 385 650 405 650 406 651 405 651 431 651 431 652 405 652 430 652 431 653 430 653 435 653 435 654 430 654 434 654 435 655 434 655 446 655 446 656 434 656 445 656 446 657 445 657 466 657 466 658 445 658 465 658 466 659 465 659 481 659 481 660 465 660 480 660 481 661 480 661 502 661 502 662 480 662 501 662 502 663 501 663 512 663 512 664 501 664 511 664 512 665 511 665 517 665 517 666 511 666 516 666 517 667 516 667 539 667 539 668 516 668 538 668 353 669 354 669 333 669 333 670 354 670 334 670 333 671 334 671 324 671 324 672 334 672 323 672 324 673 323 673 301 673 301 674 323 674 302 674 301 675 302 675 298 675 298 676 302 676 297 676 298 677 297 677 296 677 296 678 297 678 293 678 293 679 297 679 292 679 293 680 292 680 289 680 289 681 292 681 288 681 288 682 292 682 287 682 288 683 287 683 284 683 284 684 287 684 273 684 273 685 287 685 272 685 273 686 272 686 269 686 269 687 272 687 264 687 269 688 264 688 263 688 263 689 264 689 262 689 262 690 264 690 257 690 262 691 257 691 256 691 256 692 257 692 255 692 255 693 257 693 252 693 255 694 252 694 251 694 251 695 252 695 248 695 248 696 252 696 246 696 248 697 246 697 247 697 249 698 247 698 250 698 250 699 247 699 246 699 249 700 250 700 259 700 259 701 250 701 258 701 259 702 258 702 265 702 265 703 258 703 266 703 265 704 266 704 276 704 276 705 266 705 277 705 236 706 237 706 226 706 226 707 237 707 227 707 226 708 227 708 207 708 207 709 227 709 206 709 207 710 206 710 168 710 168 711 206 711 169 711 168 712 169 712 165 712 165 713 169 713 164 713 165 714 164 714 163 714 163 715 164 715 158 715 158 716 164 716 155 716 158 717 155 717 152 717 152 718 155 718 145 718 145 719 155 719 140 719 145 720 140 720 135 720 135 721 140 721 130 721 130 722 140 722 129 722 130 723 129 723 120 723 120 724 129 724 111 724 120 725 111 725 110 725 110 726 111 726 104 726 104 727 111 727 101 727 104 728 101 728 100 728 100 729 101 729 98 729 98 730 101 730 97 730 98 731 97 731 99 731 99 732 97 732 102 732 102 733 97 733 103 733 102 734 103 734 107 734 118 735 107 735 119 735 119 736 107 736 103 736 118 737 119 737 144 737 144 738 119 738 143 738 144 739 143 739 159 739 159 740 143 740 160 740 159 741 160 741 178 741 178 742 160 742 179 742 141 743 142 743 89 743 89 744 142 744 90 744 89 745 90 745 74 745 74 746 90 746 73 746 74 747 73 747 55 747 55 748 73 748 56 748 55 749 56 749 40 749 40 750 56 750 39 750 40 751 39 751 35 751 35 752 39 752 36 752 35 753 36 753 29 753 29 754 36 754 30 754 29 755 30 755 23 755 23 756 30 756 24 756 23 757 24 757 17 757 17 758 24 758 18 758 17 759 18 759 21 759 21 760 18 760 22 760 21 761 22 761 25 761 25 762 22 762 26 762 25 763 26 763 31 763 31 764 26 764 32 764 33 765 34 765 54 765 54 766 34 766 53 766 54 767 53 767 69 767 69 768 53 768 70 768 69 769 70 769 83 769 83 770 70 770 84 770 77 771 78 771 63 771 63 772 78 772 64 772 63 773 64 773 38 773 38 774 64 774 37 774 38 775 37 775 19 775 19 776 37 776 20 776 13 777 9 777 10 777 6 778 10 778 9 778 9 779 5 779 6 779 2 780 6 780 5 780 5 781 0 781 2 781 2 782 0 782 1 782 1 783 0 783 3 783 1 784 3 784 4 784 4 785 3 785 7 785 19 786 20 786 14 786 14 787 20 787 13 787 14 788 13 788 10 788 28 789 27 789 16 789 16 790 27 790 15 790 16 791 15 791 12 791 12 792 15 792 11 792 12 793 11 793 7 793 7 794 11 794 8 794 7 795 8 795 4 795 27 796 28 796 48 796 48 797 28 797 47 797 48 798 47 798 65 798 65 799 47 799 66 799 65 800 66 800 81 800 81 801 66 801 82 801 114 802 115 802 79 802 79 803 115 803 80 803 79 804 80 804 68 804 68 805 80 805 67 805 68 806 67 806 59 806 59 807 67 807 60 807 75 808 76 808 106 808 106 809 76 809 105 809 106 810 105 810 153 810 153 811 105 811 154 811 153 812 154 812 174 812 174 813 154 813 175 813 218 814 219 814 210 814 210 815 219 815 211 815 210 816 211 816 201 816 201 817 211 817 200 817 201 818 200 818 182 818 182 819 200 819 183 819 234 820 235 820 240 820 240 821 235 821 238 821 240 822 238 822 253 822 253 823 238 823 254 823 253 824 254 824 274 824 274 825 254 825 275 825 321 826 322 826 315 826 315 827 322 827 316 827 315 828 316 828 309 828 309 829 316 829 310 829 309 830 310 830 303 830 303 831 310 831 304 831 363 832 364 832 378 832 378 833 364 833 377 833 378 834 377 834 387 834 387 835 377 835 388 835 387 836 388 836 393 836 393 837 388 837 394 837 611 838 614 838 615 838 615 839 614 839 617 839 615 840 617 840 619 840 617 841 620 841 619 841 622 842 619 842 620 842 620 843 621 843 622 843 618 844 622 844 621 844 621 845 616 845 618 845 612 846 609 846 608 846 608 847 609 847 605 847 608 848 605 848 604 848 604 849 605 849 603 849 604 850 603 850 602 850 603 851 601 851 602 851 600 852 602 852 601 852 601 853 599 853 600 853 598 854 596 854 595 854 595 855 596 855 594 855 595 856 594 856 593 856 593 857 594 857 592 857 593 858 592 858 591 858 592 859 590 859 591 859 589 860 591 860 590 860 590 861 588 861 589 861 586 862 589 862 588 862 588 863 587 863 586 863 570 864 560 864 555 864 555 865 560 865 550 865 555 866 550 866 541 866 550 867 534 867 541 867 518 868 541 868 534 868 534 869 515 869 518 869 514 870 518 870 515 870 515 871 513 871 514 871 506 872 487 872 482 872 482 873 487 873 471 873 482 874 471 874 464 874 464 875 471 875 455 875 464 876 455 876 438 876 455 877 436 877 438 877 433 878 438 878 436 878 607 879 606 879 611 879 611 880 606 880 610 880 611 881 610 881 614 881 618 882 616 882 612 882 612 883 616 883 613 883 612 884 613 884 609 884 600 885 599 885 598 885 598 886 599 886 597 886 598 887 597 887 596 887 586 888 587 888 570 888 570 889 587 889 574 889 570 890 574 890 560 890 514 891 513 891 506 891 506 892 513 892 510 892 506 893 510 893 487 893 428 894 429 894 432 894 432 895 429 895 433 895 432 896 433 896 436 896 282 897 278 897 301 897 135 898 239 898 236 898 315 899 309 899 321 899 355 900 327 900 321 900 106 901 153 901 146 901 63 902 48 902 77 902 123 903 339 903 112 903 125 904 339 904 123 904 33 905 54 905 31 905 130 906 120 906 110 906 699 907 677 907 681 907 478 908 486 908 521 908 478 909 521 909 98 909 478 910 98 910 99 910 478 911 99 911 102 911 478 912 102 912 107 912 478 913 107 913 118 913 478 914 118 914 144 914 478 915 144 915 159 915 478 916 159 916 178 916 478 917 178 917 186 917 148 918 150 918 294 918 148 919 294 919 339 919 148 920 339 920 125 920 148 921 125 921 127 921 220 922 229 922 274 922 220 923 274 923 285 923 220 924 285 924 290 924 220 925 290 925 294 925 220 926 294 926 150 926 220 927 150 927 216 927 303 928 305 928 368 928 303 929 368 929 355 929 303 930 355 930 321 930 303 931 321 931 309 931 633 932 637 932 623 932 633 933 623 933 538 933 633 934 538 934 578 934 633 935 578 935 582 935 633 936 582 936 585 936 633 937 585 937 581 937 633 938 581 938 606 938 637 939 643 939 652 939 637 940 652 940 638 940 637 941 638 941 629 941 637 942 629 942 627 942 637 943 627 943 625 943 637 944 625 944 623 944 594 945 504 945 498 945 594 946 498 946 494 946 594 947 494 947 490 947 594 948 490 948 423 948 594 949 423 949 592 949 444 950 186 950 194 950 444 951 194 951 198 951 444 952 198 952 196 952 444 953 196 953 188 953 444 954 188 954 180 954 444 955 180 955 166 955 444 956 166 956 161 956 444 957 161 957 156 957 444 958 156 958 141 958 444 959 141 959 89 959 444 960 89 960 74 960 444 961 74 961 55 961 444 962 55 962 40 962 444 963 40 963 35 963 444 964 35 964 25 964 440 965 83 965 87 965 440 966 87 966 408 966 440 967 408 967 414 967 440 968 414 968 418 968 440 969 418 969 424 969 440 970 424 970 427 970 440 971 427 971 423 971 186 972 444 972 450 972 186 973 450 973 454 973 186 974 454 974 459 974 186 975 459 975 463 975 186 976 463 976 470 976 186 977 470 977 475 977 186 978 475 978 478 978 525 979 538 979 244 979 525 980 244 980 242 980 525 981 242 981 239 981 525 982 239 982 135 982 525 983 135 983 130 983 521 984 486 984 491 984 521 985 491 985 495 985 521 986 495 986 499 986 521 987 499 987 505 987 521 988 505 988 509 988 521 989 509 989 504 989 610 990 606 990 581 990 610 991 581 991 577 991 610 992 577 992 572 992 610 993 572 993 567 993 610 994 567 994 504 994 504 995 594 995 596 995 504 996 596 996 597 996 504 997 597 997 599 997 504 998 599 998 601 998 504 999 601 999 603 999 504 1000 603 1000 605 1000 504 1001 605 1001 609 1001 504 1002 609 1002 613 1002 504 1003 613 1003 616 1003 504 1004 616 1004 621 1004 504 1005 621 1005 620 1005 504 1006 620 1006 617 1006 504 1007 617 1007 614 1007 504 1008 614 1008 610 1008 75 1009 106 1009 146 1009 75 1010 146 1010 136 1010 75 1011 136 1011 131 1011 75 1012 131 1012 114 1012 75 1013 114 1013 79 1013 75 1014 79 1014 71 1014 423 1015 378 1015 387 1015 423 1016 387 1016 393 1016 423 1017 393 1017 399 1017 423 1018 399 1018 402 1018 423 1019 402 1019 410 1019 423 1020 410 1020 419 1020 423 1021 419 1021 428 1021 423 1022 428 1022 432 1022 423 1023 432 1023 436 1023 423 1024 436 1024 455 1024 423 1025 455 1025 471 1025 423 1026 471 1026 487 1026 423 1027 487 1027 510 1027 423 1028 510 1028 513 1028 423 1029 513 1029 515 1029 423 1030 515 1030 534 1030 423 1031 534 1031 550 1031 423 1032 550 1032 560 1032 423 1033 560 1033 574 1033 423 1034 574 1034 587 1034 423 1035 587 1035 588 1035 423 1036 588 1036 590 1036 423 1037 590 1037 592 1037 363 1038 378 1038 423 1038 363 1039 423 1039 417 1039 363 1040 417 1040 413 1040 363 1041 413 1041 407 1041 363 1042 407 1042 361 1042 294 1043 299 1043 337 1043 294 1044 337 1044 335 1044 294 1045 335 1045 339 1045 150 1046 146 1046 153 1046 150 1047 153 1047 174 1047 150 1048 174 1048 192 1048 150 1049 192 1049 204 1049 150 1050 204 1050 212 1050 150 1051 212 1051 216 1051 230 1052 224 1052 202 1052 230 1053 202 1053 208 1053 230 1054 208 1054 214 1054 230 1055 214 1055 222 1055 230 1056 222 1056 234 1056 233 1057 230 1057 234 1057 233 1058 234 1058 240 1058 233 1059 240 1059 253 1059 233 1060 253 1060 274 1060 233 1061 274 1061 229 1061 127 1062 121 1062 81 1062 127 1063 81 1063 93 1063 127 1064 93 1064 116 1064 127 1065 116 1065 133 1065 127 1066 133 1066 138 1066 127 1067 138 1067 148 1067 95 1068 112 1068 339 1068 95 1069 339 1069 345 1069 95 1070 345 1070 349 1070 95 1071 349 1071 358 1071 95 1072 358 1072 370 1072 95 1073 370 1073 375 1073 87 1074 95 1074 375 1074 87 1075 375 1075 384 1075 87 1076 384 1076 391 1076 87 1077 391 1077 398 1077 87 1078 398 1078 408 1078 423 1079 490 1079 485 1079 423 1080 485 1080 477 1080 423 1081 477 1081 473 1081 423 1082 473 1082 467 1082 423 1083 467 1083 462 1083 423 1084 462 1084 458 1084 423 1085 458 1085 453 1085 423 1086 453 1086 449 1086 423 1087 449 1087 443 1087 423 1088 443 1088 439 1088 423 1089 439 1089 440 1089 504 1090 567 1090 563 1090 504 1091 563 1091 557 1091 504 1092 557 1092 552 1092 504 1093 552 1093 546 1093 504 1094 546 1094 544 1094 504 1095 544 1095 537 1095 504 1096 537 1096 532 1096 504 1097 532 1097 528 1097 504 1098 528 1098 524 1098 504 1099 524 1099 520 1099 504 1100 520 1100 521 1100 267 1101 430 1101 405 1101 267 1102 405 1102 385 1102 267 1103 385 1103 379 1103 267 1104 379 1104 371 1104 267 1105 371 1105 365 1105 267 1106 365 1106 359 1106 267 1107 359 1107 353 1107 267 1108 353 1108 270 1108 260 1109 511 1109 501 1109 260 1110 501 1110 480 1110 260 1111 480 1111 465 1111 260 1112 465 1112 445 1112 260 1113 445 1113 434 1113 260 1114 434 1114 430 1114 260 1115 430 1115 267 1115 244 1116 538 1116 516 1116 244 1117 516 1117 511 1117 244 1118 511 1118 260 1118 538 1119 525 1119 529 1119 538 1120 529 1120 533 1120 538 1121 533 1121 540 1121 538 1122 540 1122 545 1122 538 1123 545 1123 549 1123 538 1124 549 1124 554 1124 538 1125 554 1125 558 1125 538 1126 558 1126 564 1126 538 1127 564 1127 568 1127 538 1128 568 1128 573 1128 538 1129 573 1129 578 1129 606 1130 685 1130 680 1130 606 1131 680 1131 676 1131 606 1132 676 1132 669 1132 606 1133 669 1133 665 1133 606 1134 665 1134 658 1134 606 1135 658 1135 656 1135 606 1136 656 1136 650 1136 606 1137 650 1137 646 1137 606 1138 646 1138 641 1138 606 1139 641 1139 636 1139 606 1140 636 1140 632 1140 606 1141 632 1141 633 1141 707 1142 694 1142 690 1142 707 1143 690 1143 685 1143 707 1144 685 1144 606 1144 694 1145 707 1145 711 1145 694 1146 711 1146 715 1146 694 1147 715 1147 719 1147 694 1148 719 1148 723 1148 694 1149 723 1149 726 1149 694 1150 726 1150 730 1150 694 1151 730 1151 733 1151 694 1152 733 1152 729 1152 694 1153 729 1153 725 1153 694 1154 725 1154 721 1154 694 1155 721 1155 717 1155 694 1156 717 1156 713 1156 694 1157 713 1157 709 1157 694 1158 709 1158 705 1158 694 1159 705 1159 703 1159 694 1160 703 1160 698 1160 249 1161 259 1161 273 1161 249 1162 273 1162 269 1162 249 1163 269 1163 263 1163 249 1164 263 1164 262 1164 249 1165 262 1165 256 1165 249 1166 256 1166 247 1166 69 1167 83 1167 54 1167 54 1168 83 1168 440 1168 54 1169 440 1169 31 1169 31 1170 440 1170 444 1170 31 1171 444 1171 25 1171 158 1172 207 1172 163 1172 163 1173 207 1173 168 1173 163 1174 168 1174 165 1174 207 1175 158 1175 226 1175 226 1176 158 1176 152 1176 226 1177 152 1177 236 1177 236 1178 152 1178 145 1178 236 1179 145 1179 135 1179 100 1180 98 1180 104 1180 104 1181 98 1181 521 1181 104 1182 521 1182 110 1182 110 1183 521 1183 525 1183 110 1184 525 1184 130 1184 57 1185 61 1185 68 1185 68 1186 61 1186 71 1186 68 1187 71 1187 79 1187 43 1188 49 1188 59 1188 59 1189 49 1189 57 1189 59 1190 57 1190 68 1190 45 1191 41 1191 51 1191 51 1192 41 1192 43 1192 51 1193 43 1193 59 1193 172 1194 170 1194 182 1194 182 1195 170 1195 176 1195 182 1196 176 1196 201 1196 201 1197 176 1197 184 1197 201 1198 184 1198 210 1198 210 1199 184 1199 190 1199 210 1200 190 1200 218 1200 218 1201 190 1201 202 1201 218 1202 202 1202 224 1202 319 1203 329 1203 373 1203 373 1204 329 1204 331 1204 373 1205 331 1205 382 1205 382 1206 331 1206 341 1206 382 1207 341 1207 390 1207 390 1208 341 1208 351 1208 390 1209 351 1209 397 1209 397 1210 351 1210 361 1210 397 1211 361 1211 407 1211 305 1212 313 1212 368 1212 368 1213 313 1213 319 1213 368 1214 319 1214 373 1214 327 1215 355 1215 326 1215 326 1216 355 1216 348 1216 326 1217 348 1217 318 1217 318 1218 348 1218 311 1218 311 1219 348 1219 344 1219 311 1220 344 1220 307 1220 307 1221 344 1221 337 1221 307 1222 337 1222 299 1222 91 1223 65 1223 108 1223 108 1224 65 1224 81 1224 108 1225 81 1225 121 1225 91 1226 85 1226 65 1226 65 1227 85 1227 77 1227 65 1228 77 1228 48 1228 11 1229 15 1229 19 1229 19 1230 15 1230 27 1230 19 1231 27 1231 38 1231 38 1232 27 1232 48 1232 38 1233 48 1233 63 1233 2 1234 1 1234 6 1234 6 1235 1 1235 4 1235 6 1236 4 1236 10 1236 10 1237 4 1237 8 1237 10 1238 8 1238 14 1238 14 1239 8 1239 11 1239 14 1240 11 1240 19 1240 35 1241 29 1241 25 1241 25 1242 29 1242 21 1242 29 1243 23 1243 21 1243 21 1244 23 1244 17 1244 353 1245 333 1245 270 1245 270 1246 333 1246 278 1246 333 1247 324 1247 278 1247 278 1248 324 1248 301 1248 301 1249 298 1249 282 1249 282 1250 298 1250 296 1250 282 1251 296 1251 280 1251 280 1252 296 1252 276 1252 276 1253 296 1253 293 1253 276 1254 293 1254 265 1254 265 1255 293 1255 289 1255 265 1256 289 1256 288 1256 273 1257 259 1257 284 1257 284 1258 259 1258 265 1258 284 1259 265 1259 288 1259 251 1260 248 1260 255 1260 255 1261 248 1261 247 1261 255 1262 247 1262 256 1262 691 1263 695 1263 701 1263 701 1264 695 1264 698 1264 701 1265 698 1265 703 1265 681 1266 686 1266 699 1266 699 1267 686 1267 691 1267 699 1268 691 1268 701 1268 661 1269 667 1269 672 1269 672 1270 667 1270 670 1270 672 1271 670 1271 682 1271 682 1272 670 1272 677 1272 682 1273 677 1273 699 1273 651 1274 657 1274 662 1274 662 1275 657 1275 661 1275 662 1276 661 1276 672 1276 651 1277 662 1277 647 1277 647 1278 662 1278 652 1278 647 1279 652 1279 643 1279 372 1280 379 1280 380 1280 380 1281 379 1281 385 1281 380 1282 385 1282 386 1282 379 1283 372 1283 371 1283 371 1284 372 1284 366 1284 371 1285 366 1285 365 1285 365 1286 366 1286 360 1286 365 1287 360 1287 359 1287 359 1288 360 1288 354 1288 359 1289 354 1289 353 1289 283 1290 280 1290 281 1290 281 1291 280 1291 276 1291 281 1292 276 1292 277 1292 280 1293 283 1293 282 1293 282 1294 283 1294 279 1294 282 1295 279 1295 278 1295 278 1296 279 1296 271 1296 278 1297 271 1297 270 1297 270 1298 271 1298 268 1298 270 1299 268 1299 267 1299 245 1300 260 1300 261 1300 261 1301 260 1301 267 1301 261 1302 267 1302 268 1302 260 1303 245 1303 244 1303 244 1304 245 1304 243 1304 244 1305 243 1305 242 1305 242 1306 243 1306 241 1306 242 1307 241 1307 239 1307 239 1308 241 1308 237 1308 239 1309 237 1309 236 1309 195 1310 186 1310 187 1310 187 1311 186 1311 178 1311 187 1312 178 1312 179 1312 186 1313 195 1313 194 1313 194 1314 195 1314 199 1314 194 1315 199 1315 198 1315 198 1316 199 1316 197 1316 198 1317 197 1317 196 1317 196 1318 197 1318 189 1318 196 1319 189 1319 188 1319 167 1320 180 1320 181 1320 181 1321 180 1321 188 1321 181 1322 188 1322 189 1322 180 1323 167 1323 166 1323 166 1324 167 1324 162 1324 166 1325 162 1325 161 1325 161 1326 162 1326 157 1326 161 1327 157 1327 156 1327 156 1328 157 1328 142 1328 156 1329 142 1329 141 1329 34 1330 33 1330 32 1330 32 1331 33 1331 31 1331 113 1332 95 1332 96 1332 96 1333 95 1333 87 1333 96 1334 87 1334 88 1334 88 1335 87 1335 83 1335 88 1336 83 1336 84 1336 95 1337 113 1337 112 1337 112 1338 113 1338 124 1338 112 1339 124 1339 123 1339 123 1340 124 1340 126 1340 123 1341 126 1341 125 1341 125 1342 126 1342 128 1342 125 1343 128 1343 127 1343 109 1344 121 1344 122 1344 122 1345 121 1345 127 1345 122 1346 127 1346 128 1346 121 1347 109 1347 108 1347 108 1348 109 1348 92 1348 108 1349 92 1349 91 1349 91 1350 92 1350 86 1350 91 1351 86 1351 85 1351 85 1352 86 1352 78 1352 85 1353 78 1353 77 1353 117 1354 93 1354 94 1354 94 1355 93 1355 81 1355 94 1356 81 1356 82 1356 93 1357 117 1357 116 1357 116 1358 117 1358 134 1358 116 1359 134 1359 133 1359 133 1360 134 1360 139 1360 133 1361 139 1361 138 1361 138 1362 139 1362 149 1362 138 1363 149 1363 148 1363 147 1364 150 1364 151 1364 151 1365 150 1365 148 1365 151 1366 148 1366 149 1366 150 1367 147 1367 146 1367 146 1368 147 1368 137 1368 146 1369 137 1369 136 1369 136 1370 137 1370 132 1370 136 1371 132 1371 131 1371 131 1372 132 1372 115 1372 131 1373 115 1373 114 1373 59 1374 60 1374 51 1374 51 1375 60 1375 52 1375 51 1376 52 1376 45 1376 45 1377 52 1377 46 1377 45 1378 46 1378 41 1378 41 1379 46 1379 42 1379 41 1380 42 1380 43 1380 43 1381 42 1381 44 1381 43 1382 44 1382 49 1382 49 1383 44 1383 50 1383 49 1384 50 1384 57 1384 57 1385 50 1385 58 1385 57 1386 58 1386 61 1386 61 1387 58 1387 62 1387 61 1388 62 1388 71 1388 71 1389 62 1389 72 1389 71 1390 72 1390 75 1390 75 1391 72 1391 76 1391 205 1392 192 1392 193 1392 193 1393 192 1393 174 1393 193 1394 174 1394 175 1394 192 1395 205 1395 204 1395 204 1396 205 1396 213 1396 204 1397 213 1397 212 1397 212 1398 213 1398 217 1398 212 1399 217 1399 216 1399 216 1400 217 1400 221 1400 216 1401 221 1401 220 1401 232 1402 229 1402 228 1402 228 1403 229 1403 220 1403 228 1404 220 1404 221 1404 229 1405 232 1405 233 1405 233 1406 232 1406 231 1406 233 1407 231 1407 230 1407 230 1408 231 1408 225 1408 230 1409 225 1409 224 1409 224 1410 225 1410 219 1410 224 1411 219 1411 218 1411 182 1412 183 1412 172 1412 172 1413 183 1413 173 1413 172 1414 173 1414 170 1414 170 1415 173 1415 171 1415 170 1416 171 1416 176 1416 176 1417 171 1417 177 1417 176 1418 177 1418 184 1418 184 1419 177 1419 185 1419 184 1420 185 1420 190 1420 190 1421 185 1421 191 1421 190 1422 191 1422 202 1422 202 1423 191 1423 203 1423 202 1424 203 1424 208 1424 208 1425 203 1425 209 1425 208 1426 209 1426 214 1426 214 1427 209 1427 215 1427 214 1428 215 1428 222 1428 222 1429 215 1429 223 1429 222 1430 223 1430 234 1430 234 1431 223 1431 235 1431 291 1432 285 1432 286 1432 286 1433 285 1433 274 1433 286 1434 274 1434 275 1434 285 1435 291 1435 290 1435 290 1436 291 1436 295 1436 290 1437 295 1437 294 1437 294 1438 295 1438 300 1438 294 1439 300 1439 299 1439 299 1440 300 1440 308 1440 299 1441 308 1441 307 1441 325 1442 318 1442 317 1442 317 1443 318 1443 311 1443 317 1444 311 1444 312 1444 318 1445 325 1445 326 1445 326 1446 325 1446 328 1446 326 1447 328 1447 327 1447 327 1448 328 1448 322 1448 327 1449 322 1449 321 1449 303 1450 304 1450 305 1450 305 1451 304 1451 306 1451 305 1452 306 1452 313 1452 313 1453 306 1453 314 1453 313 1454 314 1454 319 1454 319 1455 314 1455 320 1455 319 1456 320 1456 329 1456 329 1457 320 1457 330 1457 329 1458 330 1458 331 1458 331 1459 330 1459 332 1459 331 1460 332 1460 341 1460 341 1461 332 1461 342 1461 341 1462 342 1462 351 1462 351 1463 342 1463 352 1463 351 1464 352 1464 361 1464 361 1465 352 1465 362 1465 361 1466 362 1466 363 1466 363 1467 362 1467 364 1467 403 1468 399 1468 400 1468 400 1469 399 1469 393 1469 400 1470 393 1470 394 1470 399 1471 403 1471 402 1471 402 1472 403 1472 411 1472 402 1473 411 1473 410 1473 410 1474 411 1474 420 1474 410 1475 420 1475 419 1475 419 1476 420 1476 429 1476 419 1477 429 1477 428 1477 311 1478 307 1478 312 1478 312 1479 307 1479 308 1479</p>
        </triangles>
      </mesh>
    </geometry>
  </library_geometries>
  <library_materials>
    <material id="mat_gr_l_b_new" name="gr_l_b_new">
      <instance_effect url="#effect_gr_l_b_new"/>
    </material>
  </library_materials>
  <library_visual_scenes>
    <visual_scene id="myscene">
      <node id="node0" name="node0">
        <instance_geometry url="#geometry0">
          <bind_material>
            <technique_common>
              <instance_material symbol="ref_gr_l_b_new" target="#mat_gr_l_b_new"/>
            </technique_common>
          </bind_material>
        </instance_geometry>
      </node>
    </visual_scene>
  </library_visual_scenes>
  <scene>
    <instance_visual_scene url="#myscene"/>
  </scene>
</COLLADA>
