<COLLADA xmlns="http://www.collada.org/2005/11/COLLADASchema" version="1.4.1">
  <asset>
    <contributor/>
    <created>2025-11-18T20:36:09.492423</created>
    <modified>2025-11-18T20:36:09.492441</modified>
    <unit name="meter" meter="1.0"/>
    <up_axis>Z_UP</up_axis>
  </asset>
  <library_effects>
    <effect id="effect_gr_rh_tip" name="effect_gr_rh_tip">
      <profile_COMMON>
        <technique sid="common">
          <phong>
            <emission>
              <color>0.0 0.0 0.0 1.0</color>
            </emission>
            <ambient>
              <color>0.0 0.0 0.0 1.0</color>
            </ambient>
            <diffuse>
              <color>0.800000011920929 0.800000011920929 0.800000011920929 1.0</color>
            </diffuse>
            <specular>
              <color>1 1 1 1.0</color>
            </specular>
            <shininess>
              <float>0.0</float>
            </shininess>
            <reflective>
              <color>0.0 0.0 0.0 1.0</color>
            </reflective>
            <reflectivity>
              <float>0.0</float>
            </reflectivity>
            <transparent>
              <color>0.0 0.0 0.0 1.0</color>
            </transparent>
            <transparency>
              <float>1.0</float>
            </transparency>
          </phong>
        </technique>
        <extra>
          <technique profile="GOOGLEEARTH">
            <double_sided>0</double_sided>
          </technique>
        </extra>
      </profile_COMMON>
    </effect>
  </library_effects>
  <library_geometries>
    <geometry id="geometry0" name="gr_rh_tip">
      <mesh>
        <source id="cubeverts-array0">
          <float_array count="11763" id="cubeverts-array0-array">-0.004995949 -0.005999999 -0.0002017583 -0.004995949 9.537431e-10 -0.0002017583 -0.004991094 -0.002999999 -0.0002982948 -0.004989124 -0.002999999 0.0003296073 -0.004983863 -0.005999999 0.0004019001 -0.004983863 9.537431e-10 0.0004019001 -0.004935133 -0.005999999 -0.0008024611 -0.004935133 9.537431e-10 -0.0008024611 -0.004914351 -0.002999999 -0.0009214926 -0.004908473 -0.002999999 0.0009523113 -0.004899024 -0.005999999 0.0009997169 -0.004899024 9.537431e-10 0.0009997169 -0.004802358 -0.005999999 -0.001391463 -0.004802358 9.537431e-10 -0.001391463 -0.004760107 -0.002999999 -0.001530158 -0.004750412 -0.002999999 0.001559997 -0.004742722 -0.005999999 0.00158296 -0.004742722 9.537431e-10 0.00158296 -0.004599605 -0.005999999 -0.001960189 -0.004599605 9.537431e-10 -0.001960189 -0.004530792 -0.002999999 -0.002114692 -0.004517434 -0.005999999 0.00214308 -0.004517434 -0.002999999 0.00214308 -0.004517434 9.537432e-10 0.00214308 -0.004329847 -0.005999999 -0.002500349 -0.004329847 9.537432e-10 -0.002500349 -0.004230024 -0.002999999 -0.002665876 -0.003996997 -0.005999999 -0.003004059 -0.003996997 9.537432e-10 -0.003004059 -0.003862547 -0.002999999 -0.003175017 -0.00360586 -0.005999999 -0.003463957 -0.00360586 9.537433e-10 -0.003463957 -0.003434154 -0.002999999 -0.003634087 -0.00316208 -0.005999999 -0.003873318 -0.00316208 9.537434e-10 -0.003873318 -0.002951603 -0.002999999 -0.004035844 -0.002799048 0.003000001 7.302396e-05 -0.002798489 0.004542464 9.197264e-05 -0.002774566 0.004542464 -0.0003765408 -0.002772892 0.003000001 -0.0003886801 -0.002748853 0.003000001 0.0005327361 -0.002743855 0.004542464 0.0005579043 -0.002672758 0.004542464 -0.0008344843 -0.002672094 -0.005999999 -0.004226174 -0.002672094 9.537436e-10 -0.004226174 -0.002671098 0.003000001 -0.0008397819 -0.002623677 0.003000001 0.0009779166 -0.002612199 0.004542464 0.001008175 -0.002534211 0.004679697 0.0005118408 -0.002496444 0.003000001 -0.001267977 -0.002495923 0.004542464 -0.001269003 -0.002429119 0.004757291 -0.0003367548 -0.002426933 0.003000001 0.001396422 -0.002422503 -0.002999999 -0.004373954 -0.002407215 0.004542464 0.001430145 -0.002263564 0.004701136 -0.001173252 -0.002253694 0.003000001 -0.001661584 -0.002249025 0.004542464 -0.001667899 -0.002180964 0.00479213 0.0009760109 -0.00216399 0.003000001 0.001776837 -0.00214308 -0.005999999 -0.004517434 -0.00214308 9.537437e-10 -0.004517434 -0.002134658 0.004542464 0.00181197 -0.002110829 0.004930615 0.0001339139 -0.001972233 0.004938877 -0.0007133773 -0.001949469 0.003000001 -0.002009868 -0.001938994 0.004542464 -0.002019976 -0.001855199 -0.002999999 -0.004643085 -0.001842018 0.003000001 0.002108784 -0.001802179 0.004542464 0.00214293 -0.001796932 0.004842568 0.001426404 -0.001787176 0.004809304 -0.001537546 -0.001762745 0.005039989 0.0006026924 -0.001653064 0.00511255 -0.0002434336 -0.001592067 0.003000001 -0.002303329 -0.001582859 -0.005999999 -0.00474291 -0.001582859 9.537438e-10 -0.00474291 -0.001582737 0.004542464 -0.00230975 -0.0015 -0.005999999 3.576431e-07 -0.0015 -0.002999999 3.576431e-07 -0.0015 9.537438e-10 3.576431e-07 -0.001497599 -0.013 -8.484052e-05 -0.001497599 0.003000001 -8.484052e-05 -0.001488079 0.005048809 -0.00108361 -0.001478961 -0.013 0.0002505776 -0.001478961 0.003000001 0.0002505776 -0.001469801 0.003000001 0.002383209 -0.0014625 -0.005999999 -0.0003334784 -0.0014625 9.537438e-10 -0.0003334784 -0.001462471 -0.002999999 -0.0003334327 -0.001462341 -0.005999999 0.0003341757 -0.001462341 9.537438e-10 0.0003341757 -0.001462312 -0.002999999 0.0003341301 -0.001441198 -0.013 -0.0004160077 -0.001441198 0.003000001 -0.0004160077 -0.001419111 0.004542464 0.002413736 -0.001389779 0.005083869 0.001062964 -0.001387537 0.004830299 0.001856664 -0.001386115 -0.013 0.0005733612 -0.001386115 0.003000001 0.0005733612 -0.001351622 -0.005999999 -0.0006505203 -0.001351622 9.537438e-10 -0.0006505203 -0.001351608 -0.002999999 -0.0006505033 -0.001351312 -0.005999999 0.0006511647 -0.001351312 9.537438e-10 0.0006511647 -0.001351298 -0.002999999 0.0006511478 -0.001312492 -0.013 -0.0007262401 -0.001312492 0.003000001 -0.0007262401 -0.001310561 0.005219706 0.0002299461 -0.001309696 0.005195809 0.0005337823 -0.001291308 0.0048453 -0.001889932 -0.001258638 -0.002999999 -0.004838991 -0.00123785 0.004542589 -0.002511313 -0.001223744 -0.013 0.000867382 -0.001223744 0.003000001 0.000867382 -0.001191238 0.003000001 -0.00253396 -0.00117297 -0.002999999 -0.0009349551 -0.001172948 -0.005999999 -0.0009349293 -0.001172948 9.537438e-10 -0.0009349293 -0.001172524 -0.002999999 0.0009355143 -0.001172502 -0.005999999 0.0009354885 -0.001172502 9.537438e-10 0.0009354885 -0.001167977 0.005222694 -0.0006143792 -0.001117952 -0.013 -0.001000041 -0.001117952 0.003000001 -0.001000041 -0.001057491 0.003000001 0.002592627 -0.001028729 0.005195809 -0.0009705381 -0.001000049 -0.013 0.001117952 -0.001000049 0.003000001 0.001117952 -0.0009996184 -0.005999999 -0.004899194 -0.0009996184 9.537439e-10 -0.004899194 -0.0009971966 0.005061635 0.001508231 -0.0009962073 0.004542464 0.002616786 -0.0009841274 0.005085391 -0.00144174 -0.0009705379 0.005195809 0.001028729 -0.0009585561 0.004755495 0.002260717 -0.0009355143 -0.002999999 -0.001172524 -0.0009354959 -0.005999999 -0.001172503 -0.0009354959 9.537439e-10 -0.001172503 -0.0009349551 -0.002999999 0.00117297 -0.0009349366 -0.005999999 0.001172949 -0.0009349366 9.537439e-10 0.001172949 -0.0008977275 0.005256594 -0.0007793628 -0.0008673894 -0.013 -0.001223745 -0.0008673894 0.003000001 -0.001223745 -0.0008671989 0.004542499 -0.002662269 -0.0008601053 0.005320275 0.0002257041 -0.0008313901 0.005328506 -0.0001364762 -0.0007838784 0.005203846 -0.001143945 -0.0007836117 0.004808567 -0.002224972 -0.0007793625 0.005256594 0.0008977273 -0.000757915 0.003000001 -0.002695471 -0.0007262296 -0.013 0.001312487 -0.0007262296 0.003000001 0.001312487 -0.0006645259 0.003841156 9.168501e-05 -0.0006645256 0.005354796 9.168481e-05 -0.0006511546 -0.005999999 -0.001351306 -0.0006511546 9.537439e-10 -0.001351306 -0.0006511478 -0.002999999 -0.001351298 -0.0006505101 -0.005999999 0.001351617 -0.0006505101 9.537439e-10 0.001351617 -0.0006505033 -0.002999999 0.001351608 -0.0006422266 -0.002999999 -0.004958583 -0.0006412253 0.00535816 7.398898e-05 -0.0006163361 0.003000001 0.002731324 -0.0006114982 0.003720001 4.532463e-05 -0.0005905384 0.004973602 0.00193221 -0.0005866318 0.005354796 -0.0003253686 -0.0005866315 0.003841157 -0.0003253682 -0.0005751556 0.005229372 0.001160332 -0.0005733514 -0.013 -0.001386109 -0.0005733514 0.003000001 -0.001386109 -0.0005557218 0.005368827 -4.397084e-05 -0.00055419 0.003720001 -4.786264e-05 -0.0005539126 0.003720001 -0.0002629924 -0.0005453387 0.004542464 0.002746381 -0.0005359302 0.005367603 -0.0001888377 -0.0005341045 0.003720001 -0.0001554018 -0.0005337823 0.005195809 -0.001309696 -0.0005160451 0.004619213 0.002632859 -0.0004801388 0.004542545 -0.002758404 -0.000468155 0.005048059 -0.001782242 -0.0004159549 -0.013 0.001441166 -0.0004159549 0.003000001 0.001441166 -0.0004018444 -0.005999999 -0.004983948 -0.0004018444 9.53744e-10 -0.004983948 -0.0003341301 -0.002999999 -0.001462312 -0.0003341249 -0.005999999 -0.001462306 -0.0003341249 9.53744e-10 -0.001462306 -0.0003334327 -0.002999999 0.001462471 -0.0003334275 -0.005999999 0.001462465 -0.0003334275 9.53744e-10 0.001462465 -0.0003253686 0.003841158 0.0005866318 -0.0003253675 0.005354796 0.0005866311 -0.0003039181 0.003000001 -0.002783457 -0.0002719213 0.004699672 -0.002537496 -0.0002629924 0.003720001 0.0005539126 -0.0002505289 -0.013 -0.001478923 -0.0002505289 0.003000001 -0.001478923 -0.0002257042 0.005320275 -0.0008601053 -0.0001926328 0.005131746 0.001604207 -0.0001888366 0.005367603 0.0005359301 -0.0001755446 0.004821012 0.002328915 -0.000158369 0.003000001 0.002795518 -0.000158369 0.004542464 0.002795518 -0.0001554018 0.003720001 0.0005341045 -0.0001460902 0.005221943 -0.001314356 -0.0001279263 0.00533092 0.000818336 -9.168503e-05 0.003841156 -0.0006645259 -9.168485e-05 0.005354796 -0.0006645256 -8.484052e-05 -0.013 0.001497599 -8.484052e-05 0.003000001 0.001497599 -8.174733e-05 0.004542558 -0.002798667 -7.398906e-05 0.00535816 -0.0006412255 -4.786273e-05 0.003720001 0.00055419 -4.532463e-05 0.003720001 -0.0006114982 -4.397006e-05 0.005368827 0.0005557221 -1.568718e-05 -0.002999999 -0.004999975 -3.576431e-07 -0.005999999 -0.0015 -3.576431e-07 -0.002999999 -0.0015 -3.576431e-07 9.53744e-10 -0.0015 3.576431e-07 -0.005999999 0.0015 3.576431e-07 -0.002999999 0.0015 3.576431e-07 9.53744e-10 0.0015 4.397053e-05 0.005368827 -0.0005557219 4.532453e-05 0.003720001 0.0006114981 4.786265e-05 0.003720001 -0.00055419 5.187681e-05 0.004937389 -0.002099861 7.398938e-05 0.00535816 0.0006412258 8.484052e-05 -0.013 -0.001497599 8.484052e-05 0.003000001 -0.001497599 9.168513e-05 0.003841156 0.000664526 9.168513e-05 0.005354796 0.000664526 0.0001554018 0.003720001 -0.0005341045 0.0001583685 0.00454247 -0.00279551 0.000158369 0.003000001 -0.002795518 0.0001780366 0.005327765 -0.0008279178 0.0001888371 0.005367603 -0.0005359302 0.000192609 0.004967331 0.002025437 0.0002017697 -0.005999999 -0.004995963 0.0002017697 9.537441e-10 -0.004995963 0.0002257044 0.005320275 0.0008601056 0.0002290206 0.005227487 0.001281768 0.000241927 0.004606019 0.002692747 0.0002505289 -0.013 0.001478923 0.0002505289 0.003000001 0.001478923 0.0002629924 0.003720001 -0.0005539126 0.0002726506 0.004542464 0.002786694 0.0002808709 0.003000001 0.002785839 0.000325368 0.005354796 -0.0005866314 0.0003253686 0.003841158 -0.0005866318 0.0003334275 -0.005999999 -0.001462465 0.0003334275 -0.002999999 -0.001462465 0.0003334275 9.537441e-10 -0.001462465 0.0003341249 -0.005999999 0.001462306 0.0003341249 -0.002999999 0.001462306 0.0003341249 9.537441e-10 0.001462306 0.0003749427 0.00511106 -0.001632586 0.0004159549 -0.013 -0.001441166 0.0004159549 0.003000001 -0.001441166 0.0005145337 0.004542566 -0.002752165 0.0005337823 0.005195809 0.001309696 0.0005341045 0.003720001 0.0001554018 0.0005359302 0.005367603 0.0001888374 0.0005539126 0.003720001 0.0002629924 0.00055419 0.003720001 4.786265e-05 0.0005557219 0.005368827 4.397067e-05 0.0005679436 0.004755089 -0.002389696 0.0005733514 -0.013 0.001386109 0.0005733514 0.003000001 0.001386109 0.0005751321 0.004738448 0.002418078 0.0005827349 0.005055913 0.001727108 0.0005866314 0.003841156 0.000325368 0.0005866315 0.005354796 0.0003253682 0.0005937054 0.003000001 -0.002736293 0.0006110996 -0.002999999 -0.004962515 0.0006114982 0.003720001 -4.532463e-05 0.0006412254 0.00535816 -7.398901e-05 0.0006505101 -0.005999999 -0.001351617 0.0006505101 -0.002999999 -0.001351617 0.0006505101 9.537442e-10 -0.001351617 0.0006511546 -0.005999999 0.001351306 0.0006511546 -0.002999999 0.001351306 0.0006511546 9.537442e-10 0.001351306 0.0006645256 0.003841156 -9.16848e-05 0.0006645256 0.005354796 -9.168482e-05 0.0006927162 0.005218234 -0.001142268 0.0007132543 0.003000001 0.002707647 0.0007262296 -0.013 -0.001312487 0.0007262296 0.003000001 -0.001312487 0.000734077 0.004542464 0.00270206 0.0007793626 0.005256594 -0.0008977274 0.0007838784 0.005203846 0.001143945 0.0008024453 -0.005999999 -0.004935119 0.0008024453 9.537442e-10 -0.004935119 0.0008142115 0.005330228 0.0001729862 0.0008601054 0.005320275 -0.0002257042 0.0008673894 -0.013 0.001223745 0.0008673894 0.003000001 0.001223745 0.0008920029 0.004928409 -0.001922979 0.0008977274 0.005256594 0.0007793627 0.0009018618 0.004542537 -0.002650669 0.0009282237 0.004818621 0.002148069 0.0009349366 -0.005999999 -0.001172949 0.0009349366 -0.002999999 -0.001172949 0.0009349366 9.537442e-10 -0.001172949 0.0009354959 -0.005999999 0.001172503 0.0009354959 -0.002999999 0.001172503 0.0009354959 9.537442e-10 0.001172503 0.0009705381 0.005195809 -0.001028729 0.0009888132 0.005085391 0.00143853 0.001000049 -0.013 -0.001117952 0.001000049 0.003000001 -0.001117952 0.001014491 0.003000001 -0.002609769 0.001028729 0.005195809 0.000970538 0.00111728 0.005226834 0.000673324 0.001117952 -0.013 0.001000041 0.001117952 0.003000001 0.001000041 0.00112804 0.003000001 0.002562735 0.001172502 -0.005999999 -0.0009354885 0.001172502 -0.002999999 -0.0009354885 0.001172502 9.537442e-10 -0.0009354885 0.001172948 -0.005999999 0.0009349293 0.001172948 -0.002999999 0.0009349293 0.001172948 9.537442e-10 0.0009349293 0.001174897 0.004542464 0.002541578 0.001203472 0.00503781 -0.00142912 0.001223744 -0.013 -0.000867382 0.001223744 0.003000001 -0.000867382 0.001228249 -0.002999999 -0.004846793 0.001269305 0.004542508 -0.002495697 0.001294582 0.005227998 -0.000120409 0.001295753 0.0048453 0.001886886 0.001309696 0.005195809 -0.0005337824 0.001312492 -0.013 0.0007262401 0.001312492 0.003000001 0.0007262401 0.001351312 -0.005999999 -0.0006511647 0.001351312 -0.002999999 -0.0006511647 0.001351312 9.537443e-10 -0.0006511647 0.001351622 -0.005999999 0.0006505203 0.001351622 -0.002999999 0.0006505203 0.001351622 9.537443e-10 0.0006505203 0.001386115 -0.013 -0.0005733612 0.001386115 0.003000001 -0.0005733612 0.001391441 -0.005999999 -0.004802354 0.001391441 9.537443e-10 -0.004802354 0.001397112 0.004676808 -0.002181054 0.001404578 0.005055309 0.001164158 0.001410257 0.003000001 -0.002418937 0.001441198 -0.013 0.0004160077 0.001441198 0.003000001 0.0004160077 0.001462341 -0.005999999 -0.0003341757 0.001462341 -0.002999999 -0.0003341757 0.001462341 9.537443e-10 -0.0003341757 0.0014625 -0.005999999 0.0003334784 0.0014625 -0.002999999 0.0003334784 0.0014625 9.537443e-10 0.0003334784 0.001478961 -0.013 -0.0002505776 0.001478961 0.003000001 -0.0002505776 0.001497599 -0.013 8.484052e-05 0.001497599 0.003000001 8.484052e-05 0.001497953 0.005081748 -0.0009150878 0.0015 -0.005999999 -3.576431e-07 0.0015 -0.002999999 -3.576432e-07 0.0015 -0.002999999 -3.576431e-07 0.0015 9.537443e-10 -3.576432e-07 0.001515018 0.003000001 0.002354678 0.00157018 0.005130451 0.0003967074 0.001582737 0.004542464 0.00230975 0.001612146 0.004542585 -0.002289101 0.00167205 0.004818074 0.001638559 0.001702421 0.004789277 -0.001684048 0.001743022 0.004542482 0.002191283 0.001771261 0.003000001 -0.002168507 0.001771291 0.005059602 -0.0003881393 0.001823614 0.004966133 0.0009082242 0.001826028 -0.002999999 -0.004654634 0.0018647 0.003000001 0.002088654 0.001921514 0.004542464 -0.00203661 0.001960174 -0.005999999 -0.004599623 0.001960174 9.537445e-10 -0.004599623 0.001983701 0.004839791 -0.00116327 0.002019626 0.004971684 0.0001442879 0.00203661 0.004542464 0.001921514 0.002051307 0.004737363 0.001406921 0.002088662 0.003000001 -0.001864692 0.002168505 0.003000001 0.001771248 0.002191283 0.004542482 -0.001743022 0.00223698 0.004827636 -0.0006260735 0.002239454 0.004819238 0.0006746784 0.002289101 0.004542585 0.001612146 0.002354675 0.003000001 -0.001515005 0.00239501 -0.002999999 -0.004389069 0.002416519 0.004542522 -0.001414197 0.002418943 0.003000001 0.001410269 0.002427672 0.004604413 0.001195546 0.002458684 0.004752985 -8.003955e-05 0.002495697 0.004542508 0.001269305 0.002500345 -0.005999999 -0.004329868 0.002500345 9.537446e-10 -0.004329868 0.002562742 0.003000001 -0.001128052 0.00259344 0.004542576 -0.001055053 0.002609808 0.003000001 0.001014561 0.002645684 0.00461689 0.0004671242 0.002650669 0.004542537 0.0009018618 0.002707694 0.003000001 -0.0007133185 0.002717259 0.00454247 -0.0006756099 0.002736361 0.003000001 0.0005938112 0.002752165 0.004542566 0.0005145337 0.002785601 0.004542594 -0.0002816795 0.002785918 0.003000001 -0.0002809683 0.002795518 0.003000001 0.000158369 0.002797484 0.004542479 0.0001181337 0.002926221 -0.002999999 -0.004054286 0.002993362 -0.003305657 0.04380899 0.003000166 -0.003305659 0.04455392 0.003000711 -0.003744017 0.04380906 0.003001012 -0.002867303 0.04380906 0.003004059 -0.005999999 -0.003996979 0.003004059 9.537447e-10 -0.003996979 0.00300751 -0.00374402 0.04455371 0.003007812 -0.002867305 0.04455371 0.003009958 -0.003305662 0.04308431 0.003019778 -0.003811584 0.04308465 0.003020126 -0.002799749 0.04308465 0.00302306 -0.00417768 0.04380929 0.00302366 -0.002433661 0.04380929 0.003029847 -0.004177682 0.04455308 0.003030446 -0.002433664 0.04455308 0.00303887 -0.005999999 0.01807114 0.00303887 -0.002999999 0.01807114 0.00303887 9.537447e-10 0.01807114 0.003039312 -0.00309895 0.0425011 0.003044433 -0.003305673 0.04532625 0.00304959 -0.00431027 0.04308567 0.003049953 -0.003873012 0.0425018 0.003050281 -0.002301091 0.04308567 0.003051754 -0.003744034 0.04532561 0.003052056 -0.00286732 0.0453256 0.003058267 -0.004581775 0.04380965 0.003059145 -0.002029594 0.04380965 0.003065033 -0.004581778 0.0445521 0.003065911 -0.002029597 0.0445521 0.003074021 -0.004177697 0.04532367 0.003074621 -0.002433678 0.04532366 0.003079457 -0.002281566 0.04250366 0.003090112 -0.003098967 0.04190174 0.003097718 -0.004781096 0.0430873 0.003098733 -0.00183031 0.0430873 0.003100713 -0.003873029 0.0419029 0.003107066 -0.004973296 0.04381015 0.003107323 -0.004628067 0.0425055 0.003108215 -0.001638115 0.04381015 0.003109099 -0.004581792 0.04532061 0.003109977 -0.002029611 0.04532061 0.003113803 -0.004973298 0.04455074 0.003114952 -0.001638117 0.04455074 0.00311946 -0.001885674 0.04250622 0.003129242 -0.003305701 0.04608308 0.00313011 -0.002281583 0.04190601 0.003136522 -0.003744062 0.04608206 0.003136823 -0.002867348 0.04608206 0.003157718 -0.004973312 0.04531639 0.00315787 -0.004628083 0.04190907 0.003158663 -0.004177724 0.046079 0.003158867 -0.001638131 0.04531639 0.003159262 -0.002433706 0.046079 0.00316473 -0.005231595 0.04308957 0.003166056 -0.001379874 0.04308957 0.003169966 -0.00188569 0.04191027 0.003172748 -0.001503563 0.04250963 0.003193542 -0.00458182 0.0460742 0.003193866 -0.003099001 0.0411907 0.00319442 -0.002029639 0.0460742 0.003195774 -0.005480829 0.04381105 0.003197274 -0.001130662 0.04381105 0.003202459 -0.005480832 0.04454826 0.003203959 -0.001130664 0.04454826 0.003204329 -0.003873063 0.04119278 0.003211429 -0.005338169 0.0425122 0.003223058 -0.001503579 0.04191597 0.003233362 -0.002281616 0.0411983 0.003241888 -0.00497334 0.04606755 0.003243036 -0.001638159 0.04606755 0.0032461 -0.005480846 0.04530872 0.0032476 -0.001130679 0.04530872 0.003249969 -0.003305741 0.04683038 0.003250413 -0.00309902 0.0409305 0.003257193 -0.003744102 0.04682901 0.003257494 -0.002867387 0.04682901 0.003260762 -0.004628117 0.04120376 0.003260767 -0.003873081 0.04093308 0.003261591 -0.005338186 0.04192024 0.003264464 -0.001022321 0.04251551 0.003272717 -0.001885724 0.0412059 0.003279166 -0.004177764 0.04682492 0.003279765 -0.002433745 0.04682492 0.003281359 -0.00566973 0.0425167 0.003285429 -0.005796796 0.04309366 0.003287146 -0.0008147856 0.04309366 0.003289507 -0.002281635 0.04093995 0.003290189 -0.003305894 0.0407901 0.003299653 -0.003812577 0.04079279 0.00329999 -0.002799217 0.04079279 0.003309891 -0.005946914 0.04381222 0.003311716 -0.0006646821 0.04381222 0.003313782 -0.004581859 0.04681849 0.003314435 -0.001022338 0.04192577 0.003314659 -0.002029678 0.04681849 0.003316508 -0.005946917 0.04454508 0.003316618 -0.004628136 0.04094673 0.003318333 -0.0006646843 0.04454508 0.003325141 -0.001503613 0.04121603 0.003328387 -0.00431199 0.04080083 0.00332846 -0.001885742 0.04094939 0.003329057 -0.002299826 0.04080083 0.003329771 -0.005480873 0.04605548 0.003331263 -0.005669746 0.04192774 0.003331271 -0.001130706 0.04605547 0.003340518 -0.003099148 0.04062865 0.003350621 -0.003873226 0.04063201 0.003358738 -0.006055742 0.04309615 0.003359797 -0.005946931 0.04529886 0.003360636 -0.0005559075 0.04309615 0.003361622 -0.0006646985 0.04529885 0.003361763 -0.00497338 0.04680959 0.003362911 -0.001638199 0.04680959 0.003363085 -0.005980114 0.04252195 0.003363173 -0.005338219 0.04122364 0.003374607 -0.004782044 0.04081375 0.003375589 -0.001829806 0.04081375 0.003378665 -0.002281743 0.04064093 0.003379792 -0.0005819069 0.04252291 0.003380347 -0.001503631 0.04096198 0.003394532 -0.003099166 0.04045527 0.003403408 -0.003305791 0.04756783 0.003404494 -0.003873244 0.04045916 0.003405118 -0.004628291 0.04064976 0.003410565 -0.003744152 0.04756614 0.003410866 -0.002867438 0.04756614 0.003411283 -0.002999999 -0.003655564 0.003412686 -0.00598013 0.0419365 0.003415368 -0.001022371 0.04123348 0.003416672 -0.001885839 0.04065321 0.003417976 -0.005338237 0.04097143 0.003429338 -0.0005819232 0.0419381 0.003431964 -0.005669779 0.04123699 0.003432163 -0.00228176 0.0404695 0.003432338 -0.004177814 0.04756108 0.003432937 -0.002433796 0.04756108 0.003438919 -0.005231821 0.0408317 0.003440201 -0.001380077 0.0408317 0.00344069 -0.006296176 0.04309892 0.003442755 -0.0003155499 0.04309892 0.003442828 -0.005946958 0.04603996 0.003444653 -0.0006647258 0.04603994 0.003448984 -0.005480913 0.04679343 0.003449419 -0.006361186 0.04381364 0.003450484 -0.001130745 0.04679342 0.003451535 -0.0002505398 0.04381364 0.003455695 -0.006263534 0.0425279 0.003455955 -0.006361188 0.04454119 0.003456354 -0.003099186 0.04029966 0.003458071 -0.0002505419 0.04454119 0.003458246 -0.004628308 0.04047973 0.003463946 -0.005999999 -0.003605758 0.003463946 9.537447e-10 -0.003605758 0.003466099 -0.003873264 0.04030412 0.00346664 -0.00458191 0.04755314 0.003467302 -0.001503716 0.04066959 0.003467517 -0.002029728 0.04755313 0.003469651 -0.001022389 0.04098365 0.003469656 -0.001885857 0.04048373 0.003486061 -0.005669797 0.04098802 0.003493192 -0.00228178 0.04031596 0.003498814 -0.006361202 0.04528681 0.00350093 -0.000250556 0.0452868 0.003504017 -0.005338397 0.0406819 0.003504954 -0.00626355 0.04194642 0.003512359 -0.005980163 0.04125258 0.003514185 -0.00497343 0.04754213 0.003515333 -0.001638249 0.04754212 0.003518704 -0.004628328 0.04032768 0.00351873 -0.0001916487 0.04253182 0.003519598 -0.001503733 0.04050271 0.003528824 -0.0005819559 0.04125543 0.003529891 -0.001885876 0.04033227 0.003531283 -0.00651604 0.04310199 0.003533503 -9.577023e-05 0.04310199 0.003539956 -0.0065694 0.04381456 0.003542213 -4.24257e-05 0.04381456 0.003545995 -0.003512845 0.04012495 0.003546438 -0.006569402 0.04453867 0.003548695 -4.242782e-05 0.04453866 0.003554438 -0.001022459 0.04069779 0.003554909 -0.00579701 0.04086405 0.003555797 -0.005338413 0.04051698 0.003555858 -0.002738773 0.04013015 0.003556567 -0.0008149729 0.04086406 0.003559888 -0.006519737 0.0425346 0.00356119 -0.005946997 0.04677265 0.003563013 -0.0006647646 0.04677263 0.003565631 -0.005980181 0.04100739 0.003567764 -0.0001916648 0.04195295 0.003570359 -0.005669543 0.04070345 0.003578775 -0.001503753 0.04035401 0.003580867 -0.004330274 0.04014396 0.003581062 -0.006361229 0.04602098 0.003581944 -0.0005819734 0.04101093 0.003583177 -0.000250583 0.04602097 0.003586662 -0.003305852 0.04829378 0.003589019 -0.006569416 0.04527899 0.003591275 -4.24418e-05 0.04527898 0.003593744 -0.003744212 0.04829179 0.003594044 -0.002867498 0.04829179 0.003600616 -0.005480962 0.04752214 0.003602114 -0.001130795 0.04752213 0.003603463 -0.006263582 0.04127025 0.003605551 -0.001022476 0.04053539 0.003606896 -0.001983743 0.04015762 0.003608762 -0.006519753 0.04195758 0.003609519 6.828845e-06 0.04253765 0.003612479 -0.005999999 0.01935738 0.003612479 -0.002999999 0.01935738 0.003612479 9.537448e-10 0.01935738 0.003614178 -0.005338433 0.04037035 0.003615293 -0.004177875 0.04828585 0.003615878 -0.004726202 0.04016297 0.003615891 -0.002433856 0.04828584 0.003621342 -0.005670047 0.04054199 0.003625359 -0.006055949 0.0408837 0.00362719 -0.0005560859 0.0408837 0.003630519 -0.006713277 0.04310535 0.003632878 0.0001013742 0.04310535 0.003638688 -0.00675567 0.04381557 0.003641069 0.0001437402 0.04381557 0.003645112 -0.006755672 0.04453592 0.003647493 0.0001437381 0.04453591 0.003647877 -0.005979569 0.04072862 0.003649242 -0.004581969 0.0482765 0.003650119 -0.002029788 0.0482765 0.003651621 -0.006703024 0.04254049 0.003655799 -0.006263599 0.04102934 0.003658217 6.812827e-06 0.04196267 0.003662607 -0.005108356 0.04018831 0.003662906 -0.001022495 0.04039145 0.003664007 -0.0005820295 0.04073327 0.003665505 -0.000191697 0.04128188 0.003670759 -0.006569443 0.04600867 0.003673014 -4.246866e-05 0.04600866 0.003678414 -0.005670461 0.04039904 0.003687388 -0.006755686 0.04527047 0.003689769 0.0001437242 0.04527046 0.00369277 -0.003512893 0.03990084 0.0036963 -0.00497349 0.04826357 0.003697447 -0.001638309 0.04826356 0.003697946 -0.005980491 0.04057121 0.003698383 -0.006361268 0.04674725 0.0036991 -0.0012737 0.04020737 0.003700155 -0.00670304 0.04196741 0.003700497 -0.0002506216 0.04674723 0.0037019 -0.002738821 0.03990714 0.003704114 -0.006296374 0.04090565 0.00370596 -0.006519785 0.04129012 0.003706105 -0.0003157188 0.04090566 0.003708147 0.0001837659 0.04254398 0.003711805 -0.005947046 0.04749644 0.003713628 -0.0006648142 0.04749643 0.003713631 -0.0005820459 0.04057651 0.003717226 -0.000191714 0.0410438 0.003724958 -0.004330321 0.03992384 0.003735951 -0.006263398 0.04075721 0.003738398 -0.006885829 0.043109 0.003740881 0.0002738259 0.043109 0.003743143 -0.005589668 0.04023196 0.003743542 -0.006915295 0.04381664 0.003746047 0.0003032818 0.04381664 0.003749058 -0.00198379 0.03994037 0.003749905 -0.006915297 0.04453299 0.003750773 -0.006865191 0.04254686 0.003752409 0.0003032797 0.04453299 0.003753501 -0.005981244 0.04043256 0.003754819 6.781062e-06 0.04129917 0.003756482 0.00018375 0.04197322 0.003757245 -0.006519802 0.04105403 0.003757285 -0.004726248 0.03994684 0.003761033 -0.0009417554 0.04024081 0.003766161 -0.006703062 0.04147638 0.003768574 -0.006755713 0.04599525 0.003768694 -0.0005820639 0.04043855 0.003770955 0.0001436975 0.04599524 0.003781844 -0.005481022 0.04824007 0.003783342 -0.001130855 0.04824006 0.003784713 -0.006263828 0.04060429 0.003787405 -0.006569481 0.04673077 0.003789659 -4.250699e-05 0.04673075 0.003791173 -0.006516228 0.04092992 0.003791858 -0.006915311 0.04526142 0.003793313 -9.592892e-05 0.04092992 0.003794361 0.0003032659 0.04526141 0.003796005 -0.0001917573 0.04077603 0.003796201 -0.006703072 0.04130762 0.003796647 -0.003305921 0.04900739 0.003798942 -0.006865207 0.04197803 0.003800436 -0.005108402 0.0399775 0.003803651 -0.003744281 0.04900514 0.003803952 -0.002867567 0.04900514 0.003805624 6.764357e-06 0.04106528 0.003809345 0.0003305898 0.04255047 0.003822052 0.0001837284 0.04148528 0.003824963 -0.004177943 0.04899839 0.003825562 -0.002433925 0.04899838 0.003833378 -0.0006310571 0.04027988 0.003834238 -0.001273745 0.04000056 0.003835058 -0.006519942 0.04078937 0.003838338 -0.006264181 0.04047043 0.003842548 -0.002999999 -0.003199191 0.003843836 -0.000191773 0.04062606 0.003844484 -0.006989504 0.04255289 0.003844517 -0.006030168 0.04028687 0.003846559 -0.006703088 0.04107577 0.003847755 -0.006361317 0.04746503 0.003849868 -0.0002506707 0.04746501 0.003851845 0.0001837186 0.04131796 0.003854922 -0.00703164 0.04311294 0.00385629 -0.007050168 0.04381778 0.003857306 0.000330574 0.04198405 0.00385751 0.0004195276 0.04311295 0.003858541 -0.004582038 0.04898779 0.003858902 0.00043806 0.04381778 0.003859417 -0.002029857 0.04898777 0.003862586 -0.00705017 0.04452985 0.003864151 -0.006865228 0.04149264 0.003865197 0.000438058 0.04452985 0.003872457 -0.006915337 0.045981 0.003873286 -0.005999999 -0.003161886 0.003873286 9.537448e-10 -0.003161886 0.003874808 -0.005589712 0.04003031 0.003874959 0.0003032395 0.04598098 0.003882205 6.614796e-06 0.04080396 0.003882329 -0.006519958 0.04064151 0.003884484 -0.006755751 0.0467128 0.003886539 -0.006713453 0.04095649 0.003886863 0.0001436594 0.04671278 0.003888811 0.0001012262 0.0409565 0.003891611 -0.0009409575 0.04004113 0.003891894 -0.005947105 0.04820986 0.003892307 -0.00698952 0.04198806 0.003893716 -0.0006648734 0.04820984 0.00389374 -0.006865238 0.04132652 0.003896136 -0.0001917902 0.04049531 0.003901656 0.0001837023 0.04108862 0.003902215 -0.003306147 0.03963805 0.003904191 -0.007050184 0.04525168 0.003905084 -0.004973558 0.04897311 0.00390623 -0.001638377 0.04897309 0.003906803 0.0004380443 0.04525167 0.00390912 -0.003812035 0.03964512 0.003909452 -0.002800264 0.03964512 0.003915093 -0.0003481322 0.04032404 0.003917649 0.0004547236 0.04255743 0.003922065 0.0003305527 0.04150185 0.003922163 -0.006703135 0.04081763 0.003929047 6.986917e-06 0.04065849 0.00393017 -0.004310683 0.03966634 0.00393083 -0.00230163 0.03966634 0.003933767 -0.006519975 0.04051301 0.003935971 -0.00656953 0.04744466 0.003938224 -4.255582e-05 0.04744463 0.003943098 -0.006865254 0.04109926 0.00394398 -0.007094947 0.04255928 0.003951398 0.0003305431 0.04133723 0.003956764 -0.006989541 0.041508 0.003958649 -0.0006295364 0.04008856 0.003964191 -0.004781565 0.03970051 0.003965161 -0.001830771 0.03970051 0.00396521 0.0004547079 0.04199564 0.003966731 -0.006420523 0.04035305 0.003968428 -0.006030208 0.04009675 0.003968429 -0.006703501 0.04067434 0.003975487 -0.003305979 0.04955054 0.003975843 0.0001834726 0.0408343 0.003979739 7.405592e-06 0.04053255 0.003982429 -0.00374434 0.04954811 0.003982729 -0.002867626 0.0495481 0.003984158 -0.00705021 0.04596568 0.003985927 -0.006989551 0.04134439 0.003986768 0.0004380181 0.04596566 0.003987584 -0.006915375 0.04669372 0.003989694 -0.00548109 0.04894643 0.003990086 0.0003032016 0.0466937 0.003990211 -0.006885992 0.04098538 0.003991191 -0.001130923 0.04894641 0.003991435 -0.007094963 0.04199872 0.003992599 0.0002736892 0.04098539 0.004000188 0.0003305271 0.04111257 0.004003556 -0.004178002 0.04954079 0.004004154 -0.002433984 0.04954079 0.004006972 -9.236452e-05 0.04037369 0.004011581 -0.005232109 0.03974804 0.004012847 -0.001380257 0.03974804 0.00401631 -0.006865228 0.04084818 0.004018248 -0.006703935 0.0405507 0.004020513 -0.007189472 0.04381945 0.004021625 0.0001841401 0.04069374 0.004022465 -0.007189473 0.04434734 0.004023231 0.0005772085 0.04381946 0.004023734 -0.007180899 0.04311866 0.004025183 0.0005772079 0.04434734 0.004026434 0.0005686294 0.04311866 0.004026452 -0.006361376 0.04817294 0.004028564 -0.0002507294 0.04817291 0.0040291 0.0004546869 0.04151959 0.004032171 -0.006755799 0.04742244 0.004033967 -0.0003474579 0.04014186 0.004034339 -0.006989567 0.04112146 0.00403455 0.0001436109 0.04742241 0.004036843 -0.004582097 0.0495293 0.004037719 -0.002029916 0.04952929 0.004046862 -0.006619593 0.04039643 0.004051208 -0.005521903 0.03978776 0.004052665 -0.00109049 0.03978776 0.004055094 -0.007094984 0.04152431 0.004057942 0.0004546774 0.04135786 0.004061503 -0.006865853 0.04070981 0.004067812 -0.007189487 0.04523751 0.004070529 0.000577193 0.04523749 0.004070587 0.0001848905 0.04057303 0.004072039 0.0003304152 0.04086548 0.004077174 0.0005848915 0.04256767 0.004081297 -0.006420561 0.04017681 0.004082983 -0.004973617 0.04951339 0.004083805 -0.007094993 0.04136336 0.004084129 -0.001638436 0.04951337 0.004088185 9.135898e-05 0.04041758 0.004095397 -0.007210155 0.042569 0.004096951 -0.005797295 0.03983359 0.004098445 -0.007050248 0.0466732 0.004098542 -0.005947174 0.04891214 0.004098588 -0.000815128 0.03983359 0.004100363 -0.0006649413 0.04891212 0.004101054 0.0004379805 0.04667318 0.004102191 -0.007031788 0.04101658 0.004104677 0.0004194026 0.04101659 0.004105383 -0.006989613 0.04087707 0.004109589 -0.006866598 0.04059145 0.004113764 -0.006569588 0.04814898 0.004113904 -0.007234805 0.04312171 0.004116017 -4.261425e-05 0.04814896 0.004116329 0.0003306945 0.04072979 0.004116646 0.0006224513 0.04312171 0.004118624 -9.240122e-05 0.04020179 0.004124146 0.0005848761 0.04201271 0.004125089 -0.005999999 0.02066913 0.004125089 -0.002999999 0.02066913 0.004125089 9.537449e-10 0.02066913 0.004133955 -0.006796999 0.04044357 0.004134338 -0.006915423 0.04739884 0.004136839 0.0003031534 0.04739881 0.004142293 -0.007210171 0.04201493 0.004146858 -0.007189513 0.04594336 0.00414881 -0.006056228 0.03988553 0.004149182 -0.006989891 0.04074323 0.004149574 0.000577167 0.04594334 0.004150618 -0.0005562287 0.03988553 0.004155507 -0.006620126 0.04022944 0.004163079 0.0003310092 0.04061425 0.004166862 -0.005481148 0.04948449 0.004167911 -0.003306043 0.05008719 0.004168358 -0.001130981 0.04948446 0.004174788 -0.003744403 0.05008457 0.004174994 0.0004546392 0.04089885 0.004175089 -0.002867689 0.05008457 0.004175962 0.0002538278 0.04046503 0.004186757 0.0005848555 0.04154573 0.004193842 9.17768e-05 0.04025504 0.004195191 -0.00699022 0.04062964 0.004195725 -0.004178065 0.05007673 0.004196323 -0.002434047 0.05007672 0.004199037 -0.007276309 0.04382127 0.004199959 -0.007095104 0.04090775 0.004200944 -0.00727631 0.04434479 0.004201827 0.0006638765 0.04382127 0.004203733 0.0006638759 0.04434479 0.004204737 -0.007210192 0.04154914 0.004206787 -0.006296645 0.03994358 0.004207916 -0.007274082 0.04312489 0.004208753 -0.00031585 0.03994358 0.00420898 -0.006755857 0.04812287 0.00421069 0.0006616411 0.04312489 0.004211357 0.0001435528 0.04812284 0.004213213 -0.002999999 -0.002692366 0.004214874 0.0005848463 0.04138826 0.004217672 0.0004546251 0.04076838 0.004222822 -0.006943358 0.04049166 0.004226134 -0.005999999 -0.002671884 0.004226134 9.537449e-10 -0.002671884 0.004228712 -0.00458216 0.0500644 0.004229588 -0.002029979 0.05006438 0.004231632 -0.006361443 0.04887024 0.00423276 -0.007210201 0.04139222 0.004233743 -0.0002507968 0.0488702 0.004236181 -0.006797909 0.04028664 0.004242263 -0.007095119 0.04077869 0.004244195 -0.007050295 0.04737347 0.004245682 -0.007276325 0.0452221 0.004246803 0.0004379326 0.04737344 0.004248471 0.0006638612 0.04522208 0.004249972 0.0006658549 0.04257876 0.004258391 0.0003775753 0.0405096 0.004258509 -0.007281695 0.04257948 0.004259921 -0.00718955 0.04664333 0.004262036 0.0004546106 0.04065835 0.004262636 0.0005771298 0.0466433 0.004264421 -0.007181025 0.04106178 0.004267008 0.0005685206 0.04106179 0.004270881 -0.006516488 0.04000774 0.004272991 -9.604943e-05 0.04000774 0.004274437 -0.00497368 0.05004732 0.004274769 -0.005947231 0.04944732 0.004275154 0.0002545848 0.04031261 0.004275582 -0.001638499 0.0500473 0.004276589 -0.0006649992 0.0494473 0.004286053 -0.007095133 0.04067016 0.004293664 -0.007298687 0.04382224 0.004295545 -0.007298687 0.04434344 0.004296307 0.0006658396 0.0420312 0.004296475 0.0006861638 0.04382224 0.004298357 0.0006861632 0.04434344 0.004304803 -0.00728171 0.04203239 0.004305771 -0.007298122 0.0431282 0.004308568 0.0006855893 0.0431282 0.004310101 -0.006915481 0.04809513 0.0043126 0.0003030956 0.0480951 0.004317929 -0.00706716 0.04054313 0.004317991 -0.006569655 0.04884304 0.004318052 -0.006943767 0.04034468 0.004320243 -4.268137e-05 0.04884301 0.004323727 -0.00727635 0.04591911 0.004326515 0.0006638355 0.04591908 0.004326548 0.000584812 0.04094798 0.004339961 -0.007298702 0.04521393 0.004341094 -0.006713699 0.04007801 0.004342772 0.0006861486 0.04521392 0.004343334 0.0001011154 0.04007801 0.004343812 -0.00721029 0.04095441 0.004345874 0.0004825664 0.0405569 0.004351074 -0.007234919 0.04108591 0.004351085 0.0003778856 0.04036638 0.004353699 0.0006223509 0.04108592 0.004357532 0.0006658195 0.04157404 0.004357561 -0.005481211 0.05001631 0.004359057 -0.001131044 0.05001628 0.004365938 -0.00728173 0.04157587 0.004367164 0.0005847986 0.04082531 0.004384158 -0.007210303 0.04083276 0.004384864 0.0006658105 0.04142118 0.004391263 -0.007306308 0.04413144 0.00439322 -0.007281739 0.04142331 0.004394073 0.0006936914 0.04413144 0.004401882 -0.007306312 0.04463182 0.00440421 -0.007189598 0.04733653 0.004404694 0.000693688 0.04463181 0.004405654 -0.007067189 0.04040678 0.004406708 -0.006361501 0.04940191 0.004406923 0.0005770824 0.04733649 0.00440747 -0.007306314 0.04313164 0.004408354 0.0005847851 0.04072356 0.004408818 -0.0002508544 0.04940187 0.004410279 0.0006936861 0.04313165 0.004412168 -0.006755924 0.0488134 0.004414544 0.000143486 0.04881337 0.004417426 -0.00688622 0.04015439 0.004417476 -0.007298728 0.04590625 0.004418834 -0.007050353 0.04806531 0.004419779 0.0002735868 0.04015439 0.004420286 0.0006861232 0.04590622 0.00442144 0.0004378752 0.04806527 0.004424933 -0.007210317 0.0407321 0.004430184 -0.007306321 0.04263995 0.004431652 -0.007306321 0.04513141 0.004431654 0.0004825383 0.04042345 0.004432961 0.0006936787 0.04263997 0.004434464 0.0006936782 0.04513139 0.004435459 -0.007276387 0.04661085 0.004438246 0.0006637988 0.04661082 0.004441421 -0.007274184 0.04111108 0.004444073 0.0006615493 0.04111109 0.00445845 -0.007197429 0.04061916 0.004464499 -0.005947294 0.04997644 0.004466318 -0.0006650615 0.04997641 0.004468822 -0.007306334 0.04214928 0.004471566 0.0006936659 0.0421493 0.004479406 0.0005976608 0.04062911 0.004481097 -0.007306337 0.04562947 0.00448391 0.0006936619 0.04562945 0.004490711 0.0006657782 0.0410012 0.004492322 -0.006569713 0.04937244 0.004494572 -4.273867e-05 0.0493724 0.004498776 -0.007281802 0.04100466 0.004499877 -0.007031995 0.04023688 0.004502327 0.0004193073 0.04023688 0.004512186 -0.006915547 0.04878192 0.004514684 0.0003030292 0.04878188 0.004517434 -0.005999999 -0.00214308 0.004517434 -0.002999999 -0.00214308 0.004517434 9.537449e-10 -0.00214308 0.004528503 -0.007298764 0.04659364 0.004529094 0.0006657656 0.04088699 0.004530794 -0.007306354 0.04165322 0.004531312 0.0006860867 0.04659361 0.004533504 0.0006936456 0.04165324 0.004535439 -0.007197454 0.04049877 0.004535461 -0.00729821 0.04113727 0.004537014 -0.007281815 0.040891 0.004538131 0.0006855062 0.04113728 0.004548629 -0.00730636 0.04612541 0.004551442 0.0006936398 0.04612538 0.004554991 0.0005976359 0.04051081 0.004558246 -0.007113303 0.04029527 0.004560749 0.0005005766 0.04029527 0.004566845 0.0006657532 0.04079421 0.004574542 -0.007281827 0.04079881 0.004575572 -0.005999999 0.02200349 0.004575572 -0.002999999 0.02200349 0.004575572 9.537449e-10 0.02200349 0.00457721 -0.007189655 0.04802188 0.00457816 -0.007276434 0.04729637 0.004579922 0.0005770256 0.04802184 0.004580945 0.000663752 0.04729633 0.004585685 -0.006755981 0.04934031 0.00458806 0.000143429 0.04934027 0.004591418 -0.003306374 0.05114571 0.004592422 -0.007306374 0.04132558 0.00459511 0.0006936253 0.0413256 0.004595253 -0.006361563 0.04992771 0.004597362 -0.0002509163 0.04992767 0.004600436 -0.003812264 0.05114175 0.004600775 -0.002800298 0.05114175 0.004610701 -0.007278499 0.04070153 0.004619335 -0.007181199 0.04035638 0.004619733 -0.007050419 0.04874807 0.004621882 0.0005684323 0.04035638 0.004622338 0.0004378092 0.04874802 0.004623219 0.0006690749 0.04070689 0.004627823 -0.004310917 0.05112989 0.004628498 -0.002301668 0.05112988 0.004633079 -0.007306387 0.04661873 0.004633194 -0.007306387 0.04116449 0.004635871 0.0006936119 0.0411645 0.004635892 0.000693612 0.04661869 0.004661838 -0.007306397 0.04106784 0.004670361 -0.007298811 0.04727509 0.004672046 -0.004781739 0.05111077 0.004673041 -0.001830847 0.05111076 0.004673168 0.00068604 0.04727504 0.004676059 -0.00727852 0.04059843 0.004680097 -0.006569775 0.04989609 0.004682346 -4.280039e-05 0.04989605 0.004683144 -0.007235074 0.0404202 0.004684839 -0.006915604 0.04930619 0.004685727 0.0006222649 0.0404202 0.004687336 0.0003029725 0.04930615 0.004687821 0.0006690536 0.04060491 0.00470376 0.0006935896 0.0409525 0.004733513 -0.00730642 0.04710906 0.004733625 -0.005232231 0.05108417 0.00473493 -0.001380373 0.05108416 0.004736326 0.000693579 0.04710902 0.004739869 -0.007306423 0.04085921 0.004746843 0.0006935754 0.04084995 0.004749381 -0.00727649 0.04797468 0.004749674 -0.007274317 0.04048673 0.004752164 0.0006636956 0.04797463 0.004752283 0.0006614647 0.04048673 0.004772622 -0.006756042 0.04986162 0.004774996 0.0001433676 0.04986158 0.004776382 -0.00718972 0.04869878 0.004779092 0.0005769601 0.04869873 0.004791329 -0.007306439 0.0407612 0.004791458 -0.007050475 0.04926951 0.004794061 0.0004377527 0.04926946 0.004818925 -0.00729832 0.04055598 0.00482155 0.000685422 0.04055598 0.004829719 0.0006935482 0.04070633 0.004840639 -0.007298867 0.04794966 0.004843444 0.0006859841 0.04794961 0.004844537 -0.005797401 0.0510363 0.004846231 -0.0008152787 0.05103628 0.004849031 -0.007306458 0.04759605 0.004851843 0.000693541 0.047596 0.004870886 -0.006915665 0.04982502 0.004873382 0.0003029113 0.04982497 0.004890898 -0.007306472 0.04062795 0.004893528 0.0006935272 0.04062795 0.004906482 -0.003306477 0.05184286 0.004911905 -0.006056333 0.05100724 0.004913091 -0.00374446 0.05183963 0.004913379 -0.002868498 0.05183963 0.004913778 -0.0005563976 0.05100722 0.004933207 -0.004177755 0.05182993 0.00493378 -0.002435217 0.05182993 0.004946674 -0.007276555 0.0486452 0.004946754 -0.007189776 0.04921609 0.004949456 0.0006636308 0.04864514 0.004949463 0.0005769041 0.04921603 0.004962933 -0.005999999 0.02335752 0.004962933 -0.002999999 0.02335752 0.004962933 9.53745e-10 0.02335752 0.004964966 -0.004582209 0.05181467 0.00496581 -0.002030738 0.05181466 0.004976547 -0.007050536 0.04978566 0.004978744 -0.007306501 0.04807946 0.004979149 0.0004376919 0.04978561 0.004981555 0.0006934984 0.04807941 0.004987214 -0.006296751 0.05097476 0.004989255 -0.0003160374 0.05097473 0.005009007 -0.004974067 0.05179352 0.005010115 -0.001638866 0.05179352 0.005036937 -0.007298931 0.0486168 0.005039741 0.0006859196 0.04861674 0.005070465 -0.006516601 0.05093887 0.005072661 -9.625534e-05 0.05093883 0.005089009 -0.005481578 0.05175515 0.005090459 -0.001131386 0.05175514 0.005130449 -0.007189837 0.04972834 0.005133157 0.0005768437 0.04972828 0.005160988 -0.007306561 0.04868309 0.005161659 -0.006713824 0.05089955 0.005163798 0.0006934385 0.04868303 0.005163997 0.000100891 0.05089951 0.005191929 -0.005947639 0.05170581 0.005193697 -0.0006653783 0.05170579 0.005258764 -0.003306593 0.05253559 0.005260797 -0.006886363 0.05085681 0.00526326 0.0002733443 0.05085676 0.005265209 -0.003744576 0.05253203 0.005265497 -0.002868614 0.05253203 0.005284832 -0.004177871 0.05252137 0.005285405 -0.002435332 0.05252137 0.00528632 -0.005999999 0.02472824 0.00528632 -0.002999999 0.02472824 0.00528632 9.537451e-10 0.02472824 0.005297756 -0.00727667 0.04966604 0.005300535 0.0006635154 0.04966598 0.005315816 -0.004582324 0.05250458 0.005316659 -0.002030853 0.05250458 0.005317771 -0.006361886 0.0516455 0.005319826 -0.0002512091 0.05164548 0.005358784 -0.004974182 0.05248133 0.005359891 -0.001638981 0.05248132 0.005362659 -0.007306627 0.0492805 0.005365468 0.0006933722 0.04928043 0.005367879 -0.00703216 0.05081065 0.005370451 0.0004190471 0.0508106 0.005386436 -0.007299046 0.04963302 0.005389237 0.0006858047 0.04963295 0.005399333 -0.006569863 0.05160643 0.005401526 -4.330487e-05 0.05160641 0.005436836 -0.005481693 0.05243913 0.005438287 -0.0011315 0.05243912 0.00548827 -0.006755948 0.05156383 0.005490587 0.0001427025 0.0515638 0.005523015 -0.007181405 0.05074379 0.005525702 0.0005681493 0.05074373 0.005537251 -0.005947753 0.05238487 0.005539019 -0.0006654918 0.05238485 0.00554502 -0.005999999 0.02611263 0.00554502 -0.002999999 0.02611263 0.00554502 9.537451e-10 0.02611263 0.005568751 -0.005999999 0.04510026 0.005568751 -0.002999999 0.04510026 0.005568751 9.537451e-10 0.04510026 0.005568751 9.53856e-10 0.04510026 0.005582939 -0.006915781 0.05151849 0.005583366 -0.005999999 0.04590451 0.005583366 -0.002999999 0.04590451 0.005583366 9.538561e-10 0.04590451 0.005583368 -0.005999999 0.04590451 0.005583368 9.537451e-10 0.04590451 0.005585379 0.0003024828 0.05151846 0.005605879 -0.007235304 0.05070808 0.005608612 0.0006219711 0.05070802 0.005609001 -0.007306708 0.04994017 0.005611809 0.0006932912 0.0499401 0.005650891 -0.003306722 0.05321743 0.00565713 -0.003744705 0.05321352 0.005657418 -0.002868743 0.05321352 0.005660031 -0.006361998 0.05231856 0.005662086 -0.0002513216 0.05231853 0.00566973 -0.005999999 0.04670425 0.00566973 9.537451e-10 0.04670425 0.005669732 -0.005999999 0.04670425 0.005669732 -0.002999999 0.04670425 0.005669732 9.538561e-10 0.04670425 0.005676137 -0.004177999 0.05320179 0.005676711 -0.002435461 0.05320179 0.005684743 -0.007050808 0.05146973 0.005687293 0.0004374434 0.05146969 0.005692276 -0.007274575 0.05067085 0.005695044 0.0006611605 0.05067078 0.005706151 -0.004582452 0.05318331 0.005706995 -0.002030982 0.0531833 0.005712271 9.538561e-10 0.03969245 0.005714086 -0.0001774961 0.03962409 0.005715661 -0.0003594621 0.03956472 0.005717509 -0.005999999 0.03949523 0.005718223 -0.0007291902 0.0394682 0.005720103 -0.005538653 0.03939735 0.00572021 -0.001103405 0.03939331 0.005721751 -0.001480662 0.03933526 0.005722296 -0.004977657 0.03931472 0.005722929 -0.001858509 0.03929087 0.005723525 -0.004508133 0.03926841 0.005723796 -0.002238676 0.03925819 0.005724199 -0.00413198 0.03924299 0.005724378 -0.00261967 0.03923626 0.005724614 -0.003754646 0.03922737 0.005724699 -0.002999999 0.03922418 0.005724778 -0.003377022 0.03922121 0.005738463 -0.005999999 0.02750763 0.005738463 -0.002999999 0.02750763 0.005738463 9.537451e-10 0.02750763 0.005739609 -0.006569975 0.05227559 0.005741801 -4.341672e-05 0.05227556 0.005747775 -0.00497431 0.05315772 0.005748882 -0.001639109 0.05315771 0.005782205 -0.007298609 0.05063211 0.005784998 0.0006851078 0.05063203 0.005823388 -0.00548182 0.05311127 0.005824838 -0.001131627 0.05311126 0.005826383 -0.006756059 0.05222874 0.005827158 -0.005999999 0.04749308 0.005827158 -0.002999999 0.04749308 0.005827158 9.537453e-10 0.04749308 0.005827158 9.538562e-10 0.04749308 0.005828699 0.0001425913 0.05222871 0.005832865 -0.007190093 0.05139881 0.005835523 0.0005766056 0.05139876 0.005866222 -0.005999999 0.02891018 0.005866222 -0.002999999 0.02891018 0.005866222 9.537453e-10 0.02891018 0.005875665 -0.007306796 0.05059184 0.005878474 0.0006932036 0.05059176 0.005918749 -0.006915892 0.05217888 0.005920667 -0.005947879 0.05305155 0.005921188 0.0003023724 0.05217884 0.005922433 -0.0006656178 0.05305153 0.005923708 -0.005999999 0.03172552 0.005923708 -0.002999999 0.03172552 0.005923708 9.537453e-10 0.03172552 0.005928016 -0.005999999 0.03031717 0.005928016 -0.002999999 0.03031717 0.005928016 9.537453e-10 0.03031717 0.005993888 -0.007276911 0.05132172 0.005996622 0.0006632848 0.05132166 0.006018078 -0.007050918 0.05212527 0.006020626 0.0004373339 0.05212522 0.006039614 -0.006362123 0.05297857 0.006041667 -0.0002514464 0.05297853 0.006054388 -0.005999999 0.0482647 0.006054388 -0.002999999 0.0482647 0.006054388 9.538562e-10 0.0482647 0.006054391 -0.005999999 0.0482647 0.006054391 9.537453e-10 0.0482647 0.006061298 -0.006162272 0.03945481 0.006077757 -0.003306862 0.05387072 0.006079238 -0.00729928 0.05128086 0.006081996 0.0006855766 0.05128079 0.006083753 -0.003744845 0.05386643 0.006084041 -0.002868883 0.05386643 0.006088422 -0.006362259 0.03950768 0.006097662 -0.007306869 0.05108984 0.006100479 0.0006931307 0.05108978 0.006102029 -0.004178139 0.05385357 0.006102602 -0.002435601 0.05385357 0.006116455 -0.00653827 0.0395623 0.006116707 -0.006570098 0.05293127 0.006118898 -4.354066e-05 0.05293124 0.006130891 -0.004582592 0.05383334 0.006131734 -0.002031121 0.05383333 0.006146637 -0.006699063 0.03962109 0.006148867 8.529212e-05 0.03962109 0.006162599 -0.007190201 0.05204727 0.006165254 0.0005764973 0.05204721 0.00617092 -0.004974449 0.05380531 0.006172027 -0.001639248 0.0538053 0.006175313 -0.006828487 0.03967693 0.006177629 0.0002146977 0.03967693 0.006200773 -0.006756182 0.05287971 0.006203087 0.0001424683 0.05287968 0.006205693 -0.006944176 0.03973607 0.006208084 0.000330366 0.03973607 0.00624364 -0.005481958 0.05375443 0.006245089 -0.001131765 0.05375442 0.00625759 -0.007098104 0.03983708 0.006260083 0.0004842608 0.03983708 0.00628516 -0.007160258 0.03989073 0.006287693 0.0005463965 0.03989073 0.006290257 -0.006916014 0.05282483 0.006292694 0.0003022503 0.05282479 0.00631381 -0.007212007 0.03994647 0.006316377 0.0005981264 0.03994647 0.006319708 -0.007277019 0.05196249 0.006322438 0.0006631777 0.05196243 0.006329966 -0.007306945 0.05156673 0.006332787 0.0006930543 0.0515667 0.006337198 -0.005948016 0.05368902 0.006338964 -0.0006657547 0.053689 0.006343541 -0.007252952 0.0400043 0.006346135 0.0006390521 0.0400043 0.006349607 -0.005999999 0.04901295 0.006349607 -0.002999999 0.04901295 0.006349607 9.538563e-10 0.04901295 0.00634961 -0.005999999 0.04901295 0.00634961 9.537454e-10 0.04901295 0.006374353 -0.007282695 0.04006423 0.006376966 0.000668775 0.04006423 0.006386487 -0.007051039 0.05276582 0.006389032 0.0004372128 0.05276577 0.006402984 -0.007299386 0.05191756 0.006405737 0.0006854701 0.05191749 0.006406246 -0.007300838 0.04012626 0.006408872 0.0006868965 0.04012626 0.00643922 -0.007306981 0.04019038 0.00644185 0.0006930183 0.04019038 0.006451597 -0.006362258 0.05360908 0.006453649 -0.0002515818 0.05360905 0.006525745 -0.006570233 0.05355728 0.0065265 -0.00719032 0.05267997 0.006527934 -4.367511e-05 0.05355725 0.006529152 0.0005763776 0.05267991 0.006549682 -0.003307017 0.05450245 0.006555383 -0.003745 0.05449777 0.006555671 -0.002869038 0.05449777 0.006572577 -0.007307025 0.05202253 0.006572778 -0.004178294 0.05448373 0.006573351 -0.002435756 0.05448373 0.006575399 0.0006929746 0.0520225 0.006600255 -0.004582746 0.05446165 0.006601097 -0.002031276 0.05446164 0.006606598 -0.006756315 0.0535008 0.006608911 0.0001423349 0.05350077 0.006638363 -0.004974603 0.05443105 0.006639469 -0.001639401 0.05443105 0.006678709 -0.007277136 0.05258667 0.006681435 0.0006630597 0.05258659 0.006692663 -0.006916146 0.05344069 0.006695097 0.000302118 0.05344065 0.006707596 -0.005482111 0.05437553 0.006709044 -0.001131918 0.05437551 0.006710455 -0.005999999 0.04973186 0.006710455 -0.002999999 0.04973186 0.006710455 9.537454e-10 0.04973186 0.006710455 9.538564e-10 0.04973186 0.006759387 -0.007299503 0.05253721 0.006762136 0.000685353 0.05253714 0.006785217 -0.00705117 0.05337606 0.006787758 0.0004370817 0.053376 0.006796672 -0.005948167 0.05430414 0.006798437 -0.0006659057 0.05430412 0.006803754 -0.003307101 0.05480865 0.006809288 -0.003745083 0.05480378 0.006809575 -0.002869122 0.05480378 0.006825494 -0.007307108 0.05245723 0.006826177 -0.004178377 0.05478913 0.006826749 -0.002435839 0.05478913 0.006828315 0.0006928914 0.05245721 0.006905594 -0.006362408 0.05421688 0.006907643 -0.000251731 0.05421685 0.006919881 -0.00719045 0.05328203 0.006922529 0.0005762483 0.05328196 0.006976192 -0.006570381 0.05416034 0.006978379 -4.382317e-05 0.05416031 0.007053176 -0.006756462 0.0540987 0.007055486 0.0001421881 0.05409867 0.007066276 -0.007277264 0.05317983 0.007068998 0.0006629323 0.05317975 0.007070282 -0.003307188 0.05510729 0.007075632 -0.003745171 0.05510221 0.00707592 -0.002869209 0.05510221 0.007088719 -0.007307195 0.05287082 0.007091535 0.0006928049 0.0528708 0.007091969 -0.004178465 0.05508694 0.007092541 -0.002435926 0.05508694 0.007117779 -0.004582916 0.05506292 0.007118621 -0.002031446 0.05506292 0.007134047 -0.005999999 0.05041568 0.007134047 9.537455e-10 0.05041568 0.007134051 -0.005999999 0.05041568 0.007134051 -0.002999999 0.05041568 0.007134051 9.538566e-10 0.05041568 0.007135122 -0.006916291 0.0540331 0.007137554 0.0003019726 0.05403305 0.007143873 -0.00729963 0.05312566 0.007146618 0.0006852266 0.05312558 0.00715358 -0.004974772 0.05502965 0.007154685 -0.001639571 0.05502964 0.007218626 -0.005482278 0.05496927 0.007220073 -0.001132086 0.05496925 0.007223248 -0.007051314 0.05396255 0.007225785 0.0004369377 0.05396249 0.007302319 -0.005948333 0.05489163 0.007304081 -0.0006660719 0.0548916 0.007349443 -0.00330728 0.05539737 0.007351469 -0.007190592 0.05385993 0.007354113 0.0005761065 0.05385986 0.007354592 -0.003745263 0.05539208 0.00735488 -0.002869301 0.05539208 0.007362252 -0.007307284 0.05326331 0.007365059 0.000692715 0.0532633 0.007370327 -0.004178556 0.05537619 0.0073709 -0.002436018 0.05537619 0.007395191 -0.004583007 0.05535119 0.007396033 -0.002031537 0.05535118 0.00740466 -0.006362572 0.05479673 0.007406706 -0.0002518951 0.0547967 0.007429681 -0.004974863 0.05531656 0.007430787 -0.001639661 0.05531654 0.007470994 -0.006570544 0.05473525 0.007473178 -4.398581e-05 0.05473521 0.007490861 -0.007277403 0.05374838 0.007492348 -0.005482368 0.05525369 0.007493577 0.0006627927 0.05374829 0.007493794 -0.001132176 0.05525368 0.007500937 -0.005999999 0.01897358 0.007500937 -0.002999999 0.01897358 0.00750912 9.537456e-10 0.01881678 0.007509195 9.537456e-10 0.01913037 0.007538436 -0.005999999 0.01863974 0.007538465 -0.002999999 0.01863979 0.007538596 -0.005999999 0.0193074 0.007538625 -0.002999999 0.01930735 0.007543329 -0.006756623 0.05466821 0.007545637 0.000142027 0.05466817 0.007564747 -0.007299768 0.05368926 0.007567486 0.0006850883 0.05368917 0.00757298 -0.005948422 0.05517287 0.007574236 9.537456e-10 0.01851004 0.007574457 9.537456e-10 0.01943709 0.007574742 -0.0006661609 0.05517285 0.007617007 -0.005999999 0.05105894 0.007617007 9.537456e-10 0.05105894 0.007617011 -0.005999999 0.05105894 0.007617011 -0.002999999 0.05105894 0.007617011 9.538567e-10 0.05105894 0.007620328 -0.006916451 0.05459686 0.007622756 0.0003018131 0.05459681 0.007641413 -0.003307376 0.05567792 0.007646344 -0.003745358 0.05567241 0.007646632 -0.002869397 0.05567241 0.007649315 -0.005999999 0.0183227 0.007649328 -0.002999999 0.01832272 0.007649625 -0.005999999 0.01962439 0.007649639 -0.002999999 0.01962437 0.007661427 -0.004178652 0.0556559 0.007662001 -0.002436114 0.0556559 0.007671582 -0.006362659 0.05507409 0.007673627 -0.0002519828 0.05507406 0.007685264 -0.004583103 0.05562991 0.007686106 -0.002031632 0.05562991 0.00770172 9.537456e-10 0.01822353 0.007702078 9.537456e-10 0.01972353 0.007703133 -0.007051472 0.05452015 0.007705666 0.00043678 0.05452008 0.007718333 -0.004974958 0.05559391 0.007719438 -0.001639756 0.0555939 0.007735493 -0.006570631 0.05501009 0.007737676 -4.407275e-05 0.05501005 0.007778419 -0.005482462 0.05552857 0.007779864 -0.00113227 0.05552855 0.007791876 -0.007307425 0.05381248 0.007794664 0.0006925738 0.05381246 0.007805186 -0.006756709 0.0549403 0.007807492 0.0001419409 0.05494027 0.007823615 -0.007190747 0.05440854 0.007826253 0.0005759513 0.05440846 0.007827967 -0.002999999 0.01803827 0.007827989 -0.005999999 0.01803829 0.007828413 -0.002999999 0.01990874 0.007828434 -0.005999999 0.01990871 0.007855733 -0.005948515 0.05544456 0.007857494 -0.0006662538 0.05544454 0.007879374 -0.006916536 0.05486604 0.007881799 0.000301728 0.05486598 0.007885979 9.537456e-10 0.01796979 0.007886458 9.537456e-10 0.01997719 0.007946253 -0.003307476 0.05594779 0.007949405 -0.00613977 0.03899424 0.00795028 -0.006362751 0.05534189 0.00795095 -0.003745459 0.05594208 0.007951238 -0.002869497 0.05594208 0.007952323 -0.0002520744 0.05534185 0.00795364 -0.006446838 0.03907964 0.007954595 -0.007277556 0.05428723 0.007957305 0.0006626403 0.05428713 0.007958467 -0.006714888 0.03917641 0.007959155 -0.007051556 0.05478617 0.007960707 9.992614e-05 0.03917641 0.007961464 -0.006847607 0.0392363 0.007961686 0.0004366958 0.05478611 0.007963792 0.0002326431 0.0392363 0.007964653 -0.006965344 0.03929985 0.00796533 -0.004178752 0.05592495 0.007965903 -0.002436213 0.05592495 0.007967058 0.0003503781 0.03929985 0.007967981 -0.007065839 0.03936604 0.007970452 0.0004508711 0.03936604 0.007971496 -0.007150077 0.03943579 0.007974021 0.000535107 0.03943579 0.007976508 -0.007236156 0.03953505 0.007979091 0.0006211823 0.03953505 0.00797914 -0.007266978 0.03958709 0.007981744 0.0006520027 0.03958709 0.007981857 -0.007289313 0.03964072 0.007984475 0.0006743355 0.03964072 0.007984658 -0.007302903 0.03969596 0.007987284 0.0006879234 0.03969596 0.00798806 -0.004583202 0.05589798 0.007988901 -0.002031732 0.05589797 0.008011563 -0.006570722 0.05527536 0.008013744 -4.416349e-05 0.05527532 0.008019594 -0.004975057 0.05586062 0.008020699 -0.001639855 0.05586061 0.008024022 -0.007299919 0.05422293 0.008026754 0.0006849373 0.05422283 0.008065423 -0.002999999 0.0178007 0.008065441 -0.005999999 0.01780072 0.008065982 -0.002999999 0.02014619 0.008066 -0.005999999 0.02014617 0.008076897 -0.005482561 0.05579282 0.008078341 -0.001132368 0.0557928 0.008078391 -0.006756799 0.05520282 0.008080695 0.0001418511 0.05520278 0.008118971 9.537457e-10 0.01775991 0.008119549 9.537457e-10 0.02018695 0.008149529 -0.006916625 0.05512562 0.008150632 -0.005948612 0.05570564 0.008151953 0.0003016392 0.05512556 0.008152391 -0.0006663507 0.05570562 0.008155477 -0.005999999 0.05165651 0.008155477 -0.002999999 0.05165651 0.008155477 9.537457e-10 0.05165651 0.008155477 9.538568e-10 0.05165651 0.008226032 -0.007051643 0.05504261 0.008228559 0.0004366081 0.05504254 0.008240805 -0.006362846 0.0555991 0.008242847 -0.0002521699 0.05559906 0.008244691 -0.007307575 0.05431417 0.008247453 0.000692425 0.05431414 0.008263568 -0.00330758 0.05620525 0.008268015 -0.003745563 0.05619934 0.008268303 -0.002869601 0.05619934 0.008281646 -0.004178856 0.0561816 0.008282219 -0.002436317 0.0561816 0.008299254 -0.006570816 0.05553006 0.008301434 -4.425806e-05 0.05553002 0.008303196 -0.004583306 0.05615367 0.008304038 -0.002031835 0.05615366 0.008333097 -0.00497516 0.05611499 0.008334202 -0.001639958 0.05611498 0.008337346 -0.007190916 0.05492185 0.008339978 0.0005757824 0.05492176 0.008349782 -0.005999999 0.01762192 0.008349789 -0.002999999 0.01762192 0.008350427 -0.005999999 0.02032484 0.008350433 -0.002999999 0.02032483 0.008362992 -0.006756892 0.05545479 0.008365295 0.0001417576 0.05545475 0.008387436 -0.005482663 0.05604478 0.00838888 -0.00113247 0.05604477 0.008390506 9.537457e-10 0.01760305 0.008391159 9.537457e-10 0.02034368 0.008430841 -0.006916717 0.05537468 0.008433263 0.0003015467 0.05537462 0.00845736 -0.005948713 0.05595452 0.008458361 -0.007277721 0.05479059 0.008459119 -0.0006664516 0.05595449 0.008461063 0.0006624747 0.05479049 0.008479795 -0.007307652 0.05454721 0.008482541 0.0006923477 0.05454717 0.008503808 -0.007051735 0.05528854 0.008506333 0.0004365168 0.05528847 0.008522507 -0.007300083 0.05472102 0.008525231 0.0006847734 0.05472091 0.008542875 -0.006362946 0.0558442 0.008544915 -0.0002522692 0.05584416 0.008592665 -0.003307689 0.0564487 0.008596849 -0.003745671 0.0564426 0.008597137 -0.002869709 0.0564426 0.008598306 -0.006570914 0.05577272 0.008600484 -4.435636e-05 0.05577267 0.008609694 -0.004178964 0.05642427 0.008609978 -0.007191006 0.05516323 0.008610267 -0.002436425 0.05642427 0.008612606 0.0005756928 0.05516314 0.008630006 -0.004583414 0.05639543 0.008630848 -0.002031943 0.05639543 0.008658193 -0.004975267 0.05635548 0.008658753 -0.006756989 0.05569478 0.008659296 -0.001640065 0.05635547 0.008661055 0.0001416603 0.05569474 0.008666807 -0.002999999 0.01751091 0.008666812 -0.005999999 0.01751092 0.008667504 -0.002999999 0.02043569 0.008667509 -0.005999999 0.02043569 0.008688719 9.537458e-10 0.01750607 0.008689419 9.537458e-10 0.02044052 0.008709418 -0.005482769 0.05628298 0.008710861 -0.001132576 0.05628296 0.008720696 -0.007307731 0.05476838 0.0087231 -0.006916813 0.05561183 0.008723425 0.0006922685 0.05476833 0.008725401 -0.007277809 0.05502702 0.008725519 0.0003014506 0.05561177 0.0087281 0.000662387 0.05502692 0.008745147 -0.005999999 0.05220361 0.008745147 -0.005999999 0.05220362 0.008745147 -0.002999999 0.05220361 0.008745147 9.537458e-10 0.05220362 0.008745147 9.538568e-10 0.05220361 0.008775341 -0.005948817 0.05618976 0.008777098 -0.0006665561 0.05618973 0.008786583 -0.007300169 0.05495483 0.008789303 0.0006846867 0.05495472 0.008792301 -0.00705183 0.05552264 0.008794823 0.000436422 0.05552256 0.008855964 -0.006363049 0.05607583 0.008858003 -0.0002523721 0.05607579 0.008892993 -0.007191099 0.05539289 0.008895617 0.0005755998 0.0553928 0.008908225 -0.006571016 0.056002 0.008910401 -4.445823e-05 0.05600196 0.008932129 -0.0033078 0.05667779 0.008936044 -0.003745783 0.0566715 0.008936332 -0.002869821 0.0566715 0.008948076 -0.004179075 0.05665263 0.008948649 -0.002436537 0.05665263 0.008965217 -0.00675709 0.05592151 0.008967111 -0.004583524 0.05662292 0.008967397 -0.007307812 0.05497768 0.008967516 0.0001415596 0.05592147 0.008967952 -0.002032053 0.05662291 0.008970105 0.0006921874 0.05497762 0.008993527 -0.004975377 0.05658178 0.008994631 -0.001640175 0.05658176 0.009000579 -0.005999999 0.01747322 0.009000579 -0.002999999 0.01747322 0.009000579 9.537458e-10 0.01747322 0.009001294 -0.005999999 0.02047322 0.009001294 -0.002999999 0.02047322 0.009001294 9.537458e-10 0.02047322 0.00900246 -0.0072779 0.05525185 0.009005155 0.0006622959 0.05525175 0.009021902 -0.005999999 0.04693224 0.009021902 -0.002999999 0.04693224 0.009021902 9.537458e-10 0.04693224 0.009021902 9.540034e-10 0.04693224 0.009025887 -0.006916913 0.05583585 0.009028302 0.0003013511 0.05583579 0.009041542 -0.005482878 0.0565071 0.009042984 -0.001132685 0.05650708 0.009059402 -0.005999999 0.0465984 0.009059402 9.537458e-10 0.0465984 0.00905943 -0.005999999 0.04659845 0.00905943 -0.002999999 0.04659845 0.00905943 9.540034e-10 0.04659845 0.009059561 -0.005999999 0.04726606 0.009059561 9.537458e-10 0.04726606 0.009059589 -0.005999999 0.04726601 0.009059589 -0.002999999 0.04726601 0.009059589 9.540034e-10 0.04726601 0.009060487 -0.00730026 0.0551771 0.009063202 0.0006845967 0.05517699 0.009091133 -0.007051928 0.05574374 0.009093651 0.0004363238 0.05574366 0.009103335 -0.005948925 0.05641109 0.009105091 -0.0006666639 0.05641106 0.00917028 -0.005999999 0.04628136 0.00917028 9.537458e-10 0.04628136 0.009170293 -0.005999999 0.04628138 0.009170293 -0.002999999 0.04628138 0.009170293 9.540036e-10 0.04628138 0.00917059 -0.005999999 0.04758305 0.00917059 9.537458e-10 0.04758305 0.009170604 -0.005999999 0.04758303 0.009170604 -0.002999999 0.04758303 0.009170604 9.540036e-10 0.04758303 0.009178912 -0.006363155 0.05629374 0.009180948 -0.0002524783 0.0562937 0.009186071 -0.007191195 0.05560974 0.009188691 0.0005755035 0.05560964 0.009219893 -0.007307895 0.05517511 0.009222581 0.0006921044 0.05517503 0.009227903 -0.006571121 0.0562177 0.009230077 -4.45633e-05 0.05621766 0.009281329 -0.006757194 0.05613481 0.009283627 0.0001414557 0.05613476 0.009289287 -0.007277995 0.05546408 0.009291975 0.0006622016 0.05546397 0.009312455 -0.005999999 0.01750592 0.009313154 -0.005999999 0.02044037 0.009333134 -0.003307932 0.05692279 0.009334365 -0.002999999 0.01751076 0.009334365 9.537459e-10 0.01751076 0.009335062 -0.002999999 0.02043553 0.009335062 9.537459e-10 0.02043553 0.00933673 -0.003745914 0.05691631 0.009337018 -0.002869952 0.05691631 0.009338204 -0.006917016 0.05604657 0.009340617 0.0003012485 0.05604651 0.009343998 -0.007300353 0.05538689 0.009346707 0.0006845034 0.05538676 0.009347807 -0.004179206 0.05689685 0.00934838 -0.002436668 0.05689685 0.009348931 -0.005999999 0.04599693 0.009348931 -0.002999999 0.04599693 0.009348931 9.540036e-10 0.04599693 0.009348953 -0.005999999 0.04599695 0.009348953 9.537459e-10 0.04599695 0.009349378 -0.005999999 0.0478674 0.009349378 -0.002999999 0.0478674 0.009349378 9.540036e-10 0.0478674 0.0093494 -0.005999999 0.04786737 0.0093494 9.537459e-10 0.04786737 0.009365336 -0.004583655 0.05686622 0.009366178 -0.002032184 0.05686621 0.00938131 -0.005999999 0.05269589 0.00938131 9.537459e-10 0.05269589 0.009381311 -0.005999999 0.05269588 0.009381311 -0.002999999 0.05269588 0.009381311 9.538569e-10 0.05269588 0.009389669 -0.004975507 0.0568238 0.009390772 -0.001640306 0.05682378 0.009399371 -0.007052029 0.05595171 0.009401885 0.0004362225 0.05595162 0.0094339 -0.005483006 0.0567468 0.009435342 -0.001132814 0.05674677 0.009488374 -0.007191294 0.05581369 0.00949083 -0.005949052 0.05664779 0.00949099 0.0005754041 0.05581359 0.009492584 -0.0006667913 0.05664776 0.00951353 -0.007307992 0.05538531 0.009516213 0.0006920079 0.05538523 0.009535865 -0.007307999 0.03931522 0.009538495 0.0006920003 0.03931522 0.009560462 -0.00636328 0.05652679 0.009562178 -0.007301875 0.03924809 0.009562496 -0.0002526037 0.05652675 0.009564803 0.0006858591 0.03924809 0.009585136 -0.007278092 0.05566367 0.009586388 -0.005999999 0.04575936 0.009586388 -0.002999999 0.04575936 0.009586388 9.540037e-10 0.04575936 0.009586406 -0.005999999 0.04575938 0.009586406 9.537459e-10 0.04575938 0.009586946 -0.005999999 0.04810485 0.009586946 -0.002999999 0.04810485 0.009586946 9.540037e-10 0.04810485 0.009586965 -0.005999999 0.04810483 0.009586965 9.537459e-10 0.04810483 0.009587635 -0.007283751 0.03918316 0.009587821 0.0006621044 0.05566356 0.009590249 0.0006677186 0.03918316 0.009605601 -0.006571246 0.05644839 0.009607773 -4.468746e-05 0.05644834 0.009610714 -0.005999999 0.01760276 0.009611368 -0.005999999 0.02034339 0.009612237 -0.007254027 0.03912041 0.009614831 0.0006379776 0.03912041 0.009635983 -0.007213099 0.03905986 0.009636429 -0.007300449 0.05558416 0.009638551 0.0005970344 0.03905986 0.009639133 0.0006844073 0.05558404 0.009651447 -0.002999999 0.0176216 0.009651447 9.537459e-10 0.0176216 0.009652091 -0.002999999 0.02032453 0.009652091 9.537459e-10 0.02032453 0.009654828 -0.006757317 0.0563629 0.009657124 0.0001413329 0.05636286 0.009658874 -0.007161367 0.0390015 0.009661407 0.0005452875 0.0390015 0.009680907 -0.00709923 0.03894534 0.009683399 0.0004831355 0.03894534 0.009707233 -0.006917137 0.05627193 0.009709643 0.0003011272 0.05627186 0.009722406 -0.006945332 0.03883959 0.009724797 0.00032921 0.03883959 0.009746714 -0.006829662 0.03877767 0.009748187 -0.003308069 0.05714838 0.009749029 0.0002135241 0.03877767 0.009751443 -0.003746051 0.05714171 0.009751731 -0.002870089 0.05714171 0.009761499 -0.004179342 0.0571217 0.009762072 -0.002436804 0.0571217 0.009763594 -0.007052149 0.0561741 0.009766104 0.0004361027 0.05617402 0.00976967 -0.006700254 0.0387192 0.0097719 8.410201e-05 0.0387192 0.009777422 -0.00458379 0.05709019 0.009778263 -0.00203232 0.05709019 0.009793847 -0.00653948 0.03865765 0.00979953 -0.004975642 0.05704656 0.009800632 -0.00164044 0.05704655 0.009814489 -0.007308091 0.05558105 0.009816318 -0.006363485 0.03860047 0.00981717 0.000691909 0.05558097 0.009838078 -0.006163514 0.03854512 0.009839723 -0.00548314 0.05696736 0.009841164 -0.001132947 0.05696734 0.009845605 -0.007191411 0.05603179 0.009848216 0.0005752866 0.05603168 0.009870747 -0.005999999 0.04558057 0.009870747 9.537461e-10 0.04558057 0.009870754 -0.005999999 0.04558058 0.009870754 -0.002999999 0.04558058 0.009870754 9.540038e-10 0.04558058 0.009871391 -0.005999999 0.0482835 0.009871391 9.537461e-10 0.0482835 0.009871398 -0.005999999 0.04828349 0.009871398 -0.002999999 0.04828349 0.009871398 9.540038e-10 0.04828349 0.009882324 -0.005999999 0.01775949 0.009882903 -0.005999999 0.02018653 0.009891461 -0.005949184 0.05686554 0.009893213 -0.000666923 0.0568655 0.009934769 -0.007278207 0.0558771 0.009935874 -0.002999999 0.01780027 0.009935874 9.537461e-10 0.01780027 0.009936433 -0.002999999 0.02014572 0.009936433 9.537461e-10 0.02014572 0.009937447 0.0006619894 0.05587698 0.009954747 -0.00636341 0.05674108 0.009956779 -0.0002527333 0.05674104 0.009982034 -0.007300562 0.05579511 0.009984732 0.0006842937 0.05579499 0.009995775 -0.006571373 0.05666044 0.009997945 -4.481571e-05 0.05666039 0.01004052 -0.006757444 0.05657252 0.01004281 0.0001412062 0.05657247 0.01005889 -0.005999999 0.05312939 0.01005889 -0.002999999 0.05312939 0.01005889 9.537461e-10 0.05312939 0.01005889 9.538571e-10 0.05312939 0.01008815 -0.006917262 0.05647894 0.01009056 0.0003010019 0.05647888 0.01011542 -0.005999999 0.01796926 0.01011589 -0.005999999 0.01997666 0.01012277 -0.007308192 0.05576235 0.01012545 0.0006918076 0.05576226 0.01013938 -0.007052272 0.05637833 0.01014189 0.0004359792 0.05637824 0.01017344 -0.002999999 0.01803773 0.01017344 9.537461e-10 0.01803773 0.01017389 -0.002999999 0.01990815 0.01017389 9.537461e-10 0.01990815 0.01018 -0.00330821 0.05735375 0.01018288 -0.003746192 0.0573469 0.01018316 -0.002870231 0.0573469 0.01018777 -0.005999999 0.04546957 0.01018777 -0.002999999 0.04546957 0.01018777 9.540038e-10 0.04546957 0.01018778 -0.005999999 0.04546957 0.01018778 9.537461e-10 0.04546957 0.01018847 -0.005999999 0.04839435 0.01018847 -0.002999999 0.04839435 0.01018847 9.537461e-10 0.04839435 0.01018847 9.540038e-10 0.04839435 0.0101918 -0.004179483 0.05732635 0.01019237 -0.002436945 0.05732635 0.01020593 -0.004583931 0.057294 0.01020677 -0.002032461 0.05729399 0.01021393 -0.007191533 0.05623195 0.01021654 0.0005751656 0.05623185 0.01022556 -0.004975782 0.0572492 0.01022667 -0.00164058 0.05724918 0.01026126 -0.005483279 0.05716787 0.0102627 -0.001133086 0.05716785 0.01029498 -0.007278325 0.05607285 0.01029766 0.000661871 0.05607273 0.0102998 -0.005999999 0.01822291 0.01030015 -0.005999999 0.01972291 0.01030722 -0.005949321 0.05706331 0.01030897 -0.0006670597 0.05706328 0.01033795 -0.00730068 0.05598853 0.01034064 0.0006841767 0.0559884 0.01035225 -0.002999999 0.01832206 0.01035225 9.537462e-10 0.01832206 0.01035256 -0.002999999 0.01962374 0.01035256 9.537462e-10 0.01962374 0.01036345 -0.006363544 0.05693551 0.01036548 -0.0002528676 0.05693547 0.0103999 -0.006571507 0.05685271 0.01040206 -4.494855e-05 0.05685266 0.01042742 -0.005999999 0.01850936 0.01042764 -0.005999999 0.01943641 0.01043838 -0.007308296 0.05592919 0.01043965 -0.006757575 0.05676242 0.01044105 0.0006917039 0.0559291 0.01044194 0.000141075 0.05676237 0.01046328 -0.002999999 0.01863905 0.01046328 9.537462e-10 0.01863905 0.01046344 -0.002999999 0.0193067 0.01046344 9.537462e-10 0.0193067 0.01048198 -0.006917391 0.05666634 0.01048438 0.0003008725 0.05666627 0.01049268 -0.005999999 0.01881607 0.01049275 -0.005999999 0.01912966 0.01050094 -0.002999999 0.01897286 0.01050094 9.537462e-10 0.01897286 0.01052154 -0.005999999 0.04543188 0.01052154 -0.002999999 0.04543188 0.01052154 9.537462e-10 0.04543188 0.01052154 9.540039e-10 0.04543188 0.01052226 -0.005999999 0.04843188 0.01052226 -0.002999999 0.04843188 0.01052226 9.537462e-10 0.04843188 0.01052226 9.540039e-10 0.04843188 0.0105275 -0.0070524 0.05656302 0.01053 0.0004358516 0.05656293 0.01059374 -0.007191658 0.05641272 0.01059634 0.0005750408 0.05641261 0.01063212 -0.003308359 0.05753668 0.01063456 -0.003746341 0.05752966 0.01063485 -0.002870379 0.05752966 0.01064218 -0.004179632 0.05750858 0.01064275 -0.002437093 0.05750858 0.01065425 -0.004584079 0.05747539 0.0106551 -0.002032608 0.05747539 0.01066576 -0.007278447 0.05624934 0.01066843 0.0006617491 0.05624922 0.01067104 -0.004975928 0.05742943 0.01067214 -0.001640727 0.05742942 0.01070112 -0.005999999 0.04017896 0.01070112 -0.002999999 0.04017896 0.01070112 9.537462e-10 0.04017896 0.01070112 9.53857e-10 0.04017896 0.01070156 -0.005483423 0.05734602 0.010703 -0.001133231 0.057346 0.01070394 -0.0073008 0.05616275 0.01070662 0.0006840564 0.05616262 0.01074087 -0.005949463 0.05723877 0.01074262 -0.0006672022 0.05723874 0.01074718 9.53857e-10 0.03844785 0.01074875 -0.0002135699 0.03838424 0.01075017 -0.0004302886 0.03833078 0.01075122 -0.005999999 0.03829111 0.01075137 -0.0006483423 0.03828538 0.01075288 -0.0009775916 0.03822857 0.01075294 -0.005629306 0.03822627 0.01075409 -0.001308614 0.038183 0.01075474 -0.00510358 0.03815868 0.01075506 -0.001640147 0.03814657 0.01075582 -0.001973019 0.03811802 0.01075607 -0.00450536 0.03810829 0.01075638 -0.002306461 0.03809667 0.01075662 -0.004129596 0.03808768 0.01075678 -0.002639701 0.03808183 0.01075696 -0.00375306 0.03807503 0.01075702 -0.002999999 0.03807253 0.01075709 -0.003376334 0.03807006 0.01077247 -0.005999999 0.05350066 0.01077247 -0.002999999 0.05350066 0.01077247 9.537462e-10 0.05350066 0.01077247 9.538572e-10 0.05350066 0.01078193 -0.007308409 0.05608971 0.01078897 -0.006363684 0.05710769 0.010791 -0.0002530075 0.05710764 0.01082015 -0.006571645 0.05702275 0.01082232 -4.508669e-05 0.0570227 0.01083342 -0.005999999 0.04546458 0.01083412 -0.005999999 0.04839903 0.01085417 -0.006757711 0.05693015 0.01085533 -0.005999999 0.04546942 0.01085533 -0.002999999 0.04546942 0.01085533 9.537462e-10 0.04546942 0.01085533 9.538571e-10 0.04546942 0.01085603 -0.005999999 0.04839419 0.01085603 -0.002999999 0.04839419 0.01085603 9.537462e-10 0.04839419 0.01085603 9.538571e-10 0.04839419 0.01085645 0.0001409387 0.05693009 0.01089038 -0.006917526 0.05683158 0.01089278 0.0003007382 0.05683152 0.010898 0.0006915537 0.05613758 0.01092933 -0.007052532 0.05672561 0.01093182 0.0004357195 0.05672552 0.01098321 -0.003308475 0.05765612 0.01098528 -0.003746456 0.05764896 0.01098557 -0.002870494 0.05764896 0.01098601 -0.007191786 0.05657144 0.01098861 0.0005749118 0.05657133 0.01099178 -0.004179747 0.05762749 0.01099235 -0.002437208 0.05762749 0.0110021 -0.004584193 0.0575937 0.01100294 -0.002032722 0.0575937 0.01101646 -0.004976042 0.0575469 0.01101756 -0.00164084 0.05754689 0.01104258 -0.005483535 0.05746196 0.01104402 -0.001133343 0.05746194 0.01104764 -0.007278573 0.05640386 0.0110503 0.0006616236 0.05640373 0.01107622 -0.005949574 0.05735275 0.01107797 -0.0006673124 0.05735271 0.01108032 -0.007300923 0.05631504 0.01108299 0.0006839327 0.05631491 0.01108419 -0.007308508 0.03887765 0.01108682 0.0006914914 0.03887765 0.01110245 -0.005999999 0.02505685 0.01110245 -0.002999999 0.02505685 0.01110245 9.537463e-10 0.02505685 0.0111174 -0.006363792 0.05721926 0.01111942 -0.0002531154 0.05721921 0.01112049 -0.00730852 0.05622527 0.01113168 -0.005999999 0.04556142 0.01113233 -0.005999999 0.04830205 0.01114398 -0.005999999 0.02463277 0.01114398 -0.002999999 0.02463277 0.01114398 9.537463e-10 0.02463277 0.0111441 -0.006571751 0.05713277 0.01114626 -4.519317e-05 0.05713272 0.0111485 -0.007300401 0.03879876 0.01115113 0.0006833409 0.03879876 0.01117241 -0.005999999 0.04558027 0.01117241 -0.002999999 0.04558027 0.01117241 9.537463e-10 0.04558027 0.01117241 9.538571e-10 0.04558027 0.01117306 -0.005999999 0.04828319 0.01117306 -0.002999999 0.04828319 0.01117306 9.537463e-10 0.04828319 0.01117306 9.538571e-10 0.04828319 0.01117322 -0.006757816 0.05703847 0.0111755 0.0001408338 0.05703841 0.01120422 -0.006917629 0.0569381 0.01120662 0.0003006351 0.05693803 0.0112104 -0.007276442 0.03872285 0.01121301 0.0006593394 0.03872284 0.01123758 -0.007052633 0.05683018 0.01124007 0.0004356182 0.05683009 0.01124517 -0.005999999 0.02421885 0.01124517 -0.002999999 0.02421885 0.01124517 9.537463e-10 0.02421885 0.01126706 -0.007308568 0.03903692 0.01126969 0.0006914312 0.03903692 0.01126987 -0.007237241 0.03864991 0.01127246 0.0006200966 0.03864991 0.01128612 -0.007191885 0.05667319 0.0112887 0.0005748131 0.05667308 0.01132692 -0.007183409 0.03857996 0.01132948 0.0005662221 0.03857994 0.0113389 -0.007278668 0.05650254 0.01134155 0.0006615279 0.05650241 0.01134608 0.0006914064 0.0563017 0.01134731 -0.003308594 0.05775798 0.01134897 -0.003746576 0.05775071 0.01134925 -0.002870614 0.05775071 0.01135422 -0.004179866 0.05772889 0.01135479 -0.002437327 0.05772889 0.01136258 -0.004584311 0.05769454 0.01136342 -0.002032841 0.05769453 0.01136688 -0.007301018 0.0564121 0.01136955 0.0006838385 0.05641196 0.01137422 -0.00497616 0.05764696 0.01137532 -0.001640958 0.05764695 0.01138155 -0.007115553 0.03851298 0.01138406 0.0004983257 0.03851296 0.01139429 -0.007301048 0.03902029 0.01139541 -0.005483652 0.05756061 0.01139685 -0.001133459 0.05756059 0.01139692 0.000683827 0.03902029 0.01140329 -0.005999999 0.04571815 0.01140387 -0.005999999 0.0481452 0.01140398 -0.002999999 0.02382344 0.01140399 -0.005999999 0.02382344 0.01140399 9.537463e-10 0.02382344 0.01142272 -0.005949687 0.05744958 0.01142446 -0.0006674263 0.05744955 0.01143375 -0.007034285 0.03844897 0.01143621 0.000417017 0.03844896 0.01145406 -0.00730863 0.05633588 0.01145614 -0.006363904 0.05731389 0.01145684 -0.005999999 0.04575893 0.01145684 -0.002999999 0.04575893 0.01145684 9.537463e-10 0.04575893 0.01145684 9.538572e-10 0.04575893 0.0114574 -0.005999999 0.04810439 0.0114574 -0.002999999 0.04810439 0.0114574 9.537463e-10 0.04810439 0.0114574 9.538572e-10 0.04810439 0.01145816 -0.0002532268 0.05731384 0.01145847 -0.007278749 0.03895072 0.01146108 0.0006614836 0.03895072 0.01147782 -0.006571861 0.05722596 0.01147997 -4.530287e-05 0.05722591 0.01150146 -0.006757924 0.0571301 0.01150374 0.0001407259 0.05713004 0.01150752 -0.006888567 0.03835855 0.01150989 0.0002712397 0.03835853 0.01151634 -0.005999999 0.05380674 0.01151634 -0.002999999 0.05380674 0.01151634 9.537464e-10 0.05380674 0.01151634 9.538574e-10 0.05380674 0.01152664 -0.006917735 0.05702807 0.01152903 0.0003005291 0.057028 0.01155373 -0.007052737 0.05691836 0.01155622 0.0004355143 0.05691827 0.01157583 -0.006716099 0.03827483 0.01157809 9.871443e-05 0.0382748 0.01157956 -0.007192057 0.03881946 0.01158212 0.0005747056 0.03881945 0.01159316 -0.007191986 0.05675877 0.01159574 0.0005747122 0.05675865 0.01161722 -0.005999999 0.02345452 0.01161722 -0.002999999 0.02345452 0.01161722 9.537464e-10 0.02345452 0.01163603 -0.007278766 0.05658529 0.01163638 -0.005999999 0.04592792 0.01163686 -0.005999999 0.04793531 0.01163867 0.0006614302 0.05658516 0.01163869 -0.006518939 0.0381978 0.01164082 -9.850115e-05 0.03819778 0.01165876 -0.007301114 0.05649335 0.01166142 0.0006837426 0.0564932 0.01169098 -0.007052886 0.0386987 0.01169346 0.0004354508 0.03869868 0.0116944 -0.005999999 0.04599639 0.0116944 -0.002999999 0.04599639 0.0116944 9.537464e-10 0.04599639 0.0116944 9.538572e-10 0.04599639 0.01169485 -0.005999999 0.04786681 0.01169485 -0.002999999 0.04786681 0.01169485 9.537464e-10 0.04786681 0.01169485 9.538572e-10 0.04786681 0.0116961 -0.006299144 0.03812747 0.01169809 -0.0003183493 0.03812745 0.01172416 -0.003308718 0.05783854 0.01172535 -0.003746699 0.05783117 0.01172564 -0.002870738 0.05783117 0.01172922 -0.004179989 0.05780905 0.01172979 -0.002437451 0.05780905 0.0117354 -0.004584434 0.05777423 0.01173624 -0.002032964 0.05777423 0.01174401 -0.004976281 0.05772601 0.01174511 -0.00164108 0.057726 0.01174806 -0.006058771 0.03806384 0.01174988 -0.0005587722 0.03806381 0.01175972 -0.005483771 0.05763849 0.01176115 -0.001133579 0.05763847 0.01176772 -0.006917678 0.03861554 0.0117701 0.0003001793 0.03861553 0.01177997 -0.005949805 0.05752596 0.01178172 -0.0006675438 0.05752592 0.01178265 -0.007308738 0.05642153 0.01178531 0.000691262 0.05642144 0.01179456 -0.005799879 0.0380069 0.01179621 -0.0008177122 0.03800688 0.01180478 -0.006364018 0.05738842 0.0118068 -0.0002533414 0.05738837 0.01182076 -0.005999999 0.04618157 0.01182088 -0.006571974 0.0572993 0.01182112 -0.005999999 0.04768157 0.0118222 -0.007308751 0.03956362 0.01182303 -4.541564e-05 0.05729926 0.01182483 0.0006912488 0.03956362 0.0118356 -0.005524524 0.03795667 0.01183708 -0.001093112 0.03795664 0.01183844 -0.006758035 0.05720214 0.01183908 -0.006757574 0.03853822 0.01184071 0.0001406152 0.05720209 0.01184137 0.000140012 0.0385382 0.01185714 -0.006917843 0.05709873 0.01185952 0.0003004205 0.05709866 0.01186702 -0.007301204 0.03947016 0.01186965 0.0006836717 0.03947015 0.01187119 -0.005234764 0.03791312 0.01187248 -0.001382913 0.03791311 0.01187321 -0.005999999 0.04628072 0.01187321 -0.002999999 0.04628072 0.01187321 9.537464e-10 0.04628072 0.01187321 9.538572e-10 0.04628072 0.01187352 -0.005999999 0.0475824 0.01187352 -0.002999999 0.0475824 0.01187352 9.537464e-10 0.0475824 0.01187352 9.538572e-10 0.0475824 0.01187726 -0.007052844 0.05698754 0.01187974 0.000435408 0.05698745 0.01188057 -0.005999999 0.02311954 0.01188057 -0.002999999 0.02311954 0.01188057 9.537464e-10 0.02311954 0.01190591 -0.006571811 0.03846582 0.01190655 -0.007192089 0.05682578 0.01190808 -4.5805e-05 0.03846581 0.01190912 0.0005746092 0.05682567 0.01191382 -0.004784271 0.03786102 0.01191481 -0.001833477 0.037861 0.01193331 -0.007278905 0.03940261 0.01193592 0.0006613275 0.0394026 0.01193841 -0.007278865 0.05664996 0.01194104 0.0006613308 0.05664982 0.01194452 -0.004313433 0.03782356 0.01194519 -0.002304381 0.03782354 0.01194838 -0.005999999 0.04646802 0.0119486 -0.005999999 0.04739507 0.0119553 -0.007301211 0.05655677 0.01195795 0.0006836451 0.05655662 0.01196364 -0.003814801 0.0378003 0.01196398 -0.002803031 0.0378003 0.01196723 -0.006364226 0.03839941 0.01196926 -0.0002534401 0.03839939 0.01197013 -0.003308919 0.03779255 0.01198424 -0.005999999 0.04659771 0.01198424 -0.002999999 0.04659771 0.01198424 9.537464e-10 0.04659771 0.01198424 9.538574e-10 0.04659771 0.0119844 -0.005999999 0.04726536 0.0119844 -0.002999999 0.04726536 0.0119844 9.537464e-10 0.04726536 0.0119844 9.538574e-10 0.04726536 0.01201364 -0.005999999 0.04677473 0.01201372 -0.005999999 0.04708832 0.0120219 -0.005999999 0.04693152 0.0120219 -0.002999999 0.04693152 0.0120219 9.537464e-10 0.04693152 0.0120219 9.538574e-10 0.04693152 0.01205839 -0.007192214 0.03927517 0.01206096 0.0005745482 0.03927515 0.01206207 -0.005950061 0.03829673 0.01206383 -0.0006676952 0.03829671 0.01211346 -0.003308846 0.05789404 0.01211414 -0.003746827 0.05788659 0.01211443 -0.002870865 0.05788659 0.01211648 -0.004180116 0.05786427 0.01211705 -0.002437578 0.05786427 0.01212025 -0.004584561 0.05782913 0.01212109 -0.00203309 0.05782912 0.01212553 -0.004976407 0.05778046 0.01212662 -0.001641205 0.05778045 0.01213517 -0.005483894 0.05769212 0.0121366 -0.001133702 0.0576921 0.01213971 -0.005484061 0.03821272 0.01214115 -0.001133776 0.0382127 0.01214763 -0.005949926 0.05757854 0.01214937 -0.0006676646 0.05757851 0.01216291 -0.006364136 0.05743973 0.01216493 -0.0002534591 0.05743968 0.01217283 -0.006572089 0.05734978 0.01217349 -0.007053045 0.03915791 0.01217498 -4.553133e-05 0.05734973 0.01217597 0.0004352922 0.0391579 0.01218366 -0.006758148 0.05725172 0.01218594 0.0001405017 0.05725166 0.01218872 -0.005999999 0.02282524 0.01218872 -0.002999999 0.02282524 0.01218872 9.537465e-10 0.02282524 0.0121952 -0.006917954 0.05714735 0.01219758 0.0003003093 0.05714727 0.01220014 -0.004976591 0.03814738 0.01220125 -0.001641315 0.03814736 0.01220762 -0.007052952 0.05703512 0.01221009 0.0004352994 0.05703502 0.01222571 -0.007192194 0.05687185 0.01222827 0.0005745043 0.05687174 0.01223346 -0.004584933 0.03811139 0.01223431 -0.002033033 0.03811137 0.01224539 -0.007278966 0.05669439 0.01224801 0.0006612299 0.05669426 0.01225276 -0.006917838 0.03907718 0.01225515 0.0003000198 0.03907716 0.01225583 -0.00730131 0.05660034 0.01225756 -0.004180681 0.0380854 0.01225815 -0.00243734 0.03808539 0.01225847 0.0006835463 0.05660019 0.01226545 -0.007308896 0.05650243 0.01226807 0.0006911033 0.05650233 0.01227295 -0.003747202 0.03806887 0.01227324 -0.002870832 0.03806887 0.01227818 -0.003309019 0.03806336 0.01228458 -0.005999999 0.05404518 0.01228458 -0.002999999 0.05404518 0.01228458 9.537465e-10 0.05404518 0.01228458 9.538575e-10 0.05404518 0.01232648 -0.006757734 0.03900211 0.01232876 0.0001398517 0.03900209 0.01239551 -0.006571971 0.03893182 0.0123962 -0.007301378 0.03999426 0.01239768 -4.596593e-05 0.0389318 0.01239882 0.0006834977 0.03999426 0.01245885 -0.006364388 0.03886733 0.01246088 -0.0002536017 0.03886731 0.0124623 -0.007279079 0.03992651 0.01246491 0.0006611536 0.03992651 0.012514 -0.003308978 0.05792128 0.01251412 -0.003746959 0.05791381 0.01251441 -0.002870997 0.05791381 0.01251479 -0.004180247 0.0578914 0.01251536 -0.002437709 0.0578914 0.01251592 -0.004584691 0.05785611 0.01251676 -0.00203322 0.05785611 0.01251755 -0.004976535 0.05780724 0.01251865 -0.001641334 0.05780723 0.01252058 -0.005484021 0.05771854 0.01252201 -0.001133829 0.05771852 0.01252453 -0.00595005 0.0576045 0.01252627 -0.0006677885 0.05760447 0.01252941 -0.006364256 0.05746511 0.01253142 -0.0002535796 0.05746507 0.0125326 -0.006572207 0.0573748 0.01253474 -4.564959e-05 0.05737474 0.01253608 -0.006758264 0.05727633 0.01253835 0.0001403858 0.05727628 0.01253924 -0.007308987 0.04027198 0.0125398 -0.006918068 0.05717153 0.01254186 0.0006910131 0.04027198 0.01254218 0.0003001961 0.05717145 0.01254381 -0.007053063 0.05705884 0.01254628 0.0004351889 0.05705874 0.01254967 -0.0071923 0.05689491 0.01255223 0.0005743978 0.05689479 0.01255605 -0.007279068 0.05671671 0.01255682 -0.005950223 0.03876764 0.01255857 -0.0006678578 0.03876762 0.01255867 0.0006611278 0.05671658 0.01255945 -0.00730141 0.05662227 0.01256208 0.0006834465 0.05662212 0.01258703 -0.007192388 0.03979869 0.01258959 0.0005743744 0.03979868 0.01262767 -0.005999999 0.02241511 0.01262767 9.537465e-10 0.02241511 0.01262769 -0.002999999 0.02241512 0.01263701 -0.005484224 0.03868607 0.01263846 -0.001133939 0.03868605 0.01269943 -0.004976755 0.03862263 0.01270054 -0.001641479 0.03862261 0.01270181 -0.007053218 0.03968109 0.01270428 0.0004351185 0.03968108 0.01273384 -0.004585098 0.03858769 0.0127347 -0.002033197 0.03858767 0.01274046 -0.007309052 0.05652671 0.01274307 0.0006909472 0.05652661 0.01275874 -0.004180845 0.03856245 0.01275932 -0.002437504 0.03856244 0.01277463 -0.003747367 0.03854641 0.01277492 -0.002870997 0.0385464 0.01278002 -0.003309184 0.03854105 0.01278084 -0.006918011 0.03960012 0.01278323 0.0002998463 0.0396001 0.01285435 -0.006757907 0.03952483 0.01285664 0.0001396782 0.0395248 0.01286429 -0.00730151 0.05662173 0.01286691 0.0006833463 0.05662158 0.0128683 -0.007279171 0.05671607 0.01287091 0.0006610252 0.05671593 0.01287589 -0.007192408 0.05689407 0.01287844 0.0005742906 0.05689396 0.01288289 -0.007053174 0.05705783 0.01288535 0.0004350774 0.05705774 0.01288772 -0.006918182 0.0571704 0.01289009 0.0003000817 0.05717033 0.01289222 -0.006758381 0.05727509 0.01289448 0.0001402688 0.05727504 0.01289645 -0.006572327 0.05737346 0.0128986 -4.576919e-05 0.05737341 0.01290035 -0.006364378 0.05746368 0.01290236 -0.0002537015 0.05746363 0.0129064 -0.005950175 0.05760292 0.01290814 -0.000667914 0.05760288 0.0129114 -0.00548415 0.05771684 0.01291225 -0.007309109 0.04061941 0.01291282 -0.001133957 0.05771682 0.01291488 0.0006908905 0.04061941 0.01291532 -0.004976666 0.05780545 0.01291642 -0.001641464 0.05780543 0.01291753 -0.004584823 0.05785426 0.01291836 -0.002033352 0.05785426 0.01291916 -0.00418038 0.05788951 0.01291973 -0.002437842 0.05788951 0.01292025 -0.003747092 0.0579119 0.01292054 -0.00287113 0.0579119 0.01292071 -0.003309111 0.05791936 0.0129232 -0.006572145 0.03945432 0.01292536 -4.613938e-05 0.0394543 0.01293203 -0.007301554 0.0405061 0.01293465 0.0006833216 0.04050609 0.01297505 -0.00730913 0.05651762 0.01297766 0.0006908701 0.05651752 0.01298636 -0.006364561 0.03938965 0.01298839 -0.0002537751 0.03938963 0.0129955 -0.007279254 0.04043589 0.01299811 0.0006609783 0.04043589 0.01301431 -0.005999999 0.02195531 0.01301431 -0.002999999 0.02195531 0.01301431 9.537466e-10 0.02195531 0.01307103 -0.005999999 0.05421407 0.01307103 -0.002999999 0.05421407 0.01307103 9.537466e-10 0.05421407 0.01307103 9.538576e-10 0.05421407 0.01308404 -0.005950397 0.03928966 0.0130858 -0.0006680311 0.03928964 0.01311527 -0.007192562 0.04030344 0.01311783 0.0005742008 0.04030342 0.01316401 -0.005484397 0.03920785 0.01316546 -0.001134112 0.03920783 0.01316825 -0.00730161 0.05659809 0.01317086 0.0006832464 0.05659795 0.01317975 -0.007279274 0.05669187 0.01318234 0.0006609228 0.05669173 0.01320146 -0.007192515 0.0568688 0.013204 0.0005741836 0.05686868 0.01320768 -0.007309206 0.05649438 0.0132103 0.0006907936 0.05649428 0.01322145 -0.007053286 0.05703157 0.0132239 0.0004349661 0.05703148 0.01322548 -0.007053391 0.04018157 0.01322625 -0.004976928 0.03914422 0.01322737 -0.001641652 0.0391442 0.01322795 0.0004349464 0.04018156 0.0132352 -0.006918296 0.05714346 0.01323756 0.0002999675 0.05714339 0.013248 -0.006758498 0.05724752 0.01325026 0.0001401518 0.05724747 0.0132503 -0.007301659 0.04078351 0.01325292 0.000683217 0.0407835 0.01326004 -0.006572447 0.05734529 0.01326057 -0.004585271 0.03910918 0.01326143 -0.00203337 0.03910916 0.01326218 -4.588871e-05 0.05734525 0.0132711 -0.0063645 0.05743497 0.0132731 -0.0002538234 0.05743493 0.0132854 -0.004181018 0.03908387 0.01328598 -0.002437677 0.03908385 0.01328819 -0.005950301 0.05757338 0.01328965 -0.007309233 0.04094415 0.01328992 -0.0006680395 0.05757334 0.01329228 0.0006907664 0.04094415 0.01330124 -0.00374754 0.03906777 0.01330138 -0.006918182 0.04009766 0.01330154 -0.00287117 0.03906776 0.01330222 -0.005484278 0.05768661 0.01330365 -0.001134086 0.05768659 0.01330377 0.0002996751 0.04009765 0.01330662 -0.003309357 0.0390624 0.01331162 -0.007279358 0.04071143 0.01331318 -0.004976797 0.05777468 0.01331424 0.0006608744 0.04071143 0.01331427 -0.001641595 0.05777467 0.01331925 -0.004584955 0.0578232 0.01332009 -0.002033484 0.0578232 0.01332368 -0.004180513 0.05785824 0.01332425 -0.002437975 0.05785824 0.01332655 -0.003747226 0.0578805 0.01332683 -0.002871264 0.0578805 0.0133276 -0.003309245 0.05788792 0.01334299 -0.002999999 0.02145246 0.013343 -0.005999999 0.02145246 0.013343 9.537467e-10 0.02145246 0.01337196 -0.006758078 0.04001964 0.01337425 0.0001395081 0.04001962 0.01342735 -0.007192665 0.04057544 0.01342991 0.0005740982 0.04057543 0.01343807 -0.006572314 0.03994658 0.01344023 -4.630862e-05 0.03994656 0.01346924 -0.007301709 0.05655077 0.01347183 0.0006831475 0.05655062 0.01348801 -0.007279375 0.05664352 0.01349059 0.0006608214 0.05664339 0.01349872 -0.006364729 0.03987957 0.01350075 -0.0002539435 0.03987954 0.01351837 -0.005999999 0.01683014 0.01351837 -0.002999999 0.01683014 0.01351837 9.537467e-10 0.01683014 0.01352344 -0.007192621 0.05681853 0.01352597 0.0005740777 0.05681842 0.01353384 -0.007053492 0.04045032 0.01353631 0.000434845 0.04045031 0.01355606 -0.007053396 0.05697954 0.0135585 0.0004348561 0.05697944 0.01356158 -0.007309322 0.05643038 0.0135642 0.0006906773 0.05643029 0.0135785 -0.006918409 0.05709021 0.01358085 0.0002998546 0.05709014 0.01359253 -0.005950564 0.03977595 0.01359428 -0.0006681982 0.03977593 0.01359937 -0.006758614 0.05719314 0.01360163 0.0001400363 0.05719309 0.01360717 -0.006918283 0.04036417 0.01360898 -0.005999999 0.02091381 0.01360898 9.537467e-10 0.02091381 0.01360899 -0.002999999 0.02091381 0.01360956 0.0002995746 0.04036415 0.013619 -0.006572565 0.05728985 0.01362113 -4.60067e-05 0.0572898 0.01363701 -0.00636462 0.05737856 0.01363901 -0.0002539437 0.0573785 0.01366484 -0.005950425 0.05751545 0.01366657 -0.0006681633 0.05751542 0.01366932 -0.005484563 0.03969118 0.01367076 -0.001134279 0.03969116 0.01367525 -0.00730936 0.04125323 0.01367538 -0.006758177 0.04028407 0.01367766 0.0001394084 0.04028405 0.01367788 0.0006906397 0.04125323 0.01368766 -0.005484405 0.05762745 0.01368908 -0.001134212 0.05762743 0.01370545 -0.004976926 0.05771457 0.01370654 -0.001641724 0.05771455 0.01371529 -0.004585085 0.05776257 0.01371612 -0.002033614 0.05776256 0.01372243 -0.004180644 0.05779722 0.013723 -0.002438106 0.05779722 0.01372703 -0.003747357 0.05781924 0.01372731 -0.002871396 0.05781924 0.01372865 -0.003309377 0.05782657 0.01372909 -0.004977094 0.03962524 0.0137302 -0.001641818 0.03962522 0.01373925 -0.006572413 0.04020906 0.01374141 -4.640762e-05 0.04020904 0.01374276 -0.005999999 0.01738739 0.01374276 9.537467e-10 0.01738739 0.01374279 -0.002999999 0.01738739 0.01376205 -0.004585436 0.03958892 0.0137629 -0.002033535 0.03958891 0.01378589 -0.004181183 0.03956269 0.01378648 -0.002437842 0.03956268 0.01379786 -0.006364828 0.04014025 0.01379988 -0.0002540419 0.04014023 0.01380111 -0.003747704 0.03954602 0.01380141 -0.002871335 0.03954601 0.01380628 -0.003309522 0.03954045 0.01380844 -0.005999999 0.02034715 0.01380844 9.537468e-10 0.02034715 0.01380846 -0.002999999 0.02034715 0.01386268 -0.007301838 0.05644989 0.01386526 0.0006830181 0.05644975 0.01386943 -0.005999999 0.05431206 0.01386943 -0.005999999 0.05431207 0.01386943 -0.002999999 0.05431207 0.01386943 9.537468e-10 0.05431206 0.01386943 9.538577e-10 0.05431207 0.01388849 -0.005950661 0.04003387 0.01389025 -0.0006682955 0.04003385 0.0138907 -0.007279507 0.05654046 0.01389327 0.0006606891 0.05654033 0.01389875 -0.002999999 0.01796754 0.01389876 -0.005999999 0.01796754 0.01389876 9.537468e-10 0.01796754 0.01390536 -0.007309435 0.05633234 0.01390797 0.0006905643 0.05633227 0.01391077 -0.007301876 0.04131047 0.0139134 0.0006829999 0.04131047 0.01393852 -0.005999999 0.01976065 0.01393852 9.537468e-10 0.01976065 0.01393854 -0.002999999 0.01976066 0.01393961 -0.005484488 0.05757152 0.01394104 -0.001134295 0.0575715 0.01394359 -0.007192759 0.05671134 0.01394611 0.0005739396 0.05671123 0.01396176 -0.00497701 0.05765775 0.0139627 -0.00548466 0.03994683 0.01396286 -0.001641809 0.05765774 0.01396414 -0.001134375 0.03994681 0.01396797 -0.007279574 0.04123506 0.01397058 0.0006606587 0.04123505 0.013974 -0.00458517 0.05770526 0.01397484 -0.002033699 0.05770526 0.01398288 -0.00418073 0.05773956 0.01398345 -0.002438191 0.05773956 0.01398401 -0.002999999 0.0185622 0.01398403 -0.005999999 0.0185622 0.01398403 9.537468e-10 0.0185622 0.01398858 -0.003747443 0.05776136 0.01398887 -0.002871482 0.05776136 0.01399057 -0.003309463 0.05776862 0.01399226 -0.007053539 0.05686856 0.0139947 0.0004347127 0.05686846 0.01399733 -0.005999999 0.0191628 0.01399733 9.537468e-10 0.0191628 0.01399734 -0.002999999 0.0191628 0.01402046 -0.00497719 0.03987914 0.01402157 -0.001641913 0.03987912 0.01402574 -0.006918556 0.05697662 0.01402809 0.0002997076 0.05697655 0.01405231 -0.004585531 0.03984185 0.01405316 -0.002033631 0.03984184 0.01405688 -0.006758764 0.05707713 0.01405913 0.0001398859 0.05707707 0.01407535 -0.004181278 0.03981492 0.0140759 -0.007192878 0.04109278 0.01407593 -0.002437937 0.03981491 0.01407846 0.000573885 0.04109277 0.01408469 -0.007309494 0.0415635 0.01408615 -0.006572718 0.05717155 0.01408732 0.0006905051 0.0415635 0.01408828 -4.616026e-05 0.0571715 0.01409006 -0.003747799 0.0397978 0.01409035 -0.002871429 0.03979779 0.01409506 -0.003309617 0.03979209 0.01411301 -0.006364777 0.05725817 0.014115 -0.0002541001 0.05725812 0.01415449 -0.005950585 0.05739184 0.01415622 -0.0006683243 0.0573918 0.01417522 -0.007053703 0.04096188 0.01417769 0.0004346342 0.04096186 0.01418848 -0.00548457 0.0575012 0.0141899 -0.001134377 0.05750118 0.01421496 -0.004977093 0.05758627 0.01421605 -0.001641892 0.05758625 0.01422958 -0.004585254 0.05763313 0.01423042 -0.002033783 0.05763313 0.01424018 -0.004180814 0.05766697 0.0142403 -0.007309546 0.05619917 0.01424076 -0.002438276 0.05766697 0.01424292 0.0006904542 0.05619912 0.01424352 -0.007301963 0.0563054 0.01424362 -0.006918492 0.04087175 0.01424601 0.0002993654 0.04087173 0.01424608 0.000682893 0.05630527 0.01424697 -0.003747528 0.05768847 0.01424726 -0.002871567 0.05768847 0.01424933 -0.003309548 0.05769563 0.0142814 -0.007279635 0.05639213 0.01428395 0.0006605607 0.056392 0.01430723 -0.006758385 0.04078793 0.01430952 0.0001392007 0.04078791 0.01435289 -0.007192893 0.05655576 0.01435539 0.0005738051 0.05655565 0.01436681 -0.006572619 0.04070946 0.01436897 -4.66139e-05 0.04070943 0.01439625 -0.005950665 0.0573078 0.01439797 -0.0006684037 0.05730777 0.01441868 -0.007053679 0.0567063 0.0144211 0.0004345726 0.0567062 0.01442147 -0.006365033 0.04063747 0.0144235 -0.0002542468 0.04063745 0.01446391 -0.0069187 0.05680977 0.01446626 0.0002995636 0.0568097 0.01447548 -0.005999999 0.05378388 0.01447548 -0.002999999 0.05378388 0.01447548 9.537415e-10 0.05378388 0.01447548 9.53845e-10 0.05378388 0.01449421 -0.007309629 0.04185712 0.01450201 -0.005999999 0.05278424 0.01450201 -0.002999999 0.05278424 0.01450201 9.53762e-10 0.05278424 0.01450201 9.538522e-10 0.05278424 0.014506 -0.006758912 0.05690601 0.01450601 -0.005950864 0.04052617 0.01450777 -0.0006684985 0.04052615 0.01450824 0.0001397383 0.05690596 0.01451844 -0.005484678 0.05738277 0.01451986 -0.001134485 0.05738275 0.01452854 -0.005999999 0.05178459 0.01452854 -0.002999999 0.05178459 0.01452854 9.537132e-10 0.05178459 0.01452854 9.53884e-10 0.05178459 0.01454555 -0.006572869 0.05699643 0.01454767 -4.631127e-05 0.05699638 0.01455094 -0.004977204 0.05746565 0.01455203 -0.001642002 0.05746563 0.01455507 -0.005999999 0.05078494 0.01455507 -0.002999999 0.05078494 0.01455507 9.537764e-10 0.05078494 0.01455507 9.538471e-10 0.05078494 0.01455649 -0.007309649 0.05603358 0.01455909 0.0006903502 0.05603354 0.01456889 -0.004585366 0.05751131 0.01456972 -0.002033895 0.05751131 0.01457523 -0.005484861 0.04043511 0.01457667 -0.001134576 0.04043509 0.0145816 -0.005999999 0.04978529 0.0145816 -0.002999999 0.04978529 0.0145816 9.537437e-10 0.04978529 0.0145816 9.538051e-10 0.04978529 0.01458184 -0.006364931 0.05707936 0.01458188 -0.004180927 0.05754428 0.01458246 -0.002438388 0.05754428 0.01458383 -0.0002542543 0.05707932 0.0145902 -0.003747641 0.05756522 0.01459049 -0.002871679 0.05756522 0.01459307 -0.003309661 0.0575722 0.01460813 -0.005999999 0.04878564 0.01460813 -0.002999999 0.04878564 0.01460813 9.537534e-10 0.04878564 0.01460813 9.538753e-10 0.04878564 0.01461007 -0.007301516 0.05611997 0.01461267 0.0006821889 0.05611993 0.01462911 -0.004977389 0.04036428 0.01463022 -0.001642113 0.04036426 0.01463466 -0.005999999 0.047786 0.01463466 -0.002999999 0.047786 0.01463466 9.537637e-10 0.047786 0.01463466 9.538354e-10 0.047786 0.01463791 -0.005950745 0.05720734 0.01463964 -0.0006684832 0.05720731 0.01465882 -0.004585731 0.04032527 0.01465967 -0.00203383 0.04032525 0.01466119 -0.005999999 0.04678635 0.01466119 -0.002999999 0.04678635 0.01466119 9.537403e-10 0.04678635 0.01466119 9.538966e-10 0.04678635 0.01466164 -0.007277534 0.0562031 0.01466423 0.0006581787 0.05620306 0.01467338 -0.005999999 0.05433838 0.01467338 -0.002999999 0.05433838 0.01467338 9.537287e-10 0.05433838 0.01467338 9.538793e-10 0.05433838 0.01468032 -0.004181477 0.0402971 0.0146809 -0.002438136 0.04029708 0.01468772 -0.005999999 0.0457867 0.01468772 -0.002999999 0.0457867 0.01468772 9.536718e-10 0.0457867 0.01468772 9.538467e-10 0.0457867 0.01469405 -0.003747998 0.04027918 0.01469434 -0.002871628 0.04027917 0.01469872 -0.003309815 0.04027321 0.01470494 0.0006903021 0.04199915 0.01470621 -0.007309699 0.05593591 0.01470886 0.000690301 0.05593584 0.0147112 -0.007238311 0.05628297 0.01471376 0.0006189293 0.05628294 0.01475873 -0.007184459 0.05635958 0.01476126 0.0005650501 0.05635955 0.01476977 -0.007302158 0.0419262 0.01477172 -0.005999999 0.05431117 0.01477172 -0.002999999 0.05431117 0.01477172 9.537287e-10 0.05431117 0.01477172 9.539015e-10 0.05431117 0.0147724 0.0006827175 0.0419262 0.01477555 -0.005999999 0.05396791 0.01477555 -0.002999999 0.05396791 0.01477555 9.537298e-10 0.05396791 0.01477555 9.539393e-10 0.05396791 0.01482237 -0.007279855 0.0418475 0.01482498 0.0006603779 0.0418475 0.01484385 -0.005999999 0.05423899 0.01484385 -0.002999999 0.05423899 0.01484385 9.537282e-10 0.05423899 0.01484385 9.53901e-10 0.05423899 0.01484604 -0.005999999 0.05404168 0.01484604 -0.002999999 0.05404168 0.01484604 9.537264e-10 0.05404168 0.01484604 9.538993e-10 0.05404168 0.01484775 -0.007035301 0.05650302 0.01484999 -0.005484787 0.05723322 0.01485019 0.000415841 0.05650299 0.01485052 -0.007309746 0.05582359 0.01485141 -0.001134594 0.0572332 0.01485318 0.0006902536 0.05582352 0.01486163 -0.007302188 0.05594127 0.01486426 0.0006826876 0.05594127 0.01487097 -0.005999999 0.05414063 0.01487097 -0.002999999 0.05414063 0.01487097 9.537273e-10 0.05414063 0.01487097 9.539002e-10 0.05414063 0.01488094 -0.005950824 0.05708928 0.01488266 -0.0006685631 0.05708925 0.01488918 -0.004977315 0.05731298 0.01489027 -0.001642113 0.05731297 0.01490922 -0.006889561 0.05660204 0.01491057 -0.007309766 0.04214098 0.01491081 -0.004585478 0.05735692 0.01491156 0.0002700652 0.05660202 0.01491165 -0.002034007 0.05735691 0.0149132 0.0006902336 0.04214098 0.01492096 -0.007279887 0.05601501 0.01492162 -0.007193156 0.04169901 0.01492358 0.0006603457 0.05601501 0.01492418 0.000573607 0.041699 0.01492647 -0.00418104 0.05738865 0.01492704 -0.002438502 0.05738865 0.01493647 -0.003747755 0.0574088 0.01493676 -0.002871793 0.0574088 0.01493991 -0.003309775 0.05741552 0.01496615 -0.006717076 0.05669373 0.01496838 9.754464e-05 0.05669371 0.01501295 -0.007053978 0.0415624 0.01501542 0.0004343588 0.04156239 0.01501853 -0.006519901 0.05677808 0.01502063 -9.966312e-05 0.05677806 0.01503293 -0.007193192 0.05615414 0.01503549 0.0005735707 0.05615415 0.01504998 -0.005999999 0.05347222 0.01504998 -0.002999999 0.05347222 0.01504998 9.537636e-10 0.05347222 0.01504998 9.53883e-10 0.05347222 0.01505917 -0.005999999 0.05312593 0.01505917 -0.002999999 0.05312593 0.01505917 9.537636e-10 0.05312593 0.01505917 9.53883e-10 0.05312593 0.01506638 -0.006300095 0.05685509 0.01506833 -0.0003195007 0.05685508 0.01507584 -0.006918766 0.04146834 0.01507651 -0.005999999 0.05247257 0.01507651 -0.002999999 0.05247257 0.01507651 9.537264e-10 0.05247257 0.01507651 9.538791e-10 0.05247257 0.01507823 0.0002990919 0.04146832 0.0150857 -0.005999999 0.05212629 0.0150857 -0.002999999 0.05212629 0.0150857 9.53698e-10 0.05212629 0.0150857 9.53879e-10 0.05212629 0.01508986 -0.007302263 0.05573472 0.01509248 0.0006826125 0.05573473 0.01510304 -0.005999999 0.05147292 0.01510304 -0.002999999 0.05147292 0.01510304 9.53726e-10 0.05147292 0.01510304 9.539049e-10 0.05147292 0.01510968 -0.006059714 0.05692478 0.01511148 -0.0005599108 0.05692477 0.01511223 -0.005999999 0.05112664 0.01511223 -0.002999999 0.05112664 0.01511223 9.537856e-10 0.05112664 0.01511223 9.539018e-10 0.05112664 0.0151219 -0.007302274 0.04217023 0.01512287 -0.007309835 0.055555 0.01512453 0.0006826018 0.04217022 0.0151251 -0.005999999 0.05340098 0.0151251 -0.002999999 0.05340098 0.0151251 9.537636e-10 0.05340098 0.0151251 9.53883e-10 0.05340098 0.0151255 0.000690164 0.055555 0.01512957 -0.005999999 0.05047327 0.01512957 -0.002999999 0.05047327 0.01512957 9.537332e-10 0.05047327 0.01512957 9.538721e-10 0.05047327 0.01513041 -0.005999999 0.05320105 0.01513041 -0.002999999 0.05320105 0.01513041 9.537636e-10 0.05320105 0.01513041 9.538829e-10 0.05320105 0.01513258 -0.007309839 0.04230054 0.01513434 -0.006758657 0.04138087 0.01513595 -0.007054018 0.05628214 0.01513662 0.0001389288 0.04138085 0.01513842 0.0004343187 0.05628215 0.01513876 -0.005999999 0.05012699 0.01513876 -0.002999999 0.05012699 0.01513876 9.537332e-10 0.05012699 0.01513876 9.53872e-10 0.05012699 0.01514843 -0.005800816 0.05698713 0.01515007 -0.000818836 0.05698712 0.01515163 -0.005999999 0.05240133 0.01515163 -0.002999999 0.05240133 0.01515163 9.536981e-10 0.05240133 0.01515163 9.538791e-10 0.05240133 0.01515454 -0.005999999 0.05330173 0.01515454 -0.002999999 0.05330173 0.01515454 9.537636e-10 0.05330173 0.01515454 9.53883e-10 0.05330173 0.0151561 -0.005999999 0.04947363 0.0151561 -0.002999999 0.04947363 0.0151561 9.537644e-10 0.04947363 0.0151561 9.538431e-10 0.04947363 0.01515694 -0.005999999 0.0522014 0.01515694 -0.002999999 0.0522014 0.01515694 9.536981e-10 0.0522014 0.01515694 9.538791e-10 0.0522014 0.01515735 -0.007279964 0.05580106 0.01515997 0.0006602679 0.05580107 0.01516529 -0.005999999 0.04912734 0.01516529 -0.002999999 0.04912734 0.01516529 9.537644e-10 0.04912734 0.01516529 9.538975e-10 0.04912734 0.0151745 -0.006572885 0.05664848 0.01517666 -4.687914e-05 0.0566485 0.01517703 -0.007279971 0.04209335 0.01517816 -0.005999999 0.05140169 0.01517816 -0.002999999 0.05140169 0.01517816 9.537857e-10 0.05140169 0.01517816 9.539019e-10 0.05140169 0.01517965 0.0006602613 0.04209335 0.01518107 -0.005999999 0.05230208 0.01518107 -0.002999999 0.05230208 0.01518107 9.536981e-10 0.05230208 0.01518107 9.538791e-10 0.05230208 0.01518263 -0.005999999 0.04847398 0.01518263 -0.002999999 0.04847398 0.01518263 9.537135e-10 0.04847398 0.01518263 9.53885e-10 0.04847398 0.01518347 -0.005999999 0.05120176 0.01518347 -0.002999999 0.05120176 0.01518347 9.537857e-10 0.05120176 0.01518347 9.539019e-10 0.05120176 0.01518913 -0.00657289 0.04129898 0.01519129 -4.68842e-05 0.04129895 0.01519182 -0.005999999 0.04812769 0.01519182 -0.002999999 0.04812769 0.01519182 9.537512e-10 0.04812769 0.01519182 9.539231e-10 0.04812769 0.01520002 0.0006901394 0.04235004 0.01520469 -0.005999999 0.05040204 0.01520469 -0.002999999 0.05040204 0.01520469 9.537332e-10 0.05040204 0.01520469 9.538721e-10 0.05040204 0.0152069 -0.006918808 0.05637027 0.0152076 -0.005999999 0.05130243 0.0152076 -0.002999999 0.05130243 0.0152076 9.537857e-10 0.05130243 0.0152076 9.539019e-10 0.05130243 0.01520916 -0.005999999 0.04747433 0.01520916 -0.002999999 0.04747433 0.01520916 9.535781e-10 0.04747433 0.01520916 9.538561e-10 0.04747433 0.01520929 0.000299049 0.05637029 0.01521 -0.005999999 0.05020211 0.01521 -0.002999999 0.05020211 0.01521 9.537332e-10 0.05020211 0.01521 9.538721e-10 0.05020211 0.01521231 -0.005235698 0.05708981 0.01521358 -0.001384002 0.05708981 0.01521835 -0.005999999 0.04712804 0.01521835 -0.002999999 0.04712804 0.01521835 9.536833e-10 0.04712804 0.01521835 9.538611e-10 0.04712804 0.01522682 -0.006365297 0.05672216 0.01522884 -0.0002545113 0.05672218 0.01523122 -0.005999999 0.04940239 0.01523122 -0.002999999 0.04940239 0.01523122 9.537644e-10 0.04940239 0.01523122 9.538976e-10 0.04940239 0.01523413 -0.005999999 0.05030278 0.01523413 -0.002999999 0.05030278 0.01523413 9.537333e-10 0.05030278 0.01523413 9.538721e-10 0.05030278 0.01523569 -0.005999999 0.04647469 0.01523569 -0.002999999 0.04647469 0.01523569 9.537529e-10 0.04647469 0.01523569 9.538641e-10 0.04647469 0.01523653 -0.005999999 0.04920246 0.01523653 -0.002999999 0.04920246 0.01523653 9.537644e-10 0.04920246 0.01523653 9.538976e-10 0.04920246 0.0152394 -0.006365301 0.04122385 0.01524142 -0.0002545157 0.04122382 0.01524488 -0.005999999 0.0461284 0.01524488 -0.002999999 0.0461284 0.01524488 9.537529e-10 0.0461284 0.01524488 9.539075e-10 0.0461284 0.01524783 -0.004785491 0.05714684 0.0152488 -0.001834246 0.05714684 0.01525775 -0.005999999 0.04840274 0.01525775 -0.002999999 0.04840274 0.01525775 9.537513e-10 0.04840274 0.01525775 9.539231e-10 0.04840274 0.01526066 -0.005999999 0.04930313 0.01526066 -0.002999999 0.04930313 0.01526066 9.537644e-10 0.04930313 0.01526066 9.538976e-10 0.04930313 0.01526306 -0.005999999 0.04820281 0.01526306 -0.002999999 0.04820281 0.01526306 9.537513e-10 0.04820281 0.01526306 9.539231e-10 0.04820281 0.01527289 -0.006758702 0.05645222 0.01527343 -0.004314964 0.05718785 0.01527409 -0.002304806 0.05718785 0.01527518 0.0001388835 0.05645225 0.01528106 -0.007193274 0.04194831 0.01528362 0.0005734889 0.0419483 0.01528428 -0.005999999 0.0474031 0.01528428 -0.002999999 0.0474031 0.01528428 9.536833e-10 0.0474031 0.01528428 9.538612e-10 0.0474031 0.01528471 -0.007193275 0.05592624 0.01528719 -0.005999999 0.04830349 0.01528719 -0.002999999 0.04830349 0.01528719 9.537513e-10 0.04830349 0.01528719 9.539231e-10 0.04830349 0.01528727 0.0005734879 0.05592625 0.0152894 -0.003816058 0.05721334 0.01528959 -0.005999999 0.04720317 0.01528959 -0.002999999 0.04720317 0.01528959 9.536833e-10 0.04720317 0.01528959 9.538612e-10 0.04720317 0.01528974 -0.002803722 0.05721334 0.0152932 -0.00730233 0.05550379 0.01529484 -0.003309892 0.05722184 0.01529538 -0.00730233 0.04230197 0.01529582 0.0006825457 0.0555038 0.01529801 0.0006825448 0.04230196 0.01530773 -0.005951127 0.05683607 0.01530949 -0.0006687618 0.05683609 0.01531081 -0.005999999 0.04640345 0.01531081 -0.002999999 0.04640345 0.01531081 9.53753e-10 0.04640345 0.01531081 9.539076e-10 0.04640345 0.0153132 -0.007309898 0.04244355 0.01531372 -0.005999999 0.04730384 0.01531372 -0.002999999 0.04730384 0.01531372 9.536833e-10 0.04730384 0.01531372 9.538612e-10 0.04730384 0.01531612 -0.005999999 0.04620352 0.01531612 -0.002999999 0.04620352 0.01531612 9.53753e-10 0.04620352 0.01531612 9.539076e-10 0.04620352 0.01531714 -0.00595113 0.04110769 0.0153189 -0.0006687651 0.04110767 0.01533469 -0.006572937 0.05652896 0.01533685 -4.69318e-05 0.05652898 0.01533761 -0.005999999 0.04543414 0.01533761 -0.002999999 0.04543414 0.01533761 9.537521e-10 0.04543414 0.01533761 9.538599e-10 0.04543414 0.01534025 -0.005999999 0.04630419 0.01534025 -0.002999999 0.04630419 0.01534025 9.53753e-10 0.04630419 0.01534025 9.539076e-10 0.04630419 0.01534421 -0.007309908 0.05526964 0.01534682 0.0006900913 0.05526965 0.01535462 -0.007280029 0.04222817 0.01535723 0.0006602029 0.04222817 0.01536736 -0.007280034 0.05556259 0.01536998 0.0006601989 0.0555626 0.01537398 -0.005485124 0.05692927 0.01537542 -0.001134839 0.05692929 0.01537679 -0.007054098 0.04181486 0.01537926 0.0004342392 0.04181485 0.0153808 -0.005485126 0.04101266 0.01538224 -0.001134841 0.04101263 0.01538736 -0.005999999 0.04512072 0.01538736 -0.002999999 0.04512072 0.01538736 9.537163e-10 0.04512072 0.01538736 9.539389e-10 0.04512072 0.01539139 -0.006365351 0.05659935 0.01539342 -0.0002545654 0.05659938 0.0154019 -0.007054106 0.05604139 0.01540438 0.0004342312 0.0560414 0.01542119 -0.005999999 0.04534764 0.01542119 -0.002999999 0.04534764 0.01542119 9.537163e-10 0.04534764 0.01542119 9.539389e-10 0.04534764 0.01542555 -0.004977651 0.05700176 0.01542666 -0.001642375 0.05700178 0.01543036 -0.004977653 0.04093874 0.01543147 -0.001642377 0.04093872 0.01544005 -0.005999999 0.04522885 0.01544005 -0.002999999 0.04522885 0.01544005 9.537163e-10 0.04522885 0.01544005 9.539389e-10 0.04522885 0.01544272 -0.006918886 0.04172298 0.0154451 0.0002989713 0.04172296 0.01545399 -0.004585991 0.05704169 0.01545485 -0.002034091 0.05704171 0.01545769 -0.004585993 0.04089803 0.01545854 -0.002034093 0.04089801 0.0154664 -0.007193335 0.04208894 0.01546897 0.000573428 0.04208893 0.01547212 -0.007302389 0.0552549 0.01547458 -0.004181738 0.05707052 0.01547475 0.0006824869 0.05525491 0.01547516 -0.002438397 0.05707054 0.01547747 -0.004181739 0.04086863 0.01547805 -0.002438398 0.04086861 0.01547909 -0.005951183 0.05670819 0.01548084 -0.0006688181 0.05670821 0.01548261 -0.006918899 0.05612069 0.015485 0.0002989584 0.0561207 0.01548772 -0.003748258 0.05708886 0.01548801 -0.002871889 0.05708887 0.0154901 -0.00374826 0.04084993 0.0154904 -0.00287189 0.04084992 0.0154922 -0.003310076 0.05709497 0.01549441 -0.003310076 0.0408437 0.01550239 -0.00730996 0.04261423 0.01550403 -0.006758779 0.04163754 0.01550502 0.0006900391 0.04261423 0.01550632 0.0001388073 0.04163752 0.01550732 -0.007193348 0.05567353 0.01550988 0.0005734147 0.05567354 0.01552417 -0.007302406 0.04249939 0.01552679 0.0006824695 0.04249939 0.01554428 -0.007309974 0.054942 0.01554691 0.0006900255 0.054942 0.01555088 -0.005485181 0.05679723 0.01555145 -0.007280094 0.05530657 0.01555233 -0.001134897 0.05679725 0.01555406 0.0006601384 0.05530657 0.01555766 -0.006758796 0.05619442 0.01555995 0.0001387899 0.05619444 0.01556145 -0.006573012 0.04155754 0.01556362 -4.700658e-05 0.04155752 0.01556926 -0.007054161 0.04196084 0.01557174 0.000434176 0.04196083 0.01558894 -0.007280107 0.04243033 0.01559155 0.0006601259 0.04243032 0.01560677 -0.004977711 0.05686649 0.01560788 -0.001642435 0.05686651 0.01561414 -0.006365425 0.04148415 0.01561617 -0.0002546389 0.04148413 0.01562796 -0.006573034 0.05626345 0.01563012 -4.702821e-05 0.05626347 0.0156341 -0.007280121 0.05517392 0.0156361 -0.007054183 0.0557756 0.01563671 0.0006601112 0.05517393 0.01563759 -0.004586052 0.05690464 0.01563844 -0.002034152 0.05690465 0.01563857 0.0004341542 0.05577561 0.0156401 -0.006918951 0.04187264 0.01564249 0.0002989064 0.04187262 0.0156457 -0.007310008 0.05474272 0.01565988 -0.004181799 0.05693218 0.01566047 -0.002438458 0.0569322 0.01567412 -0.00374832 0.0569497 0.01567441 -0.00287195 0.05694971 0.01567516 -0.007310017 0.04279361 0.01567779 0.0006899823 0.04279361 0.01567896 -0.003310137 0.05695554 0.01569245 -0.00636545 0.05632679 0.01569448 -0.0002546644 0.05632681 0.01569563 -0.005951255 0.04137069 0.01569662 0.0006899763 0.05463808 0.01569739 -0.0006688895 0.04137067 0.01569831 -0.007302463 0.05485854 0.01570094 0.0006824125 0.05485854 0.01570113 -0.007193412 0.05540405 0.0157037 0.000573351 0.05540405 0.01570598 -0.006758845 0.04179062 0.01570827 0.0001387409 0.0417906 0.01571117 -0.007193415 0.04230003 0.01571373 0.0005733475 0.04230002 0.01572478 -0.006918979 0.05584587 0.01572717 0.0002988788 0.05584589 0.01573653 -0.007302475 0.04271498 0.01573916 0.0006823997 0.04271498 0.01574069 -0.007310039 0.05453011 0.01576235 -0.005485251 0.04127786 0.0157638 -0.001134966 0.04127784 0.01576768 -0.00657308 0.04171383 0.01576984 -4.707437e-05 0.04171381 0.01578296 -0.00728017 0.05490087 0.01578557 0.0006600623 0.05490087 0.01578762 -0.00719344 0.05526522 0.01579018 0.0005733226 0.05526523 0.01579219 -0.005951286 0.0564247 0.01579395 -0.0006689211 0.05642472 0.01580665 -0.007280178 0.04265141 0.01580725 -0.006758878 0.05591122 0.01580926 0.0006600543 0.04265141 0.01580954 0.0001387078 0.05591124 0.01581429 -0.004977779 0.04120565 0.0158154 -0.001642503 0.04120564 0.01582364 -0.007054245 0.04218015 0.01582429 -0.006365494 0.04164338 0.01582611 0.0004340924 0.04218013 0.01582632 -0.000254708 0.04164336 0.0158319 0.0006899318 0.05430415 0.01583887 -0.007054249 0.05549372 0.01584134 0.0004340876 0.05549373 0.01584293 -0.00458612 0.04116589 0.01584378 -0.00203422 0.04116587 0.01585222 0.000689925 0.04300588 0.01585481 -0.003310195 0.05680561 0.01586366 -0.004181866 0.04113717 0.01586424 -0.002438525 0.04113715 0.01587384 -0.005485288 0.05650481 0.01587529 -0.001135003 0.05650483 0.0158769 -0.003748387 0.0411189 0.01587719 -0.002872017 0.0411189 0.01588141 -0.003310204 0.04111281 0.01588233 -0.007302524 0.0544427 0.01588449 -0.006573118 0.05597242 0.01588496 0.000682352 0.0544427 0.01588666 -4.711254e-05 0.05597243 0.01589188 -0.007310089 0.04306367 0.01590109 -0.006919037 0.04209761 0.01590348 0.0002988206 0.04209759 0.01591144 -0.007310095 0.05406485 0.01591185 -0.005951326 0.04153446 0.0159136 -0.0006689606 0.04153444 0.01592887 -0.007054279 0.05534922 0.01593003 -0.007302539 0.04294921 0.01593135 0.000434058 0.05534922 0.01593266 0.0006823362 0.0429492 0.01593371 -0.006919047 0.05555547 0.01593611 0.0002988101 0.05555548 0.01593739 -0.004977819 0.05656712 0.0159385 -0.001642543 0.05656714 0.01593895 -0.00719349 0.04253146 0.01594151 0.0005732726 0.04253145 0.01594268 -0.007193491 0.05498073 0.01594525 0.0005732716 0.05498074 0.01595274 0.0006898921 0.05394021 0.01595535 -0.006365536 0.05602855 0.01595738 -0.0002547508 0.05602856 0.01597052 -0.007280232 0.05447711 0.01597243 -0.004586162 0.05660144 0.01597313 -0.006758933 0.04202085 0.01597313 0.0006600006 0.05447712 0.01597328 -0.002034262 0.05660145 0.01597541 0.0001386531 0.04202083 0.01598352 -0.005485324 0.04144535 0.01598474 -0.007302557 0.05415846 0.01598497 -0.001135039 0.04144533 0.01598737 0.0006823183 0.05415846 0.01599777 -0.00418191 0.05662622 0.01599836 -0.002438569 0.05662624 0.01600237 0.0006898756 0.04322617 0.01600572 -0.007280243 0.0428924 0.01600834 0.0006599889 0.04289239 0.01601395 -0.003748431 0.05664198 0.01601424 -0.002872062 0.05664199 0.01601944 -0.003310249 0.05664724 0.01602192 -0.006758948 0.05561289 0.01602421 0.0001386373 0.0556129 0.01602615 -0.006919078 0.05540705 0.01602854 0.0002987797 0.05540706 0.01603932 -0.004977853 0.04137604 0.01604043 -0.001642577 0.04137602 0.01604059 -0.00657317 0.04194899 0.01604275 -4.716408e-05 0.04194896 0.01605653 -0.007310143 0.05354625 0.01605915 0.0006898571 0.05354625 0.01606069 -0.007054322 0.0424211 0.01606317 0.0004340144 0.04242109 0.01606494 -0.005951376 0.05611533 0.0160667 -0.0006690107 0.05611535 0.01606969 -0.007310147 0.04334657 0.01607009 -0.004586195 0.04133786 0.01607094 -0.002034294 0.04133785 0.01607453 -0.007280266 0.05418839 0.01607715 0.0006599664 0.05418839 0.01608965 -0.007054332 0.05505421 0.01609213 0.0004340051 0.05505421 0.01609235 -0.004181941 0.0413103 0.01609293 -0.0024386 0.04131028 0.01610024 -0.007302595 0.04320187 0.01610248 -0.006365585 0.04188306 0.01610287 0.0006822802 0.04320187 0.01610451 -0.0002547994 0.04188304 0.01610453 -0.00657319 0.05566665 0.01610657 -0.003748462 0.04129276 0.0161067 -4.718487e-05 0.05566667 0.01610686 -0.002872092 0.04129276 0.0161114 -0.003310279 0.04128692 0.01611661 -0.006758979 0.05546083 0.01611661 0.0006898381 0.043431 0.0161189 0.0001386061 0.05546085 0.0161333 -0.007310168 0.05320108 0.01613592 0.0006898319 0.05320108 0.01613692 -0.007193555 0.05454203 0.01613948 0.0005732077 0.05454204 0.01614453 -0.006919117 0.04234511 0.01614692 0.0002987406 0.0423451 0.01614855 -0.007193559 0.0427852 0.01614948 -0.007302611 0.05357883 0.01615112 0.0005732037 0.04278519 0.01615211 0.0006822642 0.05357883 0.01615465 -0.00548538 0.05618633 0.0161561 -0.001135095 0.05618635 0.01618032 -0.00636561 0.05571597 0.0161814 -0.007280301 0.04315317 0.01618235 -0.0002548248 0.05571599 0.01618402 0.0006599311 0.04315317 0.01619086 -0.006919132 0.0551048 0.01619325 0.0002987256 0.05510481 0.01619821 -0.00595142 0.04178113 0.01619971 -0.00731019 0.05284127 0.01619996 -0.0006690547 0.04178111 0.01620133 -0.006573222 0.05551118 0.01620234 0.00068981 0.05284127 0.0162035 -4.72167e-05 0.0555112 0.01620861 -0.007310193 0.0436423 0.01621124 0.0006898069 0.0436423 0.0162225 -0.006759015 0.04227445 0.01622447 -0.004977913 0.05624156 0.01622479 0.0001385711 0.04227443 0.01622559 -0.001642638 0.05624157 0.01624137 -0.007280321 0.0536013 0.01624265 -0.007302642 0.04347207 0.01624397 -0.00719359 0.05424485 0.01624399 0.0006599116 0.0536013 0.01624528 0.0006822334 0.04347206 0.01624654 0.0005731726 0.05424485 0.01626296 -0.004586257 0.05627197 0.01626382 -0.002034357 0.05627199 0.01627657 -0.00548542 0.04169773 0.01627802 -0.001135136 0.04169772 0.01627906 -0.006365643 0.05555738 0.01627997 -0.007054394 0.04268658 0.01628109 -0.0002548572 0.05555739 0.01628245 0.0004339424 0.04268657 0.01628498 -0.006759035 0.05515184 0.01628565 -0.007302656 0.05292163 0.01628728 0.0001385508 0.05515186 0.01628827 0.0006822194 0.05292163 0.01629003 -0.007054398 0.05460176 0.01629048 -0.007310219 0.04388281 0.0162908 -0.004182006 0.05629394 0.01629139 -0.002438665 0.05629395 0.01629251 0.0004339392 0.05460177 0.01629311 0.0006897801 0.04388281 0.01629552 -0.006573253 0.04220829 0.01629752 -0.005951453 0.05579222 0.01629769 -4.724788e-05 0.04220827 0.01629928 -0.0006690872 0.05579224 0.01630147 -0.007310223 0.05207773 0.01630409 0.0006897765 0.05207773 0.01630856 -0.003748528 0.05630791 0.01630886 -0.002872159 0.05630791 0.01631458 -0.003310346 0.05631257 0.01632868 -0.00728035 0.04343269 0.01633129 0.0006598827 0.04343269 0.01633455 -0.00719362 0.04306129 0.01633575 -0.00719362 0.05394505 0.01633711 0.0005731426 0.04306129 0.01633757 -0.004977951 0.04163287 0.01633831 0.0005731424 0.05394506 0.01633868 -0.001642675 0.04163285 0.01634703 -0.007310238 0.04412611 0.01634966 0.0006897615 0.04412611 0.0163544 -0.007302679 0.04375664 0.01635631 -0.007310241 0.05137527 0.01635703 0.0006821967 0.04375664 0.01635893 0.0006897585 0.05137527 0.01636252 -0.006365671 0.0421476 0.01636455 -0.0002548849 0.04214758 0.01637048 -0.006919191 0.04261868 0.0163712 -0.004586293 0.04159715 0.01637206 -0.002034393 0.04159713 0.01637287 0.0002986663 0.04261867 0.01637313 -0.006573279 0.05519589 0.0163753 -4.727317e-05 0.0551959 0.01637677 -0.007310248 0.04435577 0.01637894 -0.007280366 0.05293756 0.0163794 0.0006897517 0.04435576 0.0163805 -0.007302687 0.0522587 0.01638156 0.0006598663 0.05293756 0.01638312 0.0006821882 0.0522587 0.01638573 -0.007310251 0.0505894 0.01638835 0.0006897488 0.0505894 0.01639117 -0.007310253 0.04462738 0.01639124 -0.007310253 0.04611797 0.01639125 -0.007310253 0.04888618 0.01639225 -0.007310253 0.04973801 0.01639268 -0.007310253 0.04500004 0.01639346 -0.005485458 0.05585461 0.01639379 0.000689747 0.04462738 0.01639401 0.0006897469 0.04760855 0.01639487 0.0006897467 0.04973801 0.01639491 -0.001135174 0.05585462 0.01639531 0.0006897464 0.04500004 0.01639546 -0.006919199 0.05464289 0.01639553 -0.004182041 0.04157135 0.01639612 -0.0024387 0.04157133 0.01639786 0.0002986583 0.0546429 0.01639926 -0.005951486 0.0556288 0.01639987 -0.007054434 0.05429679 0.01640102 -0.0006691206 0.05562881 0.01640235 0.0004339032 0.05429679 0.01641106 -0.003748562 0.04155494 0.01641135 -0.002872192 0.04155493 0.01641476 -0.007302699 0.04396965 0.01641477 -0.007193646 0.05364369 0.01641634 -0.00331038 0.04154947 0.01641733 0.0005731164 0.0536437 0.01641739 0.0006821768 0.04396965 0.01644117 -0.007302707 0.05159221 0.0164438 0.0006821682 0.05159221 0.01644437 -0.007280388 0.0437272 0.01644699 0.0006598447 0.0437272 0.01645399 -0.0063657 0.0552363 0.01645464 -0.006759091 0.04255554 0.01645603 -0.0002549147 0.05523631 0.0164565 -0.007302712 0.04418725 0.01645693 0.0001384948 0.04255552 0.01645913 0.0006821631 0.04418725 0.01646613 -0.005951508 0.04205377 0.01646788 -0.0006691428 0.04205375 0.01646812 -0.004977993 0.05590313 0.01646924 -0.001642718 0.05590314 0.01647456 -0.007280397 0.05226952 0.01647482 -0.007302718 0.05092432 0.01647546 -0.007054459 0.04297676 0.01647718 0.0006598349 0.05226952 0.01647745 0.0006821572 0.05092432 0.01647794 0.0004338781 0.04297675 0.01647964 -0.00730272 0.04440783 0.01648227 0.0006821555 0.04440783 0.01648499 -0.007302722 0.05052553 0.01648761 0.0006821539 0.05052553 0.01648888 -0.007302723 0.04563466 0.01648946 -0.007302723 0.04853896 0.01649031 -0.007302723 0.04973008 0.016491 -0.007193672 0.04335839 0.01649148 -0.007302724 0.04484255 0.01649151 0.0006821525 0.04563466 0.01649209 0.0006821523 0.04853896 0.01649294 0.0006821521 0.04973008 0.01649352 -0.006759103 0.05468113 0.01649357 0.0005730912 0.04335839 0.01649372 -0.007054464 0.05399013 0.01649411 0.0006821516 0.04484255 0.01649581 0.0001384822 0.05468114 0.0164962 0.0004338723 0.05399014 0.01649765 -0.005485493 0.05568723 0.0164991 -0.001135208 0.05568724 0.01650687 -0.007280408 0.04394754 0.01650723 -0.006919236 0.05433255 0.01650928 -0.004586339 0.05592986 0.01650948 0.0006598241 0.04394754 0.01650962 0.0002986216 0.05433256 0.01651014 -0.002034438 0.05592987 0.01653347 -0.006573332 0.04249642 0.01653559 -0.007280417 0.05159891 0.01653563 -4.732608e-05 0.0424964 0.0165382 0.0006598148 0.05159891 0.01653905 -0.004182088 0.05594916 0.01653964 -0.002438747 0.05594917 0.01655006 -0.007280422 0.04417296 0.01655094 -0.00548551 0.041977 0.01655239 -0.001135226 0.04197698 0.01655268 0.0006598099 0.04417296 0.01655499 -0.007193692 0.05296761 0.01655756 0.0005730703 0.05296762 0.01655804 -0.00374861 0.05596143 0.01655833 -0.002872241 0.05596144 0.01656446 -0.003310428 0.05596553 0.01656938 -0.007280429 0.05092748 0.01657199 0.0006598037 0.05092748 0.0165725 -0.006919258 0.04291856 0.01657399 -0.00728043 0.04440178 0.01657422 -0.004978028 0.05573268 0.01657431 -0.007054491 0.05368269 0.01657489 0.0002985999 0.04291855 0.01657534 -0.001642753 0.05573269 0.0165766 0.0006598021 0.04440178 0.01657679 0.0004338458 0.05368269 0.01657905 -0.005951545 0.05529877 0.0165796 -0.007280432 0.05052678 0.01658081 -0.0006691797 0.05529879 0.01658221 0.0006598004 0.05052678 0.01658352 -0.007280433 0.04563429 0.01658411 -0.007280434 0.04853897 0.01658496 -0.007280434 0.04972984 0.01658534 -0.006573349 0.05471694 0.01658613 0.000659799 0.04563429 0.01658619 -0.007280434 0.0448442 0.01658673 0.0006597989 0.04853897 0.01658751 -4.734294e-05 0.05471695 0.01658758 0.0006597986 0.04972984 0.01658881 0.0006597981 0.0448442 0.0166025 -0.006919267 0.05402117 0.0166049 0.0002985902 0.05402118 0.01660578 -0.00636575 0.04244218 0.01660707 -0.006759141 0.05436581 0.01660781 -0.0002549648 0.04244217 0.01660937 0.0001384449 0.05436582 0.01661415 -0.007193712 0.04367165 0.01661643 -0.004586374 0.05575771 0.01661672 0.0005730507 0.04367165 0.01661695 -0.004978043 0.04191728 0.01661729 -0.002034473 0.05575772 0.01661807 -0.001642767 0.04191727 0.01664037 -0.007054513 0.04329004 0.01664285 0.0004338239 0.04329003 0.01664696 -0.004182123 0.05577578 0.01664754 -0.002438782 0.05577579 0.01665206 -0.007193724 0.05228992 0.01665335 -0.004586386 0.0418844 0.0166542 -0.002034486 0.04188438 0.01665463 0.0005730384 0.05228992 0.01666274 -0.006759159 0.04286444 0.01666504 0.0001384264 0.04286442 0.01666642 -0.003748646 0.05578728 0.01666672 -0.002872276 0.05578728 0.01666959 -0.006365771 0.05474979 0.01667162 -0.0002549856 0.0547498 0.01667301 -0.003310464 0.05579111 0.01667967 -0.004182134 0.04186065 0.01668026 -0.002438793 0.04186063 0.01668067 -0.007193734 0.04390581 0.01668141 -0.005485553 0.05534989 0.01668287 -0.001135268 0.0553499 0.01668324 0.0005730289 0.04390581 0.01668418 -0.006919294 0.05370954 0.01668657 0.0002985634 0.05370955 0.01669647 -0.003748656 0.04184554 0.01669677 -0.002872286 0.04184554 0.01670057 -0.006573386 0.05439695 0.01670217 -0.003310473 0.0418405 0.01670274 -4.738082e-05 0.05439696 0.01670367 -0.006759172 0.05405004 0.01670597 0.0001384131 0.05405005 0.01671374 -0.007193745 0.05161155 0.01671631 0.0005730181 0.05161155 0.01671697 -0.007054538 0.05299527 0.01671762 -0.005951591 0.04235833 0.01671938 -0.0006692255 0.04235831 0.01671945 0.0004337989 0.05299527 0.01672661 -0.007193749 0.044146 0.01672918 0.0005730137 0.044146 0.01674322 -0.006919313 0.04324298 0.01674562 0.0002985438 0.04324297 0.01674726 -0.006573402 0.04281376 0.01674779 -0.007193756 0.05093344 0.01674943 -4.739636e-05 0.04281375 0.01675036 0.0005730069 0.05093344 0.016752 -0.007193757 0.04439037 0.01675457 0.0005730054 0.04439037 0.01675812 -0.007193759 0.05052914 0.01676069 0.0005730035 0.05052914 0.01676108 -0.00497809 0.05538964 0.01676208 -0.00719376 0.04563358 0.01676219 -0.001642814 0.05538966 0.01676271 -0.007193761 0.048539 0.01676357 -0.007193761 0.04972939 0.01676465 0.0005730021 0.04563358 0.01676492 -0.007193761 0.04484732 0.01676527 0.000573002 0.048539 0.01676614 0.0005730017 0.04972939 0.01676748 0.0005730011 0.04484732 0.01677036 -0.007054555 0.04362055 0.01677284 0.0004337812 0.04362054 0.01678635 -0.0067592 0.05373451 0.01678635 -0.006365809 0.05442552 0.01678838 -0.000255024 0.05442553 0.01678865 0.000138386 0.05373452 0.01679841 -0.006573419 0.05407706 0.01679987 -0.005951618 0.05480058 0.01680058 -4.741299e-05 0.05407707 0.01680163 -0.0006692523 0.05480058 0.01680499 -0.004586436 0.05541154 0.01680585 -0.002034535 0.05541155 0.01680917 -0.005485595 0.04228973 0.01681062 -0.001135311 0.04228971 0.01681538 -0.00705457 0.0523087 0.01681787 0.0004337665 0.0523087 0.01682479 -0.006365822 0.04276727 0.01682683 -0.0002550368 0.04276726 0.01682852 -0.006919342 0.05301431 0.01683092 0.0002985159 0.05301431 0.01683674 -0.004182186 0.05542736 0.01683733 -0.002438845 0.05542736 0.01683888 -0.006759217 0.04319921 0.01684059 -0.007054579 0.04386742 0.01684117 0.0001383685 0.0431992 0.01684307 0.0004337581 0.04386742 0.01685699 -0.003748708 0.05543741 0.01685729 -0.002872339 0.05543742 0.01686384 -0.003310526 0.05544077 0.01687767 -0.007054591 0.05162319 0.01687794 -0.006919358 0.04358536 0.01688015 0.000433746 0.05162319 0.01688033 0.0002984995 0.04358535 0.01688042 -0.004978129 0.04223637 0.01688154 -0.001642853 0.04223635 0.01688204 -0.006573446 0.05375789 0.01688421 -4.744048e-05 0.0537579 0.01688533 -0.006365842 0.05410186 0.01688737 -0.0002550565 0.05410186 0.01688906 -0.007054595 0.0441212 0.01689154 0.0004337422 0.0441212 0.0169065 -0.005485627 0.05484212 0.01690796 -0.001135342 0.05484214 0.01691195 -0.007054602 0.05093892 0.01691443 0.0004337348 0.05093892 0.0169158 -0.007054604 0.04437986 0.01691828 0.0004337334 0.04437986 0.016919 -0.005951657 0.05446968 0.0169197 -0.004586473 0.04220698 0.01692056 -0.002034573 0.04220697 0.01692076 -0.0006692915 0.05446969 0.01692238 -0.007054605 0.05053131 0.01692486 0.0004337313 0.05053131 0.01692639 -0.007054607 0.04563293 0.01692703 -0.007054607 0.04853903 0.01692785 -0.006919374 0.05232163 0.01692792 -0.007054607 0.04972897 0.01692846 -0.006573462 0.04315823 0.01692887 0.0004337299 0.04563293 0.01692936 -0.007054608 0.04485019 0.01692952 0.0004337298 0.04853903 0.01693025 0.0002984833 0.05232163 0.0169304 0.0004337295 0.04972897 0.01693063 -4.745592e-05 0.04315822 0.01693184 0.0004337289 0.04485019 0.01693226 -0.006759248 0.05303201 0.01693455 0.000138338 0.05303201 0.0169447 -0.005951665 0.0426954 0.01694646 -0.0006693001 0.04269539 0.01694811 -0.004182222 0.04218575 0.01694869 -0.002438881 0.04218575 0.01695071 -0.006919382 0.04384099 0.01695311 0.0002984756 0.04384098 0.01696623 -0.003748745 0.04217226 0.01696653 -0.002872375 0.04217225 0.01696982 -0.00636587 0.05377934 0.01697186 -0.0002550843 0.05377935 0.01697237 -0.003310562 0.04216776 0.01697798 -0.006759263 0.04355264 0.01698027 0.0001383228 0.04355263 0.01698949 -0.004978165 0.05487444 0.01699055 -0.006919395 0.0516312 0.01699061 -0.001642889 0.05487445 0.01699295 0.0002984626 0.0516312 0.01700092 -0.006919398 0.04410412 0.01700332 0.0002984591 0.04410412 0.01701064 -0.006365883 0.04312064 0.01701268 -0.0002550979 0.04312063 0.01701974 -0.00595169 0.05414019 0.01702151 -0.0006693246 0.05414019 0.017025 -0.006919406 0.05094269 0.01702739 0.0002984513 0.05094269 0.01702758 -0.005485667 0.05450582 0.0170286 -0.006919407 0.04437263 0.01702903 -0.001135382 0.05450583 0.0170294 -0.006573494 0.05304859 0.01703099 0.00029845 0.04437263 0.01703157 -4.748894e-05 0.05304859 0.01703244 -0.006759281 0.05233365 0.01703474 0.000138305 0.05233365 0.01703523 -0.004586511 0.05489224 0.0170355 -0.00691941 0.05053281 0.01703609 -0.002034611 0.05489225 0.01703789 0.0002984478 0.05053281 0.01704004 -0.006919411 0.04462735 0.01704028 -0.006919411 0.04933313 0.01704033 -0.006919411 0.04679748 0.01704139 -0.006919412 0.04506015 0.01704244 0.0002984463 0.04462735 0.01704267 0.0002984463 0.04933313 0.01704272 0.0002984462 0.04679748 0.01704285 -0.005485672 0.0426366 0.01704379 0.0002984458 0.04506015 0.01704431 -0.001135387 0.04263659 0.01705313 -0.006759287 0.04381641 0.01705542 0.0001382981 0.04381641 0.01706831 -0.004182262 0.0549051 0.0170689 -0.002438921 0.05490511 0.01707166 -0.006573508 0.043522 0.01707383 -4.750298e-05 0.043522 0.0170894 -0.003748785 0.05491327 0.01708969 -0.002872415 0.05491328 0.01709553 -0.006759301 0.05163865 0.01709653 -0.003310603 0.054916 0.01709783 0.0001382843 0.05163865 0.01710496 -0.006759305 0.04408824 0.01710557 -0.005951718 0.0538125 0.01710725 0.0001382811 0.04408823 0.01710733 -0.0006693528 0.05381251 0.01711208 -0.004978205 0.05453392 0.01711319 -0.001642929 0.05453393 0.01711853 -0.006365919 0.05306379 0.01711924 -0.004978208 0.04259086 0.01712036 -0.001642932 0.04259085 0.01712056 -0.0002551332 0.0530638 0.01712976 -0.005485701 0.05417155 0.01713013 -0.006759313 0.0509462 0.01713039 -0.006573528 0.05234491 0.01713122 -0.001135416 0.05417155 0.01713243 0.0001382729 0.0509462 0.01713256 -4.752215e-05 0.05234491 0.0171335 -0.006759314 0.04436591 0.01713579 0.0001382717 0.04436591 0.01713774 -0.005951729 0.04306252 0.0171395 -0.0006693636 0.04306251 0.01714069 -0.006759316 0.05053419 0.01714299 0.0001382694 0.05053419 0.01714528 -0.006759318 0.04462735 0.01714552 -0.006759318 0.04933312 0.01714557 -0.006759318 0.04679762 0.01714666 -0.006759318 0.0450611 0.01714758 0.0001382678 0.04462735 0.01714781 0.0001382678 0.04933312 0.01714787 0.0001382678 0.04679762 0.01714896 0.0001382674 0.0450611 0.01714903 -0.006573534 0.0437934 0.0171512 -4.752841e-05 0.04379339 0.01715761 -0.006365932 0.0434939 0.01715865 -0.004586552 0.0545494 0.01715951 -0.002034652 0.05454941 0.01715965 -0.0002551462 0.04349389 0.01716135 -0.004586553 0.04256567 0.01716221 -0.002034653 0.04256566 0.0171918 -0.004182302 0.04254748 0.01719233 -0.004182302 0.05456058 0.01719239 -0.002438962 0.04254747 0.01719291 -0.002438962 0.05456059 0.01719384 -0.006573548 0.05164562 0.01719601 -4.754302e-05 0.05164562 0.01720238 -0.006573552 0.04407337 0.01720455 -4.754594e-05 0.04407336 0.01721122 -0.003748825 0.04253591 0.01721152 -0.002872455 0.0425359 0.0172138 -0.003748826 0.05456769 0.0172141 -0.002872456 0.0545677 0.01721538 -0.00497824 0.05419594 0.0172165 -0.001642963 0.05419595 0.01721668 -0.005485729 0.05383963 0.0172178 -0.003310643 0.04253205 0.01721814 -0.001135444 0.05383964 0.01722025 -0.006365952 0.05235523 0.01722106 -0.003310644 0.05457006 0.01722229 -0.0002551666 0.05235524 0.01722858 -0.00657356 0.05094949 0.01723075 -4.755444e-05 0.05094949 0.01723173 -0.006573561 0.04435961 0.0172339 -4.755559e-05 0.04435961 0.01723702 -0.006365958 0.04377229 0.01723906 -0.0002551723 0.04377228 0.0172392 -0.006573564 0.0505355 0.01724137 -4.755795e-05 0.0505355 0.01724176 -0.005485738 0.04301497 0.01724322 -0.001135453 0.04301496 0.01724383 -0.006573565 0.04462734 0.01724407 -0.006573565 0.04933312 0.01724413 -0.006573565 0.04679775 0.01724525 -0.006573565 0.045062 0.01724601 -4.755956e-05 0.04462734 0.01724624 -4.755956e-05 0.04933312 0.0172463 -4.755962e-05 0.04679775 0.01724742 -4.756002e-05 0.045062 0.01725635 -0.005951768 0.0530873 0.01725812 -0.0006694024 0.05308731 0.01726257 -0.004586586 0.05420937 0.01726343 -0.002034686 0.05420938 0.01728403 -0.006365973 0.05165202 0.01728607 -0.0002551876 0.05165202 0.01729053 -0.005951779 0.04345045 0.01729176 -0.006365976 0.04405973 0.01729229 -0.0006694138 0.04345044 0.01729379 -0.0002551903 0.04405973 0.0172967 -0.004182337 0.05421907 0.01729728 -0.002438996 0.05421908 0.01730315 -0.004978268 0.05386073 0.01730427 -0.001642992 0.05386074 0.01731845 -0.00374886 0.05422525 0.01731875 -0.00287249 0.05422525 0.0173189 -0.006365985 0.0509525 0.01732094 -0.0002551991 0.0509525 0.01732185 -0.006365986 0.04435384 0.01732272 -0.004978275 0.04297799 0.01732384 -0.001642999 0.04297798 0.01732389 -0.0002552002 0.04435383 0.0173258 -0.003310678 0.0542273 0.01733422 -0.00636599 0.0489368 0.01733425 -0.00636599 0.04462734 0.01733433 -0.00636599 0.04621579 0.01733452 -0.00636599 0.05012734 0.0173357 -0.00636599 0.04506281 0.01733626 -0.0002552042 0.0489368 0.01733628 -0.0002552043 0.04462734 0.01733636 -0.0002552043 0.04621579 0.01733656 -0.0002552043 0.05012734 0.01733773 -0.0002552047 0.04506281 0.01735081 -0.004586615 0.05387236 0.01735167 -0.002034715 0.05387236 0.01735921 -0.005951802 0.0523712 0.01736098 -0.0006694362 0.0523712 0.01736735 -0.004586621 0.04295761 0.01736821 -0.00203472 0.04295761 0.01736916 -0.005485779 0.05310654 0.01737062 -0.001135494 0.05310654 0.01737309 -0.005951807 0.04373965 0.01737485 -0.0006694409 0.04373964 0.01738527 -0.004182366 0.05388075 0.01738586 -0.002439025 0.05388075 0.01739932 -0.005485789 0.0434149 0.01739962 -0.004182371 0.04294291 0.01740021 -0.00243903 0.0429429 0.01740078 -0.001135505 0.04341489 0.01740725 -0.003748889 0.05388609 0.01740754 -0.00287252 0.05388609 0.01741467 -0.003310708 0.05388787 0.0174202 -0.003748894 0.04293355 0.01742049 -0.002872524 0.04293355 0.01742351 -0.005951823 0.05166191 0.01742527 -0.0006694574 0.05166191 0.01742716 -0.003310712 0.04293043 0.01742998 -0.005951825 0.04403864 0.01743174 -0.0006694596 0.04403864 0.01745695 -0.004978319 0.0531215 0.01745807 -0.001643043 0.05312151 0.01745858 -0.005951834 0.05095716 0.01746034 -0.0006694689 0.05095716 0.01746122 -0.005951835 0.0443449 0.01746298 -0.0006694699 0.0443449 0.01747295 -0.005485814 0.05238426 0.01747404 -0.005951839 0.04893691 0.01747407 -0.005951839 0.04462733 0.01747415 -0.005951839 0.04621578 0.01747434 -0.005951839 0.05012733 0.01747441 -0.001135529 0.05238426 0.01747557 -0.00595184 0.04506408 0.0174758 -0.000669474 0.04893691 0.01747583 -0.0006694741 0.04462733 0.01747591 -0.0006694741 0.04621578 0.0174761 -0.0006694741 0.05012733 0.01747733 -0.0006694746 0.04506408 0.01748399 -0.004978328 0.04338725 0.01748446 -0.005485817 0.04371294 0.01748511 -0.001643052 0.04338724 0.01748592 -0.001135532 0.04371294 0.01750533 -0.004586666 0.05312974 0.0175062 -0.002034766 0.05312975 0.01753066 -0.004586674 0.04337202 0.01753152 -0.002034774 0.04337201 0.01753766 -0.005485835 0.05167 0.01753912 -0.00113555 0.05167 0.01754032 -0.004182417 0.05313569 0.01754091 -0.002439076 0.0531357 0.0175431 -0.005485837 0.04402139 0.01754456 -0.001135552 0.04402138 0.01756146 -0.004978353 0.05239442 0.01756258 -0.001643077 0.05239442 0.01756263 -0.00374894 0.05313948 0.01756292 -0.002872571 0.05313948 0.0175644 -0.004182425 0.04336102 0.01756499 -0.002439084 0.04336102 0.01757016 -0.003310759 0.05314074 0.01757113 -0.004978356 0.04369217 0.01757225 -0.00164308 0.04369217 0.0175729 -0.005485847 0.05096097 0.01757436 -0.001135561 0.05096097 0.01757529 -0.005485847 0.0443376 0.01757674 -0.001135562 0.0443376 0.01758592 -0.003748948 0.04335403 0.01758621 -0.002872579 0.04335402 0.01758847 -0.005485851 0.048937 0.01758851 -0.005485852 0.04462733 0.01758858 -0.005485852 0.04621577 0.01758878 -0.005485852 0.05012733 0.01758993 -0.001135567 0.048937 0.01758996 -0.001135567 0.04462733 0.01759004 -0.001135567 0.04621577 0.01759005 -0.005485852 0.04506511 0.01759023 -0.001135567 0.05012733 0.01759151 -0.001135567 0.04506511 0.01759319 -0.003310766 0.0433517 0.01761025 -0.0045867 0.05240002 0.01761111 -0.0020348 0.05240002 0.0176189 -0.004586703 0.04368073 0.01761976 -0.002034803 0.04368073 0.0176265 -0.004978374 0.0516763 0.01762762 -0.001643099 0.0516763 0.01763114 -0.004978376 0.04400797 0.01763226 -0.0016431 0.04400796 0.01764552 -0.004182452 0.05240406 0.01764611 -0.002439111 0.05240406 0.01765344 -0.004182454 0.04367247 0.01765403 -0.002439113 0.04367246 0.01766187 -0.004978386 0.05096394 0.01766299 -0.00164311 0.05096394 0.01766406 -0.004978387 0.04433191 0.01766518 -0.001643111 0.04433191 0.01766801 -0.003748975 0.05240663 0.01766831 -0.002872605 0.05240663 0.01767547 -0.004586722 0.05167976 0.01767547 -0.003748978 0.04366721 0.01767561 -0.003310793 0.05240748 0.01767576 -0.002872608 0.04366721 0.01767633 -0.002034822 0.05167976 0.01767753 -0.004978391 0.04893707 0.01767756 -0.004978391 0.04462732 0.01767764 -0.004978391 0.04621577 0.01767784 -0.004978391 0.05012732 0.01767865 -0.001643115 0.04893707 0.01767868 -0.001643116 0.04462732 0.01767876 -0.001643116 0.04621577 0.01767896 -0.001643116 0.05012732 0.01767914 -0.004978392 0.04506591 0.01767967 -0.004586723 0.04400057 0.01768026 -0.001643116 0.04506591 0.01768053 -0.002034823 0.04400057 0.01768291 -0.003310796 0.04366546 0.01771087 -0.004182473 0.05168227 0.01771091 -0.004586733 0.05096557 0.01771146 -0.002439132 0.05168227 0.01771177 -0.002034833 0.05096557 0.01771298 -0.004586734 0.04432878 0.01771384 -0.002034834 0.04432878 0.01771475 -0.004182475 0.04399524 0.01771534 -0.002439133 0.04399523 0.01772661 -0.004586739 0.04893711 0.01772665 -0.004586739 0.04462732 0.01772673 -0.004586739 0.04621577 0.01772692 -0.004586739 0.05012732 0.01772747 -0.002034838 0.04893711 0.01772751 -0.002034839 0.04462732 0.01772759 -0.002034839 0.04621577 0.01772778 -0.002034839 0.05012732 0.01772824 -0.004586739 0.04506636 0.0177291 -0.002034839 0.04506636 0.01773344 -0.003748997 0.05168386 0.01773374 -0.002872627 0.05168386 0.01773712 -0.003748998 0.04399184 0.01773742 -0.002872628 0.04399184 0.01774107 -0.003310815 0.05168439 0.01774468 -0.003310816 0.04399071 0.01774636 -0.004182485 0.05096675 0.01774695 -0.002439144 0.05096675 0.01774836 -0.004182486 0.04432652 0.01774895 -0.002439144 0.04432652 0.0177621 -0.00418249 0.04893714 0.01776214 -0.00418249 0.04462732 0.01776222 -0.00418249 0.04621576 0.01776241 -0.00418249 0.05012732 0.01776269 -0.002439149 0.04893714 0.01776273 -0.002439149 0.04462732 0.01776281 -0.002439149 0.04621576 0.017763 -0.002439149 0.05012732 0.01776375 -0.00418249 0.04506668 0.01776434 -0.00243915 0.04506668 0.01776896 -0.003749008 0.0509675 0.01776926 -0.002872639 0.0509675 0.01777092 -0.003749009 0.04432508 0.01777121 -0.002872639 0.04432508 0.0177766 -0.003310827 0.05096775 0.01777853 -0.003310827 0.04432461 0.01778473 -0.003749014 0.04893716 0.01778477 -0.003749014 0.04462732 0.01778485 -0.003749014 0.04621576 0.01778503 -0.002872644 0.04893716 0.01778504 -0.003749014 0.05012732 0.01778506 -0.002872644 0.04462732 0.01778514 -0.002872644 0.04621576 0.01778534 -0.002872644 0.05012732 0.01778638 -0.003749014 0.04506688 0.01778668 -0.002872644 0.04506688 0.01779237 -0.003310832 0.04893717 0.01779241 -0.003310832 0.04462732 0.01779249 -0.003310832 0.04621576 0.01779268 -0.003310832 0.05012732 0.01779403 -0.003310833 0.04506695</float_array>
          <technique_common>
            <accessor count="3921" source="#cubeverts-array0-array" stride="3">
              <param type="float" name="X"/>
              <param type="float" name="Y"/>
              <param type="float" name="Z"/>
            </accessor>
          </technique_common>
        </source>
        <source id="cubenormals-array0">
          <float_array count="25428" id="cubenormals-array0-array">-0.9936967 0 0.112102 -0.9437815 0 0.3305699 -0.9437815 0 0.3305699 -0.8465129 0 0.5323682 -0.8465129 0 0.5323682 -0.7069504 0 0.7072631 -0.7069504 0 0.7072631 -0.5319275 0 0.8467898 -0.5319275 0 0.8467898 -0.3300034 0 0.9439797 -0.3300034 0 0.9439797 -0.1117481 0 0.9937366 -0.1117481 0 0.9937366 -0.9936967 0 0.112102 -0.99375 -0 -0.1116286 -0.99375 0 -0.1116286 -0.9439387 -0 -0.3301205 -0.9439387 0 -0.3301205 -0.8467671 -0 -0.5319637 -0.8467671 0 -0.5319637 -0.7072878 -0 -0.7069257 -0.7072878 0 -0.7069257 -0.5323297 -0 -0.8465371 -0.5323297 0 -0.8465371 -0.3304557 -0 -0.9438215 -0.3304557 0 -0.9438215 -0.1122215 -0 -0.9936833 -0.1122215 0 -0.9936833 -0.9936959 0 0.112109 -0.9437811 0 0.330571 -0.9437811 0 0.330571 -0.8465183 0 0.5323597 -0.8465183 0 0.5323597 -0.7069477 0 0.7072657 -0.7069477 0 0.7072657 -0.5319333 0 0.8467862 -0.5319333 0 0.8467862 -0.3299817 0 0.9439873 -0.3299817 0 0.9439873 -0.1117583 0 0.9937354 -0.1117583 0 0.9937354 -0.9936959 0 0.112109 -0.9937501 -0 -0.1116285 -0.9937501 0 -0.1116285 -0.9439363 -0 -0.3301278 -0.9439363 0 -0.3301278 -0.8467739 -0 -0.5319531 -0.8467739 0 -0.5319531 -0.7072743 -0 -0.7069393 -0.7072743 0 -0.7069393 -0.5323443 -0 -0.8465279 -0.5323443 0 -0.8465279 -0.3304563 -0 -0.9438213 -0.3304563 0 -0.9438213 -0.1122129 -0 -0.9936842 -0.1122129 0 -0.9936842 -0.9936958 0 0.1121096 -0.9437811 0 0.330571 -0.9437811 0 0.330571 -0.8465167 0 0.5323623 -0.8465167 0 0.5323623 -0.7069591 0 0.7072544 -0.7069591 0 0.7072544 -0.5319092 0 0.8468014 -0.5319092 0 0.8468014 -0.3300047 0 0.9439794 -0.3300047 0 0.9439794 -0.1117624 0 0.993735 -0.1117624 0 0.993735 -0.9936958 0 0.1121096 -0.9937502 -0 -0.1116273 -0.9937502 0 -0.1116273 -0.9439363 -0 -0.3301278 -0.9439363 0 -0.3301278 -0.8467723 -0 -0.5319557 -0.8467723 0 -0.5319557 -0.7072999 -0 -0.7069137 -0.7072999 0 -0.7069137 -0.5323306 -0 -0.8465365 -0.5323306 0 -0.8465365 -0.3304554 -0 -0.9438217 -0.3304554 0 -0.9438217 -0.1122064 -0 -0.9936849 -0.1122064 0 -0.9936849 0 -1 0 0 -1 0 0 -1 0 0 -1 0 0 -1 -0 0 -1 0 0 -1 0 0 -1 0 0 -1 0 0 -1 0 0 -1 0 0 -1 0 0 -1 0 0 -1 0 0 -1 0 0 -1 0 0 -1 0 0 -1 -0 0 -1 0 0 -1 0 0 -1 0 0 -1 0 0 -1 0 0 -1 0 0 -1 0 0 -1 0 0 -1 0 0 -1 0 0 -1 0 0 -1 0 0 -1 0 0 -1 0 0 -1 0 0 -1 0 0 -1 0 0 -1 0 0 -1 0 0 -1 0 0 -1 0 0 -1 0 0 -1 0 0 -1 0 0 -1 0 0 -1 0 0 -1 0 0 -1 0 0 -1 0 0 -1 0 0 -1 0 0 -1 0 0 -1 0 0 -1 0 0 -1 0 0 -1 0 0 -1 0 0 -1 0 0 -1 0 0 -1 0 0 -1 0 0 -1 0 0 -1 0 0 -1 0 0 -1 0 0 -1 0 0 -1 0 0 -1 0 0 -1 0 0 -1 0 0 -1 0 0 -1 0 0 -1 0 0 -1 0 0 -1 0 0 -1 0 0 -1 0 0 -1 0 0 -1 0 0 -1 0 0 -1 0 0 -1 0 0 -1 0 -0 -1 0 0 -1 0 0 -1 0 0 -1 0 0 -1 0 0 -1 0 0 -1 0 0 -1 0 0 -1 0 0 -1 0 0 -1 0 0 -1 0 0 -1 0 0 -1 0 0 -1 0 0 -1 0 0 -1 0 0 -1 0 0 -1 0 0 -1 0 0 -1 0 0 -1 0 0 -1 0 0 -1 0 0 -1 0 0 -1 0 0 -1 0 0 -1 0 0 -1 0 0 -1 0 0 -1 0 0 -1 0 0 -1 0 0 -1 0 0 -1 0 0 -1 0 0 -1 0 0 -1 0 0 -1 0 0 -1 0 0 -1 0 0 -1 0 0 -1 0 0 -1 0 0 -1 0 0 -1 0 0 -1 0 0 -1 0 0 -1 0 0 -1 0 0 -1 -0 0 -1 0 0 -1 0 0 -1 0 0 -1 0 0 -1 0 0 -1 0 0 -1 0 0 -1 0 0 -1 0 0 -1 0 0 -1 0 0 -1 0 0 -1 0 0 -1 0 0 -1 0 0 -1 -0 0 -1 0 0 -1 0 0 -1 0 0 -1 0 0 -1 0 0 -1 0 0 -1 0 0 -1 -0 0 -1 0 0 -1 -0 0 -1 0 0 -1 0 0 -1 -0 0 -1 0 -0 -1 0 0 -1 0 -0 -1 0 0 -1 0 -0 -1 0 0 -1 0 0 -1 0 0 -1 0 0 -1 0 0 -1 0 0 -1 0 0 -1 0 0 -1 0 0 -1 0 -0 -1 0 0 -1 0 -0 -1 0 -0 -1 -0 0 -1 0 -0 -1 0 -0 -1 0 0 -1 0 -0 -1 0 0 -1 0 -0 -1 0 -0 -1 0 0 -1 0 -0 -1 0 0 -1 0 -0 -1 0 -0 -1 0 0 -1 0 -0 -1 0 0 -1 0 -0 -1 0 -0 -1 0 0 -1 0 -0 -1 0 0 -1 0 -0 -1 0 -0 -1 0 0 -1 0 -0 -1 0 0 -1 0 -0 -1 0 -0 -1 0 0 -1 0 -0 -1 0 0 -1 0 -0 -1 0 -0 -1 0 0 -1 0 -0 -1 0 0 -1 0 0 -1 0 0 -1 0 -0 -1 0 0 -1 0 -0 -1 0 0.9936854 1.130049e-05 -0.1122023 0.9437815 1.41375e-05 -0.3305699 0.9438047 6.292121e-06 -0.3305038 0.8465129 6.97314e-06 -0.5323682 0.8465971 -1.075797e-05 -0.5322341 0.7069504 -1.123936e-05 -0.7072631 0.7069384 -9.342067e-06 -0.7072751 0.5319275 -9.242556e-06 -0.8467898 0.5318294 3.73017e-06 -0.8468515 0.3300034 3.560729e-06 -0.9439797 0.3300541 -2.447346e-06 -0.943962 0.1117481 -2.168648e-06 -0.9937366 0.1117288 0 -0.9937387 0.9936967 0 -0.112102 0.9937387 0 0.1117288 0.99375 1.129537e-05 0.1116286 0.943962 1.414124e-05 0.3300541 0.9439387 6.262956e-06 0.3301205 0.8468515 6.959169e-06 0.5318294 0.8467671 -1.080289e-05 0.5319637 0.7072751 -1.12811e-05 0.7069384 0.7072878 -9.271804e-06 0.7069257 0.5322341 -9.177731e-06 0.8465971 0.5323297 3.460355e-06 0.8465371 0.3305038 3.261313e-06 0.9438047 0.3304557 -2.447298e-06 0.9438215 0.1122023 -2.169335e-06 0.9936854 0.1122215 0 0.9936833 0.3300476 0.001450863 -0.9439631 0.499795 -0.001342479 -0.8661427 0.5318298 0.002009701 -0.8468489 0.6689264 -0.001844773 -0.7433264 0.70693 0.002460077 -0.7072793 0.8088859 -0.002235064 -0.5879614 0.8465958 0.002793676 -0.5322291 0.9134365 -0.002514761 -0.4069734 0.943801 0.00302014 -0.3305007 0.9781007 -0.002682313 -0.2081148 0.9936806 0.003128794 -0.1122016 0.9999962 -0.002740135 -0.0002387301 0.9937342 0.003128927 0.1117257 0.9781983 -0.002682612 0.2076558 0.9439573 0.003019348 0.3300537 0.9136354 -0.002514631 0.4065268 0.8468442 0.002794861 0.5318336 0.8091578 -0.002234017 0.5875872 0.7072771 0.00246039 0.7069321 0.669292 -0.001844432 0.7429973 0.5322462 0.00201017 0.8465872 0.5002138 -0.001342746 0.8659009 0.3304909 0.001450817 0.943808 0.3088134 -0.0007247092 -0.9511224 0.1042826 0.0008392578 -0.9945473 0.1117346 0 -0.9937381 0.3092643 -0.000724317 0.9509758 0.112206 0.0007838879 0.9936846 0.104751 0 0.9944985 0.9936855 1.133105e-05 -0.1122007 0.9437811 1.446505e-05 -0.330571 0.9438052 6.303161e-06 -0.3305022 0.8465115 7.152103e-06 -0.5323704 0.8466007 -1.160444e-05 -0.5322286 0.7069521 -1.236352e-05 -0.7072616 0.7069307 -8.990995e-06 -0.7072828 0.5319293 -8.765654e-06 -0.8467888 0.5318296 4.414086e-06 -0.8468514 0.3300055 4.335336e-06 -0.943979 0.3300421 0 -0.9439663 0.1117402 0 -0.9937374 0.1117402 0 -0.9937374 0.9936969 0 -0.1121002 0.9937391 0 0.1117262 0.9937501 1.100694e-05 0.1116285 0.943962 1.415815e-05 0.330054 0.943938 6.0005e-06 0.3301227 0.8468497 6.88098e-06 0.5318322 0.8467717 -9.571692e-06 0.5319566 0.7072728 -9.665835e-06 0.7069407 0.7072785 -8.765428e-06 0.706935 0.532246 -8.597205e-06 0.8465898 0.5323456 4.580488e-06 0.846527 0.330499 4.440838e-06 0.9438064 0.3304518 -1.157093e-06 0.9438229 0.1122067 -3.92365e-07 0.9936849 0.1122102 0 0.9936845 -0.03270835 0 0.999465 -0.03271782 2.54177e-06 0.9994646 -0.1218306 2.524187e-06 0.9925508 -0.1218213 0 0.992552 -0.2099608 0 0.9777098 -0.2099608 0 0.9777098 -0.2964243 0 0.9550563 -0.2964243 0 0.9550563 -0.3805165 0 0.9247742 -0.3805165 0 0.9247742 -0.4615558 0 0.8871112 -0.4615558 0 0.8871112 -0.5389296 0 0.8423508 -0.5389223 -2.313539e-06 0.8423554 -0.6119841 -2.205831e-06 0.79087 -0.6119817 -3.016937e-06 0.7908719 -0.6801501 -2.796451e-06 0.7330729 -0.6801577 0 0.7330658 -0.7428898 0 0.6694137 -0.7428872 -1.062709e-06 0.6694167 -0.7996929 -1.14397e-06 0.6004093 -0.7996932 -1.016862e-06 0.6004089 -0.8501096 -1.08097e-06 0.5266058 -0.8501117 0 0.5266023 -0.8937336 0 0.4485983 -0.893735 8.523321e-07 0.4485955 -0.9302157 8.871228e-07 0.3670132 -0.9302157 8.871228e-07 0.3670132 -0.9592704 9.148315e-07 0.2824895 -0.9592694 0 0.2824928 -0.9806619 0 0.1957096 -0.9806615 -6.234878e-07 0.1957119 -0.9942193 -6.321076e-07 0.1073686 -0.9942198 6.321079e-07 0.1073639 -0.9998349 6.356779e-07 0.01816931 -0.9998349 0 0.01817168 -0.9996481 -0 -0.02653002 -0.9996481 -0 -0.02653002 -0.9732801 0 0.2296211 -0.961431 0 0.2750465 -0.961431 0 0.2750465 -0.9474629 0 0.3198655 -0.9474629 0 0.3198655 -0.9314074 0 0.3639785 -0.9314074 0 0.3639785 -0.9132978 0 0.4072925 -0.9132978 0 0.4072925 -0.9732801 0 0.2296211 -0.9829844 0 0.1836893 -0.9829844 0 0.1836893 -0.9905219 0 0.1373545 -0.9905219 0 0.1373545 -0.9958769 0 0.09071494 -0.9958769 0 0.09071494 -0.999037 0 0.04387719 -0.999037 0 0.04387719 -0.9999952 -0 -0.003059043 -0.9999952 0 -0.003059043 -0.9034867 0 0.4286159 -0.9034867 0 0.4286159 -0.9677977 -0.0009295204 0.2517273 -0.9900793 0.0008981546 0.1405066 -0.9917158 -0.001356077 0.1284442 -0.9997988 0.001270932 0.02001709 -0.9999936 -0.001719189 0.003137875 -0.9949128 0.001631254 -0.1007261 -0.9925009 -0.002026013 -0.1222206 -0.9755194 0.001967457 -0.2199049 -0.9693565 -0.002295416 -0.2456478 -0.9419299 0.002258814 -0.3358018 -0.9309237 -0.00254476 -0.3652048 -0.8946375 0.00248906 -0.4467857 -0.8778101 -0.002779379 -0.4790007 -0.8343009 0.00265768 -0.551303 -0.8108541 -0.002989294 -0.5852407 -0.7617534 0.002779724 -0.6478611 -0.7311091 -0.003154683 -0.6822532 -0.6780249 0.002876765 -0.7350333 -0.639834 -0.003256081 -0.7685062 -0.5843742 0.002962982 -0.8114789 -0.53847 -0.003290756 -0.8426383 -0.4823011 0.003025739 -0.8760003 -0.4286149 -0.003288963 -0.9034813 -0.3733687 0.003025943 -0.9276781 -0.3119982 -0.003290592 -0.950077 -0.2588256 0.002963349 -0.9659195 -0.1904603 -0.003255766 -0.9816895 -0.1403789 0.002876838 -0.9900936 -0.06592097 -0.003154609 -0.9978199 -0.01990086 0.002779625 -0.9997981 0.05965894 -0.002989435 -0.9982143 0.1007765 0.002657671 -0.9949056 0.1842974 -0.002779389 -0.9828666 0.2198918 0.002488965 -0.9755211 0.3060312 -0.002544939 -0.9520181 0.3357652 0.002258495 -0.941943 0.4229366 -0.002295621 -0.9061563 0.4467753 0.001967656 -0.8946441 0.5331736 -0.0020258 -0.8460034 0.5513462 0.00163134 -0.8342749 0.6350029 -0.00171912 -0.7725079 0.6479527 0.001271033 -0.7616795 0.726817 -0.001356026 -0.6868299 0.7351234 0.0008980175 -0.6779327 0.8071686 -0.0009296282 -0.5903203 -0.9286169 0 0.3710401 -0.9277667 -0.0004781397 0.3731604 -0.9659165 0.000494594 0.2588537 0.8758953 0 -0.4825011 0.8747904 -0.0004598567 -0.4845014 0.8114978 0.0004944722 -0.5843553 0.9034867 0 -0.4286161 0.9034867 0 -0.4286161 0.9276016 0 -0.3735711 0.9276192 9.43623e-06 -0.3735274 0.9657137 9.823747e-06 -0.2596098 0.9656969 -3.069868e-06 -0.259672 0.9898776 -3.146736e-06 -0.1419238 0.9898751 -6.608129e-06 -0.141941 0.9997538 -6.674077e-06 -0.0221898 0.9997549 3.495949e-06 -0.02213903 0.9951984 3.480016e-06 0.09787807 0.9951967 6.954856e-06 0.09789533 0.9762754 7.205679e-06 0.2165322 0.9762762 6.517347e-06 0.2165289 0.9432654 6.296976e-06 0.3320398 0.9432709 2.998577e-06 0.3320242 0.8966298 2.850309e-06 0.4427809 0.896643 -3.135387e-06 0.4427542 0.8370516 -2.927007e-06 0.547124 0.8370435 -0 0.5471362 0.7653928 -0 0.6435634 0.7653698 7.155315e-06 0.6435907 0.6826866 6.880294e-06 0.7307113 0.6827117 -0 0.7306879 0.927952 0 0.3726996 0.9713942 -0 0.2374727 0.9713942 0 0.2374727 0.9952392 -0 0.09746262 0.9952392 0 0.09746262 0.9279443 -2.949138e-06 0.3727189 0.8657784 -2.752236e-06 0.5004274 0.8657882 0 0.5004106 0.7861452 0 0.6180419 0.7861452 0 0.6180419 0.6906692 0 0.7231709 0.6906692 0 0.7231709 0.999648 0 0.02652995 0.999648 0 0.02652995 0.7256175 0 -0.6880983 0.7256175 0 -0.6880983 0 1 0 0 1 0 1.281062e-14 1 4.480327e-15 0 1 0 -3.887659e-13 1 -1.741458e-14 0 1 0 0 1 0 0 1 0 -6.297216e-13 1 4.123286e-15 -3.405956e-13 1 1.850949e-16 -2.040726e-13 1 2.620833e-15 -2.03463e-13 1 4.826355e-17 -2.031931e-13 1 -1.570025e-15 -9.55663e-14 1 -1.073492e-14 -4.383966e-14 1 -1.533195e-14 -5.782902e-13 1 3.643145e-14 -2.394243e-14 1 -2.393019e-14 -1.569382e-14 1 -2.495689e-14 -3.505929e-13 1 2.286917e-14 -3.382613e-13 1 2.086098e-14 -1.773794e-13 1 -8.638596e-15 -5.149331e-15 1 4.910879e-14 -3.682212e-13 1 -3.987234e-14 -2.049137e-14 1 3.551147e-14 -4.467019e-13 1 -4.559828e-14 -3.247461e-14 1 2.360514e-14 -4.786324e-14 1 2.132499e-14 -7.995956e-14 1 1.701335e-14 -1.691817e-13 1 4.982188e-14 -2.206797e-13 1 -6.486882e-14 -1.223534e-13 1 6.141327e-14 -2.274509e-13 1 -2.535822e-14 -2.124496e-13 1 -1.722822e-14 -1.97615e-13 1 -1.217793e-14 -1.83842e-13 1 -9.651976e-15 -2.046161e-13 1 -6.707517e-15 -1.747418e-13 1 5.899317e-14 -2.458627e-13 1 -1.362542e-14 -2.593533e-13 1 -2.175158e-14 -1.391114e-13 1 2.599561e-14 -1.55077e-13 1 2.150435e-14 -4.474607e-13 1 -4.029785e-14 -1.645651e-13 1 7.22761e-15 -2.204717e-13 1 -6.74436e-16 -1.703985e-13 1 8.08337e-14 -1.638133e-13 1 9.471459e-14 -1.564134e-13 1 1.081531e-13 -1.481822e-13 1 1.211732e-13 -4.493155e-13 1 -2.969061e-13 -5.927628e-14 1 1.808657e-13 -3.369006e-13 1 -1.201065e-13 -2.768343e-13 1 -6.240501e-14 -2.309662e-13 1 -2.338326e-14 -1.946689e-13 1 3.897487e-15 -1.95401e-13 1 3.413415e-15 0 1 0 0 1 0 0 1 0 -4.32227e-13 1 4.652718e-14 -1.940281e-13 1 3.338503e-15 -1.926434e-13 1 2.733889e-14 -1.860242e-13 1 4.985215e-14 -2.586416e-13 1 -9.893953e-14 -1.250098e-13 1 -2.653761e-14 -8.738688e-14 1 -3.888332e-14 -6.434411e-14 1 -4.672493e-14 -4.171091e-13 1 7.863568e-14 -3.65131e-14 1 -6.320635e-14 -3.605353e-13 1 6.36257e-14 -8.523615e-15 1 -8.092181e-14 -2.01068e-13 1 1.728211e-15 -1.91837e-13 1 -4.863545e-15 -1.354128e-13 1 7.459435e-14 -2.555467e-13 1 -4.799519e-14 -2.390866e-13 1 -3.563898e-14 -5.499065e-14 1 6.464242e-14 -2.259089e-13 1 3.203324e-16 -2.122056e-13 1 3.486497e-15 -2.015189e-13 1 4.555749e-15 0 1 0 -2.791229e-13 1 -5.46625e-13 -1.297991e-13 1 3.713196e-13 -2.534514e-13 1 -2.328217e-13 -1.498159e-13 1 1.498833e-13 -2.838358e-13 1 -2.213416e-13 -1.541022e-13 1 5.39762e-14 -1.744106e-13 1 1.967704e-14 -1.884556e-13 1 -7.99024e-15 0 1 -0 0 1 0 -7.454699e-13 1 6.897291e-14 -1.925984e-13 1 -1.861821e-15 4.268756e-14 1 4.795119e-15 -3.405953e-13 1 2.651665e-16 0 1 0 -2.089529e-13 1 1.972461e-15 -9.495203e-14 1 -9.298542e-15 -5.609472e-14 1 -1.371324e-14 -3.98714e-14 1 -1.601478e-14 -4.3394e-13 1 5.735034e-14 -4.900702e-14 1 -3.852773e-14 -3.197126e-13 1 5.153797e-14 -5.869348e-14 1 -6.281804e-14 -2.374233e-13 1 4.760688e-14 -2.529843e-13 1 6.072037e-14 -1.397859e-13 1 -6.902499e-14 -2.526455e-13 1 1.11697e-13 -1.888326e-13 1 -4.18813e-14 -1.94056e-13 1 -1.908886e-14 -1.95328e-13 1 4.32543e-15 -1.925821e-13 1 2.761488e-14 -2.396645e-13 1 -1.315161e-13 -1.464944e-13 1 5.898937e-14 -7.77423e-14 1 6.913351e-13 -2.43659e-13 1 -3.286191e-13 -1.330481e-13 1 2.118028e-13 -2.518268e-13 1 -2.268229e-13 -1.384945e-13 1 8.709867e-14 -1.541023e-13 1 5.397591e-14 -1.744112e-13 1 1.967598e-14 0 1 -0 -3.622348e-13 1 1.055867e-14 1.398772e-14 1 -2.226851e-14 -5.299358e-13 1 5.139737e-14 8.531138e-14 1 -5.365111e-14 2.355891e-13 1 -8.2518e-14 2.328613e-12 1 -5.009171e-13 1.108173e-10 1 -6.552246e-11 -8.393772e-11 1 7.293083e-11 1.086792e-10 1 -9.700933e-11 -1.446814e-13 1 -1.063895e-14 -1.422531e-13 1 -1.072862e-14 -2.860117e-13 1 9.98135e-15 7.193513e-12 1 -1.862326e-12 -5.137146e-11 1 1.910765e-11 1.024393e-10 1 -4.607017e-11 -1.038432e-10 1 6.04759e-11 3.650207e-11 1 -3.178456e-11 -9.555462e-12 1 9.526904e-12 -9.875564e-12 1 9.973399e-12 1.173758e-10 1 -3.791252e-10 1.057228e-12 1 3.038688e-10 1.054851e-11 1 1.494919e-10 2.311693e-12 1 -2.608071e-13 0 1 0 0 1 0 0 1 0 -4.936257e-13 1 -1.483468e-14 -1.245599e-14 1 -1.980809e-14 -3.049937e-13 1 -1.627334e-15 -1.796255e-13 1 1.187116e-15 -5.546016e-13 1 -5.106549e-14 0 1 0 0 1 0 -1.963494e-13 1 -1.049352e-13 -2.03497e-13 1 1.584963e-16 -1.368912e-13 1 8.618006e-15 -1.701316e-13 1 3.984931e-15 -1.879125e-13 1 2.165485e-14 -3.42032e-13 1 1.274408e-14 -3.63272e-13 1 1.353548e-14 -1.875716e-13 1 1.842277e-14 -3.562018e-13 1 6.849592e-15 0 1 0 -1.018404e-10 1 -7.116631e-11 -2.228644e-11 1 -5.914212e-13 -1.552378e-12 1 -4.119588e-14 -1.552508e-12 1 -4.123433e-14 0 1 -0 1.768698e-10 1 -8.618548e-11 5.127118e-10 1 8.140164e-11 -0 1 0 0 1 0 -4.004749e-13 1 -1.034223e-15 -4.004763e-13 1 -1.034241e-15 -0 1 -0 0 1 -0 -6.357454e-13 1 3.454688e-16 4.439983e-11 1 3.807393e-12 -2.953231e-12 1 -9.251649e-12 1.040367e-13 1 -9.217721e-12 2.654655e-11 1 2.034384e-11 2.232365e-11 1 9.225289e-12 9.192517e-13 1 3.322251e-12 -1.516416e-11 1 2.006859e-11 -3.895107e-11 1 -1.033655e-12 0 1 -0 0 1 0 0 1 -0 5.634659e-11 1 -4.729342e-11 1.76655e-11 1 -8.160864e-11 8.262946e-11 1 -7.988462e-11 3.865745e-10 1 1.026735e-11 0 1 -0 -5.442153e-11 1 6.178751e-11 7.20058e-11 1 1.739454e-10 -1.780168e-10 1 1.673096e-10 -8.150629e-10 1 -2.164751e-11 0 1 -0 3.823732e-11 1 -3.17385e-11 7.629599e-11 1 2.024754e-12 0 1 -0 0 1 0 -4.24147e-12 1 -1.126527e-13 -2.517698e-11 1 9.112314e-12 -3.654173e-11 1 -9.697176e-13 0 1 -0 0 1 0 0 1 -0 1.590911e-11 1 1.065769e-11 1.302856e-10 1 1.121247e-10 -1.130177e-10 1 1.056675e-10 -5.154323e-10 1 -1.368953e-11 0 1 -0 -3.117113e-10 1 2.955678e-10 -1.436842e-09 1 -3.816226e-11 0 1 -0 2.763604e-15 1 2.447412e-14 -1.57974e-13 1 -2.585017e-15 -3.60666e-13 1 -5.90178e-15 -8.670645e-15 1 2.480233e-14 -1.648966e-13 1 -4.512574e-15 -3.395492e-13 1 -9.29213e-15 0.7229913 0 -0.6908572 0.7229913 0 -0.6908572 0.9696967 0 -0.244312 0.9696967 0 -0.244312 0.9640295 -0 0.2657951 0.9640295 -0 0.2657951 0.7073404 -0 0.7068731 0.7073404 -0 0.7068731 0.2666753 -0 0.9637864 0.2666753 -0 0.9637864 0.8989535 0 -0.438044 0.8989535 0 -0.438044 0.98763 -0 0.1568029 0.98763 -0 0.1568029 0.7191336 -0 0.6948718 0.7191336 -0 0.6948718 0.4768459 0 0.8789869 0.4768459 0 0.8789869 0.5228072 0 -0.852451 0.5228072 0 -0.852451 0.5227988 0 -0.8524561 0.5227988 0 -0.8524561 0.4768383 0 0.878991 0.4768383 0 0.878991 0.6881171 0 0.7255997 0.6881171 0 0.7255997 0.9587191 0 0.2843549 0.9587191 0 0.2843549 0.972455 0 -0.2330907 0.972455 0 -0.2330907 0.7256082 0 -0.6881081 0.7256082 0 -0.6881081 0.6881171 0 0.7255997 0.6881171 0 0.7255997 0.9587132 0 0.284375 0.9587132 0 0.284375 0.972461 0 -0.2330657 0.972461 0 -0.2330657 0.7255907 0 -0.6881265 0.7255907 0 -0.6881265 0.4768428 0 0.8789886 0.4768428 0 0.8789886 0.5227903 0 -0.8524613 0.5227903 0 -0.8524613 0.5227897 0 -0.8524617 0.5227897 0 -0.8524617 0.4768564 0 0.8789812 0.4768564 0 0.8789812 0.6880783 0 0.7256364 0.6880783 0 0.7256364 0.9587191 0 0.2843549 0.9587191 0 0.2843549 0.972455 0 -0.2330907 0.972455 0 -0.2330907 0.7256477 0 -0.6880665 0.7256477 0 -0.6880665 0.6881171 0 0.7255997 0.6881171 0 0.7255997 0.9587132 0 0.284375 0.9587132 0 0.284375 0.972459 0 -0.233074 0.972459 0 -0.233074 0.7255558 0 -0.6881633 0.7255558 0 -0.6881633 0.4768519 0 0.8789837 0.4768519 0 0.8789837 0.5227982 0 -0.8524565 0.5227982 0 -0.8524565 0.5227897 0 -0.8524617 0.5227897 0 -0.8524617 0.4768564 0 0.8789812 0.4768564 0 0.8789812 0.6881171 0 0.7255997 0.6881171 0 0.7255997 0.9587106 0 0.2843834 0.9587106 0 0.2843834 0.9724589 0 -0.2330744 0.9724589 0 -0.2330744 0.7255953 0 -0.6881217 0.7255953 0 -0.6881217 0.6880589 0 0.7256549 0.6880589 0 0.7256549 0.9587221 0 0.2843449 0.9587221 0 0.2843449 0.972455 0 -0.2330907 0.972455 0 -0.2330907 0.7255953 0 -0.6881217 0.7255953 0 -0.6881217 0.4768435 0 0.8789883 0.4768435 0 0.8789883 0.5228024 0 -0.8524539 0.5228024 0 -0.8524539 0.5227988 0 -0.8524561 0.5227988 0 -0.8524561 0.4768519 0 0.8789837 0.4768519 0 0.8789837 0.6881171 0 0.7255997 0.6881171 0 0.7255997 0.9587191 0 0.2843549 0.9587191 0 0.2843549 0.972455 0 -0.2330907 0.972455 0 -0.2330907 0.7256082 0 -0.6881081 0.7256082 0 -0.6881081 0.6880783 0 0.7256364 0.6880783 0 0.7256364 0.9587191 0 0.2843549 0.9587191 0 0.2843549 0.972455 0 -0.2330907 0.972455 0 -0.2330907 0.7255907 0 -0.6881265 0.7255907 0 -0.6881265 0.4768428 0 0.8789886 0.4768428 0 0.8789886 0.5228031 0 -0.8524535 0.5228031 0 -0.8524535 -0.3299814 -0.001447468 0.9439863 -0.499795 0.001347053 0.8661427 -0.5319322 -0.002015962 0.8467845 -0.6689349 0.001836002 0.7433187 -0.7069457 -0.00246987 0.7072636 -0.8088761 0.002224018 0.587975 -0.8465149 -0.002794413 0.5323576 -0.9134427 0.002520106 0.4069595 -0.9437769 -0.003009239 0.3305695 -0.978101 0.00269482 0.2081137 -0.9936911 -0.003122948 0.1121084 -0.9999962 0.002741804 0.0002250449 -0.9937453 -0.003121422 -0.111628 -0.9782035 0.002695875 -0.2076309 -0.9439319 -0.003009441 -0.3301263 -0.9136226 0.002521559 -0.4065556 -0.8467706 -0.002791533 -0.531951 -0.8091661 0.002225749 -0.5875757 -0.7072721 -0.002470038 -0.7069371 -0.6692834 0.001834938 -0.7430049 -0.5323433 -0.00201674 -0.8465262 -0.5002138 0.001346453 -0.8659009 -0.3304559 -0.001447739 -0.9438203 -0.3088143 0.0007212028 0.9511221 -0.1117583 -0.0007866786 0.9937351 -0.1042763 0 0.9945483 -0.3092634 0.000723917 -0.9509761 -0.1047569 -0.0008397398 -0.9944975 -0.1122129 0 -0.9936842 -0.9936967 0 0.112102 -0.9437815 0 0.3305699 -0.9437815 0 0.3305699 -0.8465129 0 0.5323682 -0.8465129 0 0.5323682 -0.7069504 0 0.7072631 -0.7069504 0 0.7072631 -0.5319275 0 0.8467898 -0.5319275 0 0.8467898 -0.3300034 0 0.9439797 -0.3300034 0 0.9439797 -0.1117481 0 0.9937366 -0.1117481 0 0.9937366 -0.9936967 0 0.112102 -0.99375 -0 -0.1116286 -0.99375 0 -0.1116286 -0.9439387 -0 -0.3301205 -0.9439387 0 -0.3301205 -0.8467671 -0 -0.5319637 -0.8467671 0 -0.5319637 -0.7072878 -0 -0.7069257 -0.7072878 0 -0.7069257 -0.5323297 -0 -0.8465371 -0.5323297 0 -0.8465371 -0.3304557 -0 -0.9438215 -0.3304557 0 -0.9438215 -0.1122215 -0 -0.9936833 -0.1122215 0 -0.9936833 -0.3300043 -0.001450423 0.9439784 -0.4997996 0.001343902 0.86614 -0.5319081 -0.002016063 0.8467997 -0.6689439 0.001836748 0.7433106 -0.706957 -0.002469392 0.7072523 -0.8088719 0.002223804 0.5879807 -0.8465134 -0.002794865 0.5323602 -0.9134436 0.002519929 0.4069575 -0.9437769 -0.003009329 0.3305695 -0.9781007 0.002694584 0.2081149 -0.993691 -0.003123225 0.112109 -0.9999962 0.002740056 0.0002524137 -0.9937453 -0.003124657 -0.1116267 -0.9781969 0.002694695 -0.2076625 -0.9439319 -0.003009021 -0.3301263 -0.913635 0.002520021 -0.4065277 -0.8467689 -0.002793927 -0.5319535 -0.8091578 0.002224361 -0.5875873 -0.7072977 -0.002469189 -0.7069116 -0.669311 0.00183598 -0.7429801 -0.5323296 -0.002016934 -0.8465348 -0.500189 0.001347298 -0.8659152 -0.3304551 -0.001446912 -0.9438207 -0.3088134 0.0007206879 0.9511224 -0.1117623 -0.0007872446 0.9937346 -0.1042751 0 0.9945485 -0.309256 0.0007253616 -0.9509786 -0.1047629 -0.0008383304 -0.9944968 -0.1122064 0 -0.9936849 -0 1 0 0 1 0 0 1 0 0 1 0 0 1 0 0 1 0 0 1 0 0 1 0 -0 1 0 0 1 0 0 1 0 -0 1 0 0 1 0 0 1 0 0 1 0 0 1 0 0 1 0 0 1 0 0 1 0 0 1 0 0 1 0 0 1 0 0 1 0 0 1 0 0 1 0 0 1 0 0 1 0 0 1 0 0 1 0 0 1 0 0 1 0 0 1 0 0 1 0 0 1 0 0 1 0 0 1 0 0 1 0 0 1 0 0 1 0 0 1 0 0 1 0 0 1 0 0 1 0 0 1 0 0 1 -0 0 1 0 0 1 0 0 1 0 -0 1 0 0 1 0 0 1 0 0 1 0 0 1 0 0 1 0 0 1 0 0 1 0 0 1 0 0 1 0 0 1 0 -0 1 0 0 1 0 0 1 0 0 1 0 0 1 0 0 1 0 0 1 0 0 1 0 0 1 0 0 1 0 0 1 0 0 1 0 0 1 0 0 1 0 0 1 -0 0 1 0 0 1 0 0 1 0 0 1 0 0 1 -0 0 1 0 0 1 0 0 1 0 0 1 0 0 1 0 -0 1 0 0 1 0 0 1 -0 0 1 0 0 1 0 0 1 0 0 1 0 0 1 0 0 1 0 0 1 0 0 1 0 0 1 0 0 1 0 0 1 0 0 1 0 0 1 0 0 1 0 0 1 0 -0 1 0 0 1 0 0 1 0 0 1 0 0 1 0 0 1 0 0 1 0 0 1 0 0 1 0 0 1 0 0 1 0 0 1 0 0 1 0 0 1 0 0 1 0 0 1 0 0 1 0 0 1 0 0 1 0 0 1 -0 0 1 0 0 1 0 0 1 0 0 1 0 0 1 0 0 1 0 0 1 0 0 1 0 0 1 0 0 1 -0 0 1 0 0 1 0 0 1 0 0 1 0 0 1 0 0 1 0 0 1 0 0 1 0 0 1 0 0 1 0 0 1 0 -0 1 0 0 1 0 0 1 0 0 1 0 0 1 0 0 1 0 0 1 0 0 1 0 -0 1 0 0 1 0 0 1 0 0 1 0 0 1 0 -0 1 0 0 1 0 0 1 0 0 1 0 0 1 0 0 1 0 0 1 -0 0 1 0 0 1 -0 0 1 0 0 1 -0 0 1 -0 0 1 0 -0 1 0 0 1 0 -0 1 -0 0 1 0 -0 1 -0 0 1 -0 -0 1 0 0 1 -0 0 1 0 0 1 -0 0 1 -0 0 1 0 0 1 0 0 1 -0 0 1 0 0 1 -0 0 1 0 0 1 -0 0 1 -0 0 1 0 0 1 -0 0 1 0 0 1 -0 0 1 -0 0 1 0 0 1 -0 0 1 0 0 1 -0 0 1 -0 0 1 0 0 1 -0 0 1 0 0 1 -0 0 1 -0 0 1 0 0 1 -0 0 1 0 0 1 -0 0 1 -0 0 1 0 0 1 -0 0 1 0 0 1 -0 0 1 -0 0 1 0 0 1 -0 -0 1 -0 0 1 0 -0 1 -0 0 1 -0 0 1 0 0 1 -0 0.9936968 -1.132949e-05 -0.1121016 0.9438052 -1.446415e-05 -0.3305022 0.943782 -6.599384e-06 -0.3305685 0.8465991 -7.420734e-06 -0.5322312 0.8465115 1.099522e-05 -0.5323704 0.7069321 1.168917e-05 -0.7072814 0.7069477 9.216361e-06 -0.7072657 0.5318309 9.134769e-06 -0.8468506 0.5319333 -4.414145e-06 -0.8467862 0.330048 -4.335373e-06 -0.9439641 0.330007 5.249491e-07 -0.9439785 0.1117346 1.775974e-07 -0.9937381 0.1117362 0 -0.9937379 0.9936854 0 -0.1122022 0.9937506 0 0.1116243 0.9937391 -1.148166e-05 0.1117262 0.9439372 -1.460921e-05 0.3301253 0.9439616 -6.299522e-06 0.3300552 0.8467681 -7.150649e-06 0.5319622 0.8468475 9.575027e-06 0.5318357 0.7072821 9.665844e-06 0.7069315 0.7072793 9.216315e-06 0.7069343 0.5323253 9.135582e-06 0.8465399 0.5322472 -1.186696e-06 0.846589 0.3304554 -7.353426e-07 0.9438217 0.3304913 3.526848e-06 0.943809 0.1122357 3.337223e-06 0.9936816 0.112206 0 0.993685 0.9936967 -1.129907e-05 -0.112102 0.9438047 -1.413672e-05 -0.3305038 0.9437815 -6.292536e-06 -0.3305699 0.8465971 -6.972778e-06 -0.5322341 0.8465129 1.075851e-05 -0.5323682 0.7069384 1.123937e-05 -0.7072751 0.7069504 9.342042e-06 -0.7072631 0.5318294 9.242383e-06 -0.8468515 0.5319275 -3.73023e-06 -0.8467898 0.3300541 -3.560791e-06 -0.943962 0.3300034 2.450996e-06 -0.9439797 0.1117289 2.168619e-06 -0.9937387 0.1117481 0 -0.9937366 0.9936854 0 -0.1122023 0.99375 0 0.1116286 0.9937387 -1.129679e-05 0.1117288 0.9439388 -1.414203e-05 0.3301205 0.943962 -6.266242e-06 0.3300541 0.8467671 -6.95954e-06 0.5319637 0.8468515 1.079864e-05 0.5318294 0.7072878 1.128108e-05 0.7069257 0.7072751 9.271826e-06 0.7069384 0.5323297 9.177895e-06 0.8465371 0.5322341 -3.460295e-06 0.8465971 0.3304557 -3.261249e-06 0.9438215 0.3305038 2.451044e-06 0.9438047 0.1122215 2.169365e-06 0.9936833 0.1122023 0 0.9936854 0.9936969 -1.132949e-05 -0.1121002 0.9438052 -1.446415e-05 -0.3305022 0.9437811 -6.29991e-06 -0.330571 0.8466007 -7.151598e-06 -0.5322286 0.8465115 1.160525e-05 -0.5323704 0.7069307 1.236358e-05 -0.7072828 0.7069521 8.990834e-06 -0.7072616 0.5318296 8.765418e-06 -0.8468514 0.5319293 -4.414159e-06 -0.8467888 0.3300421 -4.335368e-06 -0.9439663 0.3300055 0 -0.943979 0.1117402 0 -0.9937374 0.1117402 0 -0.9937374 0.9936855 0 -0.1122007 0.9937501 0 0.1116285 0.9937391 -1.100845e-05 0.1117262 0.943938 -1.415907e-05 0.3301227 0.943962 -6.000076e-06 0.330054 0.8467717 -6.881448e-06 0.5319566 0.8468497 9.574988e-06 0.5318322 0.7072785 9.66584e-06 0.706935 0.7072728 8.765357e-06 0.7069407 0.5323456 8.597408e-06 0.846527 0.532246 -4.584109e-06 0.8465898 0.3304518 -4.440781e-06 0.9438229 0.330499 1.153442e-06 0.9438064 0.1122102 3.923771e-07 0.9936845 0.1122067 0 0.9936849 -0.03271782 0 0.9994646 -0.03270835 -2.541771e-06 0.999465 -0.1218213 -2.52419e-06 0.992552 -0.1218306 0 0.9925508 -0.2099608 0 0.9777098 -0.2099608 0 0.9777098 -0.2964243 0 0.9550563 -0.2964243 0 0.9550563 -0.3805165 0 0.9247742 -0.3805165 0 0.9247742 -0.4615558 0 0.8871112 -0.4615558 0 0.8871112 -0.5389223 0 0.8423554 -0.5389296 2.31353e-06 0.8423508 -0.6119817 2.205835e-06 0.7908719 -0.6119841 3.01693e-06 0.79087 -0.6801577 2.796424e-06 0.7330658 -0.6801501 0 0.7330729 -0.7428872 0 0.6694167 -0.7428898 1.062712e-06 0.6694137 -0.7996932 1.14397e-06 0.6004089 -0.7996929 1.016862e-06 0.6004093 -0.8501117 1.080973e-06 0.5266023 -0.8501096 0 0.5266058 -0.893735 0 0.4485955 -0.8937336 -8.523307e-07 0.4485983 -0.9302157 -8.871228e-07 0.3670132 -0.9302157 -8.871228e-07 0.3670132 -0.9592694 -9.148306e-07 0.2824928 -0.9592704 0 0.2824895 -0.9806615 0 0.1957119 -0.9806619 6.23488e-07 0.1957096 -0.9942198 6.321079e-07 0.1073639 -0.9942193 -6.321076e-07 0.1073686 -0.9998349 -6.356779e-07 0.01817168 -0.9998349 0 0.01816931 -0.9996481 -0 -0.02653002 -0.9996481 -0 -0.02653002 -0.9732801 0 0.2296211 -0.961431 0 0.2750465 -0.961431 0 0.2750465 -0.9474629 0 0.3198655 -0.9474629 0 0.3198655 -0.9314074 0 0.3639785 -0.9314074 0 0.3639785 -0.9132978 0 0.4072925 -0.9132978 0 0.4072925 -0.9732801 0 0.2296211 -0.9829844 0 0.1836893 -0.9829844 0 0.1836893 -0.9905219 0 0.1373545 -0.9905219 0 0.1373545 -0.9958769 0 0.09071494 -0.9958769 0 0.09071494 -0.999037 0 0.04387719 -0.999037 0 0.04387719 -0.9999952 -0 -0.003059043 -0.9999952 0 -0.003059043 -0.9034867 0 0.4286159 -0.9034867 0 0.4286159 -0.9677977 0.0009295204 0.2517273 -0.9900793 -0.000898156 0.1405066 -0.9917158 0.001356077 0.1284442 -0.9997988 -0.001270932 0.02001709 -0.9999936 0.001719189 0.003137875 -0.9949128 -0.001631254 -0.1007261 -0.9925009 0.002026013 -0.1222206 -0.9755194 -0.001967457 -0.2199049 -0.9693565 0.002295416 -0.2456478 -0.9419299 -0.002258817 -0.3358018 -0.9309237 0.00254476 -0.3652048 -0.8946375 -0.002489058 -0.4467857 -0.8778101 0.002779379 -0.4790007 -0.8343009 -0.00265768 -0.551303 -0.8108541 0.002989294 -0.5852407 -0.7617534 -0.002779722 -0.6478611 -0.7311091 0.003154683 -0.6822532 -0.6780249 -0.002876766 -0.7350333 -0.639834 0.003256081 -0.7685062 -0.5843742 -0.002962982 -0.8114789 -0.53847 0.003290756 -0.8426383 -0.4823011 -0.003025739 -0.8760003 -0.4286149 0.003288963 -0.9034813 -0.3733687 -0.003025943 -0.9276781 -0.3119982 0.003290594 -0.950077 -0.2588256 -0.002963349 -0.9659195 -0.1904603 0.003255766 -0.9816895 -0.1403789 -0.002876838 -0.9900936 -0.06592097 0.003154609 -0.9978199 -0.01990086 -0.002779625 -0.9997981 0.05965894 0.002989435 -0.9982143 0.1007765 -0.002657671 -0.9949056 0.1842974 0.002779387 -0.9828666 0.2198918 -0.002488965 -0.9755211 0.3060312 0.002544938 -0.9520181 0.3357652 -0.002258495 -0.941943 0.4229366 0.002295623 -0.9061563 0.4467753 -0.001967656 -0.8946441 0.5331736 0.002025796 -0.8460034 0.5513462 -0.00163134 -0.8342749 0.6350029 0.001719119 -0.7725079 0.6479527 -0.001271033 -0.7616795 0.726817 0.001356031 -0.6868299 0.7351234 -0.0008980175 -0.6779327 0.8071686 0.0009296248 -0.5903203 -0.9277668 0 0.3731605 -0.9286168 0.0004597304 0.37104 -0.9659165 -0.000494594 0.2588537 0.8747905 0 -0.4845014 0.8758953 0.0004782713 -0.4825011 0.8114978 -0.0004944722 -0.5843553 0.9034867 0 -0.4286161 0.9034867 0 -0.4286161 0.9276192 0 -0.3735274 0.9276016 -9.436051e-06 -0.3735711 0.9656969 -9.823577e-06 -0.259672 0.9657137 3.069921e-06 -0.2596098 0.9898751 3.146728e-06 -0.141941 0.9898776 6.608146e-06 -0.1419238 0.9997549 6.674084e-06 -0.02213903 0.9997538 -3.495945e-06 -0.0221898 0.9951967 -3.48001e-06 0.09789533 0.9951984 -6.954812e-06 0.09787807 0.9762762 -7.205674e-06 0.2165289 0.9762754 -6.517342e-06 0.2165322 0.9432709 -6.297012e-06 0.3320242 0.9432654 -2.99856e-06 0.3320398 0.896643 -2.850352e-06 0.4427542 0.8966298 3.13534e-06 0.4427809 0.8370435 2.926979e-06 0.5471362 0.8370516 -0 0.547124 0.7653698 -0 0.6435907 0.7653928 -7.155381e-06 0.6435634 0.6827117 -6.880387e-06 0.7306879 0.6826866 -0 0.7307113 0.9279443 0 0.3727189 0.9713942 -0 0.2374727 0.9713942 0 0.2374727 0.9952392 -0 0.09746262 0.9952392 0 0.09746262 0.927952 2.949163e-06 0.3726996 0.8657882 2.752266e-06 0.5004106 0.8657784 0 0.5004274 0.7861452 0 0.6180419 0.7861452 0 0.6180419 0.6906692 0 0.7231709 0.6906692 0 0.7231709 0.999648 0 0.02652995 0.999648 0 0.02652995 0.7256175 0 -0.6880983 0.7256175 0 -0.6880983 0 -1 0 -0 -1 0 0 -1 -0 0 -1 0 0 -1 0 0 -1 -0 0 -1 0 0 -1 0 0 -1 0 0 -1 0 0 -1 0 0 -1 0 0 -1 0 0 -1 0 0 -1 0 0 -1 0 0 -1 0 0 -1 0 0 -1 -0 0 -1 0 0 -1 0 0 -1 0 0 -1 0 0 -1 0 0 -1 0 0 -1 0 0 -1 0 0 -1 0 0 -1 0 0 -1 0 0 -1 0 0 -1 0 0 -1 0 0 -1 0 0 -1 0 0 -1 0 0 -1 0 0 -1 0 0 -1 0 0 -1 0 0 -1 0 0 -1 0 0 -1 0 -0 -1 0 0 -1 0 0 -1 0 0 -1 0 0 -1 0 0 -1 0 0 -1 0 0 -1 0 0 -1 0 0 -1 0 0 -1 0 0 -1 0 0 -1 0 0 -1 0 0 -1 0 0 -1 0 0 -1 -0 0 -1 0 0 -1 0 0 -1 0 0 -1 0 0 -1 0 0 -1 0 0 -1 0 0 -1 0 0 -1 0 0 -1 0 0 -1 0 0 -1 0 0 -1 0 0 -1 0 0 -1 0 0 -1 0 0 -1 0 0 -1 0 0 -1 0 0 -1 0 0 -1 0 0 -1 0 0 -1 0 0 -1 0 0 -1 0 0 -1 0 0 -1 0 0 -1 0 0 -1 0 0 -1 0 0 -1 0 0 -1 -0 0 -1 0 0 -1 0 0 -1 0 0 -1 0 0 -1 0 0 -1 0 0 -1 0 0 -1 0 0 -1 0 0 -1 0 0 -1 0 0 -1 0 0 -1 -0 0 -1 0 0 -1 0 0 -1 0 0 -1 0 0 -1 0 0 -1 0 0 -1 0 0 -1 0 0 -1 0 0 -1 0 0 -1 0 0 -1 0 0 -1 0 0 -1 0 0 -1 0 0 -1 0 0 -1 0 0 -1 0 0 -1 0 -0 -1 0 0 -1 0 0 -1 0 0 -1 0 0 -1 0 0 -1 0 0 -1 0 0 -1 0 0 -1 0 0 -1 0 0 -1 0 0 -1 0 0 -1 0 0 -1 0 0 -1 0 0 -1 0 0 -1 0 0 -1 0 0 -1 -0 0 -1 0 0 -1 0 0 -1 0 0 -1 0 0 -1 0 0 -1 0 0 -1 0 0 -1 -0 0 -1 0 0 -1 -0 0 -1 0 -0 -1 -0 0 -1 0 -0 -1 0 0 -1 0 0 -1 0 0 -1 0 0 -1 0 0 -1 0 -0 -1 0 0 -1 0 0 -1 0 -0 -1 0 0 -1 0 -0 -1 0 0 -1 0 -0 -1 0 0 -1 0 0 -1 0 0 -1 0 0 -1 0 0 -1 0 0 -1 0 0 -1 0 0 -1 0 0 -1 0 0 -1 0 0 -1 0 0 -1 0 -0 -1 0 0 -1 0 -0 -1 0 -0 -1 0 0 -1 0 -0 -1 0 0 -1 0 -0 -1 0 -0 -1 0 0 -1 0 -0 -1 0 0 -1 0 -0 -1 0 -0 -1 0 0 -1 0 -0 -1 0 0 -1 0 -0 -1 0 -0 -1 0 0 -1 0 -0 -1 0 0 -1 0 -0 -1 0 -0 -1 0 0 -1 0 -0 -1 0 0 -1 0 -0 -1 0 -0 -1 0 0 -1 0 -0 -1 0 0 -1 0 -0 -1 0 -0 -1 0 0 -1 0 -0 -1 0 0 -1 0 0 -1 0 0 -1 0 -0 -1 0 0 -1 0 -0 -1 0 0.7229913 0 -0.6908572 0.7229913 0 -0.6908572 0.9696967 0 -0.244312 0.9696967 0 -0.244312 0.9640295 -0 0.2657951 0.9640295 -0 0.2657951 0.7073404 -0 0.7068731 0.7073404 -0 0.7068731 0.2666753 -0 0.9637864 0.2666753 -0 0.9637864 0.8989535 0 -0.438044 0.8989535 0 -0.438044 0.98763 -0 0.1568029 0.98763 -0 0.1568029 0.7191336 -0 0.6948718 0.7191336 -0 0.6948718 0.4768459 0 0.8789869 0.4768459 0 0.8789869 0.5228072 0 -0.852451 0.5228072 0 -0.852451 0.5227988 0 -0.8524561 0.5227988 0 -0.8524561 0.4768383 0 0.878991 0.4768383 0 0.878991 0.6881171 0 0.7255997 0.6881171 0 0.7255997 0.9587191 0 0.2843549 0.9587191 0 0.2843549 0.972455 0 -0.2330907 0.972455 0 -0.2330907 0.7256082 0 -0.6881081 0.7256082 0 -0.6881081 0.6881171 0 0.7255997 0.6881171 0 0.7255997 0.9587132 0 0.284375 0.9587132 0 0.284375 0.972461 0 -0.2330657 0.972461 0 -0.2330657 0.7255907 0 -0.6881265 0.7255907 0 -0.6881265 0.4768428 0 0.8789886 0.4768428 0 0.8789886 0.5227903 0 -0.8524613 0.5227903 0 -0.8524613 0.5227897 0 -0.8524617 0.5227897 0 -0.8524617 0.4768564 0 0.8789812 0.4768564 0 0.8789812 0.6880783 0 0.7256364 0.6880783 0 0.7256364 0.9587191 0 0.2843549 0.9587191 0 0.2843549 0.972455 0 -0.2330907 0.972455 0 -0.2330907 0.7256477 0 -0.6880665 0.7256477 0 -0.6880665 0.6881171 0 0.7255997 0.6881171 0 0.7255997 0.9587132 0 0.284375 0.9587132 0 0.284375 0.972459 0 -0.233074 0.972459 0 -0.233074 0.7255558 0 -0.6881633 0.7255558 0 -0.6881633 0.4768519 0 0.8789837 0.4768519 0 0.8789837 0.5227982 0 -0.8524565 0.5227982 0 -0.8524565 0.5227897 0 -0.8524617 0.5227897 0 -0.8524617 0.4768564 0 0.8789812 0.4768564 0 0.8789812 0.6881171 0 0.7255997 0.6881171 0 0.7255997 0.9587106 0 0.2843834 0.9587106 0 0.2843834 0.9724589 0 -0.2330744 0.9724589 0 -0.2330744 0.7255953 0 -0.6881217 0.7255953 0 -0.6881217 0.6880589 0 0.7256549 0.6880589 0 0.7256549 0.9587221 0 0.2843449 0.9587221 0 0.2843449 0.972455 0 -0.2330907 0.972455 0 -0.2330907 0.7255953 0 -0.6881217 0.7255953 0 -0.6881217 0.4768435 0 0.8789883 0.4768435 0 0.8789883 0.5228024 0 -0.8524539 0.5228024 0 -0.8524539 0.5227988 0 -0.8524561 0.5227988 0 -0.8524561 0.4768519 0 0.8789837 0.4768519 0 0.8789837 0.6881171 0 0.7255997 0.6881171 0 0.7255997 0.9587191 0 0.2843549 0.9587191 0 0.2843549 0.972455 0 -0.2330907 0.972455 0 -0.2330907 0.7256082 0 -0.6881081 0.7256082 0 -0.6881081 0.6880783 0 0.7256364 0.6880783 0 0.7256364 0.9587191 0 0.2843549 0.9587191 0 0.2843549 0.972455 0 -0.2330907 0.972455 0 -0.2330907 0.7255907 0 -0.6881265 0.7255907 0 -0.6881265 0.4768428 0 0.8789886 0.4768428 0 0.8789886 0.5228031 0 -0.8524535 0.5228031 0 -0.8524535 0.05560183 0 0.998453 0.05560183 0 0.998453 0.2763143 0 0.9610673 0.2763143 0 0.9610673 0.4833881 0 0.8754062 0.4833881 0 0.8754062 0.6659948 0 0.7459564 0.6659948 0 0.7459564 0.8151842 0 0.5792018 0.8151842 0 0.5792018 0.9236652 0 0.3832006 0.9236652 0 0.3832006 0.9858053 0 0.1678923 0.9858053 0 0.1678923 0.9984598 0 -0.05548093 0.9984598 0 -0.05548093 0.9610331 0 -0.2764332 0.9610331 0 -0.2764332 0.8753855 0 -0.4834255 0.8753855 0 -0.4834255 0.7459794 0 -0.6659691 0.7459794 0 -0.6659691 0.5791659 0 -0.8152097 0.5791659 0 -0.8152097 0.3830875 0 -0.9237121 0.3830875 0 -0.9237121 0.1680108 0 -0.9857852 0.1680108 0 -0.9857852 0.3420879 0.002496845 0.9396647 0.4735416 -0.0023043 0.8807684 0.6765992 0.004380987 0.7363386 0.7224041 -0.005588278 0.6914486 0.7747186 0.004648388 0.6322892 0.8216156 -0.005440774 0.5700159 0.8565003 0.004548021 0.5161265 0.9006881 -0.005116097 0.4344362 0.9213954 0.003984586 0.3886061 0.9576116 -0.004322942 0.2880303 0.967335 0.003116634 0.253482 0.9908924 -0.003233562 0.1346174 0.9935268 0.001696544 0.1135856 0.9439988 -0.003172678 -0.3299337 0.8970556 0.003060404 -0.441907 0.8807403 -0.004361557 -0.4735793 0.825008 0.00385455 -0.5651079 0.7958761 -0.00519301 -0.6054372 0.7363386 0.004381236 -0.6765992 0.6914665 -0.005584653 -0.722387 0.6322891 0.004654792 -0.7747185 0.5699768 -0.005440992 -0.8216428 0.5161265 0.004540684 -0.8565004 0.4343237 -0.005135942 -0.9007422 0.3886062 0.003943709 -0.9213955 0.2879471 -0.004366886 -0.9576364 0.0204678 0 0.9997905 0.02203008 -0.0004367478 0.9997572 0.1804088 0.000416267 0.9835917 0.177953 0.001162076 0.9840384 0.329817 -0.0010329 0.9440444 0.6054581 -0.005191215 0.7958602 0.5943748 -0.002671196 0.8041837 0.4941684 0.003626551 0.8693586 0.9995565 -0.002048957 -0.02970884 0.9997613 0.00019544 -0.0218457 0.9852824 0.0001237274 -0.1709342 0.9840224 -0.001749493 -0.1780365 0.950664 0.001688788 -0.3102177 0.1348021 5.098511e-06 -0.9908726 0.1208078 -0.004013486 -0.9926678 0.2534821 0.003056639 -0.9673352 -0.05560183 -0 -0.998453 -0.05560183 -0 -0.998453 -0.2763143 -0 -0.9610673 -0.2763143 -0 -0.9610673 -0.4833881 -0 -0.8754062 -0.4833881 -0 -0.8754062 -0.6659948 -0 -0.7459564 -0.6659948 -0 -0.7459564 -0.8151842 -0 -0.5792018 -0.8151842 -0 -0.5792018 -0.9236652 -0 -0.3832006 -0.9236652 -0 -0.3832006 -0.9858053 -0 -0.1678923 -0.9858053 -0 -0.1678923 -0.9984598 0 0.05548093 -0.9984598 0 0.05548093 -0.9610331 0 0.2764332 -0.9610331 0 0.2764332 -0.8753855 0 0.4834255 -0.8753855 0 0.4834255 -0.7459794 0 0.6659691 -0.7459794 0 0.6659691 -0.5791659 0 0.8152097 -0.5791659 0 0.8152097 -0.3830875 0 0.9237121 -0.3830875 0 0.9237121 -0.1680108 0 0.9857852 -0.1680108 0 0.9857852 -0 -1 0 0 -1 0 0 -1 0 0 -1 0 0 -1 0 0 -1 0 0 -1 0 0 -1 0 0 -1 0 0 -1 0 0 -1 0 0 -1 0 0 -1 0 0 -1 0 0 -1 0 0 -1 0 0 -1 0 0 -1 0 0 -1 0 0 -1 0 0 -1 0 0 -1 0 0 -1 0 0 -1 0 0 -1 0 0 -1 0 0 -1 0 0 -1 0 0 -1 0 0 -1 0 0 -1 0 0 -1 0 0 -1 0 0 -1 0 0 -1 0 0 -1 0 0 -1 0 0 -1 0 0 -1 0 0 -1 0 0 -1 0 0 -1 -0 0 -1 0 0 -1 0 0 -1 0 0 -1 0 0 -1 0 0 -1 0 0 -1 0 0 -1 0 0 -1 0 0 -1 0 0 -1 0 0 -1 0 0 -1 0 0 -1 0 0 -1 -0 0 -1 0 0 -1 0 0 -1 0 0 -1 0 0 -1 -0 0 -1 0 0 -1 0 0 -1 -0 0 -1 0 0 -1 -0 0 -1 0 0 -1 0 0 -1 0 0 -1 0 0 -1 -0 0 -1 0 0 -1 0 0 -1 0 0 -1 0 0 -1 0 0 -1 0 0 -1 0 0 -1 0 0 -1 0 0 -1 0 0 -1 0 0 -1 0 0 -1 0 0 -1 0 0 -1 0 0 -1 0 0 -1 0 0 -1 0 0 -1 0 -0 -1 0 0 -1 0 -0.1902597 -0.005790906 -0.9817168 -0.241047 0.003812082 -0.970506 -0.3492513 -0.004574871 -0.9370179 -0.631006 0.0005873528 -0.7757778 -0.6345854 -0.0007551326 -0.7728524 -0.7504982 0.0007658706 -0.660872 -0.7531372 -0.0004136502 -0.6578634 -0.9761676 0.0006485638 -0.217017 -0.998399 -0.0006383662 -0.0565602 -0.9986984 0.0009883038 -0.05099538 -0.9940913 -0.0009732421 0.1085427 -0.9931945 0.001317941 0.1164597 -0.9626676 -0.001297418 0.2706831 -0.9598112 0.001636914 0.2806419 -0.9049839 -0.001611623 0.4254428 -0.8994837 0.001945389 0.4369498 -0.8226167 -0.001915355 0.5685931 -0.813908 0.002244188 0.5809896 -0.7178078 -0.002208313 0.6962378 -0.7054836 0.002532129 0.7087217 -0.5934212 -0.002491111 0.8048882 -0.5772572 0.002809781 0.8165576 -0.4528478 -0.002763532 0.8915836 -0.4328263 0.00307725 0.9014721 -0.2999201 -0.003025332 0.9539595 0.01314627 5.104669e-06 -0.9999136 -0.02608023 -0.006100384 -0.9996412 -0.1005506 0.004671946 -0.994921 -0.498722 -0.000591561 -0.8667618 -0.504576 -0.00257135 -0.8633634 -0.3771887 0.00219942 -0.9261338 -0.850301 0.0004191058 -0.5262965 -0.8511462 -6.171627e-05 -0.5249288 -0.9262346 6.207982e-05 -0.3769475 -0.925938 0.0003005688 -0.3776755 -0.9754724 -0.0002938636 -0.2201216 -0.1388145 0 0.9903184 -0.1259662 -0.003885838 0.9920269 -0.2762474 0.003333486 0.9610808 0.09649934 0.9809128 -0.1688134 0.196602 0.8682176 -0.4555719 0.1896973 0.8728473 -0.4496139 0.4980669 0.8556589 0.1406312 0.5249829 0.8399114 0.1376293 0.4545418 0.8466123 0.2768382 0.4631496 0.8412514 0.2789057 0.1632789 0.9641669 -0.2090986 0.2229213 0.9724914 -0.06757619 0.4082273 0.8497782 0.3335078 0.3196157 0.8637351 0.3896249 0.3505653 0.8553314 0.3814606 -0.2580318 0.8596286 -0.4409741 0.2019705 0.9492295 0.2411872 -0.3938956 0.8511977 -0.3468556 -0.03096511 0.9856921 0.165687 -0.4583016 0.8423138 -0.2836672 -0.2165538 0.9732166 0.07716145 -0.2178489 0.9759701 0.004908585 0.1781718 0.8536576 0.4894114 -0.515076 0.8494612 -0.1145093 -0.4631263 0.8734561 -0.1502953 0.09819996 0.8388782 0.5353879 -0.5368856 0.841303 0.06295399 -0.4853713 0.8740836 0.01981501 -0.1513437 0.8365749 0.5265334 -0.1532549 0.8550593 0.495365 -0.2311347 0.845478 0.4813975 -0.2563194 0.8645845 0.4321967 -0.4195452 0.8569083 0.2994827 -0.4242258 0.8659936 0.2647407 -0.4746075 0.849466 0.2305541 -0.4854426 0.8592594 0.161303 -0.5178711 0.8419507 0.1514218 0.5522296 0.8313119 0.06295221 0.5107719 0.8588289 0.0390523 0.5342726 0.8451676 -0.01563642 0.4575595 0.8672838 -0.1961076 0.4589527 0.8591787 -0.2262177 0.5168872 0.8278131 0.2180668 0.4778651 0.8594195 0.1817778 0.1656868 0.9856921 0.03096463 -0.4944891 0.8455664 -0.201241 -0.525672 0.8502638 -0.02684175 -0.1659953 0.9856331 -0.03119346 -0.1657227 0.985686 -0.03096939 -0.1339828 0.9908515 -0.01618355 -0.16776 0.9857858 0.009102935 -0.2417545 0.9560917 0.1656603 -0.2306272 0.9403005 0.250292 -0.1663917 0.9519465 0.257122 -0.155123 0.9629838 0.2204519 -0.09291216 0.9803743 0.1738781 -0.08801289 0.980443 0.1760263 -0.02527445 0.9919909 0.1237553 -0.03094807 0.9856997 0.1656452 0.08161837 0.97351 0.2135811 0.07019809 0.9482777 0.3095833 0.1441665 0.9432312 0.2992172 0.1522406 0.949102 0.2757317 -0.06823275 0.9725453 -0.2224862 -0.06768855 0.9495294 -0.3062878 -0.1385902 0.9395791 -0.3130236 -0.151999 0.9492447 -0.2753741 0.3031252 0.8601186 0.4102575 0.2530444 0.8596135 0.443884 0.2527378 0.8593206 0.4446252 0.01141782 0.8299465 0.5577261 -0.004683034 0.858553 0.5127034 -0.04958437 0.8567778 0.5132965 -0.06937931 0.834655 0.5463858 0.2078666 0.9781571 -0.0004911299 0.1705136 0.9853428 -0.004970284 0.1486401 0.9888611 0.007726989 0.1341036 0.9908015 0.01812801 0.1353727 0.9898793 0.04258169 0.1699537 0.980795 0.09569253 0.1783414 0.9794326 0.09437186 0.02390967 0.8709555 -0.4907799 0.03280839 0.8713169 -0.4896228 0.06203117 0.8569791 -0.5116044 0.1352496 0.8459046 -0.5159 0.007043221 0.8591326 -0.5117047 -0.05498692 0.8374089 -0.543804 -0.120839 0.8591716 -0.4972144 -0.1238881 0.8580543 -0.4983919 -0.1961224 0.8539051 -0.4820601 -0.2782902 0.9129871 -0.2983439 -0.2782906 0.9129876 -0.298342 -0.329659 0.8662563 -0.3753997 -0.3223686 0.8596519 -0.3963297 -0.3539519 0.862623 0.3613854 -0.3544143 0.8646532 0.3560411 -0.3000343 0.8543146 0.4244126 0.5012249 0.8610536 -0.08579185 0.5019115 0.8604972 -0.08734612 0.4916759 0.8559144 -0.1602036 0.4121451 0.8582485 -0.305853 0.4059281 0.8705469 -0.2781555 0.3867226 0.850962 -0.3554001 0.3287221 0.8574134 -0.3959597 0.3298201 0.8533694 -0.4037071 0.2840502 0.8347631 -0.4716842 0.4690306 0.8812166 0.05888424 0.4690296 0.8812171 0.05888684 0.4251317 0.9038015 -0.04904858 0.4251331 0.9038007 -0.04905245 0.3752652 0.9136516 -0.1562587 0.3752649 0.9136518 -0.156258 0.3201299 0.9106438 -0.261237 0.3201297 0.910644 -0.2612363 0.2605031 0.8948283 -0.3625195 0.2605031 0.8948282 -0.3625198 0.1972193 0.8664312 -0.4586954 0.4276772 0.879617 0.208245 0.427678 0.8796171 0.2082433 0.3831355 0.9177078 0.1049749 0.3831364 0.9177076 0.1049727 0.333214 0.9428512 0.0002684001 0.3332126 0.9428517 0.000272614 0.3007159 0.9516236 -0.06310688 0.3168295 0.9402322 -0.1248299 0.2425137 0.9558092 -0.1661805 0.09472184 0.9099756 -0.4036981 0.09472184 0.9099756 -0.4036981 0.1585307 0.9381497 -0.3078038 0.1585309 0.9381495 -0.3078044 0.2201163 0.953133 -0.2075726 0.2880401 0.7839371 -0.5499777 0.2398625 0.9692476 0.05499954 0.2398615 0.9692477 0.05500273 0.2959013 0.9423742 0.1561194 0.2959011 0.9423742 0.1561199 0.3477941 0.9022049 0.2550796 0.3477952 0.9022052 0.2550771 0.387933 0.8582129 0.3361227 -0.07358264 0.8981766 -0.4334332 -0.07358266 0.8981766 -0.4334333 -0.00937189 0.9394094 -0.3426691 -0.009371988 0.9394096 -0.3426686 0.05496959 0.9674328 -0.2470875 0.05496964 0.9674327 -0.2470877 0.09406283 0.9778982 -0.1867277 0.2679192 0.9136159 0.3058189 0.2679195 0.9136161 0.305818 0.2279161 0.9431375 0.2419628 0.26312 0.9483157 0.1773839 0.2094328 0.9641348 0.1630398 0.0137983 0.9896981 -0.1425039 0.02696363 0.9903261 -0.1361143 0.04211449 0.9897316 -0.1365936 -0.001247401 0.9773168 -0.211779 -0.004669523 0.9853095 -0.1707139 0.008637506 0.9887517 -0.1493166 -0.1767368 0.9129131 -0.3679047 -0.1767368 0.912913 -0.3679047 -0.2290515 0.8671934 -0.4421662 0.1892824 0.9136738 0.3596838 0.1892828 0.9136742 0.3596826 0.004019021 0.9766325 0.2148785 0.009927563 0.9858712 0.1672101 -0.004906109 0.9891917 0.1465458 -0.2022174 0.9490866 -0.2415425 -0.2408882 0.9396429 -0.2429899 -0.2774386 0.9540473 -0.1132321 -0.2364917 0.9525436 -0.1916572 -0.1779006 0.9799189 -0.09005764 -0.1766675 0.9799112 -0.09253438 -0.1382876 0.9895237 -0.04146553 -0.03440244 0.969449 0.2428685 -0.03440247 0.969449 0.2428687 0.03961227 0.9425619 0.3316742 0.03961239 0.9425622 0.3316736 0.1130988 0.9023777 0.4158402 0.1130988 0.9023778 0.4158402 0.1788362 0.8545523 0.4876044 -0.2492897 0.9676564 -0.03867504 -0.2492899 0.9676564 -0.03867314 -0.3151975 0.9396347 -0.1331811 -0.3151973 0.9396347 -0.1331817 -0.3766752 0.8983991 -0.2258204 -0.3766751 0.8983988 -0.2258214 -0.416551 0.8620324 -0.2887653 -0.1191891 0.9431835 0.3101593 -0.119189 0.9431838 0.3101585 -0.03961757 0.918018 0.3945544 -0.03961741 0.9180187 0.3945532 0.04054536 0.879902 0.4734222 0.04054532 0.8799018 0.4734224 0.09902313 0.8440335 0.5270691 -0.3003925 0.9413554 0.1536692 -0.3140478 0.9464139 0.07533089 -0.3433501 0.938518 0.0359769 -0.3433501 0.9385182 0.03597604 -0.4097419 0.9103464 -0.05814753 -0.4097421 0.9103463 -0.05814586 -0.4703749 0.8693725 -0.1514557 -0.1136623 0.8816445 0.4580215 -0.1136623 0.881645 0.4580207 -0.1984259 0.9042594 0.3780767 -0.198426 0.9042596 0.3780764 -0.2803662 0.9141342 0.292837 -0.2803662 0.9141335 0.2928391 -0.3583373 0.9111423 0.2035041 -0.3583372 0.9111426 0.2035031 -0.4312525 0.8953369 0.111324 -0.4312525 0.8953372 0.1113223 -0.4980971 0.8669429 0.01758608 -0.824912 -1.253954e-05 0.5652612 -0.8249106 -2.517447e-08 0.5652633 -0.5652629 2.089869e-06 -0.8249108 -0.5652632 -8.120906e-09 -0.8249106 0.5652616 -1.01013e-05 0.8249117 0.5652633 2.51745e-08 0.8249106 -0.8249103 -3.483119e-06 0.5652637 -0.8249107 -1.384476e-08 0.565263 0.8249104 -2.438183e-06 -0.5652634 0.8249107 0 -0.565263 0.8249107 6.604201e-09 -0.5652631 0.8249103 -2.576379e-07 -0.5652637 0.565263 3.483121e-07 0.8249107 0.565263 -1.663398e-09 0.8249107 -0.5652608 -1.428111e-05 -0.8249122 -0.5652633 7.552345e-08 -0.8249106 -0.489532 0.4999998 -0.7143939 -0.4895323 0.4999999 -0.7143936 -0.4895369 0.500002 -0.714389 -0.4895321 0.4999999 -0.7143938 -0.489532 0.5000008 -0.7143932 -0.8855634 -2.914988e-08 0.4645185 -0.9372669 0.005458801 0.3485699 -0.9834682 -0.002584614 0.1810622 -0.9829899 0.004815053 -0.1835964 -0.9907966 0.0006010291 -0.1353574 -0.8518125 -0.00044511 -0.5238466 -0.809469 0.004415377 -0.587146 -0.6565261 -0.001284924 -0.7543023 -0.6048153 -7.839894e-09 -0.7963658 -0.7143937 0.5000001 0.4895321 -0.7143934 0.5000001 0.4895323 -0.7143942 0.4999987 0.4895328 -0.7143942 0.4999985 0.4895328 0.4645188 -1.716631e-08 0.8855632 0.3485693 0.005458837 0.9372671 0.1810622 -0.002584581 0.9834682 -0.1835964 0.00481502 0.9829899 -0.1353575 0.0006010172 0.9907966 -0.5238466 -0.000445155 0.8518125 -0.5871468 0.004415393 0.8094684 -0.7543025 -0.001284909 0.6565259 -0.7963647 -2.500485e-08 0.6048167 0.489532 0.4999999 0.7143939 0.4895321 0.5000001 0.7143936 0.4895326 0.5000001 0.7143933 0.4895331 0.4999988 0.7143938 0.4895322 0.5000005 0.7143933 -0.4645189 -4.519054e-08 -0.8855632 -0.3485682 0.005458818 -0.9372675 -0.1810622 -0.002584598 -0.9834682 0.1835965 0.004814897 -0.9829899 0.1353599 0.0006011091 -0.9907963 0.5238463 -0.0004452061 -0.8518127 0.5871476 0.004415398 -0.8094679 0.7543017 -0.001284929 -0.6565266 0.7963659 0 -0.6048151 0.8855638 4.631661e-08 -0.4645178 0.9372663 0.005458812 -0.3485714 0.9834682 -0.002584648 -0.1810622 0.98299 0.004815088 0.1835964 0.9907967 0.0006010091 0.1353568 0.8518125 -0.0004450853 0.5238466 0.8094696 0.004415351 0.5871453 0.6565256 -0.001284974 0.7543026 0.6048138 -1.324415e-08 0.7963669 0.7143936 0.5000001 -0.4895322 0.7143934 0.4999999 -0.4895327 0.7143938 0.4999987 -0.4895331 0.7143933 0.5000005 -0.4895322 -0 1 0 0 1 0 0 1 0 0 1 0 0 1 0 0 1 0 0 1 0 0 1 0 0 1 -0 0 1 -0 0 1 0 0 1 -0 0 1 0 -0 1 -0 0.1117624 0 -0.993735 0.1117624 0 -0.993735 0.3300047 0 -0.9439794 0.3300047 0 -0.9439794 0.5319092 0 -0.8468014 0.5319092 0 -0.8468014 0.7069591 0 -0.7072544 0.7069591 0 -0.7072544 0.8465167 0 -0.5323623 0.8465167 0 -0.5323623 0.9437811 0 -0.330571 0.9437811 0 -0.330571 0.9936958 0 -0.1121096 0.9936958 0 -0.1121096 0.9937502 -0 0.1116273 0.9937502 -0 0.1116273 0.9439363 -0 0.3301278 0.9439363 -0 0.3301278 0.8467723 -0 0.5319557 0.8467723 -0 0.5319557 0.7072999 -0 0.7069137 0.7072999 -0 0.7069137 0.5323306 -0 0.8465365 0.5323306 -0 0.8465365 0.3304554 -0 0.9438217 0.3304554 -0 0.9438217 0.1122064 -0 0.9936849 0.1122064 -0 0.9936849 0.1558489 -0.971335 -0.1794979 0.3367423 -0.8587412 -0.3862229 0.4614722 -0.7126182 -0.5284115 0.3722947 -0.7623848 0.5293071 0.5120949 -0.6249039 -0.5892826 0.5562144 -0.5307319 -0.6394914 0.4754637 -0.4497542 0.756079 0.6073081 -0.3816012 -0.6968195 0.5138739 -0.2727803 0.8133416 0.5277248 -0.3195492 0.7870164 0.5073068 -0.2092397 0.8359777 0.5364042 -0.01993191 0.8437258 0.6580018 0.01953375 -0.7527629 0.6481277 0.1473002 -0.7471499 0.6471503 0.1899512 -0.738319 0.5074865 0.2089161 0.8359495 0.5472232 0.172234 0.819074 0.5140429 0.2724716 0.8133382 0.5406026 0.2378376 0.8069585 0.4932391 0.380998 0.7820203 0.479321 0.5297505 0.6997254 0.4964696 0.4921264 0.7150731 0.4412692 0.623923 0.6449817 0.4619628 0.7122582 -0.5284683 0.3721149 0.7489113 0.548327 0.4407163 0.6406083 0.6288005 0.3372885 0.8585422 -0.386189 0.2904721 0.8581122 0.4234022 0.3727961 0.7621239 0.52933 0.1346883 0.9711184 0.1969473 0.2520545 0.8990641 0.3579835 0.05371968 0.9968117 0.05899628 0.05086443 0.9973897 0.05125138 0.06051632 0.9967592 0.05299815 0.05807254 0.9973072 0.04478733 0.06457641 0.9968433 0.04618897 0.06373839 0.997215 0.03872392 0.07116272 0.9966453 0.04042234 0.06711321 0.9972029 0.03289806 0.0743113 0.9966975 0.03273967 0.07830545 0.996683 0.02216271 0.0751571 0.997076 0.01381294 0.07770698 0.9969147 0.01107105 0.07344283 0.9972519 0.009743405 0.07925834 0.9968283 0.007186072 0.07440337 0.9972114 0.005783036 0.07902005 0.9968651 0.003964805 0.07843807 0.996919 3.885308e-05 0.07704235 0.9970278 0.0002517285 0.07089257 0.9971946 -0.02402082 0.07504018 0.9967488 -0.02933886 0.04613196 -0.9971507 0.05968575 0.05307811 -0.9968452 0.05901033 0.050214 -0.9974228 0.05124832 0.05985227 -0.9967996 0.05299242 0.05740856 -0.9973458 0.04478413 0.0639209 -0.9968855 0.04618797 0.06308242 -0.9972568 0.03872238 0.07050486 -0.9966921 0.04042042 0.06726661 -0.9971417 0.03440372 0.07449902 -0.9971254 0.01381238 0.07704882 -0.9969659 0.01107059 0.07278559 -0.9973 0.009743272 0.07860368 -0.9968801 0.007185028 0.07375342 -0.9972597 0.005783574 0.07644957 -0.9970734 -3.159442e-07 0.07681762 -0.9970451 -1.533638e-05 0.07738357 -0.9970013 9.968047e-05 0.07638544 -0.9970784 0.0002518984 0.06582715 -0.9973469 -0.03107838 0.07024223 -0.9968364 -0.03719359 0.04424429 -0.9969481 -0.06431886 0.2805744 -0.9220153 -0.2667691 0.4275275 -0.7856305 -0.4472191 0.7665404 -0.642196 1.556825e-05 0.7653702 -0.6435902 -0.0001687838 0.7626765 -0.6467798 0.0004650637 0.7677605 -0.6407302 0.002913689 0.7718247 -0.6358308 -0.002409612 0.7556893 -0.6545677 -0.02179143 0.7664788 -0.641346 -0.03443021 0.9170691 -0.3987283 -0.0002306682 0.917245 -0.3983234 2.139365e-05 0.9171876 -0.3984557 3.664656e-05 0.9177565 -0.3971431 0.0005929896 0.5225641 -0.3229018 0.7890889 0.6333739 -0.3230541 -0.7031881 0.653398 0.2286244 -0.7216661 0.5288699 0.3224947 0.7850438 0.9173305 0.3981264 -0.000230704 0.9175062 0.3977214 2.138797e-05 0.9174585 0.3978314 3.407187e-05 0.9180282 0.3965146 0.0005920659 0.7670223 0.6416204 1.555542e-05 0.7658369 0.6430349 -0.0001713801 0.7631142 0.6462634 0.0004698469 0.7681876 0.6402181 0.002915591 0.7722489 0.6353155 -0.00240879 0.7561234 0.654066 -0.02179544 0.4112399 0.7859926 -0.4616248 0.2492628 0.9213907 0.2981732 0.2562695 0.9228114 -0.2876543 0.0761537 0.9970961 -0.0003090537 0.08012915 0.9967821 -0.002173665 0.07565098 0.9971264 -0.003990291 0.07499405 -0.997176 -0.00399536 0.07948552 -0.9968337 -0.002173763 0.07550179 -0.9971456 -0.0003056706 0.05198054 -0.9968404 -0.06005979 0.05113012 -0.9969097 -0.05963881 0.05176303 -0.9971489 -0.05490436 0.05238484 -0.9970895 -0.05539325 0.05374642 -0.9970533 -0.05473734 0.05455589 -0.9969718 -0.05541518 0.04830053 -0.9974676 -0.05220696 0.05413688 -0.9969043 -0.05701777 0.04944922 -0.9970999 -0.0578491 0.05167106 -0.9968806 -0.05965915 0.04648701 -0.99721 -0.05840483 0.04571497 -0.9972863 -0.05770762 0.04679125 -0.9969677 -0.06217777 0.0523701 0.9968061 -0.06029224 0.05185061 0.9969012 -0.05915774 0.05243852 0.9971216 -0.05476024 0.05293117 0.9970578 -0.05544364 0.05449505 0.9970151 -0.05469031 0.05492883 0.9969594 -0.05526951 0.0513862 0.9972473 -0.05345267 0.05363004 0.9969196 -0.05722819 0.05066714 0.9970444 -0.05775343 0.05149434 0.9969014 -0.05946424 0.04688105 0.9971949 -0.05834774 0.04628374 0.9972816 -0.05733313 0.04745217 0.9969358 -0.06218695 0.04334799 -0.9968136 0.06695891 0.04581127 -0.9966168 0.06823682 0.1363447 -0.971162 0.1955875 0.1292221 -0.9731771 0.1903369 0.2208664 -0.9226733 0.316057 0.2651547 -0.8995488 0.3471382 0.2899201 -0.858281 0.4234384 0.5282702 -0.4683218 0.7082409 0.4961406 -0.4925115 0.7150364 0.4703123 -0.547941 0.6917855 0.4880132 -0.5298051 0.6936495 0.4316178 -0.6405041 0.6351854 0.449455 -0.6239237 0.6393038 0.3716232 -0.7491306 0.5483609 0.5864184 -0.4500827 -0.673453 0.6087266 -0.399168 -0.6856507 0.6320497 -0.3991941 -0.6641968 0.6320425 -0.3992068 -0.6641959 0.6450276 -0.399246 -0.6515688 0.6450273 -0.3992468 -0.6515687 0.6335269 -0.3992351 -0.6627632 0.6336183 -0.3990695 -0.6627755 0.6023362 -0.3991345 -0.6912906 0.6022872 -0.3991995 -0.6912959 0.5715747 -0.3990432 -0.7169845 0.5715271 -0.3991362 -0.7169709 0.5341424 -0.3991023 -0.7452579 0.5341537 -0.3990772 -0.7452632 0.5228928 -0.3992014 -0.753141 0.5230168 -0.3990229 -0.7531495 0.5537561 -0.3989531 -0.7308834 0.553668 -0.3990398 -0.7309029 0.598488 -0.3989806 -0.6947134 0.5984247 -0.3990597 -0.6947224 0.6537741 -0.3990977 -0.6428844 0.6538531 -0.3989968 -0.6428668 0.7069922 -0.3989276 -0.5839681 0.7070308 -0.3988762 -0.5839565 0.7604994 -0.3988128 -0.5124342 0.760503 -0.3988079 -0.5124328 0.8115909 -0.3987522 -0.4269859 0.8116603 -0.3986495 -0.4269497 0.8533363 -0.3986738 -0.3359708 0.8532593 -0.3987954 -0.336022 0.8817492 -0.3991384 -0.2514101 0.881642 -0.3993017 -0.2515263 0.9006406 -0.3992308 -0.1716425 0.900711 -0.3991111 -0.1715518 0.9121971 -0.3989305 -0.09354699 0.9123232 -0.3986874 -0.09335337 0.9160718 -0.3988705 -0.04140859 0.9160044 -0.3990122 -0.04153538 0.9167915 -0.3993551 -0.002997129 0.9167494 -0.3994513 -0.003051655 0.9167472 -0.3994664 0.00108888 0.4929803 -0.3813097 0.7820316 0.5020866 -0.3988967 0.7673269 0.5483087 -0.3990468 0.7349281 0.5482594 -0.3989777 0.7350023 0.6154382 -0.3986542 0.6799344 0.6154392 -0.3986605 0.6799296 0.6878772 -0.3987538 0.6064819 0.687881 -0.3987961 0.6064499 0.7442236 -0.3989063 0.5357285 0.7442259 -0.3989974 0.5356574 0.7782575 -0.3993009 0.4846381 0.7782544 -0.3992917 0.4846506 0.8051224 -0.3991297 0.4387178 0.8051268 -0.3990528 0.4387798 0.8383378 -0.3989049 0.3715704 0.8383114 -0.3990318 0.3714939 0.8626049 -0.399263 0.3106476 0.8626094 -0.399235 0.3106707 0.876757 -0.3992306 0.2681642 0.8767679 -0.3991762 0.2682093 0.8869445 -0.3991576 0.2323848 0.8869585 -0.3990974 0.2324348 0.8977872 -0.3989415 0.1866115 0.8977203 -0.3991286 0.1865328 0.9075443 -0.39923 0.1303029 0.9075053 -0.399332 0.1302616 0.9130407 -0.3993702 0.0828256 0.9130751 -0.3992846 0.08285886 0.9156939 -0.3992751 0.04565043 0.9157583 -0.3991209 0.0457082 0.9167291 -0.3991322 0.01735721 0.9253938 -0.3782627 0.02374268 0.9114903 -0.4113052 0.003691721 0.6601146 -0.01997413 -0.7508993 0.6576867 -0.01732357 -0.7530923 0.6619115 -0.06023167 -0.7471582 0.6536061 -0.0519967 -0.7550467 0.6633813 -0.1022299 -0.7412654 0.6474487 -0.0872715 -0.7570957 0.665293 -0.1475974 -0.7318472 0.6383889 -0.1241188 -0.7596408 0.6641675 -0.1902345 -0.7229747 0.6477414 -0.1726722 -0.7420346 0.6445976 -0.22913 -0.7293788 0.6489647 -0.2383793 -0.7225096 0.6322671 -0.2730232 -0.7250494 0.4951757 -0.08686479 0.8644395 0.5719841 -0.06010533 0.8180596 0.5054609 -0.1237662 0.853927 0.5604828 -0.1021268 0.821845 0.5247816 -0.1476009 0.8383426 0.5030193 0.1233956 0.8554211 0.5590004 0.1470876 0.8160171 0.5182081 0.08670595 0.850848 0.5509089 0.1018014 0.8283331 0.5285684 0.05149734 0.8473272 0.5454088 0.0598214 0.8360326 0.5357682 0.01687395 0.8441965 0.5406516 0.01956932 0.841019 0.5406502 -0.01725815 0.8410705 0.6683792 0.1017351 -0.7368307 0.6393944 0.1236891 -0.7588648 0.6755666 0.05970388 -0.7348778 0.6355819 0.08677566 -0.7671412 0.6612347 0.05153483 -0.7484069 0.5205792 0.6243784 -0.5823649 0.5019641 0.6411915 -0.5804356 0.5652433 0.5301628 -0.6320027 0.5467354 0.5486512 -0.6325048 0.5955889 0.449452 -0.6657827 0.5780965 0.4679595 -0.6684448 0.616167 0.381029 -0.689315 0.600076 0.3986574 -0.6935281 0.6306094 0.3226792 -0.7058398 0.6335731 0.3193139 -0.7047154 0.6324487 0.2725619 -0.7250646 0.4757724 0.4494444 0.756069 0.5023487 0.3985454 0.7673379 0.5485059 0.3986654 0.7349878 0.5485256 0.3986495 0.7349818 0.6156942 0.3982808 0.6799213 0.6157119 0.398257 0.6799192 0.6881527 0.398304 0.606465 0.6881408 0.3983202 0.606468 0.744518 0.3983922 0.5357019 0.7444624 0.3984684 0.5357226 0.778533 0.3987508 0.4846486 0.7785591 0.3987264 0.4846266 0.805386 0.3985486 0.4387624 0.8054033 0.3985241 0.4387528 0.8386246 0.398355 0.3715133 0.8385622 0.3984614 0.37154 0.8628651 0.3986765 0.3106781 0.8628945 0.3986315 0.3106541 0.8770252 0.3986183 0.2681984 0.8770361 0.3986009 0.2681884 0.8871919 0.3985772 0.2324363 0.8872255 0.398522 0.2324027 0.8980597 0.3983582 0.1865459 0.8979838 0.3985119 0.1865834 0.907824 0.3986042 0.1302693 0.907754 0.3987503 0.1303104 0.9132944 0.3987836 0.08285543 0.91334 0.3986856 0.08282509 0.915953 0.3986745 0.04570176 0.916016 0.3985352 0.04565563 0.9168362 0.3985705 0.02351629 0.9214395 0.3881303 0.01743927 0.9117578 0.4107117 0.003693377 0.1564927 0.9712322 -0.1794943 0.1527936 0.9732351 -0.1716612 0.1585916 0.973236 -0.1663143 0.1586016 0.9732319 -0.1663287 0.1618737 0.9732363 -0.1631201 0.1618536 0.973244 -0.1630935 0.1588896 0.9732437 -0.1659848 0.1589524 0.9732186 -0.1660712 0.1511885 0.973232 -0.173094 0.1511814 0.9732355 -0.1730804 0.1435659 0.973216 -0.1795538 0.1435216 0.9732357 -0.1794823 0.1340977 0.9732359 -0.1866271 0.1341133 0.9732286 -0.186654 0.1311028 0.9732498 -0.1886713 0.1311535 0.9732182 -0.1887991 0.139247 0.9732032 -0.1829911 0.1392317 0.9732181 -0.1829236 0.1503968 0.9732006 -0.1739579 0.1503555 0.9732246 -0.1738592 0.1639408 0.9732233 -0.1611209 0.1639991 0.9731948 -0.1612335 0.1774837 0.9731797 -0.1463588 0.177492 0.9731762 -0.1463719 0.1909582 0.9731607 -0.1284261 0.1909527 0.9731627 -0.1284191 0.2037076 0.9731495 -0.1071593 0.2037873 0.973124 -0.1072407 0.2143819 0.973123 -0.08409543 0.214298 0.9731474 -0.08402695 0.2212982 0.9731903 -0.06267092 0.221202 0.9732174 -0.06259094 0.2258492 0.973203 -0.0432209 0.2259268 0.9731826 -0.04327479 0.2288821 0.9731609 -0.02389326 0.229061 0.9731163 -0.02399589 0.230195 0.9731238 -0.006344611 0.2298315 0.9732103 -0.006251447 0.2297198 0.9732565 0.0007780629 0.2299197 0.9732093 0.0007534995 0.2299168 0.9732103 -4.738587e-05 0.2298713 0.973221 -4.581302e-05 0.2298713 0.973221 -0.0001639613 0.2298721 0.9732208 -0.0001640252 0.2298759 0.9732187 0.001546549 0.2299408 0.9732034 0.001538853 0.2298832 0.9732006 0.005856148 0.2299124 0.9731938 0.005849626 0.2297208 0.973188 0.01154424 0.2296295 0.9732095 0.01155317 0.2289728 0.9732105 0.02080542 0.2288916 0.9732295 0.02081005 0.2275431 0.9732246 0.03252406 0.2276381 0.9732025 0.03252355 0.2252288 0.9731901 0.04661553 0.2253485 0.973162 0.0466224 0.2213864 0.9731604 0.06282288 0.2213397 0.9731715 0.06281754 0.2163456 0.97321 0.07782688 0.2163306 0.9732133 0.07782644 0.2104042 0.9731821 0.09298698 0.2104854 0.9731631 0.09300365 0.2020139 0.9731908 0.1099547 0.1885751 0.9761653 0.1074282 0.1951603 0.9732276 0.1214105 0.04396566 0.9967906 0.06689738 0.04644387 0.9965912 0.0681835 0.04676725 0.997122 0.05967042 0.06939314 0.997197 0.02797925 0.07353971 0.9969434 0.02637737 0.0707453 0.9972203 0.02338092 0.08012404 0.9966478 0.01653251 0.07557031 0.997 0.01673473 0.07442318 0.9970258 0.02001365 0.0745253 0.9972153 0.002777594 0.07755081 0.9969864 0.001967518 0.07666642 0.9970567 0.0005847132 0.0772506 0.9970115 0.0005154843 0.07720667 0.9970151 -3.10767e-05 0.07772432 0.9969748 -5.535928e-05 0.07734716 0.9970043 -1.536024e-05 0.07875074 0.9968426 -0.01015549 0.07350954 0.997265 -0.00767699 0.07945193 0.9966691 -0.01839098 0.07041468 0.9974272 -0.01344374 0.07596357 0.9968802 -0.02143278 0.04244624 0.9973693 -0.05875896 0.04445312 0.9970509 -0.06255642 0.04398035 0.9970444 -0.06299295 0.04509301 0.9968179 -0.0657322 0.04397005 0.9973785 -0.05746971 0.04631115 0.9969329 -0.0630872 0.04938878 0.9971604 -0.05685078 0.04918587 0.9971957 -0.05640499 0.05621565 0.9968997 -0.0550529 0.05532512 0.9970623 -0.052971 0.06000948 0.9969793 -0.04930684 0.05968922 0.9970244 -0.04878 0.06389077 0.9970379 -0.04281881 0.06473095 0.9969368 -0.04389723 0.06687924 0.9971442 -0.03507704 0.0715872 0.9966422 -0.03974349 0.06870784 0.9971667 -0.03062358 0.07225385 -0.9968689 0.03212051 0.07314238 -0.9967812 0.03282349 0.0681392 -0.9973708 0.02466561 0.06972114 -0.9972352 0.02570715 0.07513212 -0.996943 0.02144656 0.08319988 -0.9963597 0.01857648 0.07530042 -0.9970377 0.0156707 0.07355118 -0.9970772 0.02067018 0.07613669 -0.9970974 -8.933109e-05 0.0765616 -0.9970649 -5.467922e-05 0.07661331 -0.9970607 0.0005888815 0.07596369 -0.9971104 0.0005093853 0.0775018 -0.9969879 0.002914164 0.07016981 -0.9975334 0.001799027 0.07837223 -0.9969163 0.003964905 0.07706875 -0.9969927 -0.008121502 0.07392934 -0.9972171 -0.009616818 0.07679944 -0.9969368 -0.01479026 0.07210512 -0.9972549 -0.0168377 0.07529422 -0.996931 -0.02142972 0.07023116 -0.9972417 -0.02401341 0.07438766 -0.9967977 -0.02934229 0.05858436 -0.9974931 -0.03968917 0.0681469 -0.9967467 -0.04303585 0.05650597 -0.9972976 -0.04695215 0.06024525 -0.9969992 -0.04861157 0.05399199 -0.997107 -0.05350259 0.05660538 -0.9968895 -0.05483814 0.04835753 -0.9972351 -0.05642509 0.0538559 -0.9967409 -0.06005813 0.0444058 -0.9972759 -0.05889725 0.04865057 -0.9968986 -0.0618577 0.0438582 -0.9971443 -0.06147919 0.04180298 -0.9973964 -0.05876198 0.04176217 -0.9974006 -0.05871848 0.04294421 -0.9970593 -0.06347052 0.153962 -0.9732624 0.1704579 0.1539768 -0.9732544 0.1704905 0.172211 -0.9732706 0.1519462 0.1721798 -0.9732843 0.1518943 0.186253 -0.9733003 0.1341507 0.1862105 -0.9733163 0.1340933 0.1945006 -0.9733629 0.1213847 0.1879229 -0.9762916 0.1074228 0.20135 -0.9733293 0.1099467 0.2098147 -0.9733074 0.09300843 0.2097553 -0.9733244 0.092965 0.2156778 -0.9733596 0.07780994 0.215702 -0.9733526 0.07782889 0.2206995 -0.9733173 0.06281028 0.2207366 -0.9733078 0.06282774 0.2246964 -0.9733121 0.04663798 0.2246047 -0.9733349 0.04660437 0.22701 -0.9733488 0.03253793 0.2269304 -0.9733681 0.03251422 0.2282786 -0.9733736 0.0208038 0.2283115 -0.9733657 0.02081181 0.2289696 -0.9733652 0.01154043 0.2290457 -0.9733471 0.01155572 0.2292375 -0.9733529 0.005854656 0.2292404 -0.9733523 0.005855445 0.2292978 -0.9733551 0.001544972 0.2292196 -0.9733735 0.001534624 0.2292158 -0.9733757 -0.0001637366 0.2292162 -0.9733755 -0.0001637021 0.2292162 -0.9733756 -4.682839e-05 0.2292472 -0.9733682 -4.576869e-05 0.2292502 -0.9733673 0.0007754256 0.2290774 -0.973408 0.000753005 0.2291899 -0.9733612 -0.006329168 0.2295345 -0.9732804 -0.006260569 0.2284006 -0.9732734 -0.0239181 0.2282178 -0.9733148 -0.02397685 0.2252824 -0.9733341 -0.04322578 0.2251775 -0.9733574 -0.04324997 0.2205255 -0.9733677 -0.06264087 0.2206652 -0.9733373 -0.06262101 0.2136416 -0.9732898 -0.08404782 0.2137135 -0.9732738 -0.08405242 0.2031189 -0.9732686 -0.1071955 0.2030429 -0.973286 -0.1071822 0.1903003 -0.9732903 -0.1284207 0.1903073 -0.9732886 -0.1284227 0.1768524 -0.9732957 -0.1463512 0.1768205 -0.9733034 -0.1463385 0.1633625 -0.9733098 -0.161185 0.1632773 -0.9733312 -0.1611424 0.1496916 -0.973323 -0.1738812 0.1497421 -0.9733098 -0.1739117 0.1385392 -0.97332 -0.1829073 0.1386197 -0.9733003 -0.1829508 0.1305267 -0.9733106 -0.1887571 0.1304257 -0.9733419 -0.1886655 0.1334593 -0.9733226 -0.1866326 0.1334568 -0.9733235 -0.1866297 0.1428743 -0.9733298 -0.1794882 0.1429328 -0.9733105 -0.179546 0.1505417 -0.9733347 -0.1730803 0.1505321 -0.9733374 -0.1730735 0.1583061 -0.9733288 -0.166043 0.1582334 -0.9733505 -0.1659849 0.1612006 -0.9733529 -0.1630907 0.1612184 -0.9733476 -0.1631044 0.157951 -0.973341 -0.1663087 0.1579279 -0.9733478 -0.1662909 0.1521341 -0.9733431 -0.1716344 0.2932931 -0.8993198 0.32435 0.2932975 -0.8993077 0.3243796 0.3279527 -0.8993541 0.2891527 0.3279283 -0.899393 0.2890593 0.354706 -0.8994429 0.2553156 0.3546771 -0.8994769 0.2552361 0.3705338 -0.8996292 0.231024 0.3705359 -0.8996208 0.2310534 0.3834967 -0.8995402 0.2091837 0.3835326 -0.8995082 0.2092553 0.3995903 -0.8994324 0.1770561 0.3995026 -0.8994913 0.1769553 0.410823 -0.8996071 0.1480931 0.4108299 -0.8996024 0.1481029 0.4175556 -0.8996022 0.1279188 0.4085174 -0.9053266 0.1161781 0.422536 -0.8995395 0.1108695 0.4278885 -0.899458 0.08880682 0.4277256 -0.8995447 0.08871434 0.4323142 -0.8995914 0.06196498 0.4321862 -0.8996574 0.06190213 0.4347632 -0.8996756 0.03955797 0.4348665 -0.8996238 0.03960234 0.4361203 -0.8996215 0.02191355 0.4362724 -0.8995463 0.02197186 0.436643 -0.8995656 0.01116294 0.4366085 -0.8995826 0.01114291 0.4367211 -0.899592 0.00297889 0.4365816 -0.8996598 0.002939332 0.4365768 -0.899667 -0.0003154851 0.4365964 -0.8996574 -0.0003118754 0.4365963 -0.8996575 -9.516531e-05 0.4366791 -0.8996173 -8.890005e-05 0.436684 -0.8996136 0.001578436 0.4363186 -0.899791 0.001474672 0.4364811 -0.8996287 -0.01234727 0.4371064 -0.8993289 -0.01206158 0.4349706 -0.8993081 -0.04522441 0.4346259 -0.8994619 -0.04548227 0.4290657 -0.8995324 -0.08212192 0.4288895 -0.8996064 -0.08223213 0.4199853 -0.8996429 -0.1193939 0.4202142 -0.8995517 -0.1192762 0.4067962 -0.8993916 -0.1600366 0.4069953 -0.8993095 -0.1599921 0.3868961 -0.8992996 -0.2038909 0.3867 -0.8993791 -0.2039126 0.3624395 -0.8994001 -0.2443708 0.3624365 -0.8994013 -0.2443708 0.3368436 -0.8994317 -0.2784945 0.3368465 -0.8994304 -0.2784947 0.3113066 -0.8994617 -0.3066868 0.311106 -0.8995429 -0.3066524 0.2851494 -0.8995206 -0.3309871 0.2852907 -0.8994626 -0.331023 0.2639122 -0.8995 -0.3482101 0.2640727 -0.8994433 -0.3482347 0.2488319 -0.8994809 -0.3591889 0.2486115 -0.8995894 -0.35907 0.2543266 -0.8995236 -0.3552116 0.254313 -0.8995324 -0.3551992 0.2722176 -0.8995489 -0.3416274 0.2723023 -0.8994994 -0.3416903 0.2867998 -0.8995776 -0.3294024 0.2868313 -0.8995631 -0.3294145 0.3016475 -0.8995308 -0.3159957 0.3015093 -0.8996046 -0.3159172 0.3071322 -0.8996111 -0.3104346 0.3071726 -0.8995897 -0.3104568 0.3009603 -0.8995693 -0.3165402 0.3009308 -0.8995848 -0.3165246 0.2908909 -0.8995816 -0.3257844 0.4340435 -0.7625216 0.4797572 0.434046 -0.7624932 0.4798002 0.4852474 -0.7625787 0.4277951 0.485224 -0.7626732 0.4276533 0.524877 -0.7627648 0.3777488 0.5248514 -0.7628309 0.3776508 0.5484918 -0.7631147 0.3417787 0.5484899 -0.7630785 0.3418625 0.5675992 -0.7629259 0.3094761 0.5676121 -0.7629023 0.3095101 0.5912487 -0.7627583 0.2619631 0.5911766 -0.7628481 0.2618642 0.6080577 -0.7630625 0.2190924 0.6080796 -0.7630336 0.2191324 0.6180442 -0.7630318 0.1892191 0.6180909 -0.7629747 0.1892961 0.6253022 -0.7629597 0.163981 0.6253372 -0.7629195 0.1640342 0.6331701 -0.7627683 0.1314536 0.6329966 -0.7629324 0.1313375 0.6398317 -0.763019 0.09174655 0.639687 -0.7631505 0.09166159 0.6435284 -0.7631835 0.05849892 0.6436129 -0.7631088 0.05854308 0.6454678 -0.7631023 0.03234715 0.6456476 -0.7629465 0.03243237 0.6462079 -0.762982 0.01654277 0.6461709 -0.7630141 0.01651558 0.6463453 -0.763032 0.004463839 0.6461855 -0.7631678 0.004406298 0.6461843 -0.7631813 -0.0004826661 0.6462506 -0.7631251 -0.0004670051 0.6462506 -0.7631252 -0.0001425149 0.6462695 -0.7631091 -0.0001406807 0.6462736 -0.7631019 0.002452909 0.6459475 -0.7633783 0.002334153 0.6460502 -0.7630675 -0.01863147 0.646652 -0.7625659 -0.01828787 0.6435227 -0.7625279 -0.06655614 0.6431927 -0.7627802 -0.06685467 0.6350005 -0.7629246 -0.1213276 0.6348177 -0.7630545 -0.1214673 0.6215714 -0.7631233 -0.1768944 0.6218385 -0.7629454 -0.1767237 0.6019049 -0.7626413 -0.2368302 0.6020578 -0.762536 -0.2367812 0.5724409 -0.7625163 -0.3014635 0.5722923 -0.7626159 -0.3014938 0.5363433 -0.7626632 -0.3614978 0.5363433 -0.7626631 -0.3614978 0.4985262 -0.7627228 -0.4119777 0.4984813 -0.7627518 -0.411978 0.4608213 -0.762816 -0.4536028 0.4606062 -0.7629551 -0.4535873 0.4219964 -0.7629192 -0.4897687 0.4221474 -0.7628209 -0.4897915 0.3905365 -0.7628896 -0.5152483 0.3907058 -0.7627971 -0.5152568 0.3684183 -0.7628685 -0.5313189 0.3682007 -0.7630365 -0.5312284 0.3764936 -0.7629148 -0.5255603 0.3764622 -0.7629479 -0.5255347 0.4029229 -0.762977 -0.5054891 0.4030252 -0.7628798 -0.5055543 0.4245448 -0.7630233 -0.4873984 0.4245504 -0.7630193 -0.4873998 0.4465114 -0.7629557 -0.4674677 0.4463617 -0.7630864 -0.4673975 0.4546264 -0.7630975 -0.459344 0.4546594 -0.7630688 -0.4593591 0.4454694 -0.7630322 -0.4683363 0.4454723 -0.7630298 -0.4683375 0.4307429 -0.7630268 -0.4819241 0.5149183 -0.6411148 0.5690615 0.5149175 -0.6411236 0.5690522 0.575628 -0.6412224 0.5074311 0.5756202 -0.6412603 0.5073919 0.6227227 -0.6413743 0.4481689 0.6226993 -0.6414528 0.4480891 0.6508882 -0.6417881 0.4055276 0.6508881 -0.6417868 0.4055296 0.67347 -0.6416067 0.3671227 0.6734864 -0.6415668 0.3671623 0.7014396 -0.6413986 0.3107897 0.70139 -0.6414844 0.3107246 0.7215285 -0.6417387 0.2599385 0.7215346 -0.6417276 0.259949 0.7333576 -0.6417255 0.2244439 0.7334001 -0.6416537 0.2245104 0.7419354 -0.6416348 0.1945165 0.7419584 -0.6415979 0.1945499 0.7511623 -0.6414205 0.1559968 0.751016 -0.6416149 0.1559018 0.7591679 -0.6417212 0.1088949 0.7590531 -0.6418681 0.1088295 0.7636375 -0.6419082 0.06936593 0.7637414 -0.6417788 0.06941861 0.7659373 -0.6417713 0.0383351 0.7660475 -0.6416367 0.03838569 0.7667224 -0.6416781 0.01964788 0.7666905 -0.6417169 0.01962524 0.766925 -0.6417294 0.003056125 0.7767209 -0.6298221 0.005363566 0.7682419 -0.6401594 -0.0005738347 0.7633832 -0.6411313 -0.07871986 0.7631466 -0.6413884 -0.07891899 0.7534605 -0.6415732 -0.1438095 0.7533105 -0.6417253 -0.1439159 0.7375448 -0.6418083 -0.2100232 0.7377153 -0.6416454 -0.2099225 0.7139948 -0.6412764 -0.2810266 0.7141814 -0.6410918 -0.2809738 0.6791406 -0.6410681 -0.3574907 0.67897 -0.6412328 -0.3575195 0.6362997 -0.6412907 -0.4287995 0.636286 -0.6413037 -0.4288003 0.591462 -0.6413726 -0.4886857 0.5914348 -0.6413984 -0.4886851 0.5468172 -0.6414764 -0.5380511 0.5466852 -0.6416001 -0.5380377 0.5007064 -0.6415594 -0.581115 0.500805 -0.6414662 -0.5811329 0.4633306 -0.6415429 -0.6113489 0.4634713 -0.6414306 -0.61136 0.4372542 -0.6415129 -0.6302935 0.4370828 -0.641703 -0.6302189 0.4467778 -0.6415598 -0.6235307 0.4467413 -0.6416144 -0.6235008 0.4781028 -0.6416495 -0.599753 0.4781935 -0.6415273 -0.5998114 0.5037928 -0.6416972 -0.5782884 0.5038025 -0.6416872 -0.5782909 0.5298728 -0.6416124 -0.5545884 0.529764 -0.6417471 -0.5545365 0.5395206 -0.6417595 -0.5450343 0.5395253 -0.6417537 -0.5450364 0.528636 -0.6417097 -0.5556551 0.5285935 -0.6417612 -0.5556362 0.5098191 -0.6417429 -0.5729315 0.5610409 -0.5485582 0.6199331 0.5610405 -0.5485073 0.6199785 0.6271649 -0.5486101 0.5528934 0.6271571 -0.5487015 0.5528116 0.678475 -0.5488178 0.4883345 0.678459 -0.5489156 0.4882469 0.7093056 -0.5492585 0.4418153 0.7092991 -0.5492079 0.4418884 0.7338781 -0.5490232 0.3999956 0.7338884 -0.5489835 0.400031 0.7642663 -0.5488145 0.3386734 0.7642078 -0.5489541 0.338579 0.7862318 -0.5492163 0.2831979 0.7862489 -0.5491717 0.2832368 0.7991385 -0.5491676 0.244525 0.7991595 -0.5491183 0.2445676 0.808452 -0.5490978 0.2118895 0.8084851 -0.5490252 0.2119512 0.8184484 -0.5488459 0.1700303 0.8183244 -0.5490604 0.1699343 0.8272381 -0.5491711 0.1186934 0.8271621 -0.549297 0.118641 0.8321769 -0.5493384 0.07555761 0.8322327 -0.5492489 0.07559228 0.8346229 -0.5492399 0.04171508 0.8347295 -0.5490732 0.04177576 0.8354725 -0.5491148 0.02141547 0.8354641 -0.5491281 0.02140787 0.8357223 -0.5491421 0.003361237 0.8356155 -0.5493048 0.003329727 0.83562 -0.549308 1.697224e-05 0.8356199 -0.5493079 1.697025e-05 0.8356196 -0.5493082 0.0005240773 0.8355468 -0.549419 0.0005094074 0.8355526 -0.549404 -0.002656456 0.8356125 -0.5493131 -0.002608465 0.8350233 -0.5489257 -0.03763797 0.8351257 -0.5487787 -0.03751129 0.8317243 -0.548565 -0.08550534 0.8314979 -0.5488716 -0.08573881 0.8209835 -0.5490635 -0.1565741 0.8208762 -0.5491971 -0.1566679 0.8036449 -0.54928 -0.2290116 0.8038212 -0.5490761 -0.2288817 0.7779138 -0.5486979 -0.3062364 0.7780041 -0.5485898 -0.3062008 0.7398981 -0.5485652 -0.389393 0.7398304 -0.5486433 -0.3894117 0.6932992 -0.548705 -0.4671822 0.6933047 -0.5486987 -0.4671812 0.644503 -0.548772 -0.5324145 0.6444423 -0.5488385 -0.5324193 0.595911 -0.5489202 -0.5861543 0.5957541 -0.5490896 -0.586155 0.5455232 -0.5490465 -0.6332081 0.5456485 -0.5489113 -0.6332172 0.5047926 -0.548987 -0.6661814 0.5049337 -0.5488617 -0.6661777 0.4765711 -0.5489455 -0.6866868 0.4763846 -0.5491803 -0.6866285 0.4868465 -0.5490359 -0.6793674 0.4868247 -0.5490744 -0.6793519 0.5209566 -0.5491092 -0.6535162 0.5210503 -0.5489606 -0.6535662 0.5489782 -0.5491366 -0.6301364 0.5490161 -0.5490927 -0.6301419 0.5774586 -0.5490161 -0.604254 0.5773275 -0.5492075 -0.6042053 0.5879186 -0.5492206 -0.5938926 0.5879425 -0.5491855 -0.5939015 0.5760753 -0.5491408 -0.6054599 0.5760655 -0.5491548 -0.6054565 0.5553686 -0.5491337 -0.6245142 0.5930424 -0.4679656 0.6552166 0.5930386 -0.4679256 0.6552486 0.6628688 -0.4680328 0.5844229 0.6628702 -0.4681368 0.5843381 0.7171435 -0.4682506 0.5161846 0.7171404 -0.4683069 0.5161379 0.7498666 -0.468637 0.4669897 0.7498559 -0.4685934 0.4670506 0.7757739 -0.4684193 0.4227981 0.7757763 -0.4684033 0.4228115 0.8078277 -0.4682439 0.3579974 0.8078058 -0.4683168 0.3579513 0.8311635 -0.4685656 0.2993551 0.8311681 -0.4685476 0.2993703 0.844794 -0.4685441 0.2584369 0.8448128 -0.4684813 0.2584896 0.854623 -0.4684634 0.223968 0.8546285 -0.4684466 0.223982 0.8651029 -0.4682765 0.179761 0.8650414 -0.4684128 0.1797023 0.8744907 -0.468518 0.1255268 0.8744079 -0.4686914 0.1254561 0.8797264 -0.4687302 0.07983498 0.8797798 -0.4686228 0.07987649 0.8823044 -0.4686144 0.04403992 0.8823888 -0.46845 0.04410052 0.8831786 -0.4684891 0.02266056 0.883158 -0.468529 0.02263699 0.8834342 -0.4685413 0.003578146 0.8833669 -0.4686685 0.003552684 0.8833725 -0.4686714 2.060129e-05 0.8833575 -0.4686998 1.79394e-05 0.8833572 -0.4687 0.0005707646 0.8832924 -0.4688221 0.0005539791 0.8832958 -0.4688072 -0.002887626 0.8833728 -0.4686626 -0.002808499 0.8826718 -0.4682931 -0.03990003 0.882745 -0.4681647 -0.03978734 0.8791364 -0.4679643 -0.09015921 0.8789788 -0.4682216 -0.0903597 0.8678885 -0.4684127 -0.165406 0.8678048 -0.4685358 -0.1654961 0.849543 -0.4686137 -0.2422354 0.8496723 -0.4684401 -0.2421177 0.822251 -0.4680749 -0.3237426 0.8223234 -0.4679741 -0.3237042 0.7821114 -0.4679497 -0.411491 0.7820047 -0.4680906 -0.4115336 0.7328063 -0.4681492 -0.4937927 0.73282 -0.4681318 -0.4937888 0.6812625 -0.468195 -0.5627386 0.6812506 -0.4682097 -0.562741 0.6299948 -0.468286 -0.6195279 0.6298896 -0.4684108 -0.6195405 0.5766555 -0.4683678 -0.6694028 0.5767398 -0.4682688 -0.6693994 0.5335559 -0.4683355 -0.7042585 0.5336703 -0.4682276 -0.7042435 0.5038851 -0.4683054 -0.725803 0.5037364 -0.4685076 -0.7257757 0.5146817 -0.4683716 -0.718144 0.5146637 -0.4684076 -0.7181334 0.5507132 -0.4684451 -0.6908503 0.5507751 -0.468335 -0.6908756 0.5803591 -0.4685026 -0.6660996 0.5803457 -0.4685194 -0.6660994 0.6104634 -0.4684471 -0.6386641 0.6103532 -0.4686286 -0.6386363 0.621477 -0.468641 -0.6278073 0.6215461 -0.4685261 -0.6278247 0.6090147 -0.4684835 -0.6400189 0.608988 -0.4685266 -0.6400128 0.58689 -0.4685036 -0.6603518 0.5666532 -0.3195745 0.7594578 0.566646 -0.3195698 0.7594653 0.635994 -0.3192946 0.70254 0.6359685 -0.3192519 0.7025826 0.7107871 -0.3193402 0.6267403 0.7108155 -0.319397 0.6266792 0.7690292 -0.3194964 0.5536392 0.7690509 -0.319549 0.5535785 0.8043144 -0.3198105 0.5007989 0.8042983 -0.3197944 0.500835 0.8320497 -0.3196574 0.4533347 0.8320414 -0.3196295 0.4533697 0.8662816 -0.3195082 0.3840193 0.8662847 -0.3195905 0.3839436 0.8914616 -0.3197895 0.3209843 0.8914574 -0.3197578 0.3210273 0.9060874 -0.3197557 0.2770597 0.9060839 -0.319709 0.2771246 0.916594 -0.3196939 0.2401071 0.9165933 -0.3196672 0.2401448 0.9277298 -0.3195355 0.1929105 0.927704 -0.3196629 0.1928236 0.9378742 -0.3197496 0.1347302 0.9378453 -0.3198683 0.1346491 0.9435813 -0.3198993 0.0855499 0.9435997 -0.3198329 0.08559497 0.9463055 -0.3198246 0.0470959 0.9463422 -0.3197044 0.04717677 0.9473433 -0.3197136 0.01799411 0.9473095 -0.3198174 0.01793561 0.9474617 -0.3198691 -0.0002398545 0.947463 -0.3198652 -0.0002383122 0.9474631 -0.3198653 3.851865e-05 0.9474617 -0.3198692 3.785433e-05 0.9474611 -0.3198689 0.001169249 0.9474241 -0.3199785 0.001125328 0.9474238 -0.3199649 -0.003256948 0.947457 -0.3198676 -0.003153884 0.9465823 -0.319573 -0.04307088 0.9466194 -0.319483 -0.04292214 0.9427502 -0.3193307 -0.09617721 0.9426585 -0.3195177 -0.09645429 0.9308237 -0.3196763 -0.1771274 0.9307629 -0.3197745 -0.1772699 0.9110665 -0.3198328 -0.2601247 0.9111649 -0.3197022 -0.2599402 0.8816825 -0.319405 -0.3472989 0.8817399 -0.319326 -0.3472258 0.8387432 -0.3193025 -0.4410847 0.8386818 -0.3193769 -0.4411477 0.7858745 -0.3194197 -0.5295021 0.7858707 -0.3194238 -0.5295053 0.7306386 -0.3194718 -0.6034113 0.7306262 -0.3194839 -0.6034198 0.6758038 -0.3195427 -0.6642151 0.6756737 -0.319661 -0.6642905 0.6183585 -0.3196229 -0.7179651 0.6184418 -0.319551 -0.7179253 0.572045 -0.3195964 -0.7553957 0.572196 -0.3195009 -0.7553217 0.5406386 -0.3195587 -0.7781981 0.5404752 -0.3197191 -0.7782457 0.5520275 -0.3196136 -0.7701382 0.5520127 -0.3196394 -0.7701381 0.5905945 -0.3196712 -0.7409511 0.590665 -0.3195652 -0.7409406 0.6224557 -0.3196999 -0.7143815 0.6224383 -0.3197157 -0.7143896 0.6548358 -0.3196611 -0.6848407 0.6547635 -0.3197638 -0.6848619 0.666599 -0.3197742 -0.6733426 0.6666099 -0.3197581 -0.6733394 0.6531962 -0.319723 -0.6863759 0.6531832 -0.319741 -0.6863799 0.6316319 -0.3197359 -0.7062649 0.6695234 -0.2383778 -0.7035016 0.6695381 -0.2383564 -0.7034947 0.6832716 -0.2383846 -0.6901541 0.683251 -0.2384165 -0.6901635 0.671184 -0.2384074 -0.7019074 0.6712627 -0.2382912 -0.7018715 0.6380187 -0.2383318 -0.732209 0.6379824 -0.2383644 -0.7322301 0.6053685 -0.2382547 -0.7594497 0.6053267 -0.2383195 -0.7594626 0.5658225 -0.2382905 -0.789343 0.5658383 -0.238262 -0.7893404 0.5541319 -0.2383426 -0.797578 0.5542491 -0.2382272 -0.7975309 0.586351 -0.2381854 -0.7742482 0.5862876 -0.2382254 -0.7742839 0.6338239 -0.2381943 -0.7358877 0.6337298 -0.2382768 -0.7359421 0.6926619 -0.2383097 -0.6807554 0.6927637 -0.2382147 -0.6806852 0.7488681 -0.2381718 -0.6184422 0.748876 -0.2381638 -0.6184359 0.8054718 -0.2381313 -0.5426866 0.8054724 -0.2381305 -0.5426859 0.8596265 -0.2381003 -0.4520514 0.8596846 -0.2380241 -0.451981 0.9036775 -0.2380455 -0.3559513 0.9036262 -0.2381237 -0.3560293 0.9338604 -0.2383617 -0.266624 0.9337904 -0.2384645 -0.2667771 0.9540436 -0.2384191 -0.1815405 0.9540938 -0.2383263 -0.1813993 0.9662017 -0.2381992 -0.09856676 0.9662527 -0.2380729 -0.09837196 0.9702139 -0.2381935 -0.04414495 0.97019 -0.2382671 -0.04427185 0.9711368 -0.2384997 -0.003338271 0.97112 -0.238567 -0.003414463 0.9711227 -0.2385778 0.001198376 0.971147 -0.2384783 0.001241147 0.9711477 -0.2384785 3.948154e-05 0.9711469 -0.2384818 3.888383e-05 0.9711469 -0.2384817 -0.0002458505 0.9711431 -0.2384972 -0.0002522831 0.970978 -0.2384567 0.01844252 0.970999 -0.2383667 0.01849635 0.9699766 -0.2383594 0.04827257 0.969959 -0.2384432 0.0482131 0.9671881 -0.2384495 0.0876875 0.9671736 -0.2385288 0.08763111 0.9612743 -0.2385027 0.1380875 0.9612865 -0.2384197 0.1381463 0.9508415 -0.2383506 0.1977102 0.9508535 -0.2382376 0.1977892 0.9394845 -0.2383392 0.2460959 0.9394892 -0.2383751 0.2460435 0.9287257 -0.2383863 0.2839729 0.9287322 -0.2384226 0.2839209 0.9137375 -0.2384245 0.3289946 0.9137354 -0.2384156 0.3290069 0.8878789 -0.2382555 0.3935802 0.8878728 -0.2382115 0.3936208 0.8528302 -0.2383052 0.4646409 0.8528391 -0.2383268 0.4646138 0.8244225 -0.2384316 0.513301 0.824448 -0.2384543 0.5132493 0.7882063 -0.2382458 0.5674238 0.7881807 -0.2381963 0.5674801 0.7284997 -0.2381115 0.6423326 0.7284753 -0.2380706 0.6423753 0.6518559 -0.2379949 0.7200292 0.6518583 -0.2379982 0.7200261 0.5808168 -0.2382076 0.7784016 0.5808873 -0.2382499 0.778336 0.5404301 -0.2382231 0.8069605 0.6790586 -0.1727242 -0.7134743 0.6790625 -0.1727184 -0.7134721 0.6929743 -0.1727408 -0.6999623 0.6929616 -0.1727611 -0.6999699 0.6807929 -0.1727536 -0.7118126 0.6808422 -0.1726792 -0.7117835 0.6470591 -0.1727074 -0.7426215 0.6470594 -0.1727071 -0.7426213 0.6139426 -0.1726224 -0.7702441 0.6139025 -0.1726858 -0.7702619 0.5738819 -0.1726611 -0.8005297 0.5738853 -0.1726546 -0.8005285 0.5621184 -0.1727135 -0.808822 0.5622102 -0.1726237 -0.8087773 0.5946224 -0.172595 -0.7852613 0.5945646 -0.1726311 -0.785297 0.6427426 -0.1726138 -0.7463822 0.6426934 -0.1726573 -0.7464146 0.7025926 -0.1726879 -0.6903206 0.7026477 -0.1726356 -0.6902775 0.7594996 -0.172606 -0.6271901 0.7595173 -0.1725874 -0.6271739 0.8168949 -0.1725672 -0.5503664 0.8168865 -0.1725772 -0.5503757 0.8718514 -0.1725575 -0.4583657 0.8718945 -0.1724973 -0.4583062 0.916442 -0.1725185 -0.3610699 0.9164048 -0.17258 -0.3611348 0.9470733 -0.1727616 -0.2705653 0.9470343 -0.1728237 -0.2706621 0.9676254 -0.172792 -0.1839675 0.96765 -0.1727405 -0.1838861 0.9799192 -0.1726444 -0.09976116 0.9799545 -0.1725403 -0.09959494 0.9839633 -0.1726281 -0.04489922 0.9839532 -0.1726673 -0.04496909 0.9849438 -0.1728402 -0.003463065 0.9849312 -0.1729103 -0.003546927 0.9849353 -0.1729186 0.001258765 0.9849451 -0.1728625 0.001284303 0.984946 -0.1728627 3.941126e-05 0.9849465 -0.1728594 4.004132e-05 0.9849465 -0.1728594 -0.0002558146 0.9849465 -0.1728591 -0.0002556945 0.9847733 -0.1728283 0.01875834 0.984784 -0.1727627 0.01879961 0.9837499 -0.1727574 0.04889744 0.9837406 -0.1728249 0.04884724 0.9809335 -0.1728307 0.08887579 0.9809291 -0.1728712 0.08884574 0.9749324 -0.1728518 0.1401039 0.9749367 -0.172793 0.140147 0.9643267 -0.172739 0.2005871 0.9643291 -0.1726607 0.2006432 0.9528357 -0.172735 0.249533 0.9528398 -0.172754 0.2495043 0.9419334 -0.1727614 0.2879496 0.9419405 -0.1727881 0.2879103 0.9267182 -0.1727873 0.3336734 0.9267241 -0.1728056 0.3336473 0.9004593 -0.1726844 0.3991907 0.9004493 -0.172639 0.3992327 0.8649527 -0.1727034 0.4712009 0.8649583 -0.1727147 0.4711865 0.836174 -0.1727914 0.5205346 0.8361741 -0.1727916 0.5205341 0.7993627 -0.1726324 0.5755149 0.7993558 -0.1726209 0.5755279 0.7387999 -0.1725538 0.6514598 0.7387706 -0.1725103 0.6515045 0.6611012 -0.1724476 0.7302103 0.6611164 -0.1724675 0.7301918 0.5891464 -0.1726183 0.7893728 0.589156 -0.1726237 0.7893645 0.5470788 -0.1725943 0.8190946 0.5935277 -0.124171 0.795177 0.5935173 -0.1241632 0.7951859 0.6660092 -0.1240593 0.7355549 0.6659992 -0.1240418 0.7355669 0.7442259 -0.1240942 0.656299 0.744225 -0.1240924 0.6563003 0.8052419 -0.1241499 0.5798036 0.8052611 -0.1241924 0.5797679 0.8423811 -0.124311 0.524348 0.842365 -0.1242938 0.5243779 0.871358 -0.1242411 0.4746572 0.8713558 -0.1242354 0.4746626 0.907094 -0.1241898 0.4021907 0.9070982 -0.1242148 0.4021733 0.9335877 -0.1243055 0.3360983 0.9335846 -0.1242934 0.3361114 0.9489151 -0.1242945 0.2900193 0.9489118 -0.1242794 0.290036 0.9598876 -0.1242747 0.2513395 0.9598867 -0.1242696 0.2513454 0.971447 -0.1242151 0.202142 0.9714464 -0.1242546 0.2021207 0.9821443 -0.1242942 0.1412212 0.9821408 -0.1243683 0.1411802 0.9881909 -0.1243829 0.08948486 0.9881933 -0.1243518 0.08950224 0.9910191 -0.1243489 0.04917942 0.991024 -0.124298 0.04920806 0.9920635 -0.1243023 0.01894675 0.9920614 -0.1243202 0.01893822 0.9922393 -0.1243425 -0.0002575956 0.9922393 -0.1243425 -0.000257589 0.9922394 -0.1243425 4.381313e-05 0.9922363 -0.1243663 4.033639e-05 0.9922355 -0.1243662 0.001302406 0.9922324 -0.1243911 0.001293767 0.9922275 -0.1243849 -0.003590717 0.99223 -0.1243655 -0.003573106 0.9912137 -0.1242381 -0.04538954 0.9912261 -0.1241716 -0.04530073 0.9871975 -0.1241067 -0.1001937 0.9871699 -0.1242181 -0.1003266 0.9748049 -0.1242901 -0.1852223 0.9747993 -0.1243063 -0.1852415 0.9540302 -0.124328 -0.2727069 0.9540479 -0.1242894 -0.272662 0.9231598 -0.124153 -0.3638159 0.9231716 -0.1241265 -0.3637949 0.8783312 -0.1241089 -0.4616615 0.878321 -0.1241281 -0.4616757 0.8229192 -0.1241367 -0.5544313 0.8229204 -0.1241347 -0.5544299 0.7651342 -0.124144 -0.6317895 0.765129 -0.1241513 -0.6317944 0.7078711 -0.1241644 -0.6953428 0.7078429 -0.1242004 -0.6953651 0.6474477 -0.124173 -0.7519259 0.6474525 -0.1241673 -0.7519227 0.598892 -0.1241758 -0.791144 0.5989706 -0.12411 -0.7910948 0.5664318 -0.1241277 -0.814707 0.5663698 -0.1242083 -0.8147378 0.5781403 -0.1241666 -0.8064344 0.5781365 -0.1241764 -0.8064357 0.6184384 -0.1241978 -0.7759566 0.6184524 -0.1241687 -0.7759502 0.6518487 -0.1242334 -0.7481039 0.6518514 -0.1242303 -0.748102 0.6858956 -0.124213 -0.7170205 0.6858782 -0.1242479 -0.7170311 0.6980918 -0.1242547 -0.7051443 0.6980973 -0.124243 -0.7051409 0.6841012 -0.1242257 -0.7187304 0.6840901 -0.1242479 -0.7187372 0.59594 -0.08727855 0.7982719 0.5958844 -0.08723781 0.7983178 0.6686407 -0.08717166 0.7384583 0.6686456 -0.08717977 0.738453 0.7471434 -0.0872247 0.6589147 0.7471672 -0.0872682 0.658882 0.8084168 -0.0873128 0.5820984 0.8084242 -0.08732777 0.5820861 0.8457367 -0.08741619 0.5263913 0.8457209 -0.08740011 0.5264193 0.8748124 -0.08736651 0.4765191 0.8748077 -0.08735538 0.4765296 0.9106687 -0.08732588 0.4038027 0.9106774 -0.0873675 0.4037741 0.9372877 -0.08743337 0.3374126 0.9372844 -0.08742213 0.3374247 0.9526721 -0.08742448 0.2911578 0.9526709 -0.08741949 0.2911634 0.9636939 -0.0874174 0.2522941 0.9636871 -0.08738523 0.2523311 0.9752818 -0.08734925 0.2029664 0.9752831 -0.0874024 0.2029376 0.9860289 -0.08743286 0.1417839 0.9860287 -0.08744336 0.141778 0.9921101 -0.0874548 0.08982901 0.9921107 -0.08743776 0.08983866 0.994947 -0.08743476 0.04935124 0.9949494 -0.08739524 0.04937389 0.9959915 -0.08739788 0.01904207 0.9959881 -0.08744026 0.01902143 0.9961684 -0.08745608 -0.0002586223 0.9961683 -0.08745606 -0.0002586153 0.9961684 -0.08745608 4.398594e-05 0.9961684 -0.08745608 4.398675e-05 0.9961675 -0.08745597 0.001326133 0.996163 -0.08750834 0.001307561 0.9961575 -0.08750393 -0.003649879 0.9961619 -0.08745552 -0.003604956 0.9951325 -0.08736514 -0.04559121 0.9951351 -0.08734834 -0.04556844 0.9910941 -0.08730236 -0.1005526 0.991088 -0.08733102 -0.1005873 0.9786749 -0.08737856 -0.1859044 0.9786621 -0.08741874 -0.1859529 0.9577953 -0.08743119 -0.2738324 0.9578125 -0.08739112 -0.2737846 0.9268003 -0.08729252 -0.3652689 0.92681 -0.08726885 -0.3652495 0.881812 -0.08724849 -0.4634601 0.8818001 -0.08727204 -0.4634783 0.8261861 -0.08727278 -0.5565967 0.8261718 -0.08729693 -0.5566143 0.7681466 -0.08729906 -0.6342946 0.7681617 -0.08727714 -0.6342794 0.7107031 -0.08728318 -0.6980564 0.7106725 -0.08732288 -0.6980826 0.6499853 -0.08729742 -0.7549161 0.6500157 -0.08726089 -0.7548942 0.6012711 -0.087261 -0.794266 0.6012689 -0.08726287 -0.7942675 0.5687034 -0.08727191 -0.8178998 0.568675 -0.08730922 -0.8179156 0.5804367 -0.08728099 -0.8096143 0.5804333 -0.08728975 -0.8096157 0.620882 -0.08730926 -0.7790267 0.6208928 -0.08728608 -0.7790207 0.6544279 -0.08733483 -0.7510638 0.6544353 -0.08732615 -0.7510583 0.6886366 -0.08731686 -0.71983 0.6886122 -0.08736735 -0.7198474 0.7008573 -0.08737335 -0.7079301 0.70086 -0.08736715 -0.7079281 0.6868045 -0.08735332 -0.7215739 0.6868139 -0.08733414 -0.7215674 0.6885123 -0.05202761 -0.723356 0.6885233 -0.05200527 -0.7233472 0.7026013 -0.05201555 -0.70968 0.7025925 -0.05203504 -0.7096873 0.6903467 -0.05203027 -0.7216054 0.690366 -0.05199072 -0.7215897 0.6560563 -0.05199084 -0.752919 0.6560477 -0.05200041 -0.7529258 0.6224271 -0.05196632 -0.7809507 0.6224103 -0.0520018 -0.7809617 0.5818802 -0.0519852 -0.8116114 0.5818881 -0.05196499 -0.811607 0.5701177 -0.05198054 -0.819917 0.5701275 -0.05196796 -0.8199109 0.6027653 -0.05196657 -0.7962245 0.6027363 -0.05199005 -0.796245 0.6516004 -0.05199597 -0.7567783 0.6516017 -0.05199438 -0.7567772 0.7124657 -0.0520169 -0.6997762 0.7124751 -0.052005 -0.6997676 0.7700517 -0.05200871 -0.6358581 0.7700748 -0.05197558 -0.6358329 0.8282328 -0.05198367 -0.5579678 0.8282236 -0.05199916 -0.5579801 0.8839924 -0.05200529 -0.4645999 0.8839955 -0.05199884 -0.4645945 0.9290938 -0.05201525 -0.3661683 0.929088 -0.05202955 -0.3661808 0.9601724 -0.05209484 -0.2745087 0.9601583 -0.05212844 -0.2745515 0.9810975 -0.05212238 -0.1863623 0.981107 -0.05209051 -0.1863213 0.9935436 -0.05206173 -0.1007999 0.9935471 -0.05204305 -0.1007758 0.997597 -0.0520711 -0.04570366 0.9975963 -0.05207761 -0.04571301 0.9986335 -0.05213176 -0.003658951 0.9986333 -0.05213447 -0.003661632 0.998639 -0.05213704 0.001329424 0.9986393 -0.05213206 0.001331313 0.9986402 -0.05213211 4.409508e-05 0.9986399 -0.05213648 4.339481e-05 0.9986399 -0.05213647 -0.0002592639 0.9986399 -0.05213648 -0.0002592682 0.998458 -0.05212698 0.01908902 0.9984596 -0.05208959 0.01910841 0.9974163 -0.05208757 0.04947313 0.9974157 -0.0521136 0.0494573 0.9945727 -0.05211453 0.09005094 0.9945727 -0.05213857 0.09003647 0.9884737 -0.05213113 0.1421338 0.9884733 -0.05211826 0.1421413 0.9776948 -0.05209995 0.2034662 0.9776936 -0.05208273 0.203476 0.9660841 -0.05210317 0.2529168 0.9660786 -0.05208282 0.2529415 0.9550368 -0.05208382 0.2918769 0.9550395 -0.05209289 0.2918662 0.9396149 -0.05208968 0.3382462 0.9396141 -0.05208723 0.338249 0.9129241 -0.05204257 0.4047977 0.9129211 -0.05203123 0.4048058 0.8769829 -0.05204189 0.4776951 0.8769849 -0.05204609 0.4776909 0.8478386 -0.05206426 0.5276922 0.8478552 -0.05207978 0.5276638 0.8104213 -0.05202092 0.5835333 0.810414 -0.0520077 0.5835447 0.7489934 -0.05197249 0.6605359 0.7489918 -0.05196979 0.660538 0.6702964 -0.05193109 0.7402742 0.6703033 -0.05194128 0.7402673 0.5974219 -0.05197116 0.8002413 0.5974178 -0.05196838 0.8002445 0.5435873 -0.05192336 0.8377451 0.5981509 -0.01728999 0.801197 0.5981442 -0.01728551 0.801202 0.6486943 -0.01730606 0.7608523 0.6708468 -0.0330168 0.7408606 0.6931675 -0.01733429 0.7205681 0.7498969 -0.01733376 0.6613275 0.7498975 -0.0173348 0.6613268 0.8113965 -0.01736049 0.5842383 0.8113939 -0.01735607 0.584242 0.8488798 -0.01738176 0.5283001 0.8488824 -0.01738408 0.5282959 0.878041 -0.01738534 0.4782696 0.8780449 -0.017393 0.4782622 0.9140209 -0.0173957 0.4052939 0.9140229 -0.01740235 0.4052892 0.9407521 -0.01742198 0.3386473 0.9407499 -0.01741627 0.3386538 0.9562002 -0.01742106 0.2921944 0.9561941 -0.01740301 0.2922156 0.967244 -0.01740618 0.253251 0.9672458 -0.01741188 0.2532441 0.9788746 -0.01740749 0.2037193 0.9788746 -0.01740739 0.2037194 0.9896669 -0.01741647 0.142324 0.9896683 -0.01743769 0.1423115 0.9957757 -0.01744279 0.09014688 0.9957758 -0.01744701 0.09014434 0.9986212 -0.01744739 0.04951061 0.998621 -0.01743769 0.04951653 0.999665 -0.01743843 0.01912775 0.9996651 -0.01743176 0.01913123 0.999848 -0.01743495 -0.0002611858 0.999848 -0.01743059 -0.0002595818 0.9998481 -0.01743059 4.414798e-05 0.9998479 -0.01743495 4.344747e-05 0.9998472 -0.01743493 0.00133966 0.9998468 -0.01745259 0.001332921 0.9998409 -0.01745166 -0.003682845 0.9998413 -0.01743483 -0.003666061 0.9987989 -0.01741665 -0.04579729 0.9988006 -0.01739613 -0.04576762 0.9947502 -0.01738476 -0.100845 0.9947444 -0.01742409 -0.1008961 0.9822909 -0.01742993 -0.1865503 0.982292 -0.01742527 -0.1865442 0.9613158 -0.01742214 -0.2748971 0.9613208 -0.01740928 -0.2748805 0.9302108 -0.01738115 -0.3666139 0.930209 -0.01738588 -0.3666182 0.8850705 -0.01737047 -0.4651327 0.8850617 -0.01738938 -0.4651488 0.8292146 -0.01737455 -0.5586603 0.8292242 -0.0173578 -0.5586466 0.7710097 -0.01734277 -0.6365871 0.7710056 -0.01734893 -0.636592 0.7133436 -0.01733506 -0.7006001 0.7133389 -0.0173412 -0.7006047 0.6523703 -0.01731941 -0.7577025 0.6523933 -0.01729189 -0.7576832 0.6034883 -0.01727917 -0.7971847 0.6034694 -0.01729458 -0.7971986 0.5708185 -0.01728797 -0.8208942 0.5708214 -0.01728431 -0.8208923 0.5825952 -0.01728192 -0.8125787 0.5825959 -0.01728022 -0.8125783 0.6231672 -0.01729462 -0.7818974 0.6231674 -0.01729425 -0.7818972 0.6568602 -0.01731297 -0.7538136 0.6568443 -0.01733116 -0.753827 0.6912019 -0.01733777 -0.7224537 0.6912031 -0.01733534 -0.7224526 0.7034475 -0.0173397 -0.7105356 0.7034456 -0.01734418 -0.7105375 0.6893587 -0.01733816 -0.7242127 0.6893586 -0.0173383 -0.7242128 0.5981576 0.01687194 0.8012009 0.5981624 0.0168688 0.8011974 0.6711267 0.0168277 0.7411517 0.6480551 0.04803124 0.7600773 0.693179 0.01685677 0.7205683 0.7499076 0.01682027 0.6613287 0.7499084 0.01681903 0.6613278 0.8114089 0.01680242 0.5842372 0.811408 0.01680394 0.5842385 0.8488886 0.01680629 0.5283045 0.8488914 0.0168039 0.5283002 0.87805 0.01678524 0.4782745 0.8780526 0.01678045 0.4782699 0.9140409 0.01676045 0.4052756 0.9140323 0.01678697 0.4052939 0.9407541 0.01679068 0.3386734 0.940764 0.01676743 0.3386475 0.9562074 0.01676248 0.2922098 0.9562122 0.01674951 0.2921947 0.9672641 0.0167451 0.2532187 0.9672552 0.01677182 0.2532509 0.9788858 0.01675974 0.2037194 0.9788858 0.01675964 0.2037193 0.9896781 0.01676159 0.1423242 0.9896783 0.01676133 0.142324 0.9957877 0.01676225 0.09014436 0.9957873 0.01676646 0.09014689 0.9986326 0.01676489 0.04951657 0.9986331 0.01675516 0.04951063 0.9996766 0.01675518 0.01913123 0.9996767 0.01674854 0.01912777 0.9998596 0.01675161 -0.0002595847 0.9998597 0.01674725 -0.0002611889 0.9998598 0.01674726 3.994399e-05 0.9998593 0.01677336 4.414846e-05 0.9998584 0.01677335 0.001341236 0.9998585 0.01676918 0.001339647 0.9998527 0.01676825 -0.003683458 0.9998526 0.0167689 -0.003682815 0.9988114 0.01675143 -0.04577385 0.9988105 0.01673524 -0.04579726 0.9947592 0.01672653 -0.100868 0.9947612 0.01674419 -0.100845 0.9822983 0.01675857 -0.1865721 0.9823022 0.01677531 -0.1865503 0.9613345 0.01678606 -0.2748712 0.9613274 0.01676607 -0.2748971 0.9302172 0.01675611 -0.3666269 0.930222 0.01677036 -0.366614 0.8850875 0.01678482 -0.4651219 0.885082 0.0167723 -0.4651327 0.8292357 0.01679323 -0.5586467 0.8292266 0.01677655 -0.5586608 0.7710065 0.01679924 -0.6366057 0.7710211 0.01682202 -0.6365873 0.7133479 0.01684756 -0.7006076 0.7133548 0.01685693 -0.7006003 0.6523935 0.0168745 -0.7576925 0.6523819 0.01686024 -0.7577028 0.6034808 0.01687985 -0.7971989 0.6034993 0.01689524 -0.7971845 0.5708594 0.01691025 -0.8208736 0.5708303 0.01687158 -0.8208948 0.5825998 0.01686134 -0.8125843 0.5826066 0.01688058 -0.812579 0.6231788 0.01686866 -0.7818974 0.6231787 0.01686822 -0.7818977 0.6568739 0.01686513 -0.7538118 0.6568717 0.01686254 -0.7538138 0.6912125 0.01684648 -0.7224551 0.6912136 0.01684889 -0.7224541 0.7034534 0.01684506 -0.7105417 0.703459 0.01685864 -0.7105359 0.6893608 0.01686162 -0.724222 0.6893699 0.01688216 -0.7242128 0.6601589 0.01688901 -0.7509361 0.5974351 0.05154864 0.8002587 0.597455 0.05153565 0.8002446 0.6703373 0.05145687 0.7402703 0.6703389 0.05145474 0.7402691 0.7490401 0.05144038 0.6605246 0.7490249 0.0514627 0.6605402 0.8104545 0.05145844 0.583537 0.8104522 0.05146223 0.5835401 0.847893 0.05149459 0.5276607 0.847885 0.05150146 0.5276729 0.8770136 0.05146576 0.4777013 0.8770125 0.05146762 0.4777031 0.9129564 0.051431 0.4048029 0.912962 0.05141515 0.4047922 0.9396588 0.05144073 0.3382238 0.9396405 0.05148139 0.3382684 0.9550689 0.05147467 0.2918796 0.9550757 0.05145806 0.2918605 0.966113 0.05145092 0.2529396 0.9661202 0.05143119 0.2529162 0.9777309 0.05140267 0.2034698 0.977729 0.05141455 0.2034763 0.9885108 0.05142699 0.1421319 0.9885057 0.05146541 0.1421539 0.9946066 0.0514688 0.09004837 0.9946087 0.05144891 0.09003659 0.9974496 0.05144606 0.04947305 0.9974517 0.05142016 0.04945743 0.9984945 0.05142145 0.01909139 0.9984926 0.05145432 0.01910836 0.9986748 0.05146371 -0.0002608734 0.9986746 0.05146808 -0.0002592766 0.9986747 0.0514681 4.409661e-05 0.998676 0.0514418 3.989632e-05 0.9986751 0.05144176 0.001329418 0.9986737 0.0514688 0.001339648 0.9986681 0.05146622 -0.003658938 0.998669 0.05144584 -0.0036791 0.9976322 0.05139243 -0.04570377 0.997632 0.05138168 -0.04571923 0.9935805 0.05135636 -0.1007979 0.9935836 0.05139496 -0.1007477 0.9811345 0.05143063 -0.1863605 0.981136 0.05143923 -0.1863493 0.9602041 0.05145755 -0.2745182 0.960198 0.05143844 -0.274543 0.9291304 0.05139702 -0.3661627 0.9291211 0.05136672 -0.3661904 0.884032 0.05137967 -0.4645941 0.8840441 0.0514097 -0.4645675 0.8282465 0.05144117 -0.5579978 0.8282572 0.05146204 -0.5579799 0.7701154 0.05149358 -0.6358228 0.770098 0.05146528 -0.6358462 0.7125016 0.05149729 -0.6997782 0.7125078 0.05150601 -0.6997712 0.6516241 0.05152401 -0.75679 0.6516262 0.05152657 -0.7567882 0.6027998 0.05155161 -0.7962254 0.6027722 0.05152806 -0.7962477 0.5701534 0.05155016 -0.8199193 0.5701882 0.05159795 -0.8198921 0.581915 0.05157503 -0.8116125 0.5819148 0.0515742 -0.8116128 0.6224518 0.05156448 -0.7809576 0.6224458 0.05154966 -0.7809634 0.6561094 0.05156126 -0.7529023 0.6561003 0.05155012 -0.7529111 0.6903808 0.05152703 -0.7216089 0.6903968 0.05156565 -0.7215906 0.7026299 0.05156283 -0.7096848 0.7026237 0.05154664 -0.7096921 0.6885549 0.05154574 -0.72335 0.6885487 0.05153115 -0.7233568 0.5959843 0.08686448 0.7982841 0.5959765 0.08686974 0.7982892 0.6687019 0.08675506 0.738452 0.6687021 0.08675469 0.7384518 0.747203 0.08674753 0.6589101 0.7472116 0.08673468 0.6589019 0.8084947 0.08674111 0.5820759 0.8084725 0.08677627 0.5821015 0.8457783 0.08684054 0.5264197 0.8458178 0.08680568 0.5263621 0.8748713 0.08675183 0.4765231 0.8748689 0.08675613 0.4765268 0.9107375 0.08670401 0.4037817 0.9107223 0.0867452 0.4038071 0.9373426 0.08679401 0.3374248 0.9373577 0.08676115 0.3373913 0.9527314 0.08675321 0.2911645 0.9527324 0.08675081 0.2911619 0.9637474 0.08674113 0.2523234 0.9637492 0.08673605 0.2523177 0.9753429 0.08669233 0.2029552 0.9753375 0.08671997 0.2029692 0.9860929 0.08674243 0.1417622 0.9860869 0.08677889 0.1417817 0.9921679 0.08678631 0.08983856 0.9921708 0.08676507 0.08982681 0.9950051 0.08676016 0.04937132 0.9950092 0.0867249 0.04935142 0.9960504 0.0867268 0.01902362 0.9960464 0.08676969 0.01904437 0.996227 0.08678541 -0.0002585613 0.9962274 0.08678053 -0.0002602348 0.9962275 0.08678056 4.395881e-05 0.9962274 0.08678076 4.398881e-05 0.9962266 0.08678064 0.001307644 0.996222 0.08683277 0.001326115 0.9962167 0.08682841 -0.003605153 0.9962208 0.08678018 -0.003649878 0.9951926 0.08669061 -0.04556809 0.995193 0.08667342 -0.04559143 0.9911495 0.08663002 -0.1005877 0.9911506 0.08666045 -0.1005502 0.9787243 0.08671791 -0.1859538 0.9787305 0.08675991 -0.1859017 0.9578701 0.08678925 -0.2737748 0.9578555 0.08673376 -0.2738435 0.9268643 0.08665323 -0.3652585 0.9268626 0.08664656 -0.3652644 0.8818654 0.08665805 -0.4634692 0.8818721 0.08667722 -0.4634528 0.8262318 0.08671499 -0.556616 0.8262253 0.08670042 -0.556628 0.7682148 0.08674059 -0.6342886 0.7682343 0.086776 -0.6342602 0.7107463 0.08681896 -0.6980703 0.7107588 0.08683834 -0.6980552 0.6500488 0.08685371 -0.7549126 0.6500331 0.08683172 -0.7549286 0.6013414 0.08686509 -0.7942562 0.6013289 0.08685348 -0.794267 0.5687349 0.08688423 -0.8179191 0.5687595 0.08692139 -0.8178981 0.5804942 0.08688537 -0.8096156 0.5804946 0.08688655 -0.8096151 0.620941 0.08687936 -0.7790278 0.6209327 0.08685616 -0.7790369 0.6544946 0.08688284 -0.7510579 0.6545048 0.08689646 -0.7510477 0.688685 0.08686515 -0.7198385 0.688691 0.0868819 -0.7198306 0.700919 0.08687939 -0.7079298 0.7009126 0.08685992 -0.7079386 0.6868652 0.08685556 -0.7215763 0.6868709 0.08687134 -0.7215688 0.5936079 0.1237744 0.7951789 0.5936556 0.1237421 0.7951483 0.6660814 0.1235909 0.7355685 0.6660947 0.123573 0.7355594 0.7443098 0.1235748 0.6563019 0.7442833 0.1236127 0.6563247 0.8053431 0.1236269 0.5797748 0.8053301 0.1236468 0.5797887 0.8424518 0.1237411 0.5243693 0.8424654 0.1237291 0.5243502 0.8714415 0.1236567 0.4746564 0.8714457 0.1236496 0.4746506 0.9071798 0.123583 0.4021842 0.9071722 0.1236022 0.4021955 0.9336749 0.1236754 0.3360885 0.93367 0.1236853 0.3360983 0.9489834 0.1236767 0.2900594 0.9490002 0.1236391 0.2900206 0.9599695 0.1236272 0.2513459 0.9599746 0.1236147 0.2513325 0.971535 0.1235539 0.2021245 0.9715196 0.1236205 0.2021571 0.9822316 0.123654 0.1411769 0.9822212 0.123706 0.1412039 0.9882728 0.1237167 0.08950466 0.988279 0.1236806 0.08948529 0.9911019 0.1236759 0.04920793 0.9911103 0.1236206 0.04917749 0.9921484 0.1236241 0.01893822 0.9921454 0.1236464 0.01894877 0.9923235 0.1236686 -0.0002590995 0.992323 0.1236734 -0.0002575177 0.9923229 0.1236734 4.029657e-05 0.9923201 0.1236972 4.377191e-05 0.9923192 0.1236971 0.001293776 0.9923161 0.1237223 0.00130251 0.9923112 0.1237161 -0.003573128 0.9923136 0.1236964 -0.003591033 0.9913014 0.1235702 -0.04530027 0.9913055 0.1235036 -0.04538949 0.9872675 0.1234407 -0.1003258 0.9872674 0.1235498 -0.1001925 0.9748844 0.123629 -0.1852465 0.9748865 0.1236486 -0.1852223 0.9541285 0.1236845 -0.2726556 0.9541205 0.1236488 -0.2726996 0.9232515 0.1235336 -0.3637942 0.9232435 0.1234967 -0.3638267 0.8784072 0.1235066 -0.4616782 0.8784173 0.1235387 -0.4616507 0.8230112 0.1235852 -0.5544178 0.8230038 0.1235672 -0.554433 0.7652046 0.1236131 -0.6318082 0.7652109 0.1236252 -0.6317983 0.7079292 0.1236797 -0.6953701 0.7079635 0.1237364 -0.6953251 0.647539 0.1237479 -0.7519172 0.6475098 0.1237049 -0.7519496 0.5990243 0.1237445 -0.7911113 0.5989937 0.1237151 -0.7911392 0.5664679 0.1237545 -0.8147386 0.5665089 0.1238199 -0.8147001 0.57822 0.1237706 -0.8064382 0.5782242 0.1237875 -0.8064325 0.6185321 0.1237818 -0.7759485 0.6185157 0.1237307 -0.7759698 0.651935 0.1237738 -0.7481049 0.6519342 0.1237728 -0.7481057 0.6859729 0.1237336 -0.7170295 0.6859881 0.1237801 -0.7170069 0.6981742 0.1237788 -0.7051465 0.6981747 0.1237805 -0.7051457 0.6841717 0.123772 -0.7187417 0.6841748 0.1237815 -0.7187371 0.5892379 0.1722357 0.7893881 0.5892808 0.1722141 0.7893608 0.6612144 0.1720153 0.7302097 0.6612334 0.1719961 0.730197 0.7389173 0.1720062 0.6514715 0.738882 0.1720439 0.6515016 0.7994878 0.1720741 0.5755082 0.7994655 0.1720995 0.5755317 0.836293 0.1722347 0.5205278 0.836294 0.1722341 0.5205264 0.865055 0.1721392 0.4712195 0.8650813 0.1721064 0.4711833 0.9005816 0.1720155 0.3992034 0.9005562 0.1720627 0.3992405 0.926847 0.1721676 0.3336358 0.9268516 0.1721606 0.3336267 0.9420398 0.1721509 0.2879674 0.9420534 0.1721281 0.2879363 0.9529462 0.1721126 0.2495413 0.9529598 0.172088 0.2495063 0.9644571 0.1720056 0.2005902 0.9644315 0.1720877 0.2006432 0.9750596 0.1721335 0.1401028 0.9750441 0.1721902 0.1401416 0.9810435 0.1722059 0.08887562 0.9810524 0.1721687 0.08884922 0.9838545 0.1721612 0.04889708 0.9838687 0.1720936 0.04884803 0.9849014 0.1720979 0.01874954 0.9848865 0.1721777 0.01879926 0.9850605 0.1722085 -0.000249392 0.9850636 0.1721909 -0.000257163 0.9850637 0.1721909 4.004582e-05 0.9850636 0.1721906 3.998323e-05 0.9850629 0.1721904 0.001258928 0.9850531 0.1722463 0.001284302 0.9850492 0.1722381 -0.003489186 0.9850574 0.1721895 -0.003547003 0.9840701 0.1720179 -0.04489828 0.9840739 0.1719782 -0.04496918 0.9800544 0.1718919 -0.09973211 0.9800537 0.1719781 -0.099591 0.9677505 0.1720833 -0.1839734 0.9677575 0.1721344 -0.1838891 0.9471822 0.1721814 -0.2705542 0.9471635 0.1721169 -0.2706607 0.9165476 0.1719551 -0.3610706 0.9165313 0.1718965 -0.3611399 0.8719791 0.1719038 -0.4583682 0.8720022 0.1719602 -0.4583033 0.8170052 0.1720167 -0.5503752 0.8170103 0.1720263 -0.5503645 0.75962 0.1720837 -0.627188 0.7596216 0.1720862 -0.6271852 0.7027035 0.1721502 -0.690342 0.7027557 0.1722153 -0.6902725 0.642862 0.1722267 -0.7463688 0.6428186 0.1721785 -0.7464172 0.5947317 0.1722285 -0.7852589 0.5946593 0.1721762 -0.7853252 0.5622503 0.1722255 -0.8088343 0.5623276 0.1723197 -0.8087605 0.5739909 0.1722538 -0.8005393 0.5739987 0.172278 -0.8005283 0.6140496 0.1722765 -0.7702363 0.6140231 0.1722129 -0.7702716 0.6471788 0.1722762 -0.7426174 0.6471739 0.1722708 -0.7426229 0.6809235 0.1722211 -0.7118167 0.6809555 0.1722969 -0.7117679 0.6930843 0.1722964 -0.6999629 0.6930743 0.17227 -0.6999793 0.6791669 0.172257 -0.7134843 0.6791736 0.1722727 -0.7134742 0.6578255 0.1722843 -0.733201 0.580994 0.2378369 0.7783827 0.5810295 0.237819 0.7783617 0.6520008 0.2375635 0.7200406 0.6520189 0.2375457 0.7200301 0.7286677 0.2375696 0.6423425 0.7286232 0.2376159 0.6423759 0.7883763 0.2376603 0.5674331 0.7883397 0.2377004 0.5674671 0.8245901 0.2378863 0.5132847 0.8246186 0.2378679 0.5132476 0.8529822 0.2377441 0.4646495 0.8529925 0.2377317 0.4646367 0.8880535 0.2376164 0.3935728 0.8880131 0.2376851 0.3936223 0.9138926 0.2378265 0.3289967 0.9139079 0.2378047 0.32897 0.928871 0.2377932 0.283995 0.9288972 0.2377529 0.283943 0.9396424 0.2377345 0.2460779 0.939653 0.237717 0.2460546 0.9510239 0.2376074 0.1977279 0.9509886 0.2377015 0.1977843 0.9614568 0.2377653 0.138089 0.9614291 0.2378469 0.138141 0.9673321 0.2378696 0.08767324 0.9673506 0.2378094 0.08763316 0.9701136 0.2378014 0.04827181 0.970137 0.2377173 0.04821428 0.9711577 0.2377236 0.01844306 0.9711387 0.2377983 0.01848706 0.9713046 0.2378389 -0.0002458666 0.9713046 0.2378388 -0.000245909 0.9713047 0.2378389 3.947749e-05 0.9713046 0.2378389 3.948621e-05 0.9713039 0.2378387 0.001196695 0.9712783 0.2379428 0.001241312 0.971276 0.2379321 -0.003333727 0.9712989 0.2378375 -0.003440482 0.9703577 0.237607 -0.04414472 0.9703701 0.2375333 -0.04427201 0.9663948 0.2374132 -0.09857067 0.9663828 0.2375582 -0.09833872 0.9542233 0.2376957 -0.1815446 0.9542286 0.237786 -0.1813985 0.9339957 0.2378457 -0.266611 0.9339746 0.2377443 -0.2667753 0.9038156 0.2375256 -0.3559478 0.9038 0.2374473 -0.3560399 0.8598029 0.2374521 -0.4520569 0.8598281 0.2375285 -0.451969 0.8056328 0.2375949 -0.5426826 0.8056273 0.2375834 -0.5426958 0.7490205 0.2376529 -0.6184573 0.7490351 0.2376775 -0.6184301 0.6928404 0.2377563 -0.6807673 0.6928954 0.2378326 -0.6806846 0.6339638 0.2378383 -0.7358824 0.6339104 0.2377731 -0.7359496 0.5865187 0.2378345 -0.774229 0.5864514 0.2377822 -0.7742961 0.5543082 0.2378446 -0.7976041 0.5543977 0.2379658 -0.7975058 0.5659844 0.2378777 -0.7893515 0.5659875 0.2378895 -0.7893458 0.6055202 0.2378912 -0.7594426 0.6054978 0.2378248 -0.7594813 0.6381677 0.2379123 -0.7322156 0.6381528 0.2378934 -0.7322348 0.6713706 0.2378314 -0.7019244 0.6714097 0.2379465 -0.7018479 0.6834169 0.2379473 -0.6901612 0.6834119 0.2379307 -0.6901718 0.6696916 0.2379114 -0.7034993 0.6696891 0.2379042 -0.7035042 0.6440639 0.2378955 -0.7270402 0.6534129 0.3192956 -0.6863686 0.6534046 0.3192635 -0.6863915 0.6668111 0.3192897 -0.6733626 0.6668184 0.3193257 -0.6733381 0.6550311 0.3193233 -0.6848114 0.6549993 0.3191904 -0.684904 0.622664 0.3192655 -0.7143942 0.6226757 0.3192833 -0.714376 0.590829 0.3191678 -0.740981 0.5908529 0.3192656 -0.7409198 0.5522351 0.3192596 -0.7701361 0.5522295 0.3192283 -0.7701532 0.5408235 0.3193398 -0.7781594 0.5407256 0.3191856 -0.7782906 0.5722936 0.3191091 -0.7554134 0.5723931 0.319194 -0.7553022 0.6185835 0.319117 -0.7179964 0.6186402 0.3191961 -0.7179124 0.6759959 0.3191923 -0.6641881 0.6759197 0.3190691 -0.6643249 0.7308437 0.3189752 -0.6034254 0.7308481 0.3189839 -0.6034156 0.7860886 0.3188985 -0.5294982 0.7860798 0.3188741 -0.5295262 0.8389423 0.3187937 -0.4410741 0.8389235 0.3187117 -0.4411692 0.8819271 0.3187099 -0.3473163 0.8819354 0.3187926 -0.3472194 0.9113312 0.3190707 -0.2601332 0.9113451 0.3192033 -0.2599218 0.9310133 0.319126 -0.1771234 0.9310166 0.3190467 -0.1772491 0.9429042 0.3188773 -0.09617173 0.9429414 0.3186693 -0.09649597 0.9468344 0.3188248 -0.04307326 0.9468049 0.3189377 -0.04288595 0.9476721 0.319229 -0.003252616 0.9476409 0.3193222 -0.003154179 0.947641 0.3193355 0.001167505 0.9476765 0.3192304 0.001125502 0.947677 0.3192306 3.851336e-05 0.9476836 0.3192111 3.519962e-05 0.9476837 0.319211 -0.0002398787 0.9476823 0.319215 -0.000238342 0.947529 0.319163 0.01799378 0.9475664 0.319055 0.01793426 0.9465678 0.3190471 0.04709876 0.9465222 0.3191707 0.04717762 0.9438255 0.3191805 0.08554015 0.943794 0.3192606 0.08558955 0.9380518 0.3192312 0.1347233 0.9380906 0.3191396 0.1346696 0.9278933 0.3190589 0.1929129 0.9279709 0.3188894 0.1928205 0.9168282 0.3190299 0.2400957 0.9167953 0.3190788 0.2401563 0.9063095 0.3191006 0.2770882 0.9062786 0.3191438 0.2771398 0.891686 0.3191552 0.3209922 0.8916652 0.3191825 0.3210229 0.866479 0.3189972 0.3839986 0.8665321 0.3189161 0.3839462 0.832269 0.3190635 0.4533507 0.832235 0.3191018 0.4533863 0.8045416 0.3192568 0.5007873 0.8045244 0.3192678 0.500808 0.7692291 0.3190284 0.5536312 0.7692717 0.3189839 0.5535976 0.7109843 0.3189235 0.6267288 0.7110518 0.3188565 0.6266866 0.6362053 0.3188189 0.702565 0.6361936 0.3188298 0.7025704 0.5668952 0.3191503 0.7594556 0.5667987 0.3191993 0.7595071 0.5243869 0.3191624 0.7894008 0.6323102 0.3987742 -0.6642011 0.6323105 0.3987635 -0.6642071 0.6452982 0.3987941 -0.6515777 0.6452962 0.3988236 -0.6515616 0.6338231 0.3988194 -0.6627302 0.6338298 0.3986827 -0.6628061 0.6025812 0.3987682 -0.6912885 0.6025847 0.3987871 -0.6912745 0.5718155 0.3986518 -0.7170103 0.5718133 0.3987245 -0.7169716 0.5344166 0.3987131 -0.7452696 0.5344172 0.3987022 -0.745275 0.523247 0.3988332 -0.7530901 0.5232117 0.398655 -0.753209 0.5539601 0.3985659 -0.73094 0.5540128 0.3986734 -0.7308415 0.5987095 0.3985856 -0.6947492 0.5987211 0.3986358 -0.6947104 0.6540933 0.39864 -0.6428439 0.6540772 0.3985408 -0.6429216 0.7072911 0.3984362 -0.5839417 0.7072871 0.3983885 -0.583979 0.7607599 0.3982954 -0.5124502 0.7607599 0.3983135 -0.5124362 0.8118786 0.3982244 -0.4269315 0.8118881 0.3981225 -0.4270085 0.8535664 0.3981233 -0.3360389 0.8535429 0.3982575 -0.3359399 0.8819668 0.3985787 -0.2515345 0.8819398 0.3987278 -0.2513929 0.9009258 0.3986419 -0.1715148 0.9009679 0.3984843 -0.1716602 0.9124908 0.398298 -0.09337678 0.9125599 0.3980978 -0.09355439 0.9163246 0.3982797 -0.04150401 0.9162973 0.398349 -0.04143982 0.9170808 0.3986896 -0.003052377 0.9170206 0.3988288 -0.002973313 0.9170182 0.3988436 0.001089063 0.6093132 0.4680929 -0.6400207 0.6093128 0.4680965 -0.6400185 0.621829 0.4681315 -0.6278389 0.6218247 0.4681618 -0.6278206 0.6107304 0.4681568 -0.6386217 0.6107503 0.4679965 -0.63872 0.5806783 0.4680886 -0.6661124 0.5806801 0.4681056 -0.666099 0.5510548 0.4679567 -0.6909088 0.5510426 0.4680802 -0.6908349 0.5149785 0.4680692 -0.7181283 0.5149803 0.4680546 -0.7181365 0.5041315 0.4681972 -0.7257016 0.5041004 0.4679598 -0.7258763 0.5339183 0.4678643 -0.7042969 0.5339541 0.4679491 -0.7042135 0.5769956 0.4678528 -0.6694698 0.5770181 0.4679942 -0.6693516 0.6302562 0.4679982 -0.6194796 0.6302435 0.4678525 -0.6196023 0.6815794 0.4677437 -0.5627304 0.6815793 0.4677091 -0.5627592 0.733138 0.4676093 -0.4938119 0.7331383 0.4676063 -0.4938143 0.7823794 0.4675162 -0.4114742 0.7823957 0.4674256 -0.4115462 0.8226143 0.4674268 -0.323756 0.8225909 0.4675145 -0.3236888 0.8499467 0.4678655 -0.2422656 0.8498963 0.4680487 -0.2420884 0.8681388 0.4679506 -0.1654 0.8681833 0.4678276 -0.1655148 0.8793178 0.4676265 -0.09014363 0.8794303 0.4673708 -0.09037124 0.8830518 0.4675734 -0.03993504 0.8829852 0.4677096 -0.03981013 0.883683 0.468077 -0.002865128 0.8836326 0.4681724 -0.002812772 0.8836292 0.468187 0.0005698609 0.8836865 0.4680789 0.0005550853 0.8836868 0.4680787 2.059761e-05 0.8836868 0.4680789 2.06079e-05 0.8836811 0.4680758 0.00357955 0.8837721 0.4679041 0.003545927 0.8834951 0.467892 0.0226604 0.883512 0.467861 0.02264293 0.8827242 0.4678228 0.04404243 0.8826339 0.4679882 0.04409457 0.8801152 0.4679982 0.07984287 0.8800553 0.4681056 0.07987406 0.8747323 0.4680694 0.1255168 0.8748071 0.4679384 0.1254831 0.865343 0.4678392 0.1797442 0.8654473 0.4676609 0.1797058 0.8549604 0.4678392 0.2239847 0.8549558 0.4678459 0.2239885 0.845164 0.467871 0.2584467 0.8451072 0.4679503 0.2584886 0.8314964 0.4679626 0.2993737 0.8314689 0.4679999 0.2993917 0.8081114 0.4677644 0.3579836 0.8081846 0.4676551 0.3579613 0.7761222 0.467836 0.4228049 0.7760755 0.4678954 0.4228247 0.7502057 0.4680865 0.4669973 0.7501295 0.4681531 0.4670529 0.7174125 0.4678449 0.5161787 0.7174897 0.4677487 0.5161586 0.6631454 0.4676674 0.5844018 0.6632355 0.4675557 0.5843889 0.5933776 0.4674986 0.6552465 0.5933719 0.4675058 0.6552466 0.528597 0.467904 0.7082734 0.5764266 0.5487956 -0.6054385 0.5764434 0.5487139 -0.6054966 0.5883058 0.5487508 -0.5939434 0.5882843 0.5488396 -0.5938827 0.5777345 0.5488341 -0.6041557 0.5777771 0.5486422 -0.6042891 0.5493699 0.5487372 -0.630143 0.5493698 0.5487285 -0.6301506 0.5213931 0.5485707 -0.6536202 0.5213615 0.5487388 -0.6535043 0.4872074 0.5487264 -0.6793588 0.4872214 0.5486558 -0.6794058 0.4768583 0.5488061 -0.686599 0.4768499 0.5486242 -0.68675 0.5052037 0.5485258 -0.6662497 0.5052372 0.5486269 -0.666141 0.5459599 0.5485254 -0.6332833 0.5459686 0.5486503 -0.6331676 0.5962046 0.548655 -0.5861039 0.5962059 0.5485227 -0.5862263 0.6448322 0.5484095 -0.5323894 0.6448379 0.5483523 -0.5324414 0.6936532 0.5482461 -0.4671952 0.6936486 0.5482698 -0.4671743 0.7402145 0.5481759 -0.3893402 0.7402619 0.5480143 -0.3894773 0.7783781 0.5480163 -0.3062774 0.7783204 0.5481656 -0.3061565 0.8041474 0.5485293 -0.2290471 0.8040798 0.5486988 -0.2288784 0.8212932 0.5486016 -0.1565688 0.8213572 0.5484701 -0.1566939 0.831925 0.5482637 -0.08548597 0.8320761 0.5479968 -0.0857258 0.8354898 0.5482135 -0.03766718 0.8354067 0.5483485 -0.03754428 0.8359931 0.5487334 -0.002661023 0.8359271 0.5488343 -0.002607567 0.8359213 0.5488491 0.0005250575 0.8359728 0.5487707 0.000514743 0.8359731 0.5487704 1.949488e-05 0.8359916 0.5487423 1.696109e-05 0.835987 0.5487391 0.003354063 0.8360695 0.5486135 0.003330415 0.8358107 0.5485997 0.02141954 0.8358267 0.548576 0.0214067 0.835086 0.5485353 0.04171744 0.8349959 0.5486695 0.04175745 0.8326105 0.54868 0.0755648 0.8325466 0.5487736 0.07558993 0.8275276 0.5487343 0.1186963 0.8276417 0.5485704 0.1186587 0.818711 0.5484653 0.169994 0.8188095 0.548326 0.1699689 0.8088461 0.5485131 0.2118992 0.8088154 0.548551 0.2119188 0.7995391 0.5485774 0.2445403 0.7994766 0.5486526 0.2445761 0.7866074 0.5486639 0.2832257 0.7866204 0.5486487 0.2832192 0.7645808 0.5484013 0.3386329 0.764632 0.5483358 0.3386234 0.7342398 0.5485272 0.4000126 0.7342243 0.5485443 0.4000172 0.7096817 0.5487466 0.4418472 0.7096854 0.5487437 0.441845 0.6788139 0.5484203 0.4883104 0.6788792 0.5483478 0.4883009 0.627493 0.5482638 0.5528647 0.6275594 0.5481899 0.5528626 0.5614403 0.5481339 0.6199468 0.5613859 0.5481951 0.619942 0.4798926 0.5480193 0.6851116 0.5153335 0.6407786 0.5690644 0.5153645 0.6407484 0.5690703 0.5760993 0.6408057 0.5074226 0.5760187 0.6408827 0.5074168 0.6231757 0.6409652 0.4481245 0.6230731 0.6410621 0.4481285 0.6512848 0.6413819 0.4055334 0.6513537 0.6413332 0.4054998 0.6738967 0.641137 0.3671603 0.6739451 0.6410912 0.3671514 0.7019042 0.6409011 0.3107672 0.7017971 0.6410139 0.3107764 0.7219551 0.641257 0.259943 0.7219861 0.6412267 0.2599316 0.7337832 0.6412154 0.2245103 0.7338443 0.6411548 0.224484 0.7423663 0.6411305 0.1945354 0.7424181 0.6410781 0.1945101 0.751625 0.6408918 0.1559409 0.7514325 0.6411095 0.1559733 0.7596036 0.6412115 0.1088584 0.7595007 0.6413293 0.1088828 0.7640886 0.6413674 0.0694007 0.7641672 0.6412762 0.06937739 0.7663569 0.6412674 0.03838254 0.7665094 0.6410883 0.03833024 0.7671825 0.6411286 0.01962421 0.7671473 0.6411699 0.01964655 0.767363 0.6411911 0.005297863 0.7739382 0.6332535 0.003082772 0.7687085 0.6395989 -0.0005690966 0.5290657 0.6413309 -0.5556835 0.5290602 0.6413477 -0.5556693 0.5399541 0.6413839 -0.5450469 0.5399463 0.6414055 -0.5450295 0.5302202 0.6413998 -0.5545025 0.5302688 0.6412596 -0.554618 0.5042156 0.6413502 -0.5783048 0.5042135 0.6413677 -0.5782874 0.4785875 0.6412138 -0.5998323 0.4785564 0.641317 -0.5997468 0.4471805 0.6413018 -0.6235075 0.4471883 0.6412762 -0.6235282 0.4375933 0.6414246 -0.6301481 0.4376046 0.6412069 -0.6303617 0.4638003 0.6411091 -0.6114479 0.4638302 0.6412319 -0.6112963 0.5011843 0.6411289 -0.5811782 0.5011813 0.6412148 -0.5810859 0.5471835 0.6412239 -0.5379798 0.5472022 0.6410743 -0.538139 0.5918967 0.6409681 -0.4886905 0.5919041 0.6409349 -0.4887249 0.6367435 0.6408376 -0.4288182 0.6367452 0.6408324 -0.4288233 0.6794603 0.6407443 -0.3574638 0.6795171 0.6406158 -0.3575862 0.7145684 0.6406218 -0.2810615 0.7144856 0.640774 -0.2809252 0.7381191 0.6411259 -0.2100901 0.7380075 0.641324 -0.2098772 0.7537623 0.641223 -0.1437899 0.753863 0.6410695 -0.1439458 0.7636037 0.640875 -0.07866666 0.7638159 0.6405889 -0.07893831 0.7669289 0.640806 -0.03446477 0.4345329 0.7622212 0.4797915 0.4345677 0.762198 0.479797 0.4858214 0.7622486 0.4277321 0.4856906 0.7623347 0.4277272 0.5254298 0.7624005 0.3777155 0.5253441 0.7624566 0.3777215 0.5489914 0.7627255 0.3418452 0.549037 0.7627035 0.3418216 0.5680937 0.7625397 0.3095203 0.5681527 0.7625007 0.3095078 0.5918103 0.762341 0.2619097 0.5916629 0.7624499 0.2619257 0.6085525 0.7626563 0.2191333 0.6086155 0.7626131 0.2191084 0.6185545 0.7626051 0.1892722 0.6186067 0.7625685 0.1892482 0.6257917 0.7625492 0.1640224 0.6258618 0.7624995 0.1639865 0.6336959 0.762343 0.1313872 0.6335124 0.7624897 0.1314207 0.6403706 0.7625737 0.09168792 0.6401864 0.7627228 0.09173428 0.6440332 0.7627549 0.05853484 0.644146 0.7626622 0.05849991 0.6459926 0.7626547 0.03242482 0.6461755 0.7625026 0.0323597 0.6467336 0.7625371 0.01651803 0.6466997 0.7625654 0.01654039 0.6468751 0.7625831 0.004405932 0.6467058 0.7627265 0.004464351 0.6467049 0.7627403 -0.0004723208 0.6467318 0.7627174 -0.0004787396 0.6467319 0.7627174 -0.0001379526 0.6468015 0.7626584 -0.0001447362 0.6468054 0.7626515 0.002327495 0.6464516 0.7629511 0.002453261 0.6465561 0.7626477 -0.01826084 0.6471615 0.7621247 -0.01865264 0.6440234 0.7620758 -0.06688967 0.6437585 0.7623317 -0.06652315 0.6354944 0.7624863 -0.1214965 0.6353826 0.7626094 -0.1213087 0.6221592 0.7626956 -0.1766725 0.6222922 0.7625231 -0.176949 0.6024579 0.7622319 -0.2367424 0.6025347 0.7621288 -0.2368791 0.5729051 0.7621241 -0.3015734 0.5728352 0.7622422 -0.3014079 0.5368509 0.7623172 -0.361474 0.5368602 0.7622958 -0.3615054 0.499018 0.7623798 -0.4120172 0.4990078 0.7624164 -0.4119619 0.4612331 0.7625018 -0.4537124 0.4612147 0.7626371 -0.4535038 0.4225901 0.7626323 -0.4897037 0.4225908 0.7625179 -0.489881 0.391146 0.7626066 -0.5152047 0.3911106 0.7625193 -0.5153609 0.3688276 0.7626022 -0.5314171 0.3688188 0.7627773 -0.5311717 0.3769987 0.7626515 -0.5255803 0.3769822 0.7626902 -0.5255359 0.403461 0.762701 -0.5054764 0.403504 0.7625986 -0.5055966 0.4250723 0.7627285 -0.4874 0.4250771 0.7626994 -0.4874414 0.4469977 0.7626232 -0.4675457 0.4469258 0.7627721 -0.4673716 0.4551628 0.7627774 -0.4593447 0.4551865 0.7627311 -0.459398 0.4459942 0.7627 -0.4683779 0.4459763 0.7627399 -0.4683299 0.4396562 0.7627803 -0.4742032 0.2938719 0.8991188 0.3243834 0.2939221 0.899098 0.324396 0.3286133 0.8991194 0.2891322 0.3285094 0.8991619 0.2891187 0.3553604 0.8991938 0.2552831 0.3552392 0.8992425 0.25528 0.3711007 0.8993863 0.2310595 0.3711606 0.8993679 0.2310351 0.3840851 0.8992794 0.209225 0.3841292 0.8992618 0.2092202 0.4001958 0.8991737 0.1770029 0.4000864 0.8992218 0.1770051 0.4114189 0.8993312 0.1481141 0.4114374 0.8993236 0.148109 0.4181657 0.8993191 0.1279163 0.4091389 0.905045 0.1161849 0.4231526 0.8992487 0.1108768 0.4285203 0.8991622 0.08875572 0.4283133 0.8992587 0.08877806 0.4329212 0.8993022 0.06192463 0.4327863 0.8993657 0.06194803 0.4353655 0.899383 0.03958769 0.4354586 0.8993388 0.03956643 0.4367065 0.899336 0.02196165 0.4368555 0.8992645 0.02192114 0.4372248 0.8992832 0.01114585 0.4371917 0.899299 0.01116291 0.4373051 0.8993084 0.002944217 0.4371839 0.8993672 0.00297684 0.4371791 0.8993744 -0.0003120667 0.4372175 0.8993558 -0.0003192238 0.4372175 0.8993558 -9.013007e-05 0.4372585 0.8993359 -9.325444e-05 0.4372631 0.8993324 0.001482093 0.4369382 0.8994901 0.001571799 0.4370995 0.8993323 -0.01205586 0.4376751 0.8990483 -0.01235777 0.4355368 0.8990203 -0.04549869 0.4352717 0.899164 -0.04519515 0.4296452 0.8992412 -0.0822814 0.4295058 0.8993253 -0.0820904 0.4206163 0.899373 -0.1192061 0.4207615 0.8992732 -0.1194466 0.4074295 0.8991212 -0.1599447 0.4075328 0.8990477 -0.1600949 0.3874411 0.8990456 -0.2039761 0.3873696 0.8991068 -0.2038424 0.3630612 0.8991463 -0.2443821 0.363056 0.8991518 -0.244369 0.3374411 0.8991988 -0.2785231 0.3374346 0.8992081 -0.2785007 0.311824 0.8992546 -0.3067686 0.3117886 0.899331 -0.3065805 0.2858059 0.8993288 -0.3309421 0.2858186 0.8992796 -0.3310646 0.2645953 0.8993309 -0.3481283 0.2645722 0.8992636 -0.3483196 0.2493336 0.8993096 -0.35927 0.2492986 0.8994214 -0.3590144 0.2549222 0.8993527 -0.3552176 0.2549197 0.8993556 -0.3552119 0.2728414 0.8993604 -0.3416263 0.2728857 0.8993087 -0.341727 0.2874133 0.8993773 -0.3294147 0.2874124 0.8993791 -0.3294106 0.3021981 0.8993372 -0.3160202 0.3021306 0.8994066 -0.3158872 0.3077364 0.8994092 -0.3104213 0.3077538 0.899392 -0.3104539 0.3015335 0.8993756 -0.3165455 0.3015233 0.8993867 -0.3165236 0.3039137 0.8993611 -0.3143025 0.1868679 0.9731861 0.1341236 0.1868994 0.9731787 0.1341338 0.172809 0.9731715 0.1519022 0.1728553 0.9731601 0.1519226 0.1546108 0.9731554 0.1704816 0.1546009 0.9731581 0.1704758 0.1320233 0.9731333 0.1886304 0.1105464 -0.9710907 0.211571 0.2379638 -0.8578946 0.4554011 0.3097818 -0.7486061 0.5861945 -0.5886165 -0.7625833 0.2683234 0.3636341 -0.6235648 0.6920528 0.3945884 -0.5294495 0.7509881 0.4139816 -0.3194257 0.8524004 0.4324235 -0.3324049 0.8381628 0.4298939 -0.3804603 0.8188047 0.4728445 -0.272561 0.8379312 -0.8776567 -0.2725901 0.3942251 0.4807841 -0.209071 0.8515492 0.4587111 -0.2342739 0.8571464 -0.8941778 -0.2090137 0.3959284 -0.882948 -0.2378318 0.4047703 -0.9117211 -0.01946495 0.4103485 0.481443 0.01956444 0.876259 0.4796538 0.1470903 0.8650414 0.4588496 0.2339946 0.8571485 0.4809124 0.2087647 0.8515518 -0.8940333 0.2096341 0.3959269 -0.8954167 0.172797 0.4103294 0.473021 0.272278 0.8379235 -0.8774672 0.2732005 0.3942244 -0.8827863 0.2384323 0.4047695 -0.8431287 0.3818083 0.3786242 -0.8617731 0.3197857 0.3938074 -0.7731977 0.5309961 0.3467107 -0.7122672 0.6251259 0.3192071 0.3102689 0.7484266 0.5861662 -0.6041415 0.7499232 0.269496 -0.4671676 0.8588985 0.2098754 -0.5880174 0.7630631 0.2682727 -0.2167101 0.971381 0.09724015 -0.05111399 0.9971199 0.05602943 -0.0115632 0.9974116 0.07096709 -0.01068264 0.9970546 0.07594804 -0.06815315 -0.9971276 0.0330404 -0.05189931 -0.9970713 0.05617288 -0.01224817 -0.9973904 0.07115096 -0.01136673 -0.997033 0.07613125 0.1546379 -0.9213994 0.3565253 0.446693 -0.3224211 0.8345718 -0.8598709 0.3234073 0.395006 0.4142007 0.319181 0.8523856 0.4469245 0.3221396 0.8345565 -0.3436992 0.9229093 0.1735196 0.03685108 -0.9967964 0.07098687 0.03665175 -0.99687 0.07004879 0.02763672 -0.99714 0.07034129 0.02796711 -0.9968231 0.07457654 0.02013692 -0.9972187 0.07175913 -0.07330256 -0.9967791 0.03253048 -0.07330182 -0.9967791 0.03252997 -0.2171489 -0.9711645 0.09841742 -0.2101151 -0.9731594 0.09387471 -0.3508234 -0.9227998 0.1592592 -0.3946066 -0.8992994 0.1885371 -0.4679153 -0.858472 0.2099553 -0.861452 -0.3192018 0.3949819 -0.8610229 -0.3228045 0.3929844 -0.8373898 -0.3986519 0.373972 -0.8410322 -0.3811463 0.3839172 -0.8069323 -0.4681144 0.3601794 -0.8125158 -0.4496569 0.3709809 -0.7634383 -0.5487972 0.3405638 -0.7712862 -0.5303445 0.3519264 -0.7007551 -0.641239 0.3126577 -0.7106428 -0.6245171 0.3239833 -0.6047705 -0.7493967 0.26955 -0.8174957 -0.3986778 0.4156401 -0.8174957 -0.3986778 0.4156401 -0.7950298 -0.398661 0.457162 -0.7950243 -0.3986712 0.4571626 -0.7677719 -0.3986718 0.5015846 -0.7677791 -0.3986586 0.5015841 -0.7348027 -0.3986526 0.5487633 -0.7348146 -0.3986306 0.5487632 -0.695167 -0.3986137 0.5982056 -0.6951861 -0.3985783 0.5982069 -0.6608353 -0.3987482 0.6358433 -0.6608365 -0.3987465 0.635843 -0.6354687 -0.3987518 0.6611933 -0.6354603 -0.3987629 0.6611947 -0.6079609 -0.3987735 0.686559 -0.6079574 -0.398778 0.6865594 -0.5778909 -0.3987885 0.7120463 -0.577908 -0.3987662 0.7120448 -0.5455011 -0.3987635 0.7371677 -0.5454889 -0.3987793 0.7371682 -0.5130264 -0.3987705 0.7601224 -0.5130219 -0.3987762 0.7601224 -0.478118 -0.3987567 0.7825575 -0.4781004 -0.3987819 0.7825555 -0.4380087 -0.3987953 0.8056741 -0.4379868 -0.3988266 0.8056704 -0.394047 -0.3988341 0.8280448 -0.3941001 -0.3987564 0.8280571 -0.3440941 -0.3987507 0.8500571 -0.3440758 -0.3987781 0.8500516 -0.2950831 -0.3988602 0.8682375 -0.2949947 -0.3989682 0.868218 -0.2468311 -0.3989795 0.8831136 -0.2467267 -0.3991104 0.8830838 -0.1918073 -0.3991071 0.8966177 -0.1918166 -0.3990951 0.8966211 -0.1301752 -0.3990465 0.9076433 -0.1303229 -0.3988481 0.9077093 -0.06348184 -0.3987524 0.9148588 -0.06376593 -0.398351 0.9150138 0.003406272 -0.3982927 0.9172521 0.003254002 -0.3980656 0.9173512 0.07069172 -0.3981359 0.9145985 0.07072206 -0.3981838 0.9145753 0.1396277 -0.3983792 0.9065309 0.1398547 -0.3987587 0.9063289 0.2247342 -0.398757 0.8890936 0.2249421 -0.3992962 0.888799 0.3266352 -0.3990863 0.8567611 0.3265347 -0.3987629 0.8569499 0.4208364 -0.3984645 0.8149373 0.415495 -0.4488268 0.79115 0.478908 -0.01988347 0.8776399 0.4818522 -0.01722933 0.8760831 0.4746834 -0.06005849 0.8781052 0.4851766 -0.05178987 0.8728811 0.4685083 -0.1019784 0.8775536 0.4892749 -0.08702654 0.8677767 0.4588401 -0.147199 0.876241 0.4950163 -0.1237627 0.8600243 0.4627165 -0.1724094 0.8695794 -0.9141533 -0.0867209 0.395984 -0.9047322 -0.05972045 0.4217739 -0.908814 -0.123647 0.3984575 -0.9031581 -0.1017682 0.4170717 -0.9027935 -0.1472641 0.4040758 -0.908981 0.1242321 0.3978944 -0.8975857 0.14784 0.415311 -0.9107507 0.08735746 0.403611 -0.9045115 0.1023837 0.4139765 -0.9117137 0.05205185 0.4075155 -0.9087479 0.06035712 0.4129579 -0.9118527 0.01738493 0.4101492 -0.9110771 0.02006672 0.4117472 -0.9111343 -0.01678625 0.4117676 0.462563 0.1016212 0.8807432 0.4937551 0.1234537 0.8607934 0.4582473 0.05968203 0.8868188 0.5028899 0.08661319 0.86 0.4761631 0.05150394 0.8778474 0.3568296 0.6230593 0.6960387 0.359033 0.6405143 0.6788495 0.3872418 0.5289006 0.7551873 0.391271 0.5480381 0.7392978 0.4079817 0.448287 0.7953551 0.4134298 0.4673908 0.7814229 0.4226626 0.3799674 0.8227886 0.4289196 0.3980277 0.8109266 0.4326473 0.3321449 0.8381504 -0.8146006 0.4503133 0.3655734 -0.8346065 0.3992867 0.379476 -0.8172178 0.3992493 0.4156382 -0.8172182 0.3992472 0.4156392 -0.7947546 0.3992156 0.4571565 -0.7947548 0.3992145 0.4571571 -0.7675059 0.3991957 0.5015749 -0.7675058 0.3991966 0.5015745 -0.7345344 0.3991689 0.5487471 -0.7345377 0.3991471 0.5487584 -0.694899 0.399104 0.5981899 -0.6949009 0.3990883 0.5981983 -0.6605577 0.3992364 0.6358253 -0.6605578 0.3992368 0.6358249 -0.6351815 0.399226 0.661183 -0.6351817 0.3992269 0.6611824 -0.6076909 0.3992196 0.6865388 -0.6076887 0.3992087 0.686547 -0.5776162 0.3991995 0.7120388 -0.5776167 0.3992015 0.7120373 -0.5452358 0.3991781 0.7371396 -0.5452335 0.399169 0.7371463 -0.5127502 0.3991388 0.7601154 -0.5127553 0.3991571 0.7601023 -0.4778235 0.3991147 0.7825548 -0.4778333 0.3991542 0.7825288 -0.4377217 0.3991418 0.8056585 -0.43773 0.3991716 0.8056392 -0.3938197 0.3991514 0.8280001 -0.3937957 0.3990735 0.8280491 -0.3438011 0.399037 0.8500413 -0.3438018 0.3990389 0.8500401 -0.2947508 0.3990875 0.868246 -0.2948096 0.3991965 0.8681759 -0.2464828 0.3991756 0.8831224 -0.2465495 0.3992935 0.8830504 -0.1915692 0.3992573 0.8966019 -0.1915473 0.3992203 0.896623 -0.1300292 0.3991338 0.9076259 -0.1299142 0.3989482 0.9077238 -0.06346464 0.3988123 0.9148339 -0.06325983 0.3984953 0.9149862 0.003486931 0.3983944 0.9172076 0.003687367 0.3980969 0.917336 0.07096736 0.3981196 0.9145843 0.07093441 0.3981665 0.9145664 0.1401632 0.3983132 0.9064771 0.1399008 0.3986712 0.9063604 0.2252609 0.3986157 0.8890237 0.2249286 0.39917 0.888859 0.326748 0.3989009 0.8568045 0.3269242 0.3986162 0.8568697 0.03747137 0.9967777 0.07092394 0.03725331 0.9968584 0.06989735 0.1093617 0.9709957 0.2126204 0.107313 0.9731295 0.2037227 0.1765504 0.922327 0.3437191 0.1873398 0.8993757 0.3950028 0.2385157 0.8577591 0.4553675 -0.07237315 0.996851 0.03240816 -0.07238846 0.9968495 0.03241874 -0.06727125 0.9971913 0.03292742 -0.0760562 0.9962742 0.04065724 -0.06452641 0.997371 0.03297642 -0.06908665 0.9967929 0.04038553 -0.0668817 0.9970118 0.03865615 -0.06407552 0.997103 0.04098817 -0.07735994 0.9955323 0.054138 -0.05838312 0.9975569 0.03836128 -0.06771186 0.9962841 0.05322681 -0.05549328 0.9975886 0.0416851 -0.06190562 0.996644 0.05355794 -0.05711146 0.9967115 0.05748528 -0.05826655 0.9965494 0.05911223 -0.05419582 0.997317 0.04921008 -0.05262357 0.9966622 0.06241109 -0.04833554 0.9973179 0.05496106 -0.0494072 0.9967512 0.06360793 -0.04627114 0.9972771 0.05742262 -0.04615725 0.9968214 0.0649352 -0.04361655 0.9972814 0.05939173 -0.04352168 0.996775 0.06741967 -0.04096563 0.9972839 0.06120838 -0.04079149 0.9967181 0.06992265 -0.03846655 0.9972366 0.0635569 -0.03686449 0.9968407 0.07035379 -0.03565167 0.9971687 0.06620892 -0.03238659 0.9969001 0.07170345 -0.03057935 0.9974214 0.0649256 -0.02942987 0.9968578 0.07354239 -0.02487608 0.9973195 0.06881174 -0.0246224 0.9969786 0.07367098 -0.01945979 0.9971724 0.07258536 -0.01942499 0.9972895 0.07096718 -0.01607866 0.996924 0.07670629 -0.003590122 0.9970521 0.07664368 -0.004689247 0.9975739 0.06945709 0.003625705 0.9963642 0.08511897 0.0004570316 0.997361 0.07260034 0.008422022 0.9966763 0.08102811 0.006153069 0.9971693 0.07493632 0.01444342 0.9968435 0.07806663 0.01153476 0.9973906 0.07126696 0.02031857 0.9967486 0.07796956 0.02697015 0.9971665 0.07022545 0.03013467 0.9967296 0.07498094 0.02074235 0.9972179 0.07159762 -0.07205315 -0.9967337 0.03647155 -0.06681888 -0.9971373 0.03539084 -0.06953667 -0.9967848 0.03980748 -0.06744636 -0.9969584 0.0390513 -0.06494731 -0.9970409 0.04112473 -0.06820422 -0.9966852 0.04434808 -0.06207362 -0.9971433 0.04303486 -0.06570324 -0.9966441 0.04882095 -0.05817034 -0.9972805 0.04525106 -0.06273396 -0.9965842 0.0537062 -0.05730595 -0.9967003 0.05748532 -0.05875095 -0.996559 0.05846944 -0.05500334 -0.9972661 0.04934631 -0.05256911 -0.9968723 0.05900802 -0.04946813 -0.9970948 0.05792125 -0.04985154 -0.9968907 0.06102342 -0.04701275 -0.9971083 0.05970651 -0.04696167 -0.9969066 0.06302258 -0.04435631 -0.9971208 0.06150346 -0.04431135 -0.9968877 0.0652025 -0.04168501 -0.9971054 0.06358753 -0.04160323 -0.9968429 0.06762598 -0.03881972 -0.9971001 0.06545635 -0.03793675 -0.9968813 0.06919854 -0.03588036 -0.9970908 0.06724915 -0.03391337 -0.996931 0.07055783 -0.03259914 -0.9970792 0.06906829 -0.02957366 -0.9969455 0.07228487 -0.02892648 -0.997026 0.07143051 -0.02510478 -0.9970058 0.07313888 -0.02417829 -0.9971172 0.07192153 -0.02126913 -0.9969392 0.07523116 -0.0192609 -0.9971728 0.07263176 -0.01677106 -0.9968979 0.07689763 -0.005865946 -0.9970391 0.07667217 -0.004015628 -0.9973853 0.0721544 -0.0001858547 -0.9968455 0.07936575 0.002603071 -0.9971231 0.07575327 0.005828388 -0.9968445 0.07916418 0.007245759 -0.9970978 0.07578494 0.01186008 -0.9969198 0.07752622 0.01286141 -0.9972544 0.07292601 0.01971127 -0.9967469 0.07814787 -0.2051876 -0.9731633 0.1041698 -0.2051798 -0.9731652 0.1041671 -0.1995544 -0.9731632 0.1145929 -0.1995466 -0.973165 0.1145897 -0.1927259 -0.9731662 0.1257157 -0.1927355 -0.9731636 0.1257202 -0.1844878 -0.973164 0.1375353 -0.1845123 -0.9731575 0.1375487 -0.1745776 -0.9731565 0.1499642 -0.174575 -0.9731571 0.1499626 -0.1628302 -0.9731564 0.1626434 -0.1628477 -0.9731514 0.1626566 -0.1526602 -0.9731855 0.172061 -0.1526536 -0.9731872 0.1720567 -0.1451226 -0.9731898 0.1784402 -0.1451318 -0.9731873 0.1784468 -0.1370193 -0.9731882 0.1847447 -0.1370313 -0.9731846 0.184754 -0.128864 -0.9731842 0.1905428 -0.1288458 -0.9731897 0.1905273 -0.1200789 -0.9731873 0.1961822 -0.1200389 -0.9732003 0.1961424 -0.1100404 -0.9732033 0.2019068 -0.1100602 -0.9731966 0.2019286 -0.09909768 -0.9731993 0.2075159 -0.09910609 -0.9731962 0.2075262 -0.0865342 -0.9731974 0.2130698 -0.0865249 -0.973201 0.2130569 -0.0740586 -0.9732139 0.2176471 -0.07403094 -0.9732241 0.2176102 -0.06196417 -0.9732252 0.2213438 -0.06191247 -0.9732462 0.2212662 -0.04835711 -0.9732464 0.2246175 -0.04835429 -0.9732477 0.2246127 -0.03322585 -0.9732452 0.2273541 -0.03330749 -0.9732038 0.2275195 -0.01679769 -0.9731988 0.229351 -0.01690298 -0.9731358 0.2296106 0.000151526 -0.9731374 0.230225 8.844401e-05 -0.9730909 0.2304216 0.01752243 -0.9731073 0.2296844 0.01753758 -0.9731221 0.229621 0.03535574 -0.9731495 0.2274424 0.03539674 -0.9732086 0.2271829 0.05671934 -0.9731978 0.2228651 0.05671398 -0.9732972 0.2224321 0.08124278 -0.9732653 0.2148355 0.08126958 -0.9732159 0.2150487 0.1047781 -0.9731852 0.2047734 -0.3899786 -0.8992516 0.1981497 -0.3899922 -0.8992451 0.1981521 -0.3792872 -0.8992362 0.2179805 -0.379285 -0.8992373 0.21798 -0.3663085 -0.8992363 0.2391489 -0.3663062 -0.8992373 0.2391483 -0.3506132 -0.8992345 0.2616252 -0.3506436 -0.8992195 0.261636 -0.3317413 -0.899211 0.2852496 -0.3317649 -0.899199 0.28526 -0.3094213 -0.8991902 0.3093789 -0.3094237 -0.8991891 0.3093801 -0.2900744 -0.8992982 0.3272913 -0.2900725 -0.899299 0.3272907 -0.2757413 -0.8993044 0.3394381 -0.2757489 -0.8993012 0.3394408 -0.2603123 -0.8993 0.351421 -0.2603274 -0.8992934 0.351427 -0.2448049 -0.8992885 0.3624234 -0.2447914 -0.8992947 0.3624173 -0.2281221 -0.8992832 0.3731623 -0.2280746 -0.8993068 0.3731343 -0.2090343 -0.8993122 0.3841123 -0.209029 -0.8993149 0.3841088 -0.1881709 -0.899319 0.3947367 -0.1882008 -0.899303 0.3947589 -0.1642872 -0.8993009 0.4052992 -0.1642924 -0.899298 0.4053036 -0.1406641 -0.8993368 0.4140133 -0.1405337 -0.8994008 0.4139184 -0.1176383 -0.8994003 0.4209993 -0.1175138 -0.8994642 0.4208974 -0.09165727 -0.8994592 0.4272845 -0.09168296 -0.8994453 0.4273084 -0.06273278 -0.8994271 0.4325454 -0.06292958 -0.8993123 0.4327554 -0.03134612 -0.8992826 0.4362434 -0.03166636 -0.8990783 0.436641 0.0008279699 -0.8990715 0.4378011 0.0006027102 -0.8989118 0.4381293 0.03360225 -0.8989577 0.4367447 0.03362981 -0.8989798 0.4366971 0.06724632 -0.8990673 0.4326152 0.06748416 -0.8992874 0.4321204 0.1078583 -0.8992504 0.4239285 0.1080222 -0.899562 0.423225 0.1550281 -0.8994437 0.4086163 0.1549833 -0.8992736 0.4090075 0.1987682 -0.8991804 0.3898281 -0.5767115 -0.7625501 0.2931232 -0.5767101 -0.7625512 0.293123 -0.560871 -0.7625333 0.3224387 -0.5608544 -0.7625467 0.3224361 -0.5416517 -0.7625445 0.3537505 -0.5416608 -0.762537 0.3537524 -0.5184299 -0.7625303 0.3870116 -0.5184806 -0.7624887 0.3870257 -0.4905182 -0.76247 0.4219377 -0.4905235 -0.7624656 0.4219396 -0.466181 -0.7626256 0.4484167 -0.4459693 -0.7759667 0.4460796 -0.448304 -0.762623 0.4662935 -0.4289171 -0.7626312 0.4841733 -0.428932 -0.7626211 0.4841761 -0.4077263 -0.762629 0.5021517 -0.4077365 -0.7626219 0.5021541 -0.3848958 -0.7626175 0.5198748 -0.3849107 -0.762607 0.5198791 -0.3619723 -0.7625958 0.5361193 -0.3619361 -0.7626214 0.5361071 -0.3372829 -0.7625985 0.5519816 -0.3372406 -0.7626314 0.551962 -0.3090589 -0.7626395 0.568211 -0.3090223 -0.7626687 0.5681916 -0.2781198 -0.7626732 0.5839341 -0.2781964 -0.76261 0.58398 -0.2428445 -0.7626023 0.5995533 -0.2428421 -0.7626044 0.5995517 -0.2080095 -0.7626745 0.6124212 -0.2078573 -0.7627864 0.6123335 -0.1739666 -0.7627855 0.6228113 -0.1738153 -0.7629012 0.6227118 -0.1354302 -0.7628896 0.6321853 -0.135423 -0.7628953 0.6321798 -0.09240914 -0.7628542 0.6399329 -0.09265473 -0.7626448 0.6401469 -0.04578679 -0.7625735 0.6452791 -0.04621143 -0.7621826 0.6457106 0.001680348 -0.7621517 0.6473963 0.001413515 -0.7618832 0.6477129 0.04983197 -0.7619578 0.6457067 0.04986213 -0.7619913 0.6456648 0.09922317 -0.7621565 0.6397439 0.09954705 -0.7625595 0.6392131 0.1592926 -0.762507 0.6270638 0.1595376 -0.7630659 0.6263212 0.2297339 -0.7628436 0.6043939 0.2296495 -0.76254 0.604809 0.2944281 -0.7623447 0.5763183 -0.6840082 -0.6412713 0.3477123 -0.6840326 -0.6412437 0.3477151 -0.6652393 -0.6412215 0.3824807 -0.6652198 -0.6412438 0.3824774 -0.6424324 -0.6412409 0.4196317 -0.642445 -0.6412264 0.4196346 -0.6148834 -0.641217 0.4590853 -0.6148964 -0.6412018 0.4590891 -0.5817233 -0.6411801 0.5004858 -0.5817639 -0.6411315 0.5005009 -0.5529528 -0.6413197 0.5319327 -0.552914 -0.6413572 0.5319276 -0.5316955 -0.6413623 0.5531313 -0.5317083 -0.6413498 0.5531336 -0.5087057 -0.6413597 0.5743486 -0.5087159 -0.6413496 0.5743508 -0.4835652 -0.6413592 0.5956703 -0.483575 -0.6413493 0.5956728 -0.4564742 -0.6413442 0.6166919 -0.4564934 -0.6413249 0.6166979 -0.4292859 -0.6413113 0.6359507 -0.4292905 -0.6413067 0.6359524 -0.400063 -0.6412794 0.6547597 -0.3999703 -0.6413835 0.6547144 -0.3665003 -0.6413943 0.674011 -0.3665272 -0.6413633 0.674026 -0.3298333 -0.6413681 0.6927171 -0.3298495 -0.6413487 0.6927273 -0.2879567 -0.6413392 0.7111716 -0.2879727 -0.6413192 0.711183 -0.2467641 -0.6414031 0.7264361 -0.2466188 -0.6415595 0.7263473 -0.2063674 -0.6415604 0.7387914 -0.2062538 -0.641688 0.7387123 -0.1605529 -0.6416763 0.7499828 -0.1605838 -0.6416397 0.7500076 -0.1094051 -0.6415884 0.7592067 -0.1095685 -0.641382 0.7593575 -0.05392219 -0.6412885 0.7654029 -0.05424799 -0.6408413 0.7657543 0.002290066 -0.640794 0.7677095 0.002079695 -0.6404769 0.7679746 0.05914734 -0.6405607 0.7656263 0.05917099 -0.6406003 0.7655913 0.1174663 -0.6407998 0.7586681 0.1176929 -0.6412272 0.7582717 0.1887051 -0.6411858 0.7438221 0.1888858 -0.6418281 0.743222 0.2727835 -0.6415775 0.7169152 0.272723 -0.6412144 0.717263 0.3508948 -0.6409215 0.6827096 -0.7451653 -0.5488302 0.3788326 -0.7451782 -0.5488122 0.378833 -0.7247041 -0.5487911 0.416692 -0.724691 -0.5488091 0.4166909 -0.699858 -0.5488073 0.4571753 -0.6998611 -0.548803 0.4571758 -0.6698222 -0.5487949 0.5001624 -0.6698624 -0.5487382 0.5001706 -0.6337194 -0.5487151 0.5452626 -0.6337186 -0.5487164 0.5452624 -0.6023628 -0.5489091 0.5795326 -0.6023849 -0.5488843 0.5795329 -0.5792572 -0.5488882 0.6026465 -0.5792413 -0.548906 0.6026455 -0.554185 -0.5489159 0.6257558 -0.5541888 -0.5489117 0.6257562 -0.5267868 -0.5489216 0.6489844 -0.5267978 -0.5489091 0.648986 -0.4972632 -0.5489042 0.6718881 -0.4972836 -0.5488809 0.6718919 -0.4676821 -0.5488676 0.6928331 -0.4676245 -0.548934 0.6928194 -0.4357786 -0.5489087 0.7132995 -0.4357832 -0.548903 0.7133012 -0.3992919 -0.5489142 0.7343426 -0.3992467 -0.5489727 0.7343234 -0.3592505 -0.5489798 0.7546922 -0.3593064 -0.5489054 0.7547196 -0.3136891 -0.5488945 0.7747993 -0.3136648 -0.548928 0.7747855 -0.2688676 -0.5490165 0.7913856 -0.2687609 -0.5491409 0.7913356 -0.2248715 -0.5491484 0.804903 -0.2247696 -0.5492715 0.8048475 -0.1748733 -0.5492626 0.8171474 -0.1748837 -0.5492496 0.8171539 -0.1189775 -0.5491962 0.8271807 -0.1191719 -0.5489368 0.8273249 -0.05840862 -0.548835 0.8338876 -0.05871598 -0.5483951 0.8341553 0.00273125 -0.5483395 0.8362513 0.002544276 -0.5480502 0.8364415 0.0644372 -0.5481319 0.8339061 0.06446837 -0.5481843 0.8338692 0.1277244 -0.548393 0.8264088 0.1279545 -0.5488189 0.8260905 0.2052998 -0.5487883 0.81036 0.2055072 -0.5494511 0.8098582 0.2973845 -0.5491976 0.7809894 0.2973123 -0.5488648 0.7812508 0.3826789 -0.548554 0.7434012 -0.787694 -0.4681439 0.4004739 -0.7876967 -0.4681395 0.4004738 -0.7660518 -0.4681196 0.4404868 -0.7660508 -0.4681213 0.4404868 -0.739797 -0.4681193 0.4832854 -0.7397912 -0.4681286 0.4832852 -0.7080254 -0.4681218 0.5287363 -0.7080559 -0.4680721 0.5287394 -0.6698558 -0.468051 0.5763865 -0.6698558 -0.4680512 0.5763865 -0.6367401 -0.4682361 0.6126313 -0.6367295 -0.468249 0.6126323 -0.6122885 -0.4682552 0.6370557 -0.6122937 -0.4682488 0.6370553 -0.5857926 -0.46826 0.661498 -0.5858024 -0.4682481 0.6614978 -0.556838 -0.4682587 0.6860504 -0.556837 -0.46826 0.6860504 -0.525607 -0.4682567 0.7102627 -0.5256284 -0.4682304 0.7102641 -0.494336 -0.4682193 0.7323952 -0.494352 -0.4681995 0.732397 -0.4607021 -0.4681758 0.7540324 -0.4606146 -0.4682944 0.7540123 -0.4220264 -0.4683079 0.7762612 -0.4220519 -0.4682727 0.7762684 -0.3797365 -0.4682795 0.7978187 -0.3797441 -0.4682687 0.7978213 -0.331546 -0.4682629 0.8190281 -0.3315617 -0.4682401 0.8190348 -0.2842717 -0.4683245 0.8365774 -0.2841734 -0.4684424 0.8365449 -0.237761 -0.4684516 0.8508953 -0.2376741 -0.468559 0.8508605 -0.1848402 -0.4685546 0.8638812 -0.1848373 -0.4685583 0.8638798 -0.125581 -0.4685059 0.8744892 -0.1257602 -0.4682656 0.8745923 -0.06145813 -0.4681643 0.8815017 -0.06171921 -0.4677927 0.8816805 0.003107392 -0.4677354 0.8838631 0.002924024 -0.4674571 0.8840109 0.06812502 -0.4675315 0.8813474 0.06813891 -0.4675541 0.8813344 0.1347647 -0.4677598 0.8735212 0.1350024 -0.4681751 0.873262 0.2167758 -0.4681628 0.8566398 0.2169716 -0.4687164 0.8562875 0.3145532 -0.4684833 0.8255784 0.3144746 -0.468192 0.8257735 0.4049412 -0.4678814 0.7855632 -0.8447676 -0.3191642 0.429537 -0.8447807 -0.3191414 0.4295281 -0.8215643 -0.3191274 0.4724296 -0.8215576 -0.3191387 0.4724337 -0.7933904 -0.3191395 0.5183451 -0.7933939 -0.3191339 0.5183433 -0.7593103 -0.3191301 0.5671013 -0.7593206 -0.3191138 0.5670967 -0.718347 -0.3191013 0.6181844 -0.7183516 -0.3190942 0.6181828 -0.6828789 -0.3192425 0.6570849 -0.6828806 -0.3192409 0.657084 -0.6566584 -0.3192476 0.6832867 -0.6566674 -0.3192393 0.683282 -0.6282384 -0.3192499 0.7095041 -0.6282457 -0.3192433 0.7095005 -0.5971729 -0.3192538 0.7358407 -0.5971718 -0.3192548 0.7358412 -0.5636755 -0.3192545 0.7618048 -0.5636961 -0.3192365 0.7617971 -0.5301673 -0.3192306 0.7855026 -0.5301332 -0.31926 0.7855138 -0.4940811 -0.3192457 0.8086817 -0.4940528 -0.3192726 0.8086883 -0.4526268 -0.319287 0.8325772 -0.452606 -0.3193067 0.8325809 -0.4071569 -0.319316 0.8557222 -0.4071859 -0.3192886 0.8557187 -0.3555327 -0.3192863 0.8784377 -0.3555512 -0.3192686 0.8784366 -0.3050483 -0.3193417 0.8971992 -0.3048997 -0.3194515 0.8972107 -0.2551386 -0.3194651 0.9126041 -0.2550436 -0.3195361 0.9126058 -0.198209 -0.3195387 0.9266111 -0.1981931 -0.3195507 0.9266104 -0.1342591 -0.3195109 0.9380231 -0.1345058 -0.3193201 0.9380527 -0.06522133 -0.3192359 0.9454283 -0.06557756 -0.3189529 0.9454992 0.003815371 -0.3189029 0.9477798 0.003550473 -0.3186863 0.9478536 0.07301563 -0.3187492 0.9450226 0.07307216 -0.3187968 0.9450022 0.1439727 -0.3189699 0.9367658 0.1442928 -0.3192464 0.9366223 0.2318549 -0.3192615 0.9188663 0.2322264 -0.3197178 0.9186139 0.3109952 -0.3199638 0.894933 0.3356599 -0.3350882 0.8803683 0.3636389 -0.3195939 0.8750008 -0.8658094 -0.2378035 0.440254 -0.8658114 -0.2377994 0.4402521 -0.8420215 -0.237791 0.4842059 -0.8420184 -0.2377968 0.4842083 -0.8131426 -0.2378002 0.5312722 -0.8131449 -0.237796 0.5312705 -0.7782034 -0.2377964 0.5812507 -0.7782156 -0.2377751 0.5812429 -0.7362204 -0.2377685 0.6335973 -0.7362251 -0.2377607 0.6335949 -0.6998822 -0.2378792 0.6734823 -0.699887 -0.2378747 0.6734789 -0.673013 -0.2378819 0.7003326 -0.6730115 -0.2378833 0.7003335 -0.6438886 -0.2378941 0.7271959 -0.6438792 -0.2379027 0.7272015 -0.6120174 -0.2379139 0.7542093 -0.6120406 -0.2378931 0.754197 -0.5777128 -0.2378955 0.7808031 -0.577706 -0.2379016 0.7808064 -0.5433536 -0.2379 0.8050904 -0.5433573 -0.2378968 0.8050888 -0.5064232 -0.2378887 0.8288211 -0.5063679 -0.2379414 0.8288398 -0.4638678 -0.2379566 0.8533484 -0.4638866 -0.2379388 0.853343 -0.417269 -0.2379492 0.8770785 -0.417287 -0.2379323 0.8770745 -0.3643677 -0.2379347 0.9003462 -0.3643703 -0.2379322 0.9003457 -0.3127072 -0.237994 0.9195504 -0.3126225 -0.2380551 0.9195634 -0.2616054 -0.2380725 0.9353524 -0.2614728 -0.2381689 0.9353649 -0.2031013 -0.2381751 0.9497486 -0.2031287 -0.238155 0.9497479 -0.1374173 -0.2381285 0.9614631 -0.1375856 -0.2380027 0.9614701 -0.06650541 -0.2379377 0.9690009 -0.06682067 -0.2376966 0.9690384 0.004150244 -0.2376583 0.9713399 0.003939605 -0.2374933 0.9713812 0.07482899 -0.2375471 0.9684896 0.07485764 -0.23757 0.9684817 0.1472904 -0.2377148 0.9601027 0.1475732 -0.2379456 0.9600021 0.2103925 -0.2381758 0.94816 0.2367522 -0.2525195 0.9381803 0.2639867 -0.238567 0.934557 0.328012 -0.2384335 0.9140884 0.3193569 -0.2315788 0.9189028 0.3984083 -0.2466014 0.8834357 0.3743583 -0.220413 0.9007074 0.4239658 -0.2414474 0.8729011 0.4049699 -0.1724056 0.8979285 0.4051752 -0.1725728 0.8978038 0.3326975 -0.1727129 0.9270828 0.332765 -0.1727636 0.9270491 0.2677647 -0.1728589 0.9478511 0.2675493 -0.1727444 0.9479329 0.2133933 -0.1726997 0.9615811 0.2131298 -0.1725623 0.9616641 0.1493891 -0.1723831 0.973636 0.1491552 -0.1722009 0.973704 0.07590727 -0.1720853 0.9821531 0.07590038 -0.1720801 0.9821546 0.004231681 -0.1720374 0.9850813 0.004373868 -0.1721447 0.985062 -0.06742668 -0.1721705 0.9827569 -0.067188 -0.1723471 0.9827422 -0.139347 -0.1723913 0.9751224 -0.1392277 -0.1724778 0.9751241 -0.2059632 -0.1724936 0.9632367 -0.2059628 -0.1724939 0.9632368 -0.2652917 -0.1724832 0.9486147 -0.265366 -0.1724305 0.9486035 -0.3171166 -0.1724126 0.932583 -0.3172107 -0.1723463 0.9325632 -0.3695119 -0.172295 0.9131131 -0.3694808 -0.1723238 0.9131202 -0.4231635 -0.1723175 0.8895164 -0.4231547 -0.1723256 0.889519 -0.4704247 -0.1723137 0.8654528 -0.4704296 -0.1723091 0.865451 -0.5135775 -0.1722941 0.8405669 -0.5135905 -0.1722819 0.8405616 -0.5510343 -0.1722844 0.8165044 -0.5510619 -0.1722608 0.8164907 -0.5858831 -0.1722593 0.7918761 -0.5858588 -0.1722804 0.7918894 -0.6206756 -0.1722754 0.7649071 -0.6206853 -0.1722667 0.7649012 -0.6529982 -0.1722559 0.7375101 -0.6529858 -0.1722673 0.7375184 -0.6825342 -0.1722567 0.7102638 -0.6825224 -0.1722677 0.7102726 -0.709784 -0.1722595 0.6830325 -0.7098054 -0.172239 0.6830154 -0.7466322 -0.1721477 0.6425772 -0.7466316 -0.1721488 0.6425777 -0.789216 -0.1721508 0.5894932 -0.789198 -0.1721841 0.5895076 -0.8246479 -0.1721803 0.538804 -0.8246508 -0.1721748 0.5388014 -0.8539364 -0.1721696 0.4910706 -0.8539389 -0.1721645 0.4910681 -0.8780649 -0.1721686 0.4464974 -0.8780628 -0.1721732 0.4464998 -0.895533 -0.1721924 0.4103296 -0.8845239 -0.1236879 0.4497987 -0.8845268 -0.1236789 0.4497951 -0.8602248 -0.1236779 0.4946888 -0.8602226 -0.1236838 0.494691 -0.8307176 -0.1236904 0.5427788 -0.8307194 -0.1236858 0.5427771 -0.7950048 -0.1236914 0.5938582 -0.7950054 -0.1236902 0.5938578 -0.7521123 -0.1236942 0.6473228 -0.7521214 -0.1236727 0.6473164 -0.7150267 -0.1237425 0.6880586 -0.7150285 -0.1237402 0.6880571 -0.6875521 -0.1237482 0.7155128 -0.687546 -0.1237559 0.7155174 -0.6577944 -0.1237662 0.7429591 -0.6577896 -0.1237722 0.7429626 -0.6252424 -0.1237835 0.7705515 -0.6252502 -0.1237742 0.7705466 -0.5901701 -0.1237809 0.7977326 -0.5901667 -0.1237849 0.7977346 -0.5551032 -0.1237895 0.8225185 -0.5551111 -0.1237805 0.8225145 -0.5173724 -0.123782 0.8467608 -0.5173641 -0.1237924 0.8467643 -0.4738916 -0.123807 0.8718362 -0.4738852 -0.123815 0.8718386 -0.4262428 -0.1238278 0.8960936 -0.4262631 -0.1238029 0.8960873 -0.372217 -0.1238122 0.9198506 -0.3721904 -0.1238449 0.9198569 -0.3195565 -0.1238861 0.9394339 -0.3195331 -0.123908 0.9394389 -0.2673512 -0.1239254 0.9555972 -0.2673079 -0.1239662 0.955604 -0.207461 -0.1239795 0.9703551 -0.2074684 -0.1239725 0.9703544 -0.1401674 -0.1239683 0.9823365 -0.1402408 -0.1238974 0.982335 -0.06755018 -0.1238694 0.9899966 -0.06766814 -0.1237531 0.9900031 0.004530625 -0.1237396 0.9923044 0.004422494 -0.1236309 0.9923184 0.07645346 -0.1236703 0.9893737 0.0764743 -0.1236916 0.9893695 0.1501261 -0.1237823 0.9808874 0.1502658 -0.1239269 0.9808477 0.214563 -0.1240655 0.9687985 0.2147166 -0.124172 0.9687508 0.2694772 -0.1242108 0.9549626 0.2695429 -0.1242572 0.9549381 0.3352496 -0.1241938 0.9339077 0.3352443 -0.1241885 0.9339103 0.4083197 -0.1240931 0.9043649 0.4081883 -0.1239505 0.9044439 -0.8880061 -0.08676489 0.4515717 -0.8880039 -0.08677181 0.4515747 -0.8636087 -0.08677355 0.4966393 -0.8636072 -0.08677765 0.4966409 -0.8339794 -0.08678512 0.5449283 -0.8339852 -0.08676881 0.5449219 -0.798129 -0.08677509 0.5962049 -0.7981312 -0.0867691 0.5962027 -0.7666911 -0.0868123 0.6361197 -0.7537988 -0.1042682 0.6487799 -0.743269 -0.08682797 0.6633341 -0.7178343 -0.08683478 0.6907775 -0.7178373 -0.086831 0.690775 -0.6902552 -0.08683906 0.7183361 -0.6902538 -0.08684083 0.7183372 -0.6603798 -0.08685081 0.7458923 -0.6603795 -0.0868513 0.7458926 -0.6276997 -0.08686193 0.7735943 -0.6276993 -0.08686246 0.7735946 -0.5924813 -0.08687048 0.8008867 -0.5924881 -0.08686252 0.8008825 -0.5572951 -0.08686879 0.8257579 -0.557282 -0.08688369 0.8257651 -0.5194071 -0.08688858 0.850098 -0.519401 -0.08689635 0.850101 -0.475756 -0.08691118 0.8752729 -0.475749 -0.08691983 0.8752759 -0.4278958 -0.08693386 0.8996376 -0.4279132 -0.08691236 0.8996313 -0.3736763 -0.08692504 0.9234771 -0.3736725 -0.08692961 0.9234783 -0.3208244 -0.0869657 0.9431377 -0.3208057 -0.08698306 0.9431424 -0.2684259 -0.08700178 0.9593635 -0.2683944 -0.08703132 0.9593696 -0.2082765 -0.08704732 0.9741887 -0.2082686 -0.08705479 0.9741897 -0.1406503 -0.08705772 0.9862244 -0.1407093 -0.08700136 0.986221 -0.06772649 -0.08698867 0.9939045 -0.0678046 -0.08691267 0.9939058 0.004623355 -0.08691094 0.9962054 0.004560754 -0.08684898 0.9962111 0.07675876 -0.08688244 0.993257 0.0767657 -0.0868894 0.9932559 0.1506659 -0.08696214 0.9847524 0.1507275 -0.08702454 0.9847375 0.2153005 -0.08712927 0.9726532 0.2154214 -0.08721121 0.9726191 0.2704608 -0.08724517 0.9587697 0.2705548 -0.08731014 0.9587373 0.3366154 -0.08727206 0.9375893 0.3365879 -0.08724532 0.9376017 0.4100191 -0.08718254 0.9079006 0.4099465 -0.08710615 0.9079407 0.4110432 -0.05181164 0.9101424 0.4111097 -0.05187666 0.9101086 0.3374597 -0.05190236 0.939908 0.3374865 -0.05192654 0.9398972 0.2711402 -0.05194076 0.9611374 0.271119 -0.05192704 0.9611441 0.2158422 -0.05189943 0.975048 0.2157633 -0.05184925 0.9750682 0.1510474 -0.05177732 0.9871696 0.1509892 -0.05172203 0.9871813 0.07695878 -0.05166914 0.9956945 0.07693037 -0.05164235 0.9956981 0.004646413 -0.05161335 0.9986563 0.004682544 -0.05164709 0.9986544 -0.06788188 -0.05164032 0.9963561 -0.06782666 -0.05169116 0.9963571 -0.1409861 -0.05168987 0.9886612 -0.1409462 -0.05172607 0.988665 -0.2087791 -0.05171578 0.9765944 -0.2087855 -0.0517101 0.9765934 -0.2690766 -0.05169214 0.9617306 -0.2690796 -0.05168943 0.9617299 -0.3216038 -0.05167141 0.9454635 -0.3216233 -0.05165417 0.9454578 -0.3745857 -0.05162707 0.9257538 -0.3745942 -0.05161716 0.925751 -0.4289402 -0.05160273 0.9018578 -0.428942 -0.05160066 0.901857 -0.4769182 -0.05158632 0.8774326 -0.4769093 -0.05159692 0.8774368 -0.5206763 -0.0515822 0.8521945 -0.5206822 -0.05157514 0.8521914 -0.5586575 -0.05156712 0.8277938 -0.5586473 -0.05157842 0.8278001 -0.5939307 -0.05156936 0.8028618 -0.5939395 -0.05155936 0.8028558 -0.6292364 -0.05154972 0.7755026 -0.6292402 -0.05154521 0.7754996 -0.6619973 -0.05153446 0.7477324 -0.6619967 -0.05153516 0.7477329 -0.6919461 -0.05152508 0.7201081 -0.6919394 -0.05153349 0.720114 -0.7195933 -0.05152451 0.6924815 -0.7195842 -0.0515361 0.69249 -0.7450905 -0.05152792 0.6649701 -0.7450941 -0.05152317 0.6649664 -0.7685701 -0.05151603 0.6376882 -0.7685707 -0.05151513 0.6376874 -0.8000843 -0.05148391 0.5976743 -0.8000842 -0.05148424 0.5976744 -0.8360245 -0.05147464 0.5462722 -0.8360288 -0.05146248 0.5462669 -0.8657272 -0.05145489 0.4978643 -0.8657278 -0.05145306 0.4978635 -0.8901847 -0.05144935 0.4526856 -0.8901809 -0.05146198 0.4526916 -0.9095169 -0.05145915 0.4124694 -0.8912367 -0.01679186 0.4532276 -0.8912338 -0.01680248 0.4532328 -0.866747 -0.01681009 0.4984649 -0.8667509 -0.01679656 0.4984584 -0.8370203 -0.01680564 0.5469137 -0.8370162 -0.01681815 0.5469195 -0.8010264 -0.01682979 0.5983925 -0.8010293 -0.01682157 0.5983889 -0.7694681 -0.01683902 0.6384632 -0.769479 -0.01682388 0.6384505 -0.7459739 -0.01683065 0.6657624 -0.7459742 -0.01683025 0.6657622 -0.7204395 -0.01683772 0.6933134 -0.720434 -0.01684489 0.6933189 -0.692771 -0.0168536 0.7209607 -0.6927555 -0.01687317 0.720975 -0.6627596 -0.01688366 0.7486418 -0.6627768 -0.0168626 0.7486271 -0.62998 -0.0168731 0.7764281 -0.6299813 -0.01687142 0.776427 -0.5946332 -0.01688209 0.8038198 -0.5946385 -0.01687611 0.803816 -0.5593185 -0.01688633 0.8287807 -0.5593041 -0.01690256 0.8287902 -0.5212872 -0.01691353 0.8532137 -0.5212932 -0.01690601 0.8532102 -0.4774775 -0.01692019 0.878481 -0.4774681 -0.0169316 0.8784859 -0.4294377 -0.01694703 0.9029375 -0.4294432 -0.01694037 0.902935 -0.3750187 -0.01695656 0.9268621 -0.3750304 -0.01694256 0.9268577 -0.3220344 -0.01696339 0.9465759 -0.3219965 -0.01699713 0.9465883 -0.2693801 -0.0170148 0.9628837 -0.2693902 -0.01700574 0.9628809 -0.2090208 -0.01702394 0.977763 -0.209024 -0.01702101 0.9777623 -0.1411218 -0.01703981 0.9898456 -0.1411034 -0.01705649 0.989848 -0.06784899 -0.01707377 0.9975495 -0.06789619 -0.01703046 0.997547 0.004711529 -0.0170497 0.9998435 0.004699478 -0.01703851 0.9998438 0.0770244 -0.01706398 0.9968832 0.07703329 -0.01707229 0.9968823 0.1511908 -0.01710565 0.9883565 0.1511805 -0.01709594 0.9883583 0.2159861 -0.01713303 0.9762461 0.216033 -0.01716249 0.9762352 0.2714389 -0.01718334 0.9623023 0.2714558 -0.01719415 0.9622973 0.337893 -0.01720432 0.9410273 0.3379025 -0.01721273 0.9410237 0.4116163 -0.01722026 0.9111946 0.4116125 -0.01721657 0.9111964 -0.8912227 0.0173779 0.4532329 -0.8912253 0.01738853 0.4532275 -0.8667395 0.01738003 0.4984583 -0.8667359 0.01736652 0.4984649 -0.8370053 0.01735604 0.5469196 -0.8370089 0.01736854 0.5469136 -0.8010179 0.01735651 0.5983888 -0.8010152 0.01734831 0.5983925 -0.7694687 0.01734501 0.638449 -0.769457 0.01732817 0.6384634 -0.7459618 0.01731954 0.6657634 -0.7459627 0.0173208 0.6657624 -0.7204229 0.01731148 0.693319 -0.7204282 0.01731865 0.6933132 -0.6927446 0.01730917 0.7209753 -0.6927595 0.0173287 0.7209604 -0.6627653 0.01731948 0.7486268 -0.6627486 0.01729846 0.7486421 -0.6299701 0.01728739 0.776427 -0.6299687 0.01728573 0.7764282 -0.5946272 0.01727315 0.803816 -0.594622 0.01726711 0.80382 -0.5592929 0.01725408 0.8287905 -0.5593072 0.0172704 0.8287805 -0.521282 0.01725637 0.85321 -0.521276 0.01724879 0.8532137 -0.4774569 0.01723415 0.8784862 -0.4774661 0.01724557 0.8784809 -0.429439 0.01722942 0.9029315 -0.4294266 0.01721439 0.9029377 -0.3750117 0.01719586 0.9268606 -0.3750076 0.01719083 0.9268624 -0.3219855 0.01717654 0.9465888 -0.3220229 0.0172102 0.9465755 -0.2693861 0.01719306 0.9628788 -0.2693689 0.01717764 0.9628838 -0.2090073 0.01715732 0.9777636 -0.2090095 0.01715938 0.977763 -0.1410919 0.01713322 0.9898482 -0.1411105 0.01715017 0.9898453 -0.06788503 0.01711885 0.9975463 -0.06783777 0.01707539 0.9975502 0.004710642 0.01704657 0.9998436 0.00472268 0.0170354 0.9998438 0.07704635 0.01701298 0.9968823 0.07703561 0.01702299 0.996883 0.1511917 0.01700888 0.9883581 0.1512021 0.01699916 0.9883566 0.2160368 0.01699474 0.9762374 0.2159972 0.01701948 0.9762456 0.2714671 0.01700364 0.9622975 0.27145 0.01701449 0.9623021 0.3379137 0.01698067 0.9410239 0.3379042 0.01698906 0.9410272 0.4116237 0.0169478 0.9111963 0.4116276 0.0169441 0.9111946 0.4789436 0.01691395 0.8776827 -0.89015 0.05204783 0.4526853 -0.8901474 0.05203522 0.4526919 -0.8656927 0.05202282 0.4978652 -0.8656936 0.05202647 0.4978634 -0.8359916 0.05201444 0.5462716 -0.8359942 0.05202484 0.5462665 -0.8000505 0.05201081 0.5976739 -0.8000501 0.05200963 0.5976744 -0.7685373 0.05202015 0.6376868 -0.7685378 0.05202094 0.6376861 -0.745056 0.05201265 0.664971 -0.7450587 0.0520166 0.6649675 -0.7195578 0.05200807 0.6924823 -0.7195506 0.051998 0.6924906 -0.6919106 0.05198878 0.7201089 -0.6919057 0.05198209 0.7201141 -0.661965 0.05197238 0.7477307 -0.6619626 0.0519693 0.747733 -0.629202 0.05195852 0.7755032 -0.6292062 0.05196378 0.7754994 -0.5938969 0.05195018 0.8028622 -0.5939052 0.05196027 0.8028554 -0.5586231 0.05194613 0.8277933 -0.5586134 0.05193473 0.8278006 -0.5206426 0.05191774 0.8521947 -0.5206481 0.05192491 0.852191 -0.4768847 0.05191084 0.8774316 -0.4768755 0.05189901 0.8774374 -0.4289079 0.05188188 0.9018571 -0.4289148 0.05189053 0.9018533 -0.3745524 0.05186846 0.9257538 -0.3745525 0.05186865 0.9257538 -0.3215701 0.05186156 0.9454644 -0.3215891 0.05187889 0.9454571 -0.2690427 0.05186306 0.9617308 -0.2690525 0.05187204 0.9617277 -0.2087451 0.05184965 0.9765947 -0.2087459 0.05185041 0.9765944 -0.1409516 0.05181704 0.9886595 -0.1409122 0.0517809 0.9886671 -0.06784773 0.05173508 0.9963534 -0.06779289 0.05168425 0.9963598 0.004680346 0.05164407 0.9986545 0.004716377 0.05161044 0.9986562 0.07699285 0.05159255 0.9956959 0.07696612 0.05161755 0.9956967 0.1510822 0.05162084 0.9871725 0.1510227 0.05167646 0.9871787 0.215876 0.05170524 0.9750508 0.2157892 0.05175957 0.9750672 0.2711652 0.05175152 0.9611406 0.271153 0.05175921 0.9611436 0.3374926 0.0517007 0.9399073 0.337521 0.05167587 0.9398986 0.4110863 0.05160088 0.9101348 0.411145 0.05154577 0.9101115 -0.8879496 0.0873624 0.4515674 -0.8879484 0.0873543 0.4515716 -0.8635463 0.08733974 0.4966484 -0.8635496 0.08735795 0.4966394 -0.8339264 0.08734702 0.5449196 -0.8339229 0.08733068 0.5449275 -0.7980731 0.08731446 0.5962009 -0.7980714 0.08730751 0.5962041 -0.7550167 0.08728507 0.6498699 -0.7638034 0.1221875 0.633778 -0.7432114 0.08731399 0.6633349 -0.7177714 0.08730382 0.6907838 -0.7177756 0.08731041 0.6907786 -0.6902053 0.0873007 0.7183281 -0.690197 0.08728818 0.7183377 -0.660308 0.08727831 0.7459061 -0.6603236 0.08730067 0.7458897 -0.6276401 0.08729039 0.7735944 -0.6276409 0.08729161 0.7735935 -0.5924475 0.08727705 0.8008675 -0.5924246 0.08724675 0.8008877 -0.5572079 0.0872295 0.8257787 -0.5572363 0.08726597 0.8257557 -0.5193493 0.08724648 0.8500967 -0.5193492 0.08724638 0.8500967 -0.4757042 0.08723278 0.8752691 -0.4756995 0.08722614 0.8752723 -0.4278431 0.0872084 0.899636 -0.4278406 0.08720502 0.8996375 -0.3736218 0.08718194 0.923475 -0.3736193 0.08717861 0.9234764 -0.3207569 0.08717805 0.943141 -0.3207668 0.08718781 0.9431368 -0.2683198 0.08717137 0.9593777 -0.2683678 0.08721834 0.95936 -0.2082296 0.08719463 0.9741856 -0.2082191 0.08718438 0.9741887 -0.1406323 0.0871422 0.9862195 -0.1405933 0.08710405 0.9862283 -0.06776597 0.08704308 0.993897 -0.06766983 0.08694834 0.9939118 0.004617946 0.08689834 0.9962065 0.004680494 0.08683647 0.9962116 0.07682092 0.08682342 0.9932573 0.07681592 0.08682838 0.9932573 0.150808 0.08685159 0.9847405 0.1507225 0.08693573 0.9847461 0.2154443 0.08699872 0.9726331 0.2153555 0.08705729 0.9726474 0.270614 0.08705457 0.9587437 0.2705073 0.08712593 0.9587674 0.3366531 0.08704562 0.9375969 0.3366727 0.08702756 0.9375915 0.4100088 0.08691972 0.9079304 0.4100893 0.08684082 0.9079016 -0.8844434 0.1242576 0.4497998 -0.8844454 0.1242737 0.4497915 -0.8601415 0.1242575 0.4946884 -0.8601393 0.1242424 0.4946961 -0.830638 0.1242288 0.5427777 -0.8306377 0.1242272 0.5427786 -0.7949284 0.1242083 0.5938528 -0.7949258 0.1241955 0.5938589 -0.7520345 0.124169 0.6473223 -0.7520375 0.1241822 0.6473162 -0.7149345 0.1242283 0.6880668 -0.7149352 0.1242294 0.6880659 -0.6874744 0.1242196 0.7155057 -0.6874775 0.1242247 0.7155018 -0.6577135 0.1242159 0.7429559 -0.6576989 0.1241935 0.7429726 -0.6251633 0.1241826 0.7705515 -0.625161 0.1241793 0.7705539 -0.5900872 0.1241625 0.7977348 -0.590105 0.1241875 0.7977178 -0.5550152 0.1241696 0.8225206 -0.5550039 0.1241544 0.8225304 -0.5172835 0.1241311 0.846764 -0.5172951 0.1241485 0.8467544 -0.473822 0.1241349 0.8718275 -0.4738217 0.1241344 0.8718278 -0.426154 0.1241159 0.896096 -0.426149 0.1241087 0.8960994 -0.3721364 0.1240814 0.9198469 -0.3721406 0.1240873 0.9198444 -0.319444 0.1240952 0.9394445 -0.3194814 0.124133 0.9394268 -0.2672262 0.1241162 0.9556073 -0.2672502 0.1241404 0.9555975 -0.2073967 0.1241142 0.9703516 -0.2073977 0.1241151 0.9703513 -0.1401517 0.124067 0.9823263 -0.1400682 0.1239833 0.9823487 -0.067594 0.1239094 0.9899887 -0.06748869 0.1238037 0.990009 0.004532165 0.1237426 0.992304 0.004612086 0.1236623 0.9923136 0.07653866 0.1236515 0.9893696 0.07653243 0.1236577 0.9893693 0.1503682 0.1237006 0.9808607 0.1502266 0.1238413 0.9808645 0.2147513 0.1239373 0.9687732 0.214606 0.1240341 0.968793 0.2696763 0.1240365 0.9549291 0.2695562 0.1241176 0.9549525 0.335324 0.1240114 0.9339052 0.3353386 0.1239979 0.9339017 0.4082439 0.1238538 0.9044319 0.4084164 0.123685 0.9043772 -0.8779488 0.1727668 0.4464948 -0.8779467 0.1727533 0.446504 -0.8538221 0.1727325 0.4910717 -0.853824 0.1727432 0.4910645 -0.8245357 0.1727289 0.5388002 -0.8245355 0.1727281 0.5388008 -0.7890924 0.1727081 0.5894955 -0.7890896 0.1726968 0.5895028 -0.7465158 0.1726679 0.642573 -0.7465113 0.1726531 0.6425822 -0.7096868 0.1727201 0.6830171 -0.7096804 0.1727121 0.6830258 -0.6824077 0.1727015 0.7102773 -0.6824198 0.1727162 0.7102621 -0.6528831 0.1727076 0.7375064 -0.6528782 0.1727018 0.7375122 -0.6205727 0.1726916 0.7648968 -0.6205655 0.1726835 0.7649045 -0.5857503 0.1726653 0.7918859 -0.5857469 0.1726616 0.7918892 -0.5509291 0.1726402 0.8165001 -0.5509337 0.172645 0.816496 -0.513448 0.1726174 0.8405799 -0.5134753 0.1726486 0.8405567 -0.4703237 0.1726354 0.8654436 -0.4703326 0.1726453 0.8654367 -0.4230548 0.1726266 0.8895081 -0.4230171 0.1725861 0.8895339 -0.3693973 0.1725575 0.9131098 -0.3693951 0.1725552 0.9131112 -0.3170063 0.1725715 0.932591 -0.3170846 0.1726314 0.9325534 -0.2651702 0.1726148 0.9486248 -0.2652482 0.172674 0.9485921 -0.2058643 0.1726459 0.9632307 -0.2058588 0.1726417 0.9632326 -0.1392318 0.1725835 0.9751049 -0.1391101 0.1724919 0.9751384 -0.06731079 0.1724006 0.9827244 -0.06708492 0.1722302 0.9827698 0.004344766 0.1721576 0.9850599 0.004515245 0.172029 0.9850816 0.07602835 0.1720252 0.9821543 0.07599659 0.172049 0.9821525 0.1495008 0.1721143 0.9736664 0.1492823 0.1722772 0.9736711 0.2135177 0.1724157 0.9616044 0.2131883 0.1725802 0.961648 0.2678935 0.1725899 0.9478639 0.2677073 0.1726841 0.9478992 0.3327978 0.1725477 0.9270777 0.3328817 0.1724897 0.9270583 0.4050715 0.1723042 0.8979022 0.4052829 0.1721493 0.8978364 0.4628134 0.1721142 0.8695864 -0.8656495 0.238393 0.4402496 -0.8656494 0.2383908 0.4402511 -0.8418584 0.2383671 0.484206 -0.8418588 0.2383703 0.4842039 -0.8129845 0.2383554 0.5312654 -0.8129842 0.2383539 0.5312664 -0.778051 0.2383319 0.5812355 -0.7780443 0.2382965 0.5812587 -0.7360636 0.2382612 0.6335944 -0.7360633 0.23826 0.6335952 -0.6997359 0.2383547 0.6734662 -0.6997377 0.2383572 0.6734633 -0.6728476 0.2383469 0.7003334 -0.6728408 0.2383377 0.700343 -0.6437291 0.2383289 0.7271947 -0.6437306 0.2383309 0.7271927 -0.6118644 0.2383206 0.754205 -0.6118702 0.2383278 0.754198 -0.577554 0.238308 0.7807948 -0.5775375 0.2382886 0.780813 -0.5431938 0.238264 0.8050905 -0.5432023 0.2382735 0.805082 -0.5062177 0.2382408 0.8288456 -0.506243 0.2382728 0.8288209 -0.4637172 0.2382597 0.8533456 -0.4637237 0.2382675 0.8533399 -0.4171407 0.2382478 0.8770585 -0.4171193 0.2382228 0.8770755 -0.3642124 0.2381905 0.9003413 -0.3642101 0.2381879 0.900343 -0.3124503 0.2382151 0.9195805 -0.3125439 0.2382912 0.919529 -0.2613468 0.2382752 0.9353731 -0.261432 0.2383436 0.9353318 -0.2029459 0.2383132 0.9497472 -0.202959 0.2383235 0.9497418 -0.1374464 0.2382541 0.9614279 -0.1372654 0.2381112 0.9614891 -0.06665999 0.238001 0.9689747 -0.06635223 0.2377587 0.9690553 0.004124315 0.2376728 0.9713366 0.004306574 0.2375302 0.9713706 0.07500656 0.2375332 0.9684792 0.07499205 0.2375444 0.9684775 0.1477184 0.2376404 0.9600554 0.1474317 0.23786 0.9600451 0.2378334 0.2378269 0.9417397 0.2089629 0.2663737 0.940946 0.2641524 0.2384202 0.9345477 0.3189314 0.238336 0.9173215 0.3285707 0.2331698 0.9152449 0.3725469 0.2415775 0.8960186 0.400112 0.2310459 0.8868643 0.4241365 0.2411848 0.8728907 -0.8445538 0.3197432 0.4295266 -0.8445541 0.3197304 0.4295355 -0.8213399 0.3197013 0.4724318 -0.8213401 0.3197168 0.4724211 -0.7931749 0.3196998 0.5183296 -0.7931742 0.3196867 0.5183387 -0.7590992 0.3196609 0.567085 -0.7590975 0.3196423 0.5670978 -0.7181343 0.3196032 0.6181723 -0.718132 0.319586 0.6181838 -0.6826673 0.3197104 0.6570773 -0.6826713 0.3197173 0.6570697 -0.6564413 0.3197069 0.6832805 -0.656439 0.3197033 0.6832844 -0.6280273 0.3196955 0.7094904 -0.6280277 0.319696 0.7094898 -0.5969508 0.3196864 0.7358332 -0.5969417 0.3196736 0.7358461 -0.5634844 0.3196514 0.7617798 -0.563472 0.3196348 0.7617959 -0.529927 0.3196064 0.785512 -0.5299428 0.3196267 0.7854931 -0.4938406 0.3195884 0.8086932 -0.493864 0.319622 0.8086656 -0.4523974 0.3196091 0.8325783 -0.4524012 0.3196143 0.8325742 -0.4069779 0.3195936 0.8557037 -0.4069625 0.3195734 0.8557186 -0.3553164 0.3195365 0.8784342 -0.3553203 0.3195415 0.8784308 -0.3047064 0.31958 0.8972306 -0.3048056 0.3196672 0.8971657 -0.2548371 0.319649 0.9126241 -0.2549445 0.3197418 0.9125615 -0.1979822 0.3197074 0.9266014 -0.1979724 0.3196991 0.9266064 -0.1342755 0.3196204 0.9379834 -0.1340782 0.3194554 0.9380679 -0.06539193 0.3193278 0.9453855 -0.06501763 0.3190182 0.9455158 0.003779356 0.3189226 0.9477732 0.004053092 0.3186992 0.9478472 0.07326557 0.318713 0.9450154 0.07321721 0.3187518 0.9450061 0.1445545 0.3188758 0.9367082 0.1441476 0.3191969 0.9366615 0.2324622 0.3191524 0.9187509 0.2320457 0.3195772 0.9187084 0.337777 0.3193478 0.8853946 0.30766 0.3499922 0.8847885 0.3638341 0.3193816 0.8749972 0.314913 0.4680295 0.8256986 0.3146998 0.4683599 0.8255926 0.2170016 0.4686477 0.8563175 0.2173728 0.4680435 0.8565538 0.1350589 0.4681138 0.8732861 0.1353391 0.4677334 0.8734465 0.06841245 0.4675742 0.8813024 0.06844611 0.4675261 0.8813254 0.003388102 0.4674941 0.8839897 0.003230622 0.4677317 0.8838645 -0.06113854 0.4678345 0.881699 -0.06142487 0.4682906 0.8814369 -0.1252665 0.4684334 0.8745733 -0.1253976 0.4686542 0.8744362 -0.1845423 0.4687419 0.8638433 -0.1845533 0.4687616 0.8638302 -0.2374324 0.4688005 0.8507949 -0.2373702 0.4686822 0.8508774 -0.2839389 0.4687021 0.8364789 -0.2838682 0.4685592 0.836583 -0.3312266 0.4685043 0.8190193 -0.331234 0.4685299 0.8190017 -0.3794263 0.468569 0.7977961 -0.3794255 0.4685656 0.7977986 -0.421721 0.4685866 0.7762589 -0.421721 0.4685866 0.7762589 -0.4603508 0.4685993 0.753984 -0.4603401 0.4685421 0.754026 -0.4940117 0.4685881 0.7323779 -0.4940106 0.4685828 0.7323823 -0.525314 0.4686146 0.7102434 -0.5253125 0.4686065 0.7102497 -0.5565135 0.4686317 0.6860591 -0.5565184 0.4686651 0.6860323 -0.5854822 0.4686736 0.6614798 -0.5854821 0.4686727 0.6614805 -0.6119698 0.4686795 0.6370499 -0.6119695 0.4686755 0.6370531 -0.6364208 0.4686863 0.6126187 -0.6364214 0.468697 0.6126099 -0.6695287 0.4685341 0.5763742 -0.669529 0.4685319 0.5763754 -0.7077224 0.4685786 0.5287372 -0.7077103 0.46863 0.5287079 -0.7394668 0.4686576 0.483269 -0.7394696 0.468647 0.4832749 -0.7657248 0.4686664 0.440474 -0.7657248 0.4686662 0.4404741 -0.7873654 0.4687004 0.4004693 -0.787357 0.468726 0.4004559 -0.8040276 0.4687656 0.3657847 0.2978028 0.5487087 0.7811736 0.2975917 0.549018 0.7810367 0.2055759 0.5493191 0.8099303 0.2059676 0.5487037 0.8102478 0.128038 0.5487829 0.8261014 0.1283576 0.5483533 0.826337 0.06479316 0.548189 0.833841 0.06483039 0.5481355 0.8338731 0.003091817 0.5481 0.8364071 0.002875875 0.5484318 0.8361903 -0.05809221 0.548529 0.8341111 -0.05833178 0.5489243 0.8338341 -0.1186066 0.5490617 0.8273231 -0.1187544 0.5493246 0.8271274 -0.1745386 0.5494126 0.8171182 -0.1745256 0.5493875 0.8171378 -0.2244865 0.5494283 0.8048194 -0.2244329 0.5493156 0.8049113 -0.2684671 0.5493395 0.7912973 -0.2684072 0.5492024 0.7914129 -0.3133115 0.5491471 0.7747731 -0.3133115 0.5491472 0.7747731 -0.3588975 0.5491877 0.7547088 -0.3589078 0.5492422 0.7546642 -0.398891 0.5492627 0.7343 -0.3988939 0.5492822 0.7342839 -0.4354013 0.5492932 0.7132339 -0.4353947 0.5492305 0.7132863 -0.4672682 0.5492771 0.6927878 -0.4672643 0.5492466 0.6928149 -0.496885 0.5492792 0.6718614 -0.4968876 0.549306 0.6718376 -0.5264026 0.5493296 0.6489509 -0.5264032 0.5493417 0.64894 -0.5537956 0.5493491 0.6257204 -0.5537958 0.5493552 0.6257149 -0.5788473 0.549361 0.6026096 -0.5788473 0.549363 0.6026077 -0.6019801 0.5493727 0.5794908 -0.6019812 0.5493519 0.5795094 -0.633332 0.5491801 0.5452446 -0.6333255 0.549202 0.5452301 -0.669456 0.5492479 0.5001553 -0.6694465 0.5492756 0.5001376 -0.6994776 0.5493039 0.4571612 -0.6994729 0.5493163 0.4571535 -0.7243057 0.5493349 0.4166683 -0.7243133 0.5493167 0.4166791 -0.7447863 0.5493518 0.3788218 -0.7447854 0.5493538 0.3788207 -0.7605383 0.5493972 0.3460405 0.2732771 0.641156 0.7171044 0.2730196 0.641495 0.7168992 0.188977 0.6417915 0.7432304 0.1894113 0.6411653 0.7436601 0.1178231 0.6412578 0.7582256 0.1181889 0.6407945 0.7585604 0.05956205 0.6406387 0.7655288 0.0595932 0.640596 0.7655622 0.002686073 0.6405545 0.767908 0.002473451 0.6408724 0.7676434 -0.05352101 0.6409573 0.7657084 -0.05378645 0.6413922 0.7653254 -0.1089749 0.6415188 0.7593274 -0.1090996 0.6417444 0.7591189 -0.1601289 0.6418287 0.7499431 -0.1601456 0.6418623 0.7499108 -0.2059044 0.6419035 0.7386226 -0.2058438 0.6417663 0.7387586 -0.2462663 0.6417908 0.7262626 -0.2462101 0.6416479 0.726408 -0.2875252 0.6415909 0.7111191 -0.2875272 0.6416027 0.7111077 -0.3293833 0.6416402 0.6926791 -0.3293905 0.6417003 0.6926202 -0.3660665 0.6417181 0.6739386 -0.3660634 0.6416731 0.673983 -0.3995669 0.6416849 0.6546654 -0.3995661 0.6416473 0.6547028 -0.4288197 0.6416932 0.6358801 -0.4288188 0.6416693 0.6359047 -0.4560272 0.6417009 0.6166517 -0.456027 0.6417221 0.6166297 -0.4831099 0.6417448 0.5956245 -0.4831107 0.641728 0.5956419 -0.5082631 0.6417361 0.5743201 -0.5082626 0.6417409 0.5743151 -0.5312548 0.6417469 0.5531087 -0.5312543 0.6417513 0.5531042 -0.5524756 0.6417616 0.5318954 -0.5524749 0.6417657 0.5318913 -0.5812824 0.6415961 0.500465 -0.5812694 0.6416262 0.5004416 -0.6144255 0.6416698 0.4590656 -0.6144035 0.6417152 0.4590315 -0.641958 0.641741 0.4195932 -0.6419611 0.6417351 0.4195974 -0.6647503 0.6417528 0.38244 -0.6647607 0.6417345 0.3824525 -0.6835488 0.6417693 0.3476969 -0.6835302 0.6418003 0.3476766 -0.6979682 0.6418406 0.3176179 -0.5761111 0.7630222 0.2930753 -0.5761111 0.7630222 0.2930751 -0.5602735 0.7629942 0.3223871 -0.5602636 0.7630066 0.3223749 -0.5410602 0.7629923 0.3536902 -0.5410659 0.7629844 0.3536982 -0.5178555 0.7629623 0.3869291 -0.5178841 0.7629198 0.3869747 -0.4899364 0.7628821 0.4218688 -0.4899392 0.7628773 0.4218741 -0.4568947 0.7628371 0.4575225 -0.4428911 0.7886475 0.426477 -0.4477156 0.7630222 0.4662057 -0.4283391 0.763018 0.4840755 -0.42834 0.7630093 0.4840885 -0.4071545 0.7630038 0.5020462 -0.4071556 0.7629781 0.5020844 -0.3843312 0.7629583 0.5197923 -0.3843314 0.7629646 0.519783 -0.3613904 0.7629385 0.5360242 -0.3613905 0.7629398 0.5360221 -0.3367015 0.7628999 0.5519201 -0.3367054 0.7629684 0.5518231 -0.3084844 0.762959 0.5680941 -0.3084836 0.7629524 0.5681035 -0.2776138 0.7629368 0.5838305 -0.277606 0.7628981 0.5838847 -0.2422963 0.7628668 0.5994386 -0.2422983 0.7628739 0.5994288 -0.2073692 0.7629187 0.6123341 -0.2074262 0.7630134 0.612197 -0.1733065 0.7629904 0.6227444 -0.1733941 0.7631202 0.6225609 -0.1349157 0.7630861 0.6320581 -0.1349079 0.7630756 0.6320724 -0.09210447 0.763011 0.6397898 -0.09191883 0.7627886 0.6400816 -0.04565648 0.762691 0.6451494 -0.04530173 0.7623043 0.6456314 0.001900688 0.7622409 0.6472906 0.002159394 0.7619826 0.647594 0.050381 0.7620196 0.645591 0.05032274 0.7620733 0.6455323 0.1000839 0.7621998 0.6395581 0.09966442 0.7625577 0.639197 0.1601873 0.7624637 0.6268885 0.1596033 0.7630356 0.6263412 0.2299931 0.7627866 0.6043673 0.2303343 0.76248 0.6046243 0.2948554 0.7622387 0.57624 0.1556817 0.8992639 0.4087635 0.1553934 0.8994318 0.4085039 0.1082528 0.89957 0.4231491 0.1087338 0.8992585 0.4236875 0.06773091 0.899323 0.4320078 0.0681049 0.8991061 0.4324001 0.03419162 0.899044 0.4365211 0.0342192 0.8990266 0.4365551 0.001411931 0.8990065 0.437933 0.001204334 0.8991525 0.4376338 -0.03076411 0.8991817 0.4364928 -0.03103222 0.8993923 0.4360394 -0.0621515 0.8994403 0.4326017 -0.06229294 0.8995661 0.4323198 -0.09104408 0.8996006 0.4271178 -0.09104118 0.8995977 0.4271247 -0.1169585 0.8996186 0.4207221 -0.1169122 0.8995638 0.4208522 -0.1399805 0.8995798 0.4137169 -0.1399342 0.8995152 0.4138729 -0.1636329 0.8994927 0.4051385 -0.1636315 0.8994867 0.4051524 -0.1875185 0.8995053 0.3946227 -0.1875211 0.8995305 0.3945641 -0.208362 0.8995398 0.3839445 -0.2083622 0.8995317 0.3839635 -0.2274118 0.8995388 0.3729797 -0.2274151 0.8995147 0.3730357 -0.2441175 0.8995376 0.3622691 -0.2441184 0.8995292 0.3622891 -0.2596254 0.8995447 0.3513033 -0.2596241 0.8995506 0.3512892 -0.2750538 0.8995619 0.3393135 -0.275053 0.8995644 0.3393076 -0.2893727 0.8995686 0.3271692 -0.2893718 0.899571 0.3271637 -0.308711 0.8994747 0.3092616 -0.3086988 0.8994868 0.3092386 -0.331023 0.8995097 0.2851421 -0.3310139 0.8995177 0.2851278 -0.3499023 0.8995382 0.2615328 -0.3498863 0.8995508 0.2615108 -0.3655663 0.8995639 0.2390525 -0.3655614 0.8995674 0.2390467 -0.3785343 0.8995765 0.2178852 -0.378546 0.8995685 0.2178977 -0.3892453 0.8995849 0.1980783 -0.3892311 0.899594 0.1980647 -0.3973316 0.8996152 0.1811635 0.08189027 0.9732091 0.214844 0.08175161 0.9732655 0.2146413 0.05720085 0.9733117 0.2222443 0.05739534 0.9732166 0.2226098 0.03591219 0.9732417 0.2269601 0.03605439 0.973171 0.2272407 0.01814833 0.9731562 0.229429 0.01815655 0.9731513 0.229449 0.0007977809 0.9731469 0.2301838 0.0007287393 0.9731971 0.2299715 -0.01615909 0.9732065 0.229364 -0.01622766 0.9732711 0.2290854 -0.03258291 0.9732864 0.2272705 -0.03260756 0.973319 0.2271274 -0.04766569 0.9733312 0.2243982 -0.04766889 0.973338 0.2243676 -0.06123274 0.9733464 0.2210141 -0.06122773 0.9733211 0.2211272 -0.07333399 0.973328 0.2173813 -0.07333501 0.9733053 0.2174824 -0.08581572 0.9733009 0.2128877 -0.08581281 0.9733055 0.2128677 -0.09837189 0.9733122 0.2073311 -0.09836724 0.9733176 0.2073087 -0.1093085 0.9733217 0.2017335 -0.1093101 0.9733203 0.2017396 -0.119308 0.973324 0.1959746 -0.1193159 0.9733179 0.1959998 -0.1280907 0.9733261 0.1903397 -0.1280913 0.9733256 0.1903416 -0.136241 0.9733313 0.1845661 -0.1362389 0.9733326 0.1845606 -0.1443449 0.9733371 0.1782681 -0.1443436 0.9733378 0.1782652 -0.1518679 0.97334 0.1718877 -0.1518642 0.9733418 0.1718801 -0.1620394 0.9733145 0.1624876 -0.1620459 0.973312 0.1624962 -0.1737763 0.9733206 0.1498286 -0.1737714 0.9733225 0.1498231 -0.1836952 0.9733303 0.1374198 -0.183677 0.9733363 0.1374018 -0.1919128 0.9733415 0.1256026 -0.1919158 0.9733405 0.1256053 -0.1987296 0.9733444 0.114487 -0.1987215 0.9733467 0.1144807 -0.2043422 0.9733523 0.1040656 -0.2043347 0.9733545 0.1040603 -0.2087417 0.9733596 0.09485751 0.000394369 0.9999999 -9.275039e-09 0.000327328 0.9999999 -4.299475e-09 0.0003264444 0.9999999 -1.990814e-08 0.0003295078 0.9999999 -1.409041e-08 0.0003285759 1 -1.54684e-08 0.0003288935 1 -2.091007e-08 0.0003286253 1 -1.133808e-08 0.0003287165 0.9999999 -1.629426e-08 0.000328677 1 -1.310043e-08 0.0003285015 0.9999999 -1.527687e-08 0.0003290316 0.9999999 -2.126087e-08 0.0003288195 1 -1.457543e-08 0.0003286204 0.9999999 -4.379077e-09 0.0003286942 1 -9.581267e-09 0.0003285675 0.9999999 2.990311e-09 0.0003288799 0.9999999 -3.693718e-08 0.0003288843 1 -3.751466e-08 0.0003286078 0.9999999 5.636761e-09 0.0003288939 0.9999999 -4.326452e-08 0.0003286387 0.9999999 4.149552e-09 0.0003287346 0.9999999 -1.524944e-08 0.0003287962 0.9999999 -9.008263e-09 0.0003285913 0.9999999 -1.023388e-08 0.0003287364 0.9999999 -1.194894e-08 0.0003286878 0.9999999 -1.031458e-08 0.0003288794 0.9999999 -2.077094e-08 0.0003282877 0.9999999 2.486992e-08 0.0003286476 0.9999999 -1.071851e-08 0.0003287109 0.9999999 -1.798252e-08 0.0003286774 0.9999999 -1.358892e-08 0.0003279072 0.9999999 -1.179257e-08 0.000330726 0.9999999 -3.572673e-09 0.0003282331 1 -3.849059e-10 0.0003288343 0.9999999 3.060786e-09 0.0003292315 0.9999999 2.528644e-09 0.0003269539 0.9999999 -2.054906e-08 0.0003301469 1 -1.745923e-08 0.000330088 0.9999999 -1.792362e-08 0.0003283591 1 -1.450654e-08 0.0003282115 0.9999999 -1.534504e-08 0.0003287325 1 -1.821199e-08 0.0003284472 1 -1.953374e-08 0.0003290971 0.9999999 -9.532063e-09 0.0003286645 1 -1.031014e-08 0.0003284012 0.9999999 -1.383137e-08 0.0003288299 1 -1.451279e-08 0.0003287958 1 -1.488045e-08 0.0003288443 1 -1.504553e-08 0.0003289123 0.9999999 -1.419533e-08 0.0003285502 0.9999999 -1.008098e-08 0.000328965 0.9999999 -7.739943e-09 0.0003283606 0.9999999 -2.330054e-08 0.0003283205 0.9999999 -2.347664e-08 0.000328857 0.9999999 -1.552868e-08 0.0003283173 0.9999999 -1.537686e-08 0.0003287109 0.9999999 -1.128565e-08 0.000328959 0.9999999 -1.937241e-08 0.0003286693 1 -1.629176e-08 0.0003287224 0.9999999 -1.56458e-08 0.0003287339 0.9999999 -1.582011e-08 0.0003285889 0.9999999 -1.690621e-08 0.0003286415 0.9999999 -1.529028e-08 0.0003289716 1 -1.355005e-08 0.0003288343 1 -1.632586e-08 0.0003285242 0.9999999 -1.510153e-08 0.0003286423 0.9999999 -1.382609e-08 0.0003286974 1 -1.158001e-08 0.0003287924 0.9999999 -9.977507e-09 0.0003286991 1 -1.435293e-08 0.0003288112 0.9999999 -1.408987e-08 0.0003286723 0.9999999 -1.806202e-08 0.0003287048 0.9999999 -1.820551e-08 0.0003292059 1 -7.313303e-09 0.0003292412 0.9999999 -1.043725e-08 0.0003279037 1 -2.99464e-08 0.0003305943 0.9999999 -2.542552e-08 0.0003282519 1 -1.303508e-08 0.0003283225 1 -1.21912e-08 0.0003296798 0.9999999 -1.219642e-08 0.0003273493 0.9999999 -5.185823e-08 0.0003297635 0.9999999 -2.98946e-08 0.0003276052 1 -2.123739e-08 0.0003280267 0.9999999 -1.597991e-08 0.0003292931 0.9999999 -2.047185e-08 0.0003303059 0.9999999 -7.870864e-09 0.0003284708 1 -6.763749e-09 0.0003282682 1 -9.638351e-09 0.0003215176 1 -3.476883e-08 -0.02208024 0.9966072 -0.07928741 -0.02273115 -0.9965939 -0.07927202 -0.1898513 0.6592157 -0.7275928 -0.2045912 0.5674237 -0.7976044 -0.2134002 0.4887062 -0.8459471 -0.2241347 0.2447094 -0.9433349 -0.2257553 0.2350252 -0.9454088 -0.224893 -0.08667145 -0.9705211 -0.2234707 -0.09509489 -0.9700608 -0.2259884 -0.1256795 -0.9659886 -0.2232977 -0.1411857 -0.9644712 -0.2263003 -0.1625871 -0.9603925 -0.2252226 -0.1962281 -0.9543423 -0.2049649 -0.5672875 -0.7976053 -0.190285 -0.6590885 -0.7275946 -0.215554 0.5148476 -0.82974 -0.2159646 0.5127776 -0.8309143 -0.2217802 0.4306162 -0.8748619 -0.2292062 0.1971927 -0.9531944 -0.2229168 -0.06286295 -0.9728085 -0.2268589 -0.08124393 -0.9705331 -0.226216 -0.142081 -0.9636593 -0.2220652 -0.4304482 -0.8748722 -0.2163036 -0.512636 -0.8309134 -0.2158698 -0.5148302 -0.8296686 -0.2280384 -0.27439 -0.9341887 -0.2256265 -0.3213485 -0.919689 -0.02396376 -0.9962512 -0.08312204 -0.22678 -0.2231735 -0.9480319 -0.2269299 -0.2460486 -0.9423178 -0.2259267 -0.2437121 -0.9431657 -0.2267403 -0.2349968 -0.9451801 -0.2242457 -0.2010525 -0.9535679 -0.2292609 -0.1666835 -0.958987 -0.2285655 -0.1697742 -0.9586107 -0.2289994 -0.2007936 -0.9524921 -0.2290266 -0.2006715 -0.9525113 -0.2215525 0.3842124 -0.8962675 -0.2272232 0.333846 -0.9148315 -0.2303901 0.3072988 -0.9233028 -0.2292039 0.3143455 -0.9212233 -0.2280482 0.2903969 -0.9293351 -0.2306438 0.276195 -0.9330165 -0.164392 0.7637421 -0.6242381 -0.1469384 0.823638 -0.5477495 -0.1395427 0.8407305 -0.5231634 -0.1136851 0.9015479 -0.4174771 -0.1073103 0.9115751 -0.3968819 -0.0721657 0.9626778 -0.2608514 -0.06788833 0.9665188 -0.247452 -0.02462154 0.9958575 -0.08753088 -0.0231834 0.9962638 -0.08319236 -0.1847169 0.6880462 -0.7017635 -0.1828068 0.6878202 -0.7024848 -0.1718996 0.7402508 -0.6499842 -0.194635 0.6304628 -0.7514213 -0.1970892 0.6302116 -0.7509922 -0.1985603 0.6174779 -0.7611142 -0.2000987 0.6169535 -0.7611365 -0.2020282 0.600705 -0.7735233 -0.2227056 0.3484044 -0.9105035 -0.2216153 0.3965706 -0.8908527 -0.2224755 0.3919299 -0.8926901 -0.2122816 0.4728139 -0.8552096 -0.2235728 0.4276352 -0.8758671 -0.226439 0.2800601 -0.9328943 -0.2209236 0.3322257 -0.9169618 -0.2295306 0.3000916 -0.9258837 -0.2226654 0.007627156 -0.9748651 -0.2241086 0.01682138 -0.9744191 -0.2225768 0.03076493 -0.9744297 -0.2243122 0.05103418 -0.9731801 -0.2234749 0.05567296 -0.9731184 -0.2240195 0.08677419 -0.9707139 -0.2249388 0.08294359 -0.9708362 -0.2232841 0.1256171 -0.9666253 -0.2270184 0.112929 -0.9673209 -0.2226544 0.1623723 -0.9612805 -0.226605 0.1472285 -0.9627949 -0.2242762 0.1962741 -0.9545557 -0.2256436 0.190022 -0.9554981 -0.2230102 -0.06533237 -0.9726244 -0.2245674 -0.0508938 -0.9731286 -0.2228583 -0.04006845 -0.9740271 -0.2237098 -0.01667016 -0.9745132 -0.2235099 -0.01580256 -0.9745736 -0.2137221 -0.4885636 -0.8459483 -0.2163229 -0.4736689 -0.8537226 -0.2185873 -0.4269977 -0.8774352 -0.222201 -0.3964998 -0.8907382 -0.2219845 -0.3713016 -0.9015864 -0.2249512 -0.3328403 -0.9157589 -0.2243392 -0.3212517 -0.9200376 -0.2259197 -0.2797915 -0.9331008 -0.2256997 -0.2774793 -0.9338441 -0.2000253 -0.616986 -0.7611296 -0.1994252 -0.6171907 -0.761121 -0.2034649 -0.5999305 -0.7737476 -0.1967615 -0.6301616 -0.75112 -0.1987404 -0.6299557 -0.7507716 -0.1807544 -0.687403 -0.7034237 -0.1872879 -0.6881726 -0.7009577 -0.1691906 -0.7390895 -0.6520131 -0.1884102 -0.6970782 -0.6917974 -0.1839661 -0.6986291 -0.691429 -0.1832459 -0.7011657 -0.6890483 -0.1699191 -0.7487258 -0.6407317 -0.1694352 -0.7487767 -0.6408004 -0.163907 -0.7635154 -0.6246429 -0.1699424 -0.7642056 -0.6221813 -0.1435781 -0.8223146 -0.5506216 -0.1400945 -0.8406399 -0.5231616 -0.1090871 -0.9116086 -0.3963203 -0.1134022 -0.9012446 -0.4182082 -0.06924357 -0.9665115 -0.2471051 -0.0722779 -0.9625363 -0.2613421 -0.02406883 -0.9962531 -0.08306821 -0.02510926 -0.9958314 -0.08768927 -0.1835086 0.6987493 -0.691429 -0.1542609 0.7893873 -0.594198 -0.1886062 0.6978143 -0.6910014 -0.122171 0.8774913 -0.4637707 -0.1556438 0.8113501 -0.5634589 -0.07931972 0.9515939 -0.296947 -0.1052507 0.920321 -0.376738 -0.02721025 0.9944494 -0.1016371 -0.03715204 0.9904714 -0.1326134 -0.2263605 0.3514005 -0.9084485 -0.2267459 0.3674383 -0.9019842 -0.2245614 0.3679726 -0.9023128 -0.2234018 0.405238 -0.8864952 -0.2209756 0.4054188 -0.8870205 -0.2205816 0.4273563 -0.8767613 -0.228339 0.242186 -0.9429779 -0.2350332 0.2010921 -0.9509581 -0.22301 0.2320873 -0.9467851 -0.2265272 0.1421752 -0.9635723 -0.2290637 0.1644971 -0.9594115 -0.2279892 0.1699757 -0.9587123 -0.2252445 0.08274606 -0.9707822 -0.2210696 0.1058856 -0.9694929 -0.2279206 0.09070582 -0.9694456 -0.2242284 0.132102 -0.9655417 -0.2298542 0.1170445 -0.9661613 -0.223343 0.006351164 -0.9747193 -0.2187562 0.02503319 -0.9754584 -0.225533 0.01218467 -0.9741594 -0.221366 0.04311733 -0.9742371 -0.2238242 0.0369553 -0.9739287 -0.2235891 0.06190928 -0.9727153 -0.2232925 0.06297367 -0.9727151 -0.2245529 -0.05304158 -0.9730173 -0.2217245 -0.03254008 -0.9745663 -0.2236354 -0.03685477 -0.9739758 -0.2225976 -0.01278534 -0.9748266 -0.2223575 -0.01208539 -0.9748902 -0.2241095 -0.0910117 -0.970305 -0.2264739 -0.1175008 -0.9669039 -0.2285322 -0.1233693 -0.9656879 -0.2325145 -0.2016025 -0.9514691 -0.2251319 -0.2370868 -0.9450426 -0.232187 -0.2359267 -0.9436248 -0.2262837 -0.2638891 -0.9376344 -0.2270949 -0.263849 -0.9374495 -0.2245616 -0.2774034 -0.934141 -0.2231779 -0.4231551 -0.8781409 -0.2269846 -0.3672879 -0.9019853 -0.2265881 -0.3512433 -0.9084525 -0.2291503 -0.317773 -0.9200601 -0.228406 -0.2902522 -0.9292924 -0.2297269 -0.2740706 -0.9338688 -0.2289776 -0.2419053 -0.9428951 -0.1561432 -0.8113313 -0.5633479 -0.1227491 -0.8774142 -0.463764 -0.1296227 -0.8754813 -0.4655432 -0.1007609 -0.9202481 -0.378141 -0.103356 -0.9200485 -0.3779265 -0.1089297 -0.9115952 -0.3963945 -0.1058701 -0.9202307 -0.3767849 -0.0799465 -0.9515401 -0.2969514 -0.08408526 -0.9507448 -0.2983521 -0.06370737 -0.9698169 -0.2353648 -0.06540336 -0.9697301 -0.2352574 -0.0691 -0.9665034 -0.2471767 -0.02825036 -0.994405 -0.1017876 -0.02786553 -0.994431 -0.101639 -0.03779515 -0.9904507 -0.1325855 -0.218644 -0.3710158 -0.9025198 -0.2273972 -0.3342921 -0.9146252 -0.2266109 -0.3343419 -0.9148021 -0.2296659 -0.3176609 -0.9199702 -0.2279907 -0.3670404 -0.9018324 -0.2206711 -0.4053151 -0.8871437 -0.2230603 -0.4051362 -0.8866278 -0.2190465 -0.4270409 -0.8772997 -0.2250662 -0.4226345 -0.8779096 -0.2154249 -0.4683419 -0.8568828 -0.2180061 -0.4681237 -0.8563489 -0.2139042 -0.4885825 -0.8458914 -0.2008749 -0.5838931 -0.7865863 -0.2020045 -0.5840216 -0.7862015 -0.2135605 -0.5422773 -0.8126052 -0.2069354 -0.5429085 -0.8138968 -0.2141163 -0.5133235 -0.8310555 -0.1609846 -0.7872454 -0.5952552 -0.1640113 -0.7862374 -0.5957608 -0.1313563 -0.8558562 -0.5002556 -0.1348475 -0.8555295 -0.4998854 -0.1415092 -0.8407893 -0.5225402 -0.02759678 0.9944235 -0.1017862 -0.08345949 0.9508013 -0.2983477 -0.0630676 0.9698609 -0.2353558 -0.1290497 0.8755618 -0.4655509 -0.1001538 0.9203169 -0.3781349 -0.1634936 0.7863468 -0.5957589 -0.1307943 0.8559409 -0.5002578 -0.1879519 0.6972021 -0.6917971 -0.1694257 0.7488407 -0.6407282 -0.2004912 0.584023 -0.7865878 -0.2048101 0.5845124 -0.7851103 -0.2079544 0.5429146 -0.813633 -0.2099555 0.5427264 -0.8132446 -0.2114573 0.5141876 -0.8312021 -0.2229014 0.4233008 -0.8781409 -0.2211123 0.4237912 -0.8783566 -0.2185495 0.4681937 -0.8561721 -0.2160433 0.468405 -0.8566926 -0.2152128 0.4888934 -0.8453796 -0.02330991 0.9962663 -0.08312755 -0.06476305 0.9697751 -0.2352486 -0.06846146 0.9665514 -0.2471667 -0.1027489 0.920119 -0.3779202 -0.1083319 0.9116638 -0.3964004 -0.1342856 0.8556166 -0.4998876 -0.1409569 0.840881 -0.5225422 -0.168942 0.7488912 -0.6407968 -0.1634041 0.7636263 -0.624639 -0.0002536957 -1 2.976609e-07 -0 -1 0 -0.0003645551 -0.9999999 1.679337e-08 -0.0003626925 -0.9999999 1.499411e-09 -0.0003538252 -0.9999999 -2.684306e-08 -0.0003415451 -1 -4.449554e-08 -0.0003364815 -0.9999999 -2.973638e-08 -0.0003287018 -0.9999999 2.109338e-08 -0.000323896 -0.9999999 -1.015101e-07 -0.0003343731 -0.9999999 5.625502e-08 -0.0003257341 -1 1.830239e-08 -0.0003294851 -1 -4.810485e-08 -0.0003286034 -0.9999999 4.20168e-10 -0.0003266832 -0.9999999 -1.795268e-07 -0.0003289437 -0.9999999 -1.159893e-08 -0.0003309254 -1 9.60526e-08 -0.0003263267 -0.9999999 -6.805327e-08 -0.0003295445 -1 -1.293321e-08 -0.0003287615 -0.9999999 -1.184658e-08 -0.0003297934 -0.9999999 1.969159e-07 -0.0003285739 -1 -2.929631e-08 -0.0003285592 -1 -3.187639e-08 -0.000328548 -1 -3.364017e-08 -0.0003261706 -1 -3.715485e-07 -0.0003321455 -0.9999999 3.922408e-07 -0.0003285775 -1 3.794664e-08 -0.0003238167 -0.9999999 -2.981973e-07 -0.0003316715 -0.9999999 1.041308e-07 -0.0003280332 -0.9999999 -1.04345e-08 -0.0003302206 -0.9999999 1.421748e-08 -0.0003289047 -1 2.685318e-08 -0.0003255079 -0.9999999 -4.2004e-07 -0.0003284566 -0.9999999 -7.991337e-08 -0.0003313007 -0.9999999 2.012012e-07 -0.0003291608 -0.9999999 3.618231e-08 -0.0003258663 -0.9999999 -1.434394e-07 -0.0003296179 -0.9999999 -1.764954e-08 -0.000330836 -0.9999999 -3.289205e-09 -0.000330442 -0.9999999 -9.217445e-10 -0.0003231746 -0.9999999 -4.299246e-08 -0.0003329923 -0.9999999 2.037946e-08 -0.0003375534 -0.9999999 -1.555579e-08 -0.0003145364 -0.9999999 6.712359e-09 -0.0003239994 -0.9999999 -8.916913e-08 -0.0003369707 -0.9999999 -7.177351e-08 -0.0003308844 -0.9999999 -3.690083e-08 -0.0003263962 -1 -4.650648e-08 -0.0003322202 -1 -1.398882e-08 -0.0003265704 -0.9999999 6.050503e-08 -0.0003245779 -0.9999999 5.696227e-08 -0.0003321304 -0.9999999 -5.454816e-08 -0.0003313417 -1 -3.448835e-08 -0.000331157 -0.9999999 -3.511587e-08 -0.0003339408 -0.9999999 -6.510735e-08 -0.0003276643 -1 1.147539e-08 -0.0003295913 -1 1.613416e-08 -0.0003273979 -1 4.797434e-08 -0.0003273565 -0.9999999 4.800462e-08 -0.0003286321 -1 2.139985e-08 -0.0003287136 -0.9999999 5.152318e-08 -0.0003272773 -1 2.960383e-08 -0.00033172 -1 -2.434215e-08 -0.0003333538 -0.9999999 -2.898582e-09 -0.0003284853 -0.9999999 -2.212989e-08 -0.0003259102 -0.9999999 2.988934e-08 -0.0003289495 -0.9999999 1.386829e-08 -0.0003274018 -0.9999999 6.134808e-08 -0.0003269284 -0.9999999 9.648775e-08 -0.0003273412 -1 8.952608e-08 -0.0003282599 -0.9999999 5.211238e-08 -0.0003291703 -0.9999999 -8.543196e-09 -0.0003294109 -0.9999999 -9.107934e-09 -0.0003298197 -0.9999999 -1.808034e-08 -0.0003302096 -1 -1.38658e-08 -0.0003285479 -1 3.033012e-10 -0.0003496111 -0.9999999 -7.36611e-09 -0.0003359276 -0.9999999 6.352799e-08 -0.0003285724 -1 1.999049e-07 -0.0003053592 -1 2.235133e-07 -0.000330213 -1 -2.854681e-09 -0.0003248834 -1 1.613118e-08 -0.0003153641 -0.9999999 1.029851e-07 -0.0003218034 -1 -6.780216e-09 -0.0003947535 -0.9999999 -1.990132e-07 -0.0003125834 -0.9999999 1.07064e-07 -0.0003073708 -1 1.811293e-07 -0.0003307349 -0.9999999 1.948974e-07 -0.0003213816 -0.9999999 3.114791e-07 -0.0003206902 -0.9999999 3.090404e-07 -0.0003394713 -1 7.430601e-08 -0.4065642 -0.899234 0.1615044 -0.2212494 -0.9711574 0.08889398 -0.4759923 -0.8584262 0.1911436 -0.6140512 -0.7493329 0.2478736 -0.72458 -0.624485 0.2915517 -0.7865538 -0.5303136 0.3163867 -0.8578529 -0.3811185 0.3447278 -0.8927907 -0.2725378 0.3586754 -0.9618416 -0.2725351 -0.02419268 -0.9061094 -0.2089749 0.367825 -0.9774611 -0.2089553 -0.03012468 -0.9711662 -0.2378233 -0.01662343 -0.9995113 -0.01941703 -0.02449684 -0.9278784 0.02006908 0.3723423 -0.9173536 0.1478564 0.3695954 -0.9059659 0.209603 0.367821 -0.9773139 0.2096421 -0.0301262 -0.9847973 0.1728639 -0.0170986 -0.9616463 0.2732234 -0.02419294 -0.9709969 0.2385133 -0.01662248 -0.9239388 0.3818254 -0.02338018 -0.8470987 0.5309839 -0.02190474 -0.7802616 0.6251231 -0.02032493 -0.613422 0.7498654 0.2478213 -0.6612877 0.7499065 -0.01841171 -0.5119947 0.8588923 -0.01285446 -0.237463 0.9713773 -0.006140319 -0.4364985 0.8996654 -0.008443291 -0.07408124 0.9972007 0.0101323 -0.3621003 -0.9226167 0.1328973 -0.6353315 -0.7715616 0.03235281 -0.6459379 -0.7624823 0.03721618 -0.8802279 -0.3227309 0.3479132 -0.9461264 0.323426 -0.01550667 -0.6346591 0.7721151 0.03234349 -0.6452772 0.7630419 0.03720842 -0.384881 0.9229288 0.008315711 -0.07931164 0.996849 -0.001290807 -0.07043295 0.9975144 -0.002052901 -0.07778827 0.9969699 0.0002820357 -0.08024812 -0.9967741 -0.001294682 -0.07136686 -0.9974481 -0.002057006 -0.2384122 -0.9711515 -0.004949557 -0.2300757 -0.9731539 -0.00604529 -0.3852593 -0.9227749 -0.00786275 -0.4374129 -0.8992608 -0.0001208231 -0.5127603 -0.8584355 -0.01285839 -0.07428049 -0.9967782 0.03026079 -0.07700548 -0.9965504 0.03094023 -0.07048152 -0.997169 0.02619748 -0.9475523 -0.3191938 -0.01612681 -0.9463146 -0.3227568 -0.01780005 -0.9167263 -0.3987284 -0.02507169 -0.924365 -0.3811174 -0.01728844 -0.8832399 -0.4682907 -0.02431687 -0.8930698 -0.4496132 -0.01656514 -0.8355126 -0.5489832 -0.0231586 -0.8476641 -0.5302944 -0.0159198 -0.7669706 -0.6413342 -0.02113008 -0.780912 -0.6244634 -0.01489949 -0.6619257 -0.7493434 -0.01841314 -0.9170372 -0.3987166 0.008237231 -0.9170753 -0.3986296 0.008207915 -0.9156386 -0.3985431 0.0526245 -0.915594 -0.3986416 0.05265474 -0.9113915 -0.3986776 0.1020872 -0.9114004 -0.3986585 0.1020818 -0.9053622 -0.3986676 0.1462302 -0.9053639 -0.3986642 0.1462293 -0.8978642 -0.3986704 0.1868203 -0.8978575 -0.3986841 0.1868236 -0.889199 -0.3986946 0.2244271 -0.8891957 -0.3987014 0.2244287 -0.8797885 -0.3987163 0.2588389 -0.8797887 -0.3987158 0.2588388 -0.8710628 -0.3987482 0.286792 -0.871057 -0.3987586 0.2867949 -0.8632486 -0.3987616 0.3095015 -0.863246 -0.398766 0.3095027 -0.8520079 -0.3987093 0.3392837 -0.8287522 -0.4496274 0.3331743 -0.9282734 -0.01945509 0.3713894 -0.9278762 -0.01678018 0.3725106 -0.9273009 -0.05971724 0.3695227 -0.9261959 -0.05147144 0.3735127 -0.9247991 -0.1017512 0.366597 -0.9231301 -0.08678517 0.3745654 -0.9205096 -0.1471973 0.3619325 -0.9183787 -0.1236521 0.3758866 -0.9158729 -0.1721624 0.3626803 -0.9954524 -0.08676428 -0.03932541 -0.9981624 -0.05969283 -0.01042275 -0.9917263 -0.1236518 -0.03448565 -0.994711 -0.1017285 -0.01418518 -0.9887539 -0.1472107 -0.02635555 -0.991621 0.12434 -0.0350363 -0.9889157 0.1478726 -0.01340142 -0.9957021 0.08746923 -0.03043757 -0.9945813 0.1024221 -0.01782527 -0.9982695 0.0521513 -0.02717075 -0.9979601 0.06039128 -0.02070006 -0.9995415 0.01744783 -0.02474642 -0.9995358 0.0201045 -0.0228907 -0.9995974 -0.01676163 -0.02289186 -0.9255823 0.1023657 0.3644429 -0.918433 0.1242907 0.3755431 -0.9296613 0.06034095 0.3634405 -0.9209327 0.08741544 0.3797914 -0.9275087 0.05211826 0.3701504 -0.7254212 0.6250144 0.2883073 -0.7110732 0.6418396 0.2870832 -0.7875965 0.5308822 0.3128191 -0.7747001 0.5495213 0.3128355 -0.8299185 0.4502081 0.3294662 -0.8190737 0.4688416 0.3306144 -0.8590343 0.381716 0.3411055 -0.8502172 0.3993065 0.3430526 -0.8794529 0.3233745 0.3492725 -0.8809823 0.3198 0.3487092 -0.8926029 0.2731586 0.3586702 -0.8925796 0.4503132 -0.0228012 -0.9165674 0.3994427 -0.01869973 -0.9167404 0.3993993 0.008207826 -0.916777 0.3993144 0.008237082 -0.9153383 0.3992285 0.05265354 -0.9153001 0.3993202 0.05262079 -0.9110966 0.3993538 0.1020761 -0.911104 0.3993351 0.1020833 -0.905067 0.39934 0.1462237 -0.9050686 0.3993355 0.1462255 -0.8975682 0.3993366 0.1868199 -0.8975604 0.3993584 0.1868108 -0.8889009 0.3993649 0.2244167 -0.8889043 0.399355 0.224421 -0.8794973 0.399362 0.2588331 -0.8794962 0.3993653 0.2588316 -0.8707688 0.3993908 0.2867902 -0.8707631 0.3994115 0.2867786 -0.8629531 0.3994095 0.3094895 -0.8629536 0.3994081 0.3094904 -0.07334675 0.9968507 0.03014826 -0.07606182 0.9966265 0.03082519 -0.2206511 0.9713673 0.08808304 -0.2126486 0.9733569 0.08577225 -0.357195 0.9231099 0.142407 -0.4076476 0.8996479 0.1563878 -0.4752416 0.8588586 0.1910691 -0.07931888 0.9968094 0.008917605 -0.07514041 0.9971449 0.00749229 -0.07825703 0.9969252 0.004009679 -0.08416534 0.9964391 0.005034894 -0.07489417 0.9971902 0.001596508 -0.0801394 0.9966884 0.01377533 -0.07465561 0.9971358 0.01211115 -0.07546654 0.9970275 0.01552484 -0.0767962 0.9969175 0.01605534 -0.07318874 0.9971657 0.01743897 -0.07683907 0.9968532 0.01947836 -0.07265897 0.9971645 0.0195843 -0.07585221 0.9968538 0.02300001 -0.07177461 0.9971952 0.02121547 -0.07379432 0.9969595 0.02502205 -0.07697342 0.9966787 0.02658546 -0.06955798 0.9972365 0.02609744 -0.07874076 -0.9968951 0.0002841912 -0.07584205 -0.9971185 0.001600978 -0.0828825 -0.9965505 0.004212094 -0.07863916 -0.9968923 0.004667943 -0.07530542 -0.9971251 0.008393724 -0.08332628 -0.9964883 0.00824074 -0.07501528 -0.9971306 0.01016878 -0.07932373 -0.9967672 0.01275978 -0.07577484 -0.9970413 0.01291676 -0.0764718 -0.9969458 0.01585084 -0.07817779 -0.9968119 0.0159462 -0.07235251 -0.9972134 0.01818032 -0.08227068 -0.9964204 0.01943716 -0.07358936 -0.9970949 0.01965767 -0.07603911 -0.9968559 0.02227824 -0.07306161 -0.9970856 0.02195901 -0.07504438 -0.996849 0.02569656 -0.07973263 -0.9964558 0.02680612 -0.2301466 -0.9731556 0.0008365119 -0.2301773 -0.9731483 0.0008307559 -0.2300144 -0.9731168 0.01171253 -0.2299506 -0.9731318 0.01171653 -0.2287531 -0.9731483 0.02557924 -0.2287811 -0.9731418 0.02557839 -0.2272621 -0.9731435 0.03665566 -0.2272601 -0.973144 0.03665562 -0.2253748 -0.9731452 0.0468486 -0.2253668 -0.973147 0.04684809 -0.223195 -0.973149 0.05625887 -0.223197 -0.9731485 0.05625908 -0.2208329 -0.973151 0.06488373 -0.2208273 -0.9731523 0.0648829 -0.2177156 -0.9731444 0.07476617 -0.2177095 -0.9731458 0.07476469 -0.2138483 -0.9731498 0.08513737 -0.4374267 -0.8992526 0.00161601 -0.4374848 -0.8992245 0.001591858 -0.4371385 -0.8991189 0.02225457 -0.4370516 -0.8991606 0.02227156 -0.4347921 -0.8992153 0.04865788 -0.4348101 -0.8992068 0.04865442 -0.431924 -0.8992112 0.06971946 -0.4319316 -0.8992077 0.06971838 -0.4283475 -0.8992108 0.08909781 -0.4283232 -0.8992221 0.0891002 -0.4241932 -0.8992278 0.1070024 -0.4241958 -0.8992265 0.1070022 -0.419702 -0.8992335 0.1234071 -0.4197053 -0.8992319 0.1234071 -0.4155153 -0.8992478 0.1367495 -0.4007925 -0.9057561 0.1377367 -0.4117723 -0.8992612 0.1475563 -0.6553493 -0.7553222 0.002422163 -0.6469021 -0.7625517 0.005717674 -0.6467571 -0.7625968 -0.01230184 -0.6429547 -0.7625142 0.07198197 -0.6429739 -0.7624984 0.07197673 -0.6387075 -0.762507 0.1031305 -0.6387156 -0.7625005 0.1031287 -0.6334186 -0.7625049 0.1317848 -0.6333978 -0.7625214 0.1317884 -0.6272903 -0.7625313 0.1582807 -0.6272912 -0.7625307 0.1582807 -0.6206474 -0.7625435 0.1825493 -0.6206536 -0.7625386 0.1825487 -0.6144702 -0.7625672 0.2022811 -0.6144555 -0.7625784 0.2022834 -0.6089554 -0.76258 0.2182774 -0.6089434 -0.7625892 0.218279 -0.6012644 -0.7625397 0.2387767 -0.7672404 -0.6413235 0.006813487 -0.7673227 -0.6412252 0.006782725 -0.7661655 -0.6411274 0.0441139 -0.7660729 -0.6412361 0.04414289 -0.762544 -0.6412764 0.0853883 -0.7625659 -0.6412513 0.08538269 -0.7575099 -0.6412603 0.1223273 -0.7575097 -0.6412605 0.1223273 -0.7512281 -0.6412678 0.1563067 -0.751211 -0.6412873 0.1563095 -0.7439666 -0.6413 0.1877447 -0.7439708 -0.6412952 0.1877442 -0.7360947 -0.6413102 0.2165311 -0.7360955 -0.6413093 0.2165311 -0.7287738 -0.6413441 0.2399304 -0.7287583 -0.6413608 0.2399326 -0.722232 -0.6413631 0.2589098 -0.7222275 -0.641368 0.2589103 -0.7129182 -0.6413044 0.2836834 -0.8358075 -0.548972 0.007452142 -0.8358684 -0.5488797 0.00742333 -0.8345848 -0.5487823 0.0480229 -0.8345132 -0.5488887 0.04805202 -0.830677 -0.5489276 0.09302737 -0.8306862 -0.5489143 0.09302418 -0.8251802 -0.548924 0.1332673 -0.8251894 -0.5489108 0.1332646 -0.8183503 -0.5489166 0.1702739 -0.8183309 -0.5489441 0.1702788 -0.8104395 -0.5489572 0.2045329 -0.8104413 -0.5489548 0.2045325 -0.8018632 -0.5489709 0.2358946 -0.8018687 -0.5489634 0.2358937 -0.7939023 -0.5489981 0.2613814 -0.7938898 -0.5490146 0.2613845 -0.7867776 -0.5490172 0.282066 -0.7867774 -0.5490173 0.282066 -0.7766128 -0.5489521 0.3090696 -0.8835459 -0.468278 0.007907541 -0.8835934 -0.4681888 0.007878503 -0.8822208 -0.4680945 0.05073392 -0.8821664 -0.4681937 0.0507629 -0.8781153 -0.4682314 0.09835053 -0.8781261 -0.4682121 0.0983454 -0.8723074 -0.4682214 0.1408859 -0.8723099 -0.4682168 0.1408847 -0.8650823 -0.4682236 0.1799981 -0.8650702 -0.4682443 0.1800025 -0.8567272 -0.4682568 0.2162268 -0.8567324 -0.4682482 0.2162252 -0.8476677 -0.4682616 0.2493805 -0.8476678 -0.4682613 0.2493805 -0.8392558 -0.4682943 0.2763152 -0.8392412 -0.4683172 0.2763207 -0.8317207 -0.46832 0.2981898 -0.8317181 -0.4683239 0.2981907 -0.8209516 -0.4682618 0.3267557 -0.9476664 -0.3191476 0.008555369 -0.9476896 -0.31908 0.008512805 -0.9461938 -0.3190064 0.05433324 -0.9461643 -0.3190862 0.05438061 -0.9418241 -0.3191165 0.1055078 -0.9418295 -0.3191032 0.1055001 -0.9355907 -0.3191115 0.1511218 -0.9355937 -0.3191047 0.151118 -0.9278457 -0.3191105 0.1930564 -0.9278397 -0.3191238 0.1930637 -0.9188917 -0.3191342 0.2319296 -0.9188921 -0.3191333 0.2319292 -0.9091711 -0.3191458 0.2674958 -0.9091737 -0.3191407 0.2674931 -0.9001629 -0.3191672 0.2963766 -0.9001585 -0.3191749 0.2963817 -0.8920907 -0.3191772 0.3198439 -0.8920844 -0.3191878 0.319851 -0.8808983 -0.3191469 0.3495188 -0.9712775 -0.2377866 0.008806474 -0.9712915 -0.2377306 0.008769006 -0.9697498 -0.2376734 0.05564714 -0.9697323 -0.2377353 0.05568652 -0.9652846 -0.2377602 0.1081469 -0.9652882 -0.2377486 0.1081396 -0.9588956 -0.2377549 0.154893 -0.9588966 -0.2377519 0.1548911 -0.9509586 -0.2377566 0.1978623 -0.9509535 -0.2377702 0.1978704 -0.9417816 -0.2377791 0.2377152 -0.9417821 -0.2377781 0.2377146 -0.9318194 -0.2377885 0.27417 -0.9318205 -0.2377859 0.2741685 -0.9225931 -0.237808 0.3037587 -0.9225863 -0.2378215 0.3037689 -0.9143146 -0.2378248 0.3278236 -0.914315 -0.2378237 0.3278228 -0.9031419 -0.2377967 0.3574737 -0.9272618 -0.1721821 0.332474 -0.9272629 -0.1721795 0.3324719 -0.9356549 -0.1721767 0.3080666 -0.935655 -0.1721767 0.3080665 -0.9450106 -0.1721588 0.2780579 -0.9450122 -0.1721546 0.2780552 -0.9551142 -0.1721456 0.2410863 -0.9551135 -0.172148 0.2410878 -0.9644172 -0.1721404 0.2006671 -0.9644213 -0.172127 0.2006584 -0.9724693 -0.1721229 0.1570893 -0.9724686 -0.1721257 0.1570912 -0.9789508 -0.1721207 0.1096806 -0.9789479 -0.172132 0.1096881 -0.9834594 -0.1721127 0.0564351 -0.9834688 -0.1720682 0.05640513 -0.9850372 -0.1721102 0.008931544 -0.9850298 -0.1721508 0.00896018 -0.9849175 -0.1721774 -0.01709901 -0.9922827 -0.1236656 0.009042047 -0.9922865 -0.1236362 0.009026323 -0.9907043 -0.1236053 0.05680431 -0.9906994 -0.1236376 0.05682073 -0.9861544 -0.1236516 0.1104984 -0.9861547 -0.1236498 0.1104975 -0.9796255 -0.1236546 0.158252 -0.9796262 -0.1236507 0.1582501 -0.97152 -0.1236548 0.2021349 -0.9715183 -0.1236621 0.2021385 -0.9621438 -0.123669 0.2428688 -0.9621449 -0.1236648 0.2428668 -0.9519689 -0.1236718 0.2801081 -0.9519694 -0.1236695 0.280107 -0.9425467 -0.1236827 0.3103359 -0.9425443 -0.1236898 0.3103403 -0.9340922 -0.1236927 0.3349208 -0.9340895 -0.1237002 0.3349254 -0.9961856 -0.0867852 0.009089627 -0.9961876 -0.08676352 0.009077775 -0.9945981 -0.08674142 0.05701393 -0.9945949 -0.08676848 0.05702806 -0.9900311 -0.08678047 0.1109395 -0.9900325 -0.08677063 0.1109343 -0.983478 -0.08677422 0.1588752 -0.9834776 -0.08677629 0.1588763 -0.9753398 -0.08678037 0.2029319 -0.9753397 -0.08678091 0.2029322 -0.9659286 -0.08678574 0.243824 -0.9659274 -0.08679152 0.2438269 -0.9557109 -0.08679833 0.2812167 -0.9557124 -0.08679151 0.2812133 -0.9462543 -0.08680166 0.3115577 -0.9462531 -0.08680569 0.3115603 -0.9377667 -0.08680838 0.336241 -0.937766 -0.08681064 0.3362424 -0.9400705 -0.05148222 0.3370712 -0.940069 -0.0514874 0.3370748 -0.9485786 -0.0514842 0.3123268 -0.9485806 -0.0514773 0.312322 -0.958059 -0.05146989 0.281911 -0.9580595 -0.05146762 0.2819098 -0.9683013 -0.05146316 0.2444259 -0.9683006 -0.05146704 0.244428 -0.9777355 -0.05146257 0.2034328 -0.9777362 -0.0514585 0.2034305 -0.9858937 -0.05145537 0.1592674 -0.9858929 -0.05146061 0.1592703 -0.9924635 -0.05145663 0.1112133 -0.9924634 -0.05145751 0.1112138 -0.9970387 -0.0514504 0.05715454 -0.9970397 -0.05143824 0.05714774 -0.998634 -0.05145063 0.009112057 -0.9986334 -0.05146035 0.009117728 -0.9984437 -0.05146699 -0.02147938 -0.9998178 -0.01676031 0.009132015 -0.999818 -0.01675465 0.009128687 -0.9982214 -0.01675092 0.05721435 -0.9982212 -0.01675401 0.0572161 -0.9936406 -0.01675618 0.1113444 -0.9936403 -0.01676067 0.111347 -0.987062 -0.01676321 0.1594601 -0.9870619 -0.01676471 0.159461 -0.978895 -0.01676825 0.2036748 -0.9788951 -0.01676699 0.203674 -0.9694489 -0.016771 0.2447191 -0.9694484 -0.01677371 0.2447206 -0.9591943 -0.01677853 0.2822492 -0.959195 -0.01677496 0.2822473 -0.9497035 -0.01677966 0.3127006 -0.9497052 -0.01677322 0.312696 -0.9411848 -0.01677565 0.3374756 -0.9411836 -0.01677984 0.3374786 -0.999806 0.01744714 0.009129979 -0.9998062 0.01744371 0.009132006 -0.9982095 0.01743887 0.05721692 -0.9982095 0.01744351 0.05721428 -0.9936288 0.01744393 0.1113437 -0.9936288 0.0174428 0.1113444 -0.9870501 0.01744082 0.1594609 -0.9870502 0.01744229 0.1594601 -0.9788834 0.01744022 0.2036743 -0.9788833 0.01743955 0.2036746 -0.9694372 0.01743707 0.244719 -0.9694372 0.01743706 0.244719 -0.9591829 0.01743486 0.2822483 -0.9591828 0.01743338 0.2822492 -0.9496919 0.01743156 0.3127003 -0.9496918 0.0174313 0.3127004 -0.9411737 0.01742855 0.3374735 -0.941173 0.0174259 0.3374754 -0.9283043 0.01741778 0.3714133 -0.9985978 0.05214897 0.009111116 -0.9985984 0.0521354 0.009119052 -0.9970037 0.05212189 0.05715598 -0.9970035 0.0521352 0.05714846 -0.9924282 0.05213872 0.1112107 -0.9924282 0.05213924 0.1112104 -0.9858578 0.05213872 0.159267 -0.9858575 0.05213346 0.1592701 -0.9777002 0.05213097 0.2034326 -0.9777004 0.05213451 0.2034305 -0.9682651 0.05213251 0.244428 -0.9682654 0.05213579 0.2444261 -0.9580229 0.0521342 0.2819116 -0.9580231 0.05213634 0.2819104 -0.9485453 0.05213804 0.3123196 -0.9485436 0.05212956 0.3123259 -0.940034 0.05212624 0.3370742 -0.9400353 0.05213277 0.3370694 -0.9961256 0.08747135 0.009078229 -0.9961273 0.08745223 0.009088724 -0.9945371 0.08742897 0.05702791 -0.9945357 0.08745298 0.05701513 -0.9899718 0.08746087 0.110934 -0.9899719 0.0874557 0.1109368 -0.9834177 0.08745474 0.1588745 -0.9834177 0.0874544 0.1588747 -0.9752794 0.08745288 0.2029334 -0.9752796 0.08745664 0.2029314 -0.9658682 0.08745576 0.243824 -0.965868 0.08745249 0.2438258 -0.955651 0.08745119 0.281218 -0.955651 0.08745278 0.2812171 -0.9461946 0.08745701 0.3115557 -0.9461958 0.0874652 0.3115499 -0.9377042 0.08746276 0.3362456 -0.9377047 0.08746617 0.3362432 -0.9921967 0.1243559 0.009026139 -0.9922004 0.1243252 0.009042607 -0.9906173 0.1242931 0.05682023 -0.9906143 0.1243248 0.05680365 -0.9860686 0.1243357 0.1104959 -0.9860689 0.1243317 0.110498 -0.97954 0.1243319 0.1582495 -0.9795401 0.1243311 0.15825 -0.9714329 0.1243296 0.2021397 -0.9714327 0.1243373 0.2021355 -0.9620587 0.1243377 0.2428644 -0.9620587 0.1243358 0.2428654 -0.9518822 0.1243365 0.2801083 -0.951882 0.1243288 0.2801125 -0.9424597 0.1243354 0.3103392 -0.942461 0.124348 0.3103304 -0.934004 0.1243455 0.3349248 -0.9340042 0.1243477 0.3349232 -0.98491 0.1728375 0.008931644 -0.9849167 0.1727975 0.00896004 -0.9833468 0.1727541 0.05643548 -0.9833406 0.1727999 0.05640375 -0.9788283 0.1728162 0.1096807 -0.978829 0.1728081 0.1096865 -0.9723477 0.1728097 0.1570885 -0.9723478 0.1728072 0.1570902 -0.9642988 0.1728067 0.200663 -0.9642987 0.1728128 0.2006586 -0.9549939 0.1728143 0.2410847 -0.9549939 0.1728139 0.2410851 -0.9448908 0.1728161 0.2780573 -0.9448909 0.1728183 0.2780557 -0.9355338 0.1728297 0.3080687 -0.9355345 0.1728345 0.3080642 -0.9271415 0.1728321 0.3324719 -0.9271419 0.1728342 0.3324699 -0.9157535 0.1728071 0.362675 -0.9711086 0.2384769 0.008768681 -0.9711221 0.2384204 0.008806798 -0.9695786 0.2383616 0.05568741 -0.9695657 0.2384241 0.05564591 -0.965116 0.238447 0.1081395 -0.9651178 0.2384363 0.1081469 -0.9587267 0.2384389 0.1548873 -0.9587275 0.2384325 0.1548917 -0.9507888 0.2384327 0.1978651 -0.9507874 0.2384454 0.1978561 -0.9416128 0.2384481 0.2377139 -0.9416127 0.2384503 0.2377124 -0.9316516 0.2384547 0.2741618 -0.9316519 0.238446 0.274168 -0.9224223 0.2384616 0.3037651 -0.9224226 0.2384688 0.3037585 -0.9141472 0.2384659 0.3278247 -0.9141474 0.2384706 0.3278204 -0.902976 0.2384358 0.3574672 -0.8918538 0.3198423 0.3198402 -0.8918539 0.3198377 0.3198443 -0.8999273 0.31984 0.2963666 -0.8999278 0.3198319 0.2963737 -0.9089401 0.3198105 0.2674868 -0.9089403 0.3198091 0.2674879 -0.91866 0.3198028 0.2319266 -0.9186598 0.3198042 0.2319257 -0.9276105 0.3197993 0.1930475 -0.927614 0.3197816 0.1930595 -0.9353626 0.3197817 0.1511173 -0.9353617 0.3197854 0.1511148 -0.9415984 0.3197823 0.1055076 -0.9415936 0.3198001 0.105496 -0.9459356 0.3197718 0.05433112 -0.9459597 0.3196919 0.05438165 -0.9474576 0.3197672 0.008555385 -0.947435 0.3198351 0.008512271 -0.9472979 0.3198778 -0.01745856 -0.8313696 0.468954 0.2981724 -0.8313721 0.4689468 0.2981766 -0.8388945 0.4689493 0.2763014 -0.8389018 0.4689298 0.2763126 -0.8473162 0.4689026 0.2493704 -0.8473119 0.4689131 0.2493655 -0.8563768 0.468904 0.2162125 -0.8563741 0.4689103 0.2162097 -0.8647162 0.4689033 0.1799879 -0.8647268 0.4688797 0.179998 -0.8719558 0.4688779 0.1408787 -0.8719522 0.4688853 0.1408757 -0.8777698 0.46888 0.09834538 -0.8777621 0.4688955 0.09833945 -0.8818146 0.46886 0.05072674 -0.8818686 0.4687544 0.05076399 -0.8832419 0.4688509 0.007908151 -0.8831938 0.4689421 0.007877613 -0.8830236 0.4689911 -0.01779243 -0.7863511 0.5496401 0.282042 -0.7863547 0.5496327 0.2820466 -0.7934687 0.5496349 0.2613596 -0.7934735 0.5496253 0.2613653 -0.801441 0.5495952 0.2358759 -0.8014418 0.5495936 0.2358766 -0.8100193 0.5495838 0.2045152 -0.8100193 0.5495836 0.2045153 -0.8179104 0.5495762 0.1702601 -0.8179221 0.549556 0.1702691 -0.8247619 0.5495547 0.1332571 -0.8247578 0.5495616 0.1332542 -0.830263 0.5495545 0.09302183 -0.8302528 0.5495712 0.09301542 -0.8340901 0.5495346 0.04801567 -0.834157 0.5494298 0.04805228 -0.8354406 0.5495303 0.007452006 -0.8353773 0.5496271 0.007420671 -0.8352081 0.5496778 -0.01678334 -0.7217168 0.6419554 0.2588786 -0.7217148 0.6419585 0.2588767 -0.7282431 0.6419603 0.2398937 -0.7282512 0.6419482 0.2399017 -0.7355728 0.6419182 0.2165036 -0.7355704 0.6419215 0.2165018 -0.7434463 0.6419109 0.1877182 -0.7434504 0.6419052 0.1877211 -0.7506948 0.6418977 0.1562836 -0.7507089 0.641879 0.1562927 -0.7569899 0.6418771 0.1223124 -0.7569872 0.6418805 0.1223109 -0.7620412 0.6418752 0.08537854 -0.7620207 0.6419008 0.08536809 -0.7655498 0.6418632 0.04410271 -0.7656429 0.6417494 0.04414403 -0.7668009 0.6418489 0.00681191 -0.7667195 0.6419465 0.006779882 -0.7665544 0.6419955 -0.01536648 -0.6524965 0.7577699 0.005770435 -0.6462277 0.763141 0.002390722 -0.6460931 0.7631596 -0.01229538 -0.6422943 0.763073 0.07195581 -0.6423126 0.7630567 0.07196551 -0.6380485 0.7630622 0.1031027 -0.6380538 0.7630573 0.1031059 -0.6327565 0.7630588 0.1317593 -0.6327378 0.7630764 0.131747 -0.6266297 0.7630827 0.1582405 -0.6266335 0.7630789 0.1582433 -0.6199929 0.7630871 0.1825016 -0.6200001 0.7630799 0.1825073 -0.6138165 0.7631041 0.2022412 -0.6137982 0.7631238 0.2022225 -0.6082945 0.763122 0.2182261 -0.608285 0.7631325 0.2182159 -0.6006064 0.7630785 0.2387116 -0.4365957 0.8996564 0.001590483 -0.4366555 0.8996273 0.001615839 -0.4363093 0.8995213 0.02226486 -0.4362165 0.8995669 0.02223663 -0.4339571 0.8996204 0.04862426 -0.433975 0.8996114 0.0486321 -0.4310907 0.8996143 0.06967778 -0.4310992 0.8996098 0.06968205 -0.4275164 0.8996104 0.08905555 -0.4274957 0.8996214 0.08904398 -0.4233665 0.8996244 0.1069427 -0.4233674 0.8996239 0.1069432 -0.418876 0.8996281 0.1233373 -0.4188774 0.8996274 0.1233382 -0.4146892 0.8996406 0.136674 -0.410962 0.8996446 0.1474782 -0.3999771 0.9061281 0.1376593 -0.2167855 0.9733598 0.07466514 -0.2168044 0.9733548 0.07467368 -0.2199124 0.9733649 0.06480126 -0.2199136 0.9733647 0.0648018 -0.2222741 0.9733638 0.05618828 -0.222267 0.9733656 0.05618537 -0.2244365 0.9733649 0.04678638 -0.2244511 0.9733614 0.04679164 -0.2263342 0.9733615 0.03660931 -0.2263304 0.9733623 0.0366081 -0.2278469 0.9733618 0.02554838 -0.2278367 0.9733642 0.02554574 -0.2290315 0.9733488 0.01169585 -0.2290879 0.9733354 0.01170522 -0.2292504 0.9733671 0.0008357113 -0.2292151 0.9733755 0.0008288167 -0.229158 0.9733775 -0.004798579 -0.2382915 -0.9711561 -0.008549248 -0.2315789 -0.9710103 -0.05924605 -0.512482 -0.858438 -0.02112507 -0.4990528 -0.8577193 -0.1235476 -0.3933123 -0.9160908 -0.07799408 -0.6618499 -0.7493484 -0.02077828 -0.6409876 -0.7483999 -0.1703889 -0.59134 -0.7963635 -0.1269728 -0.7467545 -0.6232459 -0.232212 -0.6920353 -0.7028039 -0.1647849 -0.8137661 -0.5291926 -0.2402916 -0.9076763 -0.321906 -0.2692585 -0.9495933 -0.1015251 -0.2965895 -0.9971861 -0.05970604 -0.04533335 -0.9988663 0.02010464 -0.04314863 -0.9538077 0.02004101 -0.2997487 -0.9671845 -0.0137825 -0.2537008 -0.9590179 0.04909395 -0.2790597 -0.9880702 0.1478951 -0.04294463 -0.9770811 0.2096414 -0.03692076 -0.9269752 0.2087306 -0.3116867 -0.9478695 0.1874988 -0.2576581 -0.7457087 0.6237344 -0.2342522 -0.6611009 0.7499112 -0.02405683 -0.6418384 0.7488129 -0.1652963 -0.7237815 0.6691931 -0.1682882 -0.5116931 0.8588923 -0.02177173 -0.4987019 0.8580669 -0.1225471 -0.6165029 0.7753031 -0.1372201 -0.2373469 0.9713778 -0.009576966 -0.2313455 0.9711698 -0.05751946 -0.4137138 0.905803 -0.09144315 -0.079231 0.9968495 -0.00367019 -0.07792376 -0.9967659 -0.01964278 -0.3782903 -0.9221615 -0.08071296 -0.3845296 -0.9226795 -0.02827452 -0.8893245 -0.3802042 -0.2540604 -0.9557104 -0.1468318 -0.2550648 -0.9612969 -0.01941421 -0.2748299 -0.9981785 -0.01941305 -0.05712059 -0.9737577 0.06021165 -0.2194774 -0.9970223 0.06039045 -0.04795431 -0.9106457 0.3225623 -0.2582208 -0.3827274 0.9218197 -0.06138706 -0.3839839 0.9231122 -0.0204966 -0.9233807 -0.3811136 -0.04605015 -0.9250191 -0.3773434 -0.04417619 -0.8922276 -0.4496237 -0.04205206 -0.8929476 -0.448244 -0.0414951 -0.8468083 -0.5302954 -0.04126076 -0.8518876 -0.5223494 -0.0379304 -0.7800381 -0.624446 -0.040097 -0.7974463 -0.6026198 -0.03047648 -0.7256348 -0.6870208 -0.0381649 -0.8587329 -0.4485965 -0.2476671 -0.8587092 -0.447965 -0.2488894 -0.8735714 -0.4481905 -0.1897321 -0.8735651 -0.4482126 -0.1897091 -0.8847518 -0.447906 -0.1288191 -0.9186698 -0.3595984 -0.1635076 -0.8859836 -0.4481671 -0.1190766 -0.949408 -0.3111243 -0.04273319 -0.9451843 -0.3227385 -0.04966357 -0.966059 -0.2550614 -0.04090786 -0.9606857 -0.2724872 -0.05323394 -0.9776375 -0.2067188 -0.03862993 -0.9770889 -0.2089506 -0.04046005 -0.9879565 -0.1453424 -0.0530802 -0.9875785 -0.1471802 -0.05501639 -0.9938736 -0.1017432 -0.04316914 -0.9212223 -0.2717632 -0.278378 -0.9163813 -0.3110567 -0.2519701 -0.928717 -0.3110924 -0.201758 -0.9287161 -0.3111095 -0.2017357 -0.9405189 -0.3108709 -0.1370535 -0.9404922 -0.310974 -0.137002 -0.946985 -0.3111008 -0.0802229 -0.9469802 -0.3111179 -0.08021329 -0.9315109 -0.2082374 -0.2982024 -0.9298278 -0.2061896 -0.3048051 -0.956091 -0.2067258 -0.2077363 -0.9560915 -0.2067317 -0.2077283 -0.9681945 -0.2065629 -0.141178 -0.9681838 -0.2066409 -0.1411374 -0.9749047 -0.2067293 -0.08260608 -0.9749032 -0.2067391 -0.08260019 -0.9550349 -0.05962493 -0.2904363 -0.9671663 -0.07592624 -0.2425378 -0.9743731 -0.07590254 -0.2117448 -0.9743738 -0.07590376 -0.2117413 -0.9866725 -0.07583749 -0.1439648 -0.9866749 -0.07586641 -0.1439341 -0.9935535 -0.07589918 -0.08420693 -0.9935536 -0.075904 -0.08420083 -0.9954564 -0.07591758 -0.05747303 -0.9519719 0.1021793 -0.2886327 -0.9534686 0.1005926 -0.284216 -0.9722233 0.1006987 -0.2112856 -0.9722216 0.1007027 -0.2112916 -0.9845039 0.1006248 -0.1436203 -0.9844977 0.1006588 -0.1436387 -0.991362 0.1007082 -0.08401901 -0.9913607 0.1007165 -0.08402446 -0.9938944 0.1007202 -0.04504885 -0.9936591 0.102426 -0.04637553 -0.9443508 0.1474096 -0.2940612 -0.951825 0.1382657 -0.2737 -0.9677956 0.1383462 -0.2103145 -0.9677921 0.1383537 -0.2103253 -0.9800287 0.1382458 -0.1429394 -0.9800171 0.1382998 -0.1429676 -0.9868439 0.1383634 -0.08363432 -0.9868431 0.1383676 -0.08363705 -0.9891922 0.1383817 -0.04846946 -0.9227231 0.272406 -0.2727214 -0.9368296 0.2537743 -0.2407258 -0.9452217 0.2537245 -0.205377 -0.9452149 0.2537349 -0.2053954 -0.9572117 0.2535416 -0.1395074 -0.9571794 0.2536324 -0.1395647 -0.9638181 0.2537435 -0.08166292 -0.963813 0.2537592 -0.08167509 -0.965792 0.2537992 -0.05321483 -0.7793168 0.625029 -0.04476671 -0.7525696 0.6580236 -0.02537359 -0.8459873 0.5308773 -0.04974651 -0.8225157 0.5681056 -0.02690331 -0.8913259 0.4502034 -0.05343378 -0.8726597 0.4874714 -0.02892224 -0.922643 0.3817304 -0.05487909 -0.9086055 0.416524 -0.0307237 -0.944618 0.3233761 -0.05589946 -0.9407141 0.3359741 -0.04667418 -0.9609234 0.2732136 -0.044503 -0.8211401 0.485288 -0.3003739 -0.8302485 0.5290408 -0.1755086 -0.8598865 0.4151281 -0.2970925 -0.8700463 0.4489011 -0.2037333 -0.8842261 0.3807087 -0.2705643 -0.07720441 0.9968223 -0.01961681 -0.1323539 0.9911989 -0.002688176 -0.1431494 0.9893333 -0.02697762 -0.1447352 0.9891304 -0.02593755 -0.148022 0.9888105 -0.01852249 -0.1440566 0.9893805 -0.01933614 -0.1490668 0.9887573 -0.01175408 -0.1462557 0.9891691 -0.01240395 -0.1436809 0.9894176 -0.02021405 -0.08016715 -0.9967746 -0.003688816 -0.135769 -0.9905776 -0.017961 -0.1382363 -0.9903398 -0.01085953 -0.1401997 -0.9900525 -0.01183586 -0.136569 -0.9904843 -0.01702142 -0.1391628 -0.990095 -0.01859268 -0.1359593 -0.9903858 -0.02551286 -0.1342623 -0.9906564 -0.02395063 -0.1252128 -0.9921166 -0.005136858 -0.3947681 -0.9160761 -0.07044693 -0.3948247 -0.9160438 -0.07055014 -0.3976634 -0.9159837 -0.05326986 -0.3975381 -0.9160423 -0.05319647 -0.3996276 -0.9160544 -0.03379734 -0.3996083 -0.9160631 -0.03378865 -0.4002281 -0.9160923 -0.0243394 -0.5953919 -0.7963902 -0.1061653 -0.5954473 -0.7963321 -0.1062905 -0.5996467 -0.796213 -0.08042886 -0.5995097 -0.7963256 -0.08033495 -0.6026815 -0.7963506 -0.05099771 -0.6026579 -0.7963692 -0.05098516 -0.6036437 -0.7964269 -0.03631101 -0.724097 -0.6869704 -0.06127945 -0.7241189 -0.6869465 -0.06128979 -0.7202863 -0.6869148 -0.09662181 -0.7204122 -0.6867719 -0.09669852 -0.7154462 -0.6869193 -0.1275876 -0.7153869 -0.687002 -0.1274752 -0.71016 -0.6869529 -0.1541704 -0.7951454 -0.6026721 -0.06730587 -0.7951683 -0.6026405 -0.06731871 -0.7909461 -0.602604 -0.1061727 -0.7910486 -0.6024565 -0.1062461 -0.7856578 -0.6026111 -0.1400061 -0.7856101 -0.6026996 -0.1398928 -0.7798392 -0.6026489 -0.1693079 -0.779853 -0.602624 -0.1693325 -0.7702076 -0.6026114 -0.2089013 -0.8496947 -0.5223445 -0.07193835 -0.8497056 -0.5223256 -0.07194669 -0.845178 -0.5222902 -0.1135215 -0.8452575 -0.5221446 -0.1135987 -0.8395543 -0.5222992 -0.1495059 -0.8395289 -0.5223676 -0.1494103 -0.8333319 -0.522316 -0.180953 -0.8333369 -0.5223033 -0.1809664 -0.8212568 -0.5221971 -0.229886 -0.8907329 -0.4482258 -0.07542337 -0.8907446 -0.4482004 -0.07543448 -0.9227793 -0.3773208 -0.07814984 -0.9227874 -0.3772985 -0.07816205 -0.9164866 -0.377154 -0.1334438 -0.9165306 -0.3770242 -0.133508 -0.9049913 -0.3772982 -0.1965626 -0.9049929 -0.3772866 -0.1965775 -0.8921544 -0.3772112 -0.2485405 -0.9634718 -0.2550687 -0.08162126 -0.9634752 -0.2550527 -0.08163059 -0.956849 -0.2549464 -0.1394361 -0.9568673 -0.2548501 -0.1394853 -0.9448869 -0.2550508 -0.2052754 -0.9448866 -0.2550398 -0.2052901 -0.9323974 -0.2550106 -0.2561339 -0.9858517 -0.1453211 -0.08353543 -0.9858521 -0.1453123 -0.08354624 -0.9790412 -0.1452489 -0.1427626 -0.979041 -0.1451962 -0.1428172 -0.9668258 -0.1453176 -0.2100732 -0.9668222 -0.1453096 -0.2100951 -0.9574555 -0.1453368 -0.2493116 -0.9770982 -0.01377733 -0.2123425 -0.9770984 -0.01377776 -0.2123413 -0.9894274 -0.01376186 -0.1443752 -0.989428 -0.01376685 -0.1443699 -0.9963328 -0.01377163 -0.08444633 -0.996333 -0.01377325 -0.08444427 -0.9986417 -0.01377398 -0.05024962 -0.9760097 0.0491327 -0.212111 -0.9760098 0.04913258 -0.2121106 -0.9883305 0.04909654 -0.1441955 -0.9883263 0.04911614 -0.1442176 -0.9952237 0.049141 -0.08435038 -0.9952232 0.04914375 -0.0843541 -0.9971066 0.04915367 -0.05798496 -0.9598623 0.1875139 -0.2085732 -0.9598561 0.1875245 -0.2085928 -0.97201 0.1873788 -0.1417238 -0.9719903 0.1874465 -0.1417694 -0.9787507 0.1875321 -0.0829389 -0.9787473 0.187545 -0.0829495 -0.9809093 0.1875705 -0.05132391 -0.9385195 0.3359425 -0.07952187 -0.938527 0.3359246 -0.07950896 -0.9320906 0.3357854 -0.1358504 -0.9321426 0.3356685 -0.135782 -0.9204156 0.3359135 -0.1999935 -0.9204217 0.335905 -0.1999795 -0.9138443 0.3359883 -0.2280359 -0.8883867 0.4165562 -0.1930028 -0.8883717 0.4165789 -0.1930226 -0.8997414 0.4162931 -0.1310177 -0.8996727 0.4164292 -0.1310567 -0.9058526 0.4165851 -0.0767326 -0.9058398 0.4166112 -0.07674235 -0.8532111 0.487522 -0.1853459 -0.8531951 0.4875432 -0.1853637 -0.8595442 0.4875968 -0.1530789 -0.8752345 0.4666051 -0.1274521 -0.8653344 0.4875133 -0.1163061 -0.869967 0.4875719 -0.07369525 -0.8699791 0.4875514 -0.07368796 -0.8199446 0.568214 -0.06945302 -0.8199615 0.5681905 -0.06944548 -0.8155894 0.5681517 -0.1096249 -0.8157009 0.5680016 -0.1095728 -0.8101728 0.5681546 -0.1442925 -0.8101021 0.5682327 -0.144382 -0.80415 0.568176 -0.1746959 -0.8041641 0.5681599 -0.1746836 -0.7965584 0.5682323 -0.206414 -0.7502267 0.6581202 -0.06354325 -0.7502523 0.6580918 -0.06353442 -0.7462662 0.6580549 -0.1002518 -0.7464038 0.6579064 -0.1002025 -0.7412865 0.6580557 -0.1321252 -0.7411954 0.6581391 -0.1322208 -0.7357833 0.6580838 -0.1598395 -0.621645 0.7753885 -0.1110411 -0.6217472 0.7753232 -0.1109257 -0.6261114 0.7751978 -0.08398116 -0.6259559 0.7753168 -0.08404259 -0.629284 0.7753466 -0.05328422 -0.6292571 0.7753678 -0.0532943 -0.6304639 0.7754213 -0.0351728 -0.4169919 0.9058425 -0.07461337 -0.417087 0.905806 -0.07452451 -0.4200772 0.9057404 -0.05629832 -0.4199291 0.9058062 -0.05634269 -0.4221483 0.9058217 -0.03574811 -0.4221275 0.9058311 -0.03575407 -0.4224245 0.905857 -0.03131533 0.999648 -0 0.02653012 0.999648 8.202994e-06 0.02653074 0.999648 -9.047277e-07 0.02653 0.999648 5.357631e-07 0.02653025 0.999648 2.404636e-06 0.02653074 0.999648 -2.294859e-06 0.02652923 0.999648 -1.405841e-06 0.02652957 0.999648 1.044706e-06 0.02653066 0.999648 7.346001e-07 0.0265305 0.999648 4.904471e-07 0.02653037 0.9996481 -1.093098e-06 0.02652935 0.999648 -6.011233e-07 0.02652973 0.999648 1.100121e-06 0.02653102 0.9996481 -1.285808e-06 0.02652899 0.999648 1.011815e-06 0.02653114 0.9996482 -2.486072e-06 0.02652754 0.999648 2.044039e-06 0.0265324 0.999648 -0 0.02653012 0 1 0 0 1 0 0 1 0 0 1 0 0 1 0 0 1 0 0 1 0 0 1 0 0 1 0 0 1 0 0 1 0 0 1 -0 0 1 0 0 1 0 0 1 0 0 1 0 0 1 0 0 1 0 0 1 0 0 1 0 0 1 0 0 1 0 0 1 0 0 1 0 0 1 0 0 1 0 0 1 0 0 1 0 0 1 -0 0 1 0 0 1 0 0 1 0 0 1 0 0 1 0 0 1 0 0 1 0 0 1 0 0 1 0 0 1 0 0 1 0 -0 1 0 0 1 0 0 1 0 0 1 0 0 1 0 0 1 0 0 1 0 0 1 0 -0 1 0 0 1 0 0 1 0 0 1 0 0 1 0 -0 1 0 0 1 0 0 1 0 0 1 -0 0 1 0 0 1 -0 0 1 0 0 1 -0 0 1 -0 0 1 0 0 1 -0 0 1 0 0 1 -0 0 1 -0 0 1 0 0 1 0 0 1 -0 0 1 0 0 1 -0 0 1 0 0 1 -0 0 1 -0 0 1 0 0 1 -0 0 1 0 0 1 -0 0 1 -0 0 1 0 0 1 -0 0 1 0 0 1 -0 0 1 -0 0 1 0 0 1 -0 0 1 0 0 1 -0 0 1 -0 0 1 0 0 1 -0 0 1 0 0 1 -0 0 1 -0 0 1 0 0 1 -0 0 1 0 0 1 -0 0 1 -0 0 1 0 0 1 -0 -0 1 -0 0 1 0 -0 1 -0 0 1 -0 0 1 0 0 1 -0 -0.999648 0 -0.0265288 -0.999648 -1.924811e-06 -0.02653374 -0.9996476 -7.370706e-06 -0.02654657 -0.9996477 -6.034635e-06 -0.02654365 -0.9996489 1.831206e-05 -0.02649616 -0.9996473 -1.608543e-05 -0.02655713 -0.9996488 1.734102e-05 -0.02650358 -0.9996477 -1.084436e-05 -0.02654371 -0.9996478 -5.97601e-06 -0.02653766 -0.9996483 1.041452e-05 -0.02652016 -0.9996483 9.189401e-06 -0.02652127 -0.9996479 -1.208034e-05 -0.0265366 -0.999648 1.156394e-05 -0.02652611 -0.999648 -9.259229e-07 -0.02652848 -0.9996462 0 -0.02659757 -0.9996634 0.0003788845 -0.02594142 -0.9996479 -4.306142e-06 -0.02653593 -0.9996486 1.484822e-05 -0.02650931 -0.9996479 -5.086234e-06 -0.02653406 1.991612e-11 -1 -3.107675e-11 3.104176e-11 -1 -3.057842e-11 2.461377e-11 -1 -2.652898e-11 2.879995e-11 -1 -2.576123e-11 3.275415e-11 -1 -2.441508e-11 3.644928e-11 -1 -2.241249e-11 3.966975e-11 -1 -1.975359e-11 4.220359e-11 -1 -1.649933e-11 4.381807e-11 -1 -1.290372e-11 4.454792e-11 -1 -8.746262e-12 4.393494e-11 -1 2.665425e-13 2.42688e-10 -1 -2.135755e-10 1.392208e-11 -1 -1.174221e-11 -7.020264e-11 -1 4.806289e-11 1.485728e-11 -1 -2.91686e-12 2.031847e-12 -1 -3.530346e-13 -8.531138e-14 -1 5.365111e-14 -4.710862e-14 -1 4.712829e-14 4.088907e-13 -1 -1.462962e-14 -7.589659e-15 -1 2.171024e-14 -4.411543e-10 -1 1.288056e-11 -2.536087e-12 -1 2.787552e-11 1.818337e-13 -1 4.838047e-15 2.967559e-12 -1 2.326383e-11 7.041326e-12 -1 2.010789e-11 1.119655e-11 -1 1.71733e-11 1.514047e-11 -1 1.465484e-11 1.941188e-11 -1 1.21909e-11 2.600121e-11 -1 8.732702e-12 3.573044e-11 -1 4.017168e-12 1.476915e-11 -1 -1.666268e-12 8.397865e-12 -1 -1.17502e-10 2.058445e-12 -1 -1.439052e-11 8.306358e-12 -1 -5.107672e-11 -2.126823e-11 -1 3.935396e-11 5.626239e-11 -1 -6.878995e-11 -6.540829e-11 -1 4.034299e-11 -5.775893e-11 -1 3.531444e-11 6.852366e-11 -1 -2.991123e-11 1.422293e-11 -1 -6.901119e-12 -1.721393e-11 -1 4.355272e-12 1.410553e-13 -1 1.090118e-14 1.422531e-13 -1 1.072862e-14 1.446814e-13 -1 1.063895e-14 1.3946e-13 -1 3.249721e-14 4.097013e-13 -1 1.570213e-14 1.974354e-14 -1 1.973277e-14 3.199699e-14 -1 2.010101e-14 1.289046e-12 -1 9.223594e-14 0 -1 0 1.681903e-10 -1 -1.899099e-11 7.263382e-11 -1 -2.507633e-11 4.407159e-11 -1 -2.77063e-11 2.380359e-11 -1 -3.053055e-11 1.026867e-12 -1 6.229789e-15 -1.57378e-12 -1 1.69957e-13 -0 -1 0 5.946105e-10 -1 1.579275e-11 1.301972e-10 -1 -1.219551e-10 -1.264503e-10 -1 -1.287658e-10 7.728839e-11 -1 5.197725e-11 3.902365e-10 -1 -1.901553e-10 1.131221e-09 -1 1.796004e-10 2.086392e-12 -1 8.665849e-12 2.370196e-12 -1 8.669e-12 -4.470697e-10 -1 -1.152777e-10 1.955184e-10 -1 -1.081079e-10 3.188274e-11 -1 -1.532364e-10 1.758966e-10 -1 2.25932e-10 2.105541e-12 -1 6.24549e-13 5.531867e-13 -1 5.833195e-13 -1.55238e-12 -1 -4.119593e-14 6.726086e-11 -1 1.78492e-12 5.880346e-11 -1 -5.71796e-12 -0 -1 0 0 -1 0 1.215656e-12 -1 3.605711e-13 4.756454e-11 -1 1.590585e-12 1.031344e-11 -1 -3.145606e-11 -0 -1 0 -4.036502e-11 -1 -1.072067e-12 -7.540235e-12 -1 8.664239e-12 4.182264e-11 -1 9.974374e-12 7.433845e-11 -1 3.882022e-11 -0 -1 0 0 -1 0 1.215618e-12 -1 3.605701e-13 4.435207e-11 -1 1.505332e-12 9.286563e-11 -1 4.454351e-11 -0 -1 0 7.436513e-10 -1 1.975124e-11 1.625267e-10 -1 -1.526139e-10 -1.911392e-11 -1 -1.574341e-10 8.156524e-11 -1 -6.811843e-11 -0 -1 0 5.200898e-10 -1 1.381323e-11 1.128123e-10 -1 -1.069861e-10 -4.346858e-11 -1 -1.111338e-10 1.30712e-10 -1 4.338734e-11 -0 -1 0 6.986266e-11 -1 1.855539e-12 1.637173e-11 -1 -1.401065e-11 7.839852e-15 -1 2.239159e-14 1.464884e-13 -1 2.466037e-14 -4.482531e-10 -1 -7.54605e-11 3.811548e-12 -1 -3.086817e-11 1.980477e-11 -1 -3.04305e-11 1.12038e-11 -1 -3.204443e-11 -0.1770388 0.9712864 -0.1589341 -0.04669232 0.9907563 -0.1273645 -0.4949911 0.8581709 -0.1361121 -0.5993928 0.7743578 -0.2027269 -0.6432352 0.7487495 -0.1600709 -0.9457675 0.2089927 -0.2486883 -0.9357551 0.1869476 -0.29902 -0.647338 -0.7480214 -0.1463468 -0.5703937 -0.7953858 -0.2049691 -0.2325285 -0.9709867 -0.05581475 -0.3512609 0.9163969 -0.1919184 -0.3879298 0.9061947 -0.1682904 -0.5299829 0.79686 -0.2900552 -0.5742515 0.7760603 -0.260702 -0.8725406 0.07653614 -0.4825091 -0.9035063 0.04920819 -0.4257405 -0.8753719 0.01439951 -0.4832357 -0.9025688 -0.01384178 -0.4303232 -0.872281 -0.04852735 -0.4865912 -0.9005003 -0.07609644 -0.4281455 -0.881847 -0.1001068 -0.4607867 -0.5480042 -0.7971105 -0.2535866 -0.3673011 -0.9055409 -0.2123339 -0.07706246 -0.996767 -0.02273586 -0.1140117 -0.989315 -0.0908687 -0.132173 -0.9902338 -0.04435305 -0.1238941 -0.9910194 -0.0503059 -0.1296682 -0.9903768 -0.04837363 -0.37995 -0.9161475 -0.1277178 -0.3815511 -0.9156582 -0.1264467 -0.5740013 -0.796438 -0.1902865 -0.5758009 -0.7955279 -0.18865 -0.690497 -0.6870379 -0.2262585 -0.6920432 -0.6858809 -0.2250413 -0.7586663 -0.6028339 -0.2470156 -0.7602296 -0.601449 -0.2455808 -0.8112344 -0.5224385 -0.262596 -0.8125672 -0.5211504 -0.2610305 -0.8510395 -0.4481668 -0.273639 -0.8520058 -0.4471236 -0.2723355 -0.8821649 -0.3771865 -0.281985 -0.8830163 -0.3762904 -0.2805134 -0.9057453 -0.3109879 -0.2879446 -0.9064844 -0.3101498 -0.2865188 -0.9218944 -0.2549437 -0.2917439 -0.9224847 -0.2542386 -0.2904905 -0.9331999 -0.2066124 -0.2940226 -0.9336003 -0.2061114 -0.2931017 -0.9439696 -0.145225 -0.2963631 -0.9444237 -0.1448884 -0.2950785 -0.9517435 -0.07585409 -0.2973724 -0.9519688 -0.07568314 -0.2966944 -0.9546144 -0.01378106 -0.2975255 -0.9546529 -0.013751 -0.2974035 -0.953591 0.04907333 -0.2970791 -0.9534498 0.04896592 -0.2975495 -0.9497512 0.1005965 -0.2964003 -0.9496221 0.1003727 -0.2968891 -0.9452795 0.1382219 -0.2955356 -0.9451193 0.1379219 -0.2961875 -0.9373395 0.1873576 -0.2937546 -0.9370492 0.186943 -0.2949425 -0.9226946 0.2535431 -0.2904315 -0.9223497 0.2529837 -0.2920105 -0.8980333 0.3357046 -0.2843214 -0.8976642 0.3349823 -0.2863319 -0.8661727 0.4164191 -0.2762967 -0.866131 0.4154805 -0.2778365 -0.8314454 0.4875298 -0.2664832 -0.8315038 0.4863105 -0.2685211 -0.7832198 0.5682061 -0.2524056 -0.7834631 0.566907 -0.2545626 -0.7162106 0.658044 -0.2324232 -0.7165978 0.6568933 -0.2344759 -0.6002856 0.7752856 -0.196442 -0.6006315 0.7743763 -0.198955 -0.4021627 0.905819 -0.133256 -0.4026035 0.9053047 -0.1354023 -0.1398814 0.9890465 -0.04711908 -0.1393596 0.9892311 -0.04473105 -0.06173234 0.9968132 -0.05052256 -0.1379234 0.989375 -0.04598071 -0.120922 0.9901932 -0.06996589 -0.113184 0.9909686 -0.07190732 -0.1318751 0.9897092 -0.05553981 -0.1400062 0.988743 -0.05277699 -0.1366513 0.9890502 -0.05573281 -0.1304264 -0.9891013 -0.06832041 -0.1187637 -0.9898535 -0.0780075 -0.3637815 -0.9164699 -0.1665717 -0.06475653 -0.9967392 -0.04814193 -0.1544394 -0.9861919 -0.05978437 -0.1808573 -0.9711013 -0.1557329 -0.3250832 0.9157346 -0.2361167 -0.3243933 0.9204957 -0.2178457 -0.3917241 0.8581155 -0.3319489 -0.4865392 0.7955061 -0.3611781 -0.4888133 0.7843457 -0.3819205 -0.559227 0.6850989 -0.4668026 -0.5601942 0.7096703 -0.4272594 -0.6084701 0.6007969 -0.5184662 -0.6134135 0.6225736 -0.485928 -0.6602443 0.5210307 -0.5409293 -0.6620643 0.5286826 -0.5311927 -0.6950309 0.446725 -0.5633549 -0.6954216 0.4482776 -0.5616369 -0.7216721 0.3760855 -0.5811619 -0.7231495 0.3797491 -0.5769277 -0.7371235 0.3102598 -0.6003231 -0.7432653 0.3214487 -0.5867091 -0.7468971 0.2543465 -0.6143717 -0.7587428 0.2712838 -0.5922114 -0.7524893 0.205991 -0.6255617 -0.7707322 0.2275866 -0.595127 -0.7621402 0.1895885 -0.6190304 -0.7778805 0.1451493 -0.6114193 -0.7796363 0.1467531 -0.6087945 -0.7705173 0.1018403 -0.6292309 -0.7879868 0.07610591 -0.6109703 -0.7755647 0.05999523 -0.6284106 -0.7821578 0.01429359 -0.6229164 -0.7894156 0.01986591 -0.6135375 -0.7743661 -0.01940655 -0.6324401 -0.7896902 -0.04830347 -0.6116014 -0.7784359 -0.05945522 -0.624902 -0.7744383 -0.09952446 -0.624772 -0.7728702 -0.1012942 -0.6264274 -0.7734398 -0.1369902 -0.6188897 -0.7660384 -0.1466008 -0.6258541 -0.7709451 -0.1859637 -0.6091478 -0.7683069 -0.1888895 -0.6115761 -0.7479078 -0.2516011 -0.6142726 -0.781007 -0.226576 -0.581972 -0.7481654 -0.2712966 -0.6055135 -0.7367635 -0.3336529 -0.5880947 -0.7526595 -0.320395 -0.5751961 -0.715303 -0.3797461 -0.5866298 -0.7135149 -0.4143258 -0.565005 -0.6898601 -0.4481883 -0.5685245 -0.6864651 -0.4856386 -0.5412216 -0.622813 -0.5649564 -0.5412284 -0.6774973 -0.5269418 -0.5131567 -0.5706273 -0.6545467 -0.4959366 -0.6236016 -0.6212437 -0.4745286 -0.5421879 -0.7108963 -0.4479494 -0.5092874 -0.7736338 -0.3769841 -0.4917728 -0.7838029 -0.3792263 -0.3940638 -0.8577577 -0.3300991 -0.3068348 -0.9218081 -0.2369011 -0.3552938 -0.9048144 -0.2346851 -0.3913053 0.9045817 -0.1691511 -0.366687 0.9225571 -0.1201216 -0.2305295 0.971185 -0.06046412 -0.7392896 0.6232391 -0.2549982 -0.734136 0.655758 -0.1761415 -0.8009699 0.5289891 -0.2803885 -0.8022845 0.565672 -0.1906695 -0.8425965 0.4483596 -0.2983368 -0.8500533 0.4852136 -0.2048829 -0.8673899 0.4154723 -0.273893 -0.91849 0.2529839 -0.3039332 -0.9226999 0.2724057 -0.2728005 -0.9002589 0.3349575 -0.278096 -0.8938574 0.3219652 -0.3120217 -0.8894542 0.3808105 -0.2526947 -0.9510792 0.147475 -0.2714765 -0.9469 0.1379118 -0.2904494 -0.9545611 0.1021968 -0.2799445 -0.9534258 0.1003519 -0.2844446 -0.9552643 0.06026354 -0.2895485 -0.9451851 0.04896021 -0.3228438 -0.9615057 0.02005352 -0.2740524 -0.9471856 -0.01939092 -0.3200994 -0.9546409 -0.01375101 -0.2974417 -0.9578125 -0.05963503 -0.2811387 -0.944039 -0.07568297 -0.3210334 -0.9565791 -0.1015692 -0.2732035 -0.9386426 -0.1466693 -0.312151 -0.9409932 -0.1448976 -0.3058372 -0.9424904 -0.2083796 -0.2613231 -0.9449629 -0.2058624 -0.2542947 -0.9133689 -0.2715229 -0.3033687 -0.9314871 -0.2540443 -0.2603715 -0.9015335 -0.3217288 -0.2893578 -0.9131352 -0.3100171 -0.264714 -0.8834666 -0.3800761 -0.2739142 -0.8872007 -0.3762227 -0.2670793 -0.8564397 -0.4485514 -0.2555634 -0.8579183 -0.4470003 -0.2533118 -0.8116344 -0.5291254 -0.2475399 -0.8206356 -0.5209206 -0.2349447 -0.7455751 -0.6231811 -0.2361422 -0.7742154 -0.6007183 -0.1993189 -0.6926405 -0.6858803 -0.223198 -0.3777445 -0.9155611 -0.1380474 -0.3578026 -0.9212146 -0.1527773 -0.4964045 -0.8578041 -0.1332465 -0.3921549 0.905934 -0.1596809 -0.3920949 0.9061068 -0.1588458 -0.5851014 0.7755682 -0.2369604 -0.5850846 0.7758696 -0.2360136 -0.6979974 0.6584398 -0.2815255 -0.6979356 0.6588986 -0.2806039 -0.7630587 0.568656 -0.3071997 -0.7630574 0.5693232 -0.3059646 -0.8098916 0.4880032 -0.3254665 -0.809972 0.4885795 -0.3244 -0.8436944 0.4168842 -0.338212 -0.8437755 0.4172418 -0.3375681 -0.874432 0.3361464 -0.3498202 -0.8746218 0.3363809 -0.3491197 -0.8983082 0.2539201 -0.3585625 -0.8984672 0.2540937 -0.3580407 -0.9124558 0.1876567 -0.3636059 -0.9125875 0.187788 -0.3632077 -0.9201711 0.1384508 -0.3662191 -0.9202446 0.1385468 -0.365998 -0.9244783 0.1007648 -0.367677 -0.924542 0.1008433 -0.3674956 -0.928158 0.04915347 -0.3689262 -0.9282156 0.04918584 -0.368777 -0.9292545 -0.01381487 -0.3691817 -0.9292362 -0.01382554 -0.3692274 -0.9266403 -0.07599614 -0.368188 -0.9265503 -0.07604726 -0.3684038 -0.9193593 -0.1454727 -0.3655354 -0.9191772 -0.1455745 -0.3659528 -0.9089662 -0.20694 -0.3618789 -0.9087846 -0.207119 -0.3622325 -0.8981907 -0.2553182 -0.3578632 -0.8979025 -0.2555926 -0.3583901 -0.8826842 -0.3114034 -0.3519892 -0.8823065 -0.3117503 -0.3526286 -0.8598934 -0.3776341 -0.3434761 -0.8595445 -0.3779359 -0.3440171 -0.8297357 -0.4486253 -0.3320754 -0.8293239 -0.4490029 -0.3325935 -0.7912699 -0.522879 -0.3170007 -0.7904989 -0.5235209 -0.3178635 -0.7402201 -0.6032447 -0.2969344 -0.7393463 -0.6039295 -0.2977186 -0.6738607 -0.6873838 -0.2709523 -0.6731478 -0.6878609 -0.2715132 -0.5605509 -0.7966653 -0.2260689 -0.5598803 -0.7969621 -0.2266837 -0.3713822 -0.9162326 -0.1503097 -0.3707728 -0.9163967 -0.1508134 -0.6595216 0.6578114 -0.3637519 -0.6629317 0.6867259 -0.2982102 -0.7184038 0.5680243 -0.4015526 -0.728391 0.6026163 -0.326037 -0.7598702 0.4871253 -0.430472 -0.7769405 0.5223864 -0.3513915 -0.7933097 0.4160483 -0.4444811 -0.8120845 0.4482295 -0.3736429 -0.8169731 0.3780217 -0.4354934 -0.8517925 0.3365421 -0.4014836 -0.8422679 0.3118891 -0.4396702 -0.8656724 0.2540569 -0.4313543 -0.866994 0.2556639 -0.4277352 -0.8659726 0.187451 -0.4636308 -0.8902318 0.206973 -0.4057702 -0.8608148 0.1379906 -0.4898534 -0.8724196 0.1459731 -0.4664503 -0.8882685 0.100803 -0.4481269 -0.8875425 -0.1455975 -0.437115 -0.900192 -0.1374706 -0.4132263 -0.8489414 -0.2062849 -0.4865644 -0.8822488 -0.1868147 -0.4321312 -0.8536088 -0.2552151 -0.4541115 -0.8563946 -0.2531767 -0.4499886 -0.8493642 -0.311686 -0.4259487 -0.8247123 -0.3354066 -0.4553594 -0.8318296 -0.3779858 -0.4064312 -0.7790573 -0.4477008 -0.4389005 -0.8262397 -0.4154796 -0.3804004 -0.7408586 -0.5219232 -0.4227584 -0.7960268 -0.4864749 -0.3601159 -0.6923436 -0.6022071 -0.397501 -0.7488593 -0.5672835 -0.3426357 -0.6320879 -0.686357 -0.3596928 -0.6841739 -0.6571209 -0.3163827 -0.5512732 -0.7749984 -0.3089912 -0.3387268 0.9160448 -0.21477 -0.338786 0.9155787 -0.2166558 -0.5098988 0.7960857 -0.3259614 -0.5098906 0.795286 -0.3279203 -0.6114814 0.6866477 -0.3931991 -0.6115921 0.6858953 -0.3943384 -0.6706005 0.6025426 -0.4327095 -0.6706225 0.6019936 -0.433439 -0.7159924 0.5221601 -0.4633613 -0.7159265 0.5216502 -0.4640369 -0.7501836 0.447825 -0.486495 -0.7500563 0.4471987 -0.4872667 -0.7767229 0.376973 -0.504572 -0.7765067 0.3764585 -0.5052883 -0.7964816 0.3109789 -0.5185646 -0.7963433 0.310695 -0.5189469 -0.8098864 0.2550072 -0.528257 -0.8097758 0.2548076 -0.5285228 -0.8192333 0.2067347 -0.5348995 -0.8190686 0.2064606 -0.5352575 -0.8282058 0.1454702 -0.5412148 -0.8278819 0.1452434 -0.5417712 -0.834325 0.07626181 -0.5459725 -0.8341429 0.0761411 -0.5462674 -0.8364916 0.01433774 -0.5477921 -0.8364688 0.01432324 -0.5478274 -0.8355814 -0.04837189 -0.5472329 -0.8357076 -0.0482992 -0.5470465 -0.8325133 -0.09978559 -0.5449446 -0.8326576 -0.09962983 -0.5447525 -0.8288985 -0.1373098 -0.5422852 -0.8290913 -0.1371081 -0.5420415 -0.8223383 -0.1863568 -0.5376158 -0.8227135 -0.1860625 -0.5371435 -0.8102319 -0.2523993 -0.5289792 -0.8107602 -0.2520016 -0.5283588 -0.789566 -0.3344344 -0.5145281 -0.7903397 -0.3338849 -0.5136965 -0.7628174 -0.4150952 -0.4957879 -0.7634146 -0.4145139 -0.4953548 -0.7331552 -0.486252 -0.4754392 -0.7336749 -0.48579 -0.4751098 -0.6917087 -0.5669745 -0.4473018 -0.6923246 -0.5664721 -0.4469855 -0.63371 -0.6567565 -0.4087573 -0.6348025 -0.655995 -0.4082845 -0.5324164 -0.774148 -0.3423853 -0.5341804 -0.7733439 -0.3414536 -0.3581637 -0.9051744 -0.2288624 -0.3599546 -0.9046814 -0.2280006 -0.126512 -0.988734 -0.07999806 0.03270835 0 -0.999465 0.9998349 0 -0.01816931 0.6801501 0 -0.7330729 0.6119841 0 -0.79087 0.6119841 0 -0.79087 0.5389296 0 -0.8423508 0.5389296 0 -0.8423508 0.4615558 0 -0.8871112 0.4615558 0 -0.8871112 0.3805165 0 -0.9247742 0.3805165 0 -0.9247742 0.2964243 0 -0.9550563 0.2964243 0 -0.9550563 0.2099608 0 -0.9777098 0.2099608 0 -0.9777098 0.1218306 0 -0.9925508 0.1218306 0 -0.9925508 0.03270835 0 -0.999465 0.03270835 0 -0.999465 0.6801501 0 -0.7330729 0.7428898 0 -0.6694137 0.7428898 0 -0.6694137 0.7996929 0 -0.6004093 0.7996929 0 -0.6004093 0.8501096 0 -0.5266058 0.8501096 0 -0.5266058 0.8937336 0 -0.4485983 0.8937336 0 -0.4485983 0.9302157 0 -0.3670132 0.9302157 0 -0.3670132 0.9592704 0 -0.2824895 0.9592704 0 -0.2824895 0.9806619 0 -0.1957096 0.9806619 0 -0.1957096 0.9942193 0 -0.1073686 0.9942193 0 -0.1073686 0.9998349 0 -0.01816931 0.9998349 0 -0.01816931 -0.1117402 0 0.9937374 -0.1117402 0 0.9937374 -0.3300421 0 0.9439663 -0.3300421 0 0.9439663 -0.5318296 0 0.8468514 -0.5318296 0 0.8468514 -0.7069307 0 0.7072828 -0.7069307 0 0.7072828 -0.8466007 0 0.5322286 -0.8466007 0 0.5322286 -0.9438052 0 0.3305022 -0.9438052 0 0.3305022 -0.9936855 0 0.1122007 -0.9936855 0 0.1122007 -0.9937391 0 -0.1117262 -0.9937391 0 -0.1117262 -0.943962 0 -0.330054 -0.943962 0 -0.330054 -0.8468497 0 -0.5318322 -0.8468497 0 -0.5318322 -0.7072728 0 -0.7069407 -0.7072728 0 -0.7069407 -0.532246 0 -0.8465898 -0.532246 0 -0.8465898 -0.330499 0 -0.9438064 -0.330499 0 -0.9438064 -0.1122067 0 -0.9936849 -0.1122067 0 -0.9936849 -0.7256175 0 0.6880983 -0.7256175 0 0.6880983 -0.7256175 0 0.6880983 -0.7256175 0 0.6880983 -0.9696967 0 0.244312 -0.7229913 0 0.6908572 -0.7229913 0 0.6908572 -0.9696967 0 0.244312 -0.9640295 -0 -0.2657951 -0.9640295 0 -0.2657951 -0.7073404 -0 -0.7068731 -0.7073404 0 -0.7068731 -0.2666753 -0 -0.9637864 -0.2666753 0 -0.9637864 -0.9696967 0 0.244312 -0.7229913 0 0.6908572 -0.7229913 0 0.6908572 -0.9696967 0 0.244312 -0.9640295 -0 -0.2657951 -0.9640295 0 -0.2657951 -0.7073404 -0 -0.7068731 -0.7073404 0 -0.7068731 -0.2666753 -0 -0.9637864 -0.2666753 0 -0.9637864 -0.8989535 0 0.438044 -0.8989535 0 0.438044 -0.8989535 0 0.438044 -0.98763 -0 -0.1568029 -0.98763 0 -0.1568029 -0.7191336 -0 -0.6948718 -0.7191336 0 -0.6948718 -0.4768459 -0 -0.8789869 -0.4768459 0 -0.8789869 -0.5228072 0 0.852451 -0.5228072 0 0.852451 -0.5228072 0 0.852451 -0.5228072 0 0.852451 -0.5227988 0 0.8524561 -0.5227988 0 0.8524561 -0.5227988 0 0.8524561 -0.4768383 -0 -0.878991 -0.4768383 -0 -0.878991 -0.4768383 -0 -0.878991 -0.4768383 -0 -0.878991 -0.7256082 0 0.6881081 -0.9587191 0 -0.2843549 -0.6881171 -0 -0.7255997 -0.6881171 0 -0.7255997 -0.9587191 0 -0.2843549 -0.972455 0 0.2330907 -0.972455 0 0.2330907 -0.7256082 0 0.6881081 -0.7256082 0 0.6881081 -0.6881171 -0 -0.7255997 -0.9587132 0 -0.284375 -0.6881171 -0 -0.7255997 -0.6881171 0 -0.7255997 -0.9587132 0 -0.284375 -0.972461 0 0.2330657 -0.972461 0 0.2330657 -0.7255907 0 0.6881265 -0.7255907 0 0.6881265 -0.4768428 0 -0.8789886 -0.4768428 0 -0.8789886 -0.4768428 0 -0.8789886 -0.5227903 0 0.8524613 -0.5227903 0 0.8524613 -0.5227903 0 0.8524613 -0.5227897 0 0.8524617 -0.5227897 0 0.8524617 -0.5227897 0 0.8524617 -0.5227897 0 0.8524617 -0.4768564 -0 -0.8789812 -0.4768564 -0 -0.8789812 -0.4768564 -0 -0.8789812 -0.4768564 -0 -0.8789812 -0.7256477 0 0.6880665 -0.9587191 0 -0.2843549 -0.6880783 -0 -0.7256364 -0.6880783 0 -0.7256364 -0.9587191 0 -0.2843549 -0.972455 0 0.2330907 -0.972455 0 0.2330907 -0.7256477 0 0.6880665 -0.7256477 0 0.6880665 -0.6881171 -0 -0.7255997 -0.9587132 0 -0.284375 -0.6881171 -0 -0.7255997 -0.6881171 0 -0.7255997 -0.9587132 0 -0.284375 -0.972459 0 0.233074 -0.972459 0 0.233074 -0.7255558 0 0.6881633 -0.7255558 0 0.6881633 -0.4768519 -0 -0.8789837 -0.4768519 0 -0.8789837 -0.5227982 0 0.8524565 -0.5227982 0 0.8524565 -0.5227897 0 0.8524617 -0.5227897 0 0.8524617 -0.5227897 0 0.8524617 -0.4768564 0 -0.8789812 -0.4768564 0 -0.8789812 -0.4768564 0 -0.8789812 -0.7255953 0 0.6881217 -0.9587106 0 -0.2843834 -0.6881171 -0 -0.7255997 -0.6881171 0 -0.7255997 -0.9587106 0 -0.2843834 -0.9724589 0 0.2330744 -0.9724589 0 0.2330744 -0.7255953 0 0.6881217 -0.7255953 0 0.6881217 -0.6880589 -0 -0.7256549 -0.9587221 0 -0.2843449 -0.6880589 -0 -0.7256549 -0.6880589 0 -0.7256549 -0.9587221 0 -0.2843449 -0.972455 0 0.2330907 -0.972455 0 0.2330907 -0.7255953 0 0.6881217 -0.7255953 0 0.6881217 -0.4768435 0 -0.8789883 -0.4768435 0 -0.8789883 -0.4768435 0 -0.8789883 -0.5228024 0 0.8524539 -0.5228024 0 0.8524539 -0.5227988 0 0.8524561 -0.5227988 0 0.8524561 -0.5227988 0 0.8524561 -0.5227988 0 0.8524561 -0.4768519 0 -0.8789837 -0.4768519 0 -0.8789837 -0.4768519 0 -0.8789837 -0.7256082 0 0.6881081 -0.9587191 0 -0.2843549 -0.6881171 -0 -0.7255997 -0.6881171 0 -0.7255997 -0.9587191 0 -0.2843549 -0.972455 0 0.2330907 -0.972455 0 0.2330907 -0.7256082 0 0.6881081 -0.7256082 0 0.6881081 -0.6880783 -0 -0.7256364 -0.9587191 0 -0.2843549 -0.6880783 -0 -0.7256364 -0.6880783 0 -0.7256364 -0.9587191 0 -0.2843549 -0.972455 0 0.2330907 -0.972455 0 0.2330907 -0.7255907 0 0.6881265 -0.7255907 0 0.6881265 -0.4768428 0 -0.8789886 -0.4768428 0 -0.8789886 -0.4768428 0 -0.8789886 -0.5228031 0 0.8524535 -0.5228031 0 0.8524535 -0.5228031 0 0.8524535</float_array>
          <technique_common>
            <accessor count="8476" source="#cubenormals-array0-array" stride="3">
              <param type="float" name="X"/>
              <param type="float" name="Y"/>
              <param type="float" name="Z"/>
            </accessor>
          </technique_common>
        </source>
        <vertices id="cubeverts-array0-vertices">
          <input semantic="POSITION" source="#cubeverts-array0"/>
        </vertices>
        <triangles count="8476" material="ref_gr_rh_tip">
          <input offset="0" semantic="VERTEX" source="#cubeverts-array0-vertices"/>
          <input offset="1" semantic="NORMAL" source="#cubenormals-array0"/>
          <p>363 0 353 0 352 0 352 1 353 1 338 1 352 2 338 2 337 2 337 3 338 3 321 3 337 4 321 4 320 4 320 5 321 5 305 5 320 6 305 6 304 6 304 7 305 7 280 7 304 8 280 8 279 8 279 9 280 9 253 9 279 10 253 10 252 10 252 11 253 11 220 11 252 12 220 12 219 12 353 13 363 13 365 13 365 14 363 14 355 14 365 15 355 15 356 15 356 16 355 16 340 16 356 17 340 17 341 17 341 18 340 18 323 18 341 19 323 19 324 19 324 20 323 20 307 20 324 21 307 21 308 21 308 22 307 22 282 22 308 23 282 23 283 23 283 24 282 24 255 24 283 25 255 25 256 25 256 26 255 26 222 26 256 27 222 27 223 27 1908 28 1901 28 1900 28 1900 29 1901 29 1887 29 1900 30 1887 30 1886 30 1886 31 1887 31 1853 31 1886 32 1853 32 1852 32 1852 33 1853 33 1828 33 1852 34 1828 34 1827 34 1827 35 1828 35 1775 35 1827 36 1775 36 1774 36 1774 37 1775 37 1704 37 1774 38 1704 38 1703 38 1703 39 1704 39 1648 39 1703 40 1648 40 1647 40 1901 41 1908 41 1909 41 1909 42 1908 42 1902 42 1909 43 1902 43 1903 43 1903 44 1902 44 1888 44 1903 45 1888 45 1889 45 1889 46 1888 46 1854 46 1889 47 1854 47 1855 47 1855 48 1854 48 1829 48 1855 49 1829 49 1830 49 1830 50 1829 50 1776 50 1830 51 1776 51 1777 51 1777 52 1776 52 1705 52 1777 53 1705 53 1706 53 1706 54 1705 54 1650 54 1706 55 1650 55 1651 55 2221 56 2212 56 2211 56 2211 57 2212 57 2178 57 2211 58 2178 58 2177 58 2177 59 2178 59 2127 59 2177 60 2127 60 2126 60 2126 61 2127 61 2083 61 2126 62 2083 62 2082 62 2082 63 2083 63 2025 63 2082 64 2025 64 2024 64 2024 65 2025 65 1975 65 2024 66 1975 66 1974 66 1974 67 1975 67 1912 67 1974 68 1912 68 1911 68 2212 69 2221 69 2222 69 2222 70 2221 70 2215 70 2222 71 2215 71 2216 71 2216 72 2215 72 2181 72 2216 73 2181 73 2182 73 2182 74 2181 74 2130 74 2182 75 2130 75 2131 75 2131 76 2130 76 2086 76 2131 77 2086 77 2087 77 2087 78 2086 78 2028 78 2087 79 2028 79 2029 79 2029 80 2028 80 1978 80 2029 81 1978 81 1979 81 1979 82 1978 82 1915 82 1979 83 1915 83 1916 83 217 84 252 84 219 84 1888 85 1902 85 1860 85 1193 86 1176 86 1171 86 1757 87 1820 87 1730 87 1730 88 1721 88 1757 88 1650 89 1705 89 1716 89 1650 90 1716 90 1681 90 1650 91 1681 91 1665 91 1650 92 1665 92 1655 92 430 93 22 93 222 93 430 94 222 94 255 94 430 95 255 95 282 95 430 96 282 96 307 96 430 97 307 97 323 97 430 98 323 98 340 98 430 99 340 99 355 99 430 100 355 100 363 100 430 101 363 101 1477 101 430 102 1477 102 1452 102 430 103 1452 103 1430 103 430 104 1430 104 1426 104 430 105 1426 105 623 105 1249 106 1252 106 1426 106 1249 107 1426 107 1432 107 1249 108 1432 108 1454 108 1249 109 1454 109 1479 109 1249 110 1479 110 1528 110 1249 111 1528 111 1566 111 1249 112 1566 112 1604 112 1249 113 1604 113 1650 113 1655 114 1618 114 1541 114 1655 115 1541 115 1444 115 1655 116 1444 116 1390 116 1655 117 1390 117 1352 117 1655 118 1352 118 1312 118 1655 119 1312 119 1261 119 1655 120 1261 120 1233 120 67 121 111 121 116 121 67 122 116 122 102 122 67 123 102 123 89 123 67 124 89 124 79 124 67 125 79 125 3 125 67 126 3 126 2 126 67 127 2 127 8 127 67 128 8 128 14 128 67 129 14 129 20 129 67 130 20 130 26 130 67 131 26 131 29 131 67 132 29 132 32 132 67 133 32 133 35 133 67 134 35 134 53 134 79 135 22 135 15 135 79 136 15 136 9 136 79 137 9 137 3 137 363 138 376 138 392 138 363 139 392 139 413 139 363 140 413 140 540 140 363 141 540 141 716 141 363 142 716 142 891 142 363 143 891 143 1005 143 363 144 1005 144 2468 144 363 145 2468 145 1647 145 363 146 1647 146 1602 146 363 147 1602 147 1564 147 363 148 1564 148 1526 148 363 149 1526 149 1477 149 2468 150 1908 150 1900 150 2468 151 1900 151 1886 151 2468 152 1886 152 1852 152 2468 153 1852 153 1827 153 2468 154 1827 154 1774 154 2468 155 1774 155 1703 155 2468 156 1703 156 1647 156 329 157 376 157 363 157 329 158 363 158 352 158 329 159 352 159 337 159 329 160 337 160 320 160 275 161 329 161 320 161 275 162 320 162 304 162 275 163 304 163 279 163 275 164 279 164 252 164 275 165 252 165 217 165 111 166 162 166 158 166 111 167 158 167 136 167 111 168 136 168 116 168 1908 169 2468 169 2518 169 1908 170 2518 170 2542 170 1908 171 2542 171 2566 171 1908 172 2566 172 2576 172 1908 173 2576 173 2551 173 1908 174 2551 174 2530 174 1908 175 2530 175 2487 175 1908 176 2487 176 2452 176 1908 177 2452 177 2390 177 1908 178 2390 178 2328 178 1908 179 2328 179 2252 179 1908 180 2252 180 2187 180 1908 181 2187 181 2113 181 1908 182 2113 182 2072 182 1908 183 2072 183 2040 183 1908 184 2040 184 2017 184 1908 185 2017 185 2009 185 1908 186 2009 186 1934 186 1908 187 1934 187 1911 187 1908 188 1911 188 1860 188 1908 189 1860 189 1902 189 22 190 79 190 92 190 22 191 92 191 105 191 22 192 105 192 119 192 22 193 119 193 139 193 22 194 139 194 161 194 22 195 161 195 189 195 22 196 189 196 222 196 1426 197 1252 197 1240 197 1426 198 1240 198 1221 198 1426 199 1221 199 1168 199 1426 200 1168 200 1141 200 1426 201 1141 201 1107 201 1426 202 1107 202 1024 202 1426 203 1024 203 854 203 1426 204 854 204 623 204 1934 205 3017 205 2997 205 1934 206 2997 206 2708 206 1934 207 2708 207 2696 207 1934 208 2696 208 2211 208 1934 209 2211 209 2177 209 1934 210 2177 210 2126 210 1934 211 2126 211 2082 211 1934 212 2082 212 2024 212 1934 213 2024 213 1974 213 1934 214 1974 214 1911 214 2221 215 2211 215 2696 215 2221 216 2696 216 2909 216 2221 217 2909 217 2898 217 2221 218 2898 218 2688 218 2221 219 2688 219 2680 219 2221 220 2680 220 2669 220 2221 221 2669 221 2659 221 2221 222 2659 222 2651 222 2221 223 2651 223 2641 223 2221 224 2641 224 2636 224 2221 225 2636 225 2535 225 2221 226 2535 226 2393 226 2221 227 2393 227 2278 227 2221 228 2278 228 2099 228 2099 229 1962 229 2028 229 2099 230 2028 230 2086 230 2099 231 2086 231 2130 231 2099 232 2130 232 2181 232 2099 233 2181 233 2215 233 2099 234 2215 234 2221 234 1618 235 1655 235 1670 235 1618 236 1670 236 1686 236 1618 237 1686 237 1721 237 1618 238 1721 238 1730 238 1233 239 1193 239 1655 239 1655 240 1193 240 1650 240 1193 241 1171 241 1650 241 1650 242 1171 242 1249 242 158 243 162 243 186 243 186 244 162 244 217 244 186 245 217 245 219 245 3001 246 2980 246 2989 246 2989 247 2980 247 2923 247 2989 248 2923 248 2933 248 2933 249 2923 249 2696 249 2933 250 2696 250 2708 250 3017 251 3033 251 2997 251 2997 252 3033 252 3025 252 1888 253 1860 253 1854 253 1854 254 1860 254 1815 254 1854 255 1815 255 1829 255 1829 256 1815 256 1752 256 1829 257 1752 257 1776 257 1776 258 1752 258 1716 258 1776 259 1716 259 1705 259 2750 260 2734 260 2738 260 2738 261 2734 261 2723 261 2738 262 2723 262 2728 262 2723 263 2702 263 2728 263 2728 264 2702 264 2535 264 2728 265 2535 265 2636 265 2844 266 2816 266 2825 266 2825 267 2816 267 2781 267 2825 268 2781 268 2785 268 2785 269 2781 269 2636 269 2785 270 2636 270 2641 270 2870 271 2840 271 2852 271 2852 272 2840 272 2792 272 2852 273 2792 273 2797 273 2797 274 2792 274 2641 274 2797 275 2641 275 2651 275 2894 276 2865 276 2878 276 2878 277 2865 277 2803 277 2878 278 2803 278 2809 278 2809 279 2803 279 2651 279 2809 280 2651 280 2659 280 2919 281 2889 281 2903 281 2903 282 2889 282 2821 282 2903 283 2821 283 2834 283 2834 284 2821 284 2659 284 2834 285 2659 285 2669 285 2943 286 2915 286 2927 286 2927 287 2915 287 2848 287 2927 288 2848 288 2858 288 2858 289 2848 289 2669 289 2858 290 2669 290 2680 290 2962 291 2939 291 2947 291 2947 292 2939 292 2874 292 2947 293 2874 293 2884 293 2884 294 2874 294 2680 294 2884 295 2680 295 2688 295 2985 296 2957 296 2968 296 2968 297 2957 297 2898 297 2968 298 2898 298 2909 298 2028 299 1962 299 1978 299 1978 300 1962 300 1841 300 1978 301 1841 301 1915 301 1915 302 1841 302 1865 302 1865 303 1841 303 1730 303 1865 304 1730 304 1820 304 79 305 91 305 92 305 92 306 91 306 104 306 92 307 104 307 105 307 105 308 104 308 121 308 105 309 121 309 119 309 119 310 121 310 141 310 119 311 141 311 139 311 139 312 141 312 160 312 139 313 160 313 161 313 161 314 160 314 191 314 161 315 191 315 189 315 189 316 191 316 223 316 189 317 223 317 222 317 91 318 79 318 80 318 80 319 79 319 89 319 80 320 89 320 88 320 88 321 89 321 102 321 88 322 102 322 101 322 101 323 102 323 116 323 101 324 116 324 118 324 118 325 116 325 136 325 118 326 136 326 138 326 138 327 136 327 158 327 138 328 158 328 157 328 157 329 158 329 186 329 157 330 186 330 188 330 188 331 186 331 219 331 188 332 219 332 220 332 1566 333 1572 333 1604 333 1535 334 1572 334 1566 334 1528 335 1535 335 1566 335 1486 336 1535 336 1528 336 1479 337 1486 337 1528 337 1462 338 1486 338 1479 338 1454 339 1462 339 1479 339 1439 340 1462 340 1454 340 1432 341 1439 341 1454 341 1428 342 1439 342 1432 342 1426 343 1428 343 1432 343 1427 344 1428 344 1426 344 1430 345 1427 345 1426 345 1430 346 1438 346 1427 346 1438 347 1430 347 1452 347 1452 348 1461 348 1438 348 1461 349 1452 349 1477 349 1477 350 1485 350 1461 350 1485 351 1477 351 1526 351 1526 352 1534 352 1485 352 1534 353 1526 353 1564 353 1564 354 1571 354 1534 354 1571 355 1564 355 1602 355 1572 356 1607 356 1604 356 1604 357 1607 357 1651 357 1604 358 1651 358 1650 358 1571 359 1602 359 1606 359 1606 360 1602 360 1647 360 1606 361 1647 361 1648 361 1655 362 1668 362 1670 362 1670 363 1668 363 1684 363 1670 364 1684 364 1686 364 1686 365 1684 365 1724 365 1686 366 1724 366 1721 366 1721 367 1724 367 1760 367 1721 368 1760 368 1757 368 1757 369 1760 369 1818 369 1757 370 1818 370 1820 370 1820 371 1818 371 1866 371 1820 372 1866 372 1865 372 1865 373 1866 373 1916 373 1865 374 1916 374 1915 374 1668 375 1655 375 1656 375 1656 376 1655 376 1665 376 1656 377 1665 377 1663 377 1663 378 1665 378 1681 378 1663 379 1681 379 1679 379 1679 380 1681 380 1716 380 1679 381 1716 381 1719 381 1719 382 1716 382 1752 382 1719 383 1752 383 1755 383 1755 384 1752 384 1815 384 1755 385 1815 385 1813 385 1813 386 1815 386 1860 386 1813 387 1860 387 1863 387 1863 388 1860 388 1911 388 1863 389 1911 389 1912 389 2702 390 2703 390 2535 390 2535 391 2703 391 2536 391 2535 392 2536 392 2393 392 2393 393 2536 393 2394 393 2393 394 2394 394 2278 394 2278 395 2394 395 2279 395 2278 396 2279 396 2099 396 2099 397 2279 397 2100 397 2099 398 2100 398 1962 398 1962 399 2100 399 1963 399 1962 400 1963 400 1841 400 1841 401 1963 401 1842 401 1841 402 1842 402 1730 402 1730 403 1842 403 1728 403 1730 404 1728 404 1618 404 1618 405 1728 405 1619 405 1618 406 1619 406 1541 406 1541 407 1619 407 1542 407 1541 408 1542 408 1444 408 1444 409 1542 409 1442 409 1444 410 1442 410 1390 410 1390 411 1442 411 1388 411 1390 412 1388 412 1352 412 1352 413 1388 413 1353 413 1352 414 1353 414 1312 414 1312 415 1353 415 1315 415 1312 416 1315 416 1261 416 1261 417 1315 417 1264 417 1261 418 1264 418 1233 418 1233 419 1264 419 1234 419 1233 420 1234 420 1193 420 1193 421 1234 421 1191 421 1193 422 1191 422 1176 422 1176 423 1191 423 1179 423 1176 424 1179 424 1171 424 1171 425 1179 425 1172 425 1250 426 1249 426 1172 426 1172 427 1249 427 1171 427 1141 428 1108 428 1107 428 1107 429 1108 429 1025 429 1107 430 1025 430 1024 430 1024 431 1025 431 855 431 1024 432 855 432 854 432 854 433 855 433 624 433 854 434 624 434 623 434 623 435 624 435 431 435 623 436 431 436 430 436 1108 437 1141 437 1142 437 1142 438 1141 438 1168 438 1142 439 1168 439 1169 439 1169 440 1168 440 1221 440 1169 441 1221 441 1222 441 1222 442 1221 442 1240 442 1222 443 1240 443 1241 443 1241 444 1240 444 1252 444 1241 445 1252 445 1253 445 1253 446 1252 446 1249 446 1253 447 1249 447 1250 447 431 448 23 448 430 448 430 449 23 449 22 449 15 450 11 450 9 450 9 451 11 451 5 451 9 452 5 452 3 452 3 453 5 453 1 453 3 454 1 454 2 454 2 455 1 455 7 455 2 456 7 456 8 456 8 457 7 457 13 457 8 458 13 458 14 458 14 459 13 459 19 459 14 460 19 460 20 460 20 461 19 461 25 461 20 462 25 462 26 462 26 463 25 463 28 463 26 464 28 464 29 464 29 465 28 465 31 465 29 466 31 466 32 466 32 467 31 467 34 467 32 468 34 468 35 468 35 469 34 469 44 469 35 470 44 470 53 470 53 471 44 471 61 471 53 472 61 472 67 472 61 473 76 473 67 473 111 474 67 474 76 474 76 475 130 475 111 475 162 476 111 476 130 476 130 477 185 477 162 477 217 478 162 478 185 478 185 479 240 479 217 479 275 480 217 480 240 480 240 481 294 481 275 481 329 482 275 482 294 482 294 483 345 483 329 483 376 484 329 484 345 484 345 485 380 485 376 485 392 486 376 486 380 486 380 487 399 487 392 487 413 488 392 488 399 488 399 489 419 489 413 489 540 490 413 490 419 490 419 491 566 491 540 491 716 492 540 492 566 492 566 493 736 493 716 493 891 494 716 494 736 494 22 495 23 495 15 495 15 496 23 496 17 496 15 497 17 497 11 497 1006 498 1005 498 896 498 896 499 1005 499 891 499 896 500 891 500 736 500 2469 501 2468 501 1006 501 1006 502 2468 502 1005 502 2468 503 2469 503 2518 503 2518 504 2469 504 2517 504 2518 505 2517 505 2542 505 2542 506 2517 506 2544 506 2542 507 2544 507 2566 507 2566 508 2544 508 2568 508 2566 509 2568 509 2576 509 2576 510 2568 510 2575 510 2576 511 2575 511 2551 511 2551 512 2575 512 2550 512 2551 513 2550 513 2530 513 2530 514 2550 514 2529 514 2530 515 2529 515 2487 515 2487 516 2529 516 2486 516 2487 517 2486 517 2452 517 2452 518 2486 518 2454 518 2452 519 2454 519 2390 519 2390 520 2454 520 2391 520 2390 521 2391 521 2328 521 2328 522 2391 522 2327 522 2328 523 2327 523 2252 523 2252 524 2327 524 2253 524 2072 525 2041 525 2040 525 2040 526 2041 526 2018 526 2040 527 2018 527 2017 527 2017 528 2018 528 2010 528 2017 529 2010 529 2009 529 2041 530 2072 530 2074 530 2074 531 2072 531 2113 531 2074 532 2113 532 2114 532 2114 533 2113 533 2187 533 2114 534 2187 534 2188 534 2188 535 2187 535 2252 535 2188 536 2252 536 2253 536 2010 537 1935 537 2009 537 2009 538 1935 538 1934 538 3018 539 3017 539 1935 539 1935 540 3017 540 1934 540 353 541 345 541 338 541 130 542 138 542 157 542 1863 543 1903 543 1889 543 1172 544 1179 544 1191 544 1728 545 1818 545 1760 545 1760 546 1724 546 1728 546 1651 547 1656 547 1663 547 1651 548 1663 548 1679 548 1651 549 1679 549 1719 549 1651 550 1719 550 1706 550 431 551 624 551 1428 551 431 552 1428 552 1427 552 431 553 1427 553 365 553 431 554 365 554 356 554 431 555 356 555 341 555 431 556 341 556 324 556 431 557 324 557 308 557 431 558 308 558 283 558 431 559 283 559 256 559 431 560 256 560 223 560 431 561 223 561 23 561 1250 562 1651 562 1607 562 1250 563 1607 563 1572 563 1250 564 1572 564 1535 564 1250 565 1535 565 1486 565 1250 566 1486 566 1462 566 1250 567 1462 567 1439 567 1250 568 1439 568 1428 568 1656 569 1234 569 1264 569 1656 570 1264 570 1315 570 1656 571 1315 571 1353 571 1656 572 1353 572 1388 572 1656 573 1388 573 1442 573 1656 574 1442 574 1542 574 1656 575 1542 575 1619 575 1428 576 624 576 855 576 1428 577 855 577 1025 577 1428 578 1025 578 1108 578 1428 579 1108 579 1142 579 1428 580 1142 580 1169 580 1428 581 1169 581 1222 581 1428 582 1222 582 1241 582 1428 583 1241 583 1253 583 1428 584 1253 584 1250 584 76 585 61 585 44 585 76 586 44 586 34 586 76 587 34 587 31 587 76 588 31 588 28 588 76 589 28 589 25 589 76 590 25 590 19 590 76 591 19 591 13 591 76 592 13 592 7 592 76 593 7 593 1 593 76 594 1 594 5 594 76 595 5 595 80 595 76 596 80 596 88 596 76 597 88 597 101 597 76 598 101 598 118 598 76 599 118 599 138 599 76 600 138 600 130 600 80 601 5 601 11 601 80 602 11 602 17 602 80 603 17 603 23 603 365 604 1427 604 1438 604 365 605 1438 605 1461 605 365 606 1461 606 1485 606 365 607 1485 607 1534 607 365 608 1534 608 1571 608 365 609 1571 609 1606 609 365 610 1606 610 1648 610 365 611 1648 611 2469 611 365 612 2469 612 1006 612 365 613 1006 613 896 613 365 614 896 614 736 614 365 615 736 615 566 615 365 616 566 616 419 616 365 617 419 617 399 617 365 618 399 618 380 618 365 619 380 619 345 619 365 620 345 620 353 620 2469 621 1648 621 1704 621 2469 622 1704 622 1775 622 2469 623 1775 623 1828 623 2469 624 1828 624 1853 624 2469 625 1853 625 1887 625 2469 626 1887 626 1901 626 2469 627 1901 627 1909 627 294 628 240 628 280 628 294 629 280 629 305 629 294 630 305 630 321 630 294 631 321 631 338 631 294 632 338 632 345 632 1909 633 1903 633 1863 633 1909 634 1863 634 1912 634 1909 635 1912 635 1935 635 1909 636 1935 636 2010 636 1909 637 2010 637 2018 637 1909 638 2018 638 2041 638 1909 639 2041 639 2074 639 1909 640 2074 640 2114 640 1909 641 2114 641 2188 641 1909 642 2188 642 2253 642 1909 643 2253 643 2327 643 1909 644 2327 644 2391 644 1909 645 2391 645 2454 645 1909 646 2454 646 2486 646 1909 647 2486 647 2529 647 1909 648 2529 648 2550 648 1909 649 2550 649 2575 649 1909 650 2575 650 2568 650 1909 651 2568 651 2544 651 1909 652 2544 652 2517 652 1909 653 2517 653 2469 653 23 654 223 654 191 654 23 655 191 655 160 655 23 656 160 656 141 656 23 657 141 657 121 657 23 658 121 658 104 658 23 659 104 659 91 659 23 660 91 660 80 660 1935 661 1912 661 1975 661 1935 662 1975 662 2025 662 1935 663 2025 663 2083 663 1935 664 2083 664 2127 664 1935 665 2127 665 2178 665 1935 666 2178 666 2212 666 1935 667 2212 667 2697 667 1935 668 2697 668 2709 668 1935 669 2709 669 2998 669 1935 670 2998 670 3018 670 2222 671 2100 671 2279 671 2222 672 2279 672 2394 672 2222 673 2394 673 2536 673 2222 674 2536 674 2637 674 2222 675 2637 675 2642 675 2222 676 2642 676 2652 676 2222 677 2652 677 2660 677 2222 678 2660 678 2670 678 2222 679 2670 679 2681 679 2222 680 2681 680 2689 680 2222 681 2689 681 2899 681 2222 682 2899 682 2910 682 2222 683 2910 683 2697 683 2222 684 2697 684 2212 684 2100 685 2222 685 2216 685 2100 686 2216 686 2182 686 2100 687 2182 687 2131 687 2100 688 2131 688 2087 688 2100 689 2087 689 2029 689 2100 690 2029 690 1963 690 1619 691 1728 691 1724 691 1619 692 1724 692 1684 692 1619 693 1684 693 1668 693 1619 694 1668 694 1656 694 1234 695 1656 695 1191 695 1191 696 1656 696 1651 696 1191 697 1651 697 1172 697 1172 698 1651 698 1250 698 185 699 220 699 240 699 240 700 220 700 253 700 240 701 253 701 280 701 130 702 157 702 185 702 185 703 157 703 188 703 185 704 188 704 220 704 2709 705 2697 705 2934 705 2934 706 2697 706 2924 706 2934 707 2924 707 2990 707 2990 708 2924 708 2981 708 2990 709 2981 709 3002 709 3018 710 2998 710 3034 710 3034 711 2998 711 3026 711 1706 712 1719 712 1777 712 1777 713 1719 713 1755 713 1777 714 1755 714 1830 714 1830 715 1755 715 1813 715 1830 716 1813 716 1855 716 1855 717 1813 717 1863 717 1855 718 1863 718 1889 718 2729 719 2724 719 2739 719 2739 720 2724 720 2735 720 2739 721 2735 721 2751 721 2637 722 2536 722 2729 722 2729 723 2536 723 2703 723 2729 724 2703 724 2724 724 2642 725 2637 725 2786 725 2786 726 2637 726 2782 726 2786 727 2782 727 2826 727 2826 728 2782 728 2817 728 2826 729 2817 729 2845 729 2652 730 2642 730 2798 730 2798 731 2642 731 2793 731 2798 732 2793 732 2853 732 2853 733 2793 733 2841 733 2853 734 2841 734 2871 734 2660 735 2652 735 2810 735 2810 736 2652 736 2804 736 2810 737 2804 737 2879 737 2879 738 2804 738 2866 738 2879 739 2866 739 2895 739 2670 740 2660 740 2835 740 2835 741 2660 741 2822 741 2835 742 2822 742 2904 742 2904 743 2822 743 2890 743 2904 744 2890 744 2920 744 2681 745 2670 745 2859 745 2859 746 2670 746 2849 746 2859 747 2849 747 2928 747 2928 748 2849 748 2916 748 2928 749 2916 749 2944 749 2689 750 2681 750 2885 750 2885 751 2681 751 2875 751 2885 752 2875 752 2948 752 2948 753 2875 753 2940 753 2948 754 2940 754 2963 754 2910 755 2899 755 2969 755 2969 756 2899 756 2958 756 2969 757 2958 757 2986 757 1916 758 1842 758 1979 758 1979 759 1842 759 1963 759 1979 760 1963 760 2029 760 1818 761 1728 761 1866 761 1866 762 1728 762 1842 762 1866 763 1842 763 1916 763 2728 764 2729 764 2738 764 2738 765 2729 765 2739 765 2738 766 2739 766 2750 766 2750 767 2739 767 2751 767 2750 768 2751 768 2734 768 2734 769 2751 769 2735 769 2734 770 2735 770 2723 770 2723 771 2735 771 2724 771 2723 772 2724 772 2702 772 2702 773 2724 773 2703 773 3017 774 3018 774 3033 774 3033 775 3018 775 3034 775 3033 776 3034 776 3025 776 3025 777 3034 777 3026 777 3025 778 3026 778 2997 778 2997 779 3026 779 2998 779 2709 780 2708 780 2998 780 2998 781 2708 781 2997 781 2729 782 2728 782 2637 782 2637 783 2728 783 2636 783 2934 784 2933 784 2709 784 2709 785 2933 785 2708 785 2637 786 2636 786 2782 786 2782 787 2636 787 2781 787 2924 788 2923 788 2981 788 2981 789 2923 789 2980 789 2981 790 2980 790 3002 790 3002 791 2980 791 3001 791 3002 792 3001 792 2990 792 2990 793 3001 793 2989 793 2990 794 2989 794 2934 794 2934 795 2989 795 2933 795 2782 796 2781 796 2817 796 2817 797 2781 797 2816 797 2817 798 2816 798 2845 798 2845 799 2816 799 2844 799 2845 800 2844 800 2826 800 2826 801 2844 801 2825 801 2826 802 2825 802 2786 802 2786 803 2825 803 2785 803 2697 804 2696 804 2924 804 2924 805 2696 805 2923 805 2786 806 2785 806 2642 806 2642 807 2785 807 2641 807 2910 808 2909 808 2697 808 2697 809 2909 809 2696 809 2642 810 2641 810 2793 810 2793 811 2641 811 2792 811 2899 812 2898 812 2958 812 2958 813 2898 813 2957 813 2958 814 2957 814 2986 814 2986 815 2957 815 2985 815 2986 816 2985 816 2969 816 2969 817 2985 817 2968 817 2969 818 2968 818 2910 818 2910 819 2968 819 2909 819 2793 820 2792 820 2841 820 2841 821 2792 821 2840 821 2841 822 2840 822 2871 822 2871 823 2840 823 2870 823 2871 824 2870 824 2853 824 2853 825 2870 825 2852 825 2853 826 2852 826 2798 826 2798 827 2852 827 2797 827 2689 828 2688 828 2899 828 2899 829 2688 829 2898 829 2798 830 2797 830 2652 830 2652 831 2797 831 2651 831 2885 832 2884 832 2689 832 2689 833 2884 833 2688 833 2652 834 2651 834 2804 834 2804 835 2651 835 2803 835 2875 836 2874 836 2940 836 2940 837 2874 837 2939 837 2940 838 2939 838 2963 838 2963 839 2939 839 2962 839 2963 840 2962 840 2948 840 2948 841 2962 841 2947 841 2948 842 2947 842 2885 842 2885 843 2947 843 2884 843 2804 844 2803 844 2866 844 2866 845 2803 845 2865 845 2866 846 2865 846 2895 846 2895 847 2865 847 2894 847 2895 848 2894 848 2879 848 2879 849 2894 849 2878 849 2879 850 2878 850 2810 850 2810 851 2878 851 2809 851 2681 852 2680 852 2875 852 2875 853 2680 853 2874 853 2810 854 2809 854 2660 854 2660 855 2809 855 2659 855 2859 856 2858 856 2681 856 2681 857 2858 857 2680 857 2660 858 2659 858 2822 858 2822 859 2659 859 2821 859 2849 860 2848 860 2916 860 2916 861 2848 861 2915 861 2916 862 2915 862 2944 862 2944 863 2915 863 2943 863 2944 864 2943 864 2928 864 2928 865 2943 865 2927 865 2928 866 2927 866 2859 866 2859 867 2927 867 2858 867 2822 868 2821 868 2890 868 2890 869 2821 869 2889 869 2890 870 2889 870 2920 870 2920 871 2889 871 2919 871 2920 872 2919 872 2904 872 2904 873 2919 873 2903 873 2904 874 2903 874 2835 874 2835 875 2903 875 2834 875 2670 876 2669 876 2849 876 2849 877 2669 877 2848 877 2835 878 2834 878 2670 878 2670 879 2834 879 2669 879 1766 880 1774 880 1703 880 1774 881 1766 881 1822 881 1822 882 1827 882 1774 882 1827 883 1822 883 1846 883 1846 884 1852 884 1827 884 1852 885 1846 885 1880 885 1880 886 1886 886 1852 886 1886 887 1880 887 1894 887 1894 888 1900 888 1886 888 1900 889 1894 889 1906 889 1906 890 1908 890 1900 890 1907 891 1908 891 1906 891 1902 892 1908 892 1907 892 1895 893 1902 893 1907 893 1888 894 1902 894 1895 894 1881 895 1888 895 1895 895 1854 896 1888 896 1881 896 1847 897 1854 897 1881 897 1829 898 1854 898 1847 898 1823 899 1829 899 1847 899 1776 900 1829 900 1823 900 1767 901 1776 901 1823 901 1705 902 1776 902 1767 902 1766 903 1703 903 1700 903 1700 904 1703 904 1647 904 1700 905 1647 905 1646 905 1767 906 1701 906 1705 906 1705 907 1701 907 1649 907 1705 908 1649 908 1650 908 362 909 352 909 351 909 351 910 352 910 337 910 351 911 337 911 336 911 336 912 337 912 320 912 336 913 320 913 319 913 319 914 320 914 304 914 319 915 304 915 303 915 303 916 304 916 279 916 303 917 279 917 278 917 278 918 279 918 252 918 278 919 252 919 251 919 251 920 252 920 219 920 251 921 219 921 218 921 352 922 362 922 364 922 364 923 362 923 354 923 364 924 354 924 355 924 355 925 354 925 339 925 355 926 339 926 340 926 340 927 339 927 322 927 340 928 322 928 323 928 323 929 322 929 306 929 323 930 306 930 307 930 307 931 306 931 281 931 307 932 281 932 282 932 282 933 281 933 254 933 282 934 254 934 255 934 255 935 254 935 221 935 255 936 221 936 222 936 2014 937 2024 937 1974 937 2024 938 2014 938 2070 938 2070 939 2082 939 2024 939 2082 940 2070 940 2116 940 2116 941 2126 941 2082 941 2126 942 2116 942 2158 942 2158 943 2177 943 2126 943 2177 944 2158 944 2201 944 2201 945 2211 945 2177 945 2211 946 2201 946 2218 946 2218 947 2221 947 2211 947 2221 948 2218 948 2219 948 2219 949 2215 949 2221 949 2202 950 2215 950 2219 950 2181 951 2215 951 2202 951 2160 952 2181 952 2202 952 2130 953 2181 953 2160 953 2117 954 2130 954 2160 954 2086 955 2130 955 2117 955 2071 956 2086 956 2117 956 2028 957 2086 957 2071 957 2015 958 2028 958 2071 958 1978 959 2028 959 2015 959 2014 960 1974 960 1970 960 1970 961 1974 961 1911 961 1970 962 1911 962 1910 962 2015 963 1971 963 1978 963 1978 964 1971 964 1914 964 1978 965 1914 965 1915 965 219 966 252 966 217 966 1860 967 1902 967 1888 967 1171 968 1176 968 1193 968 1730 969 1820 969 1757 969 1757 970 1721 970 1730 970 1650 971 1655 971 1665 971 1650 972 1665 972 1681 972 1650 973 1681 973 1716 973 1650 974 1716 974 1705 974 430 975 623 975 1426 975 430 976 1426 976 1430 976 430 977 1430 977 364 977 430 978 364 978 355 978 430 979 355 979 340 979 430 980 340 980 323 980 430 981 323 981 307 981 430 982 307 982 282 982 430 983 282 983 255 983 430 984 255 984 222 984 430 985 222 985 22 985 1249 986 1650 986 1604 986 1249 987 1604 987 1566 987 1249 988 1566 988 1528 988 1249 989 1528 989 1479 989 1249 990 1479 990 1454 990 1249 991 1454 991 1432 991 1249 992 1432 992 1426 992 1249 993 1426 993 1252 993 1655 994 1233 994 1261 994 1655 995 1261 995 1312 995 1655 996 1312 996 1352 996 1655 997 1352 997 1390 997 1655 998 1390 998 1444 998 1655 999 1444 999 1541 999 1655 1000 1541 1000 1618 1000 67 1001 53 1001 35 1001 67 1002 35 1002 32 1002 67 1003 32 1003 29 1003 67 1004 29 1004 26 1004 67 1005 26 1005 20 1005 67 1006 20 1006 14 1006 67 1007 14 1007 8 1007 67 1008 8 1008 2 1008 67 1009 2 1009 3 1009 67 1010 3 1010 79 1010 67 1011 79 1011 89 1011 67 1012 89 1012 102 1012 67 1013 102 1013 116 1013 67 1014 116 1014 111 1014 79 1015 3 1015 9 1015 79 1016 9 1016 15 1016 79 1017 15 1017 22 1017 364 1018 1430 1018 1452 1018 364 1019 1452 1019 1477 1019 364 1020 1477 1020 1526 1020 364 1021 1526 1021 1564 1021 364 1022 1564 1022 1602 1022 364 1023 1602 1023 1647 1023 364 1024 1647 1024 2468 1024 364 1025 2468 1025 1005 1025 364 1026 1005 1026 891 1026 364 1027 891 1027 716 1027 364 1028 716 1028 540 1028 364 1029 540 1029 413 1029 364 1030 413 1030 392 1030 364 1031 392 1031 376 1031 2468 1032 1647 1032 1703 1032 2468 1033 1703 1033 1774 1033 2468 1034 1774 1034 1827 1034 2468 1035 1827 1035 1852 1035 2468 1036 1852 1036 1886 1036 2468 1037 1886 1037 1900 1037 2468 1038 1900 1038 1908 1038 329 1039 320 1039 337 1039 329 1040 337 1040 352 1040 329 1041 352 1041 364 1041 329 1042 364 1042 376 1042 275 1043 217 1043 252 1043 275 1044 252 1044 279 1044 275 1045 279 1045 304 1045 275 1046 304 1046 320 1046 275 1047 320 1047 329 1047 111 1048 116 1048 136 1048 111 1049 136 1049 158 1049 111 1050 158 1050 162 1050 1908 1051 1902 1051 1860 1051 1908 1052 1860 1052 1911 1052 1908 1053 1911 1053 1934 1053 1908 1054 1934 1054 2009 1054 1908 1055 2009 1055 2017 1055 1908 1056 2017 1056 2040 1056 1908 1057 2040 1057 2072 1057 1908 1058 2072 1058 2113 1058 1908 1059 2113 1059 2187 1059 1908 1060 2187 1060 2252 1060 1908 1061 2252 1061 2328 1061 1908 1062 2328 1062 2390 1062 1908 1063 2390 1063 2452 1063 1908 1064 2452 1064 2487 1064 1908 1065 2487 1065 2530 1065 1908 1066 2530 1066 2551 1066 1908 1067 2551 1067 2576 1067 1908 1068 2576 1068 2566 1068 1908 1069 2566 1069 2542 1069 1908 1070 2542 1070 2518 1070 1908 1071 2518 1071 2468 1071 22 1072 222 1072 189 1072 22 1073 189 1073 161 1073 22 1074 161 1074 139 1074 22 1075 139 1075 119 1075 22 1076 119 1076 105 1076 22 1077 105 1077 92 1077 22 1078 92 1078 79 1078 1426 1079 623 1079 854 1079 1426 1080 854 1080 1024 1080 1426 1081 1024 1081 1107 1081 1426 1082 1107 1082 1141 1082 1426 1083 1141 1083 1168 1083 1426 1084 1168 1084 1221 1084 1426 1085 1221 1085 1240 1085 1426 1086 1240 1086 1252 1086 1934 1087 1911 1087 1974 1087 1934 1088 1974 1088 2024 1088 1934 1089 2024 1089 2082 1089 1934 1090 2082 1090 2126 1090 1934 1091 2126 1091 2177 1091 1934 1092 2177 1092 2211 1092 1934 1093 2211 1093 2696 1093 1934 1094 2696 1094 2708 1094 1934 1095 2708 1095 2997 1095 1934 1096 2997 1096 3017 1096 2221 1097 2099 1097 2278 1097 2221 1098 2278 1098 2393 1098 2221 1099 2393 1099 2535 1099 2221 1100 2535 1100 2636 1100 2221 1101 2636 1101 2641 1101 2221 1102 2641 1102 2651 1102 2221 1103 2651 1103 2659 1103 2221 1104 2659 1104 2669 1104 2221 1105 2669 1105 2680 1105 2221 1106 2680 1106 2688 1106 2221 1107 2688 1107 2898 1107 2221 1108 2898 1108 2909 1108 2221 1109 2909 1109 2696 1109 2221 1110 2696 1110 2211 1110 2099 1111 2221 1111 2215 1111 2099 1112 2215 1112 2181 1112 2099 1113 2181 1113 2130 1113 2099 1114 2130 1114 2086 1114 2099 1115 2086 1115 2028 1115 2099 1116 2028 1116 1962 1116 1618 1117 1730 1117 1721 1117 1618 1118 1721 1118 1686 1118 1618 1119 1686 1119 1670 1119 1618 1120 1670 1120 1655 1120 1233 1121 1655 1121 1193 1121 1193 1122 1655 1122 1650 1122 1193 1123 1650 1123 1171 1123 1171 1124 1650 1124 1249 1124 219 1125 217 1125 186 1125 186 1126 217 1126 162 1126 186 1127 162 1127 158 1127 2708 1128 2696 1128 2933 1128 2933 1129 2696 1129 2923 1129 2933 1130 2923 1130 2989 1130 2989 1131 2923 1131 2980 1131 2989 1132 2980 1132 3001 1132 3017 1133 2997 1133 3033 1133 3033 1134 2997 1134 3025 1134 1705 1135 1716 1135 1776 1135 1776 1136 1716 1136 1752 1136 1776 1137 1752 1137 1829 1137 1829 1138 1752 1138 1815 1138 1829 1139 1815 1139 1854 1139 1854 1140 1815 1140 1860 1140 1854 1141 1860 1141 1888 1141 2728 1142 2723 1142 2738 1142 2738 1143 2723 1143 2734 1143 2738 1144 2734 1144 2750 1144 2636 1145 2535 1145 2728 1145 2728 1146 2535 1146 2702 1146 2728 1147 2702 1147 2723 1147 2641 1148 2636 1148 2785 1148 2785 1149 2636 1149 2781 1149 2785 1150 2781 1150 2825 1150 2825 1151 2781 1151 2816 1151 2825 1152 2816 1152 2844 1152 2651 1153 2641 1153 2797 1153 2797 1154 2641 1154 2792 1154 2797 1155 2792 1155 2852 1155 2852 1156 2792 1156 2840 1156 2852 1157 2840 1157 2870 1157 2659 1158 2651 1158 2809 1158 2809 1159 2651 1159 2803 1159 2809 1160 2803 1160 2878 1160 2878 1161 2803 1161 2865 1161 2878 1162 2865 1162 2894 1162 2669 1163 2659 1163 2834 1163 2834 1164 2659 1164 2821 1164 2834 1165 2821 1165 2903 1165 2903 1166 2821 1166 2889 1166 2903 1167 2889 1167 2919 1167 2680 1168 2669 1168 2858 1168 2858 1169 2669 1169 2848 1169 2858 1170 2848 1170 2927 1170 2927 1171 2848 1171 2915 1171 2927 1172 2915 1172 2943 1172 2688 1173 2680 1173 2884 1173 2884 1174 2680 1174 2874 1174 2884 1175 2874 1175 2947 1175 2947 1176 2874 1176 2939 1176 2947 1177 2939 1177 2962 1177 2909 1178 2898 1178 2968 1178 2968 1179 2898 1179 2957 1179 2968 1180 2957 1180 2985 1180 1915 1181 1841 1181 1978 1181 1978 1182 1841 1182 1962 1182 1978 1183 1962 1183 2028 1183 1820 1184 1730 1184 1865 1184 1865 1185 1730 1185 1841 1185 1865 1186 1841 1186 1915 1186 1425 1187 1432 1187 1431 1187 1431 1188 1432 1188 1454 1188 1431 1189 1454 1189 1453 1189 1453 1190 1454 1190 1479 1190 1453 1191 1479 1191 1480 1191 1480 1192 1479 1192 1528 1192 1480 1193 1528 1193 1529 1193 1529 1194 1528 1194 1566 1194 1529 1195 1566 1195 1565 1195 1565 1196 1566 1196 1604 1196 1565 1197 1604 1197 1605 1197 1605 1198 1604 1198 1650 1198 1605 1199 1650 1199 1649 1199 1432 1200 1425 1200 1426 1200 1426 1201 1425 1201 1429 1201 1426 1202 1429 1202 1430 1202 1430 1203 1429 1203 1451 1203 1430 1204 1451 1204 1452 1204 1452 1205 1451 1205 1478 1205 1452 1206 1478 1206 1477 1206 1477 1207 1478 1207 1527 1207 1477 1208 1527 1208 1526 1208 1526 1209 1527 1209 1563 1209 1526 1210 1563 1210 1564 1210 1564 1211 1563 1211 1603 1211 1564 1212 1603 1212 1602 1212 1602 1213 1603 1213 1646 1213 1602 1214 1646 1214 1647 1214 78 1215 92 1215 90 1215 90 1216 92 1216 105 1216 90 1217 105 1217 103 1217 103 1218 105 1218 119 1218 103 1219 119 1219 120 1219 120 1220 119 1220 139 1220 120 1221 139 1221 140 1221 140 1222 139 1222 161 1222 140 1223 161 1223 159 1223 159 1224 161 1224 189 1224 159 1225 189 1225 190 1225 190 1226 189 1226 222 1226 190 1227 222 1227 221 1227 92 1228 78 1228 79 1228 79 1229 78 1229 87 1229 79 1230 87 1230 89 1230 89 1231 87 1231 100 1231 89 1232 100 1232 102 1232 102 1233 100 1233 117 1233 102 1234 117 1234 116 1234 116 1235 117 1235 137 1235 116 1236 137 1236 136 1236 136 1237 137 1237 156 1237 136 1238 156 1238 158 1238 158 1239 156 1239 187 1239 158 1240 187 1240 186 1240 186 1241 187 1241 218 1241 186 1242 218 1242 219 1242 1654 1243 1670 1243 1667 1243 1667 1244 1670 1244 1686 1244 1667 1245 1686 1245 1683 1245 1683 1246 1686 1246 1721 1246 1683 1247 1721 1247 1723 1247 1723 1248 1721 1248 1757 1248 1723 1249 1757 1249 1759 1249 1759 1250 1757 1250 1820 1250 1759 1251 1820 1251 1817 1251 1817 1252 1820 1252 1865 1252 1817 1253 1865 1253 1864 1253 1864 1254 1865 1254 1915 1254 1864 1255 1915 1255 1914 1255 1670 1256 1654 1256 1655 1256 1655 1257 1654 1257 1662 1257 1655 1258 1662 1258 1665 1258 1665 1259 1662 1259 1678 1259 1665 1260 1678 1260 1681 1260 1681 1261 1678 1261 1718 1261 1681 1262 1718 1262 1716 1262 1716 1263 1718 1263 1754 1263 1716 1264 1754 1264 1752 1264 1752 1265 1754 1265 1812 1265 1752 1266 1812 1266 1815 1266 1815 1267 1812 1267 1862 1267 1815 1268 1862 1268 1860 1268 1860 1269 1862 1269 1910 1269 1860 1270 1910 1270 1911 1270 2701 1271 2702 1271 2533 1271 2533 1272 2702 1272 2535 1272 2533 1273 2535 1273 2392 1273 2392 1274 2535 1274 2393 1274 2392 1275 2393 1275 2277 1275 2277 1276 2393 1276 2278 1276 2277 1277 2278 1277 2098 1277 2098 1278 2278 1278 2099 1278 2098 1279 2099 1279 1961 1279 1961 1280 2099 1280 1962 1280 1961 1281 1962 1281 1840 1281 1840 1282 1962 1282 1841 1282 1840 1283 1841 1283 1727 1283 1727 1284 1841 1284 1730 1284 1727 1285 1730 1285 1617 1285 1617 1286 1730 1286 1618 1286 1617 1287 1618 1287 1540 1287 1540 1288 1618 1288 1541 1288 1540 1289 1541 1289 1441 1289 1441 1290 1541 1290 1444 1290 1441 1291 1444 1291 1387 1291 1387 1292 1444 1292 1390 1292 1387 1293 1390 1293 1351 1293 1351 1294 1390 1294 1352 1294 1351 1295 1352 1295 1314 1295 1314 1296 1352 1296 1312 1296 1314 1297 1312 1297 1263 1297 1263 1298 1312 1298 1261 1298 1263 1299 1261 1299 1232 1299 1232 1300 1261 1300 1233 1300 1232 1301 1233 1301 1190 1301 1190 1302 1233 1302 1193 1302 1190 1303 1193 1303 1178 1303 1178 1304 1193 1304 1176 1304 1178 1305 1176 1305 1170 1305 1170 1306 1176 1306 1171 1306 1249 1307 1248 1307 1171 1307 1171 1308 1248 1308 1170 1308 1140 1309 1107 1309 1106 1309 1106 1310 1107 1310 1024 1310 1106 1311 1024 1311 1023 1311 1023 1312 1024 1312 854 1312 1023 1313 854 1313 853 1313 853 1314 854 1314 623 1314 853 1315 623 1315 622 1315 622 1316 623 1316 430 1316 622 1317 430 1317 429 1317 1107 1318 1140 1318 1141 1318 1141 1319 1140 1319 1167 1319 1141 1320 1167 1320 1168 1320 1168 1321 1167 1321 1220 1321 1168 1322 1220 1322 1221 1322 1221 1323 1220 1323 1239 1323 1221 1324 1239 1324 1240 1324 1240 1325 1239 1325 1251 1325 1240 1326 1251 1326 1252 1326 1252 1327 1251 1327 1248 1327 1252 1328 1248 1328 1249 1328 430 1329 22 1329 429 1329 429 1330 22 1330 21 1330 15 1331 9 1331 10 1331 4 1332 10 1332 9 1332 9 1333 3 1333 4 1333 0 1334 4 1334 3 1334 3 1335 2 1335 0 1335 6 1336 0 1336 2 1336 2 1337 8 1337 6 1337 12 1338 6 1338 8 1338 8 1339 14 1339 12 1339 18 1340 12 1340 14 1340 14 1341 20 1341 18 1341 24 1342 18 1342 20 1342 20 1343 26 1343 24 1343 27 1344 24 1344 26 1344 26 1345 29 1345 27 1345 30 1346 27 1346 29 1346 29 1347 32 1347 30 1347 33 1348 30 1348 32 1348 32 1349 35 1349 33 1349 43 1350 33 1350 35 1350 35 1351 53 1351 43 1351 60 1352 43 1352 53 1352 53 1353 67 1353 60 1353 60 1354 67 1354 75 1354 75 1355 67 1355 111 1355 75 1356 111 1356 129 1356 129 1357 111 1357 162 1357 129 1358 162 1358 184 1358 184 1359 162 1359 217 1359 184 1360 217 1360 239 1360 239 1361 217 1361 275 1361 239 1362 275 1362 293 1362 293 1363 275 1363 329 1363 293 1364 329 1364 344 1364 344 1365 329 1365 376 1365 344 1366 376 1366 379 1366 379 1367 376 1367 392 1367 379 1368 392 1368 398 1368 398 1369 392 1369 413 1369 398 1370 413 1370 418 1370 418 1371 413 1371 540 1371 418 1372 540 1372 565 1372 565 1373 540 1373 716 1373 565 1374 716 1374 735 1374 735 1375 716 1375 891 1375 21 1376 22 1376 16 1376 16 1377 22 1377 15 1377 16 1378 15 1378 10 1378 1005 1379 1004 1379 891 1379 891 1380 1004 1380 895 1380 891 1381 895 1381 735 1381 2468 1382 2467 1382 1005 1382 1005 1383 2467 1383 1004 1383 2467 1384 2468 1384 2516 1384 2516 1385 2468 1385 2518 1385 2516 1386 2518 1386 2543 1386 2543 1387 2518 1387 2542 1387 2543 1388 2542 1388 2567 1388 2567 1389 2542 1389 2566 1389 2567 1390 2566 1390 2574 1390 2574 1391 2566 1391 2576 1391 2574 1392 2576 1392 2549 1392 2549 1393 2576 1393 2551 1393 2549 1394 2551 1394 2528 1394 2528 1395 2551 1395 2530 1395 2528 1396 2530 1396 2485 1396 2485 1397 2530 1397 2487 1397 2485 1398 2487 1398 2453 1398 2453 1399 2487 1399 2452 1399 2453 1400 2452 1400 2389 1400 2389 1401 2452 1401 2390 1401 2389 1402 2390 1402 2326 1402 2326 1403 2390 1403 2328 1403 2326 1404 2328 1404 2251 1404 2251 1405 2328 1405 2252 1405 2073 1406 2040 1406 2039 1406 2039 1407 2040 1407 2017 1407 2039 1408 2017 1408 2016 1408 2016 1409 2017 1409 2009 1409 2016 1410 2009 1410 2008 1410 2040 1411 2073 1411 2072 1411 2072 1412 2073 1412 2112 1412 2072 1413 2112 1413 2113 1413 2113 1414 2112 1414 2186 1414 2113 1415 2186 1415 2187 1415 2187 1416 2186 1416 2251 1416 2187 1417 2251 1417 2252 1417 2009 1418 1934 1418 2008 1418 2008 1419 1934 1419 1933 1419 3017 1420 3016 1420 1934 1420 1934 1421 3016 1421 1933 1421 336 1422 344 1422 351 1422 156 1423 137 1423 129 1423 2218 1424 2201 1424 2695 1424 1190 1425 1178 1425 1170 1425 1759 1426 1817 1426 1727 1426 1727 1427 1723 1427 1759 1427 1649 1428 1701 1428 1718 1428 1649 1429 1718 1429 1678 1429 1649 1430 1678 1430 1662 1430 1649 1431 1662 1431 1654 1431 429 1432 21 1432 221 1432 429 1433 221 1433 254 1433 429 1434 254 1434 281 1434 429 1435 281 1435 306 1435 429 1436 306 1436 322 1436 429 1437 322 1437 339 1437 429 1438 339 1438 354 1438 429 1439 354 1439 362 1439 429 1440 362 1440 1478 1440 429 1441 1478 1441 1451 1441 429 1442 1451 1442 1429 1442 429 1443 1429 1443 1425 1443 429 1444 1425 1444 622 1444 2467 1445 2516 1445 2543 1445 2467 1446 2543 1446 2567 1446 2467 1447 2567 1447 1906 1447 2467 1448 1906 1448 1894 1448 2467 1449 1894 1449 1880 1449 2467 1450 1880 1450 1846 1450 2467 1451 1846 1451 1822 1451 2467 1452 1822 1452 1766 1452 2467 1453 1766 1453 1700 1453 2467 1454 1700 1454 1646 1454 1933 1455 3016 1455 2996 1455 1933 1456 2996 1456 2707 1456 1933 1457 2707 1457 2695 1457 1933 1458 2695 1458 2201 1458 1933 1459 2201 1459 2158 1459 1933 1460 2158 1460 2116 1460 1933 1461 2116 1461 2070 1461 1933 1462 2070 1462 2014 1462 1933 1463 2014 1463 1970 1463 1933 1464 1970 1464 1910 1464 1933 1465 1910 1465 1907 1465 1248 1466 1251 1466 1425 1466 1248 1467 1425 1467 1431 1467 1248 1468 1431 1468 1453 1468 1248 1469 1453 1469 1480 1469 1248 1470 1480 1470 1529 1470 1248 1471 1529 1471 1565 1471 1248 1472 1565 1472 1605 1472 1248 1473 1605 1473 1649 1473 1654 1474 1617 1474 1540 1474 1654 1475 1540 1475 1441 1475 1654 1476 1441 1476 1387 1476 1654 1477 1387 1477 1351 1477 1654 1478 1351 1478 1314 1478 1654 1479 1314 1479 1263 1479 1654 1480 1263 1480 1232 1480 2219 1481 2218 1481 2695 1481 2219 1482 2695 1482 2908 1482 2219 1483 2908 1483 2897 1483 2219 1484 2897 1484 2687 1484 2219 1485 2687 1485 2679 1485 2219 1486 2679 1486 2668 1486 2219 1487 2668 1487 2658 1487 2219 1488 2658 1488 2650 1488 2219 1489 2650 1489 2640 1489 2219 1490 2640 1490 2635 1490 2219 1491 2635 1491 2277 1491 2219 1492 2277 1492 2098 1492 75 1493 129 1493 137 1493 75 1494 137 1494 117 1494 75 1495 117 1495 100 1495 75 1496 100 1496 87 1496 75 1497 87 1497 78 1497 75 1498 78 1498 4 1498 75 1499 4 1499 0 1499 75 1500 0 1500 6 1500 75 1501 6 1501 12 1501 75 1502 12 1502 18 1502 75 1503 18 1503 24 1503 75 1504 24 1504 27 1504 75 1505 27 1505 30 1505 75 1506 30 1506 33 1506 75 1507 33 1507 43 1507 75 1508 43 1508 60 1508 78 1509 21 1509 16 1509 78 1510 16 1510 10 1510 78 1511 10 1511 4 1511 362 1512 351 1512 344 1512 362 1513 344 1513 379 1513 362 1514 379 1514 398 1514 362 1515 398 1515 418 1515 362 1516 418 1516 565 1516 362 1517 565 1517 735 1517 362 1518 735 1518 895 1518 362 1519 895 1519 1004 1519 362 1520 1004 1520 2467 1520 362 1521 2467 1521 1646 1521 362 1522 1646 1522 1603 1522 362 1523 1603 1523 1563 1523 362 1524 1563 1524 1527 1524 362 1525 1527 1525 1478 1525 1907 1526 1906 1526 2567 1526 1907 1527 2567 1527 2574 1527 1907 1528 2574 1528 2549 1528 1907 1529 2549 1529 2528 1529 1907 1530 2528 1530 2485 1530 1907 1531 2485 1531 2453 1531 1907 1532 2453 1532 2389 1532 1907 1533 2389 1533 2326 1533 1907 1534 2326 1534 2251 1534 1907 1535 2251 1535 2186 1535 1907 1536 2186 1536 2112 1536 1907 1537 2112 1537 2073 1537 1907 1538 2073 1538 2039 1538 1907 1539 2039 1539 2016 1539 1907 1540 2016 1540 2008 1540 1907 1541 2008 1541 1933 1541 293 1542 344 1542 336 1542 293 1543 336 1543 319 1543 293 1544 319 1544 303 1544 293 1545 303 1545 278 1545 293 1546 278 1546 239 1546 21 1547 78 1547 90 1547 21 1548 90 1548 103 1548 21 1549 103 1549 120 1549 21 1550 120 1550 140 1550 21 1551 140 1551 159 1551 21 1552 159 1552 190 1552 21 1553 190 1553 221 1553 1425 1554 1251 1554 1239 1554 1425 1555 1239 1555 1220 1555 1425 1556 1220 1556 1167 1556 1425 1557 1167 1557 1140 1557 1425 1558 1140 1558 1106 1558 1425 1559 1106 1559 1023 1559 1425 1560 1023 1560 853 1560 1425 1561 853 1561 622 1561 2098 1562 1961 1562 2015 1562 2098 1563 2015 1563 2071 1563 2098 1564 2071 1564 2117 1564 2098 1565 2117 1565 2160 1565 2098 1566 2160 1566 2202 1566 2098 1567 2202 1567 2219 1567 1617 1568 1654 1568 1667 1568 1617 1569 1667 1569 1683 1569 1617 1570 1683 1570 1723 1570 1617 1571 1723 1571 1727 1571 1232 1572 1190 1572 1654 1572 1654 1573 1190 1573 1649 1573 1190 1574 1170 1574 1649 1574 1649 1575 1170 1575 1248 1575 2722 1576 2701 1576 2727 1576 2727 1577 2701 1577 2533 1577 2727 1578 2533 1578 2635 1578 2635 1579 2533 1579 2392 1579 2635 1580 2392 1580 2277 1580 278 1581 251 1581 239 1581 239 1582 251 1582 218 1582 239 1583 218 1583 184 1583 218 1584 187 1584 184 1584 184 1585 187 1585 156 1585 184 1586 156 1586 129 1586 3000 1587 2979 1587 2988 1587 2988 1588 2979 1588 2922 1588 2988 1589 2922 1589 2932 1589 2932 1590 2922 1590 2695 1590 2932 1591 2695 1591 2707 1591 3016 1592 3032 1592 2996 1592 2996 1593 3032 1593 3024 1593 1881 1594 1895 1594 1862 1594 1862 1595 1895 1595 1907 1595 1862 1596 1907 1596 1910 1596 1881 1597 1862 1597 1847 1597 1847 1598 1862 1598 1812 1598 1847 1599 1812 1599 1823 1599 1823 1600 1812 1600 1754 1600 1823 1601 1754 1601 1767 1601 1767 1602 1754 1602 1718 1602 1767 1603 1718 1603 1701 1603 2749 1604 2733 1604 2737 1604 2737 1605 2733 1605 2722 1605 2737 1606 2722 1606 2727 1606 2843 1607 2815 1607 2824 1607 2824 1608 2815 1608 2780 1608 2824 1609 2780 1609 2784 1609 2784 1610 2780 1610 2635 1610 2784 1611 2635 1611 2640 1611 2869 1612 2839 1612 2851 1612 2851 1613 2839 1613 2791 1613 2851 1614 2791 1614 2796 1614 2796 1615 2791 1615 2640 1615 2796 1616 2640 1616 2650 1616 2893 1617 2864 1617 2877 1617 2877 1618 2864 1618 2802 1618 2877 1619 2802 1619 2808 1619 2808 1620 2802 1620 2650 1620 2808 1621 2650 1621 2658 1621 2918 1622 2888 1622 2902 1622 2902 1623 2888 1623 2820 1623 2902 1624 2820 1624 2833 1624 2833 1625 2820 1625 2658 1625 2833 1626 2658 1626 2668 1626 2942 1627 2914 1627 2926 1627 2926 1628 2914 1628 2847 1628 2926 1629 2847 1629 2857 1629 2857 1630 2847 1630 2668 1630 2857 1631 2668 1631 2679 1631 2961 1632 2938 1632 2946 1632 2946 1633 2938 1633 2873 1633 2946 1634 2873 1634 2883 1634 2883 1635 2873 1635 2679 1635 2883 1636 2679 1636 2687 1636 2984 1637 2956 1637 2967 1637 2967 1638 2956 1638 2897 1638 2967 1639 2897 1639 2908 1639 2015 1640 1961 1640 1971 1640 1971 1641 1961 1641 1840 1641 1971 1642 1840 1642 1914 1642 1914 1643 1840 1643 1864 1643 1864 1644 1840 1644 1727 1644 1864 1645 1727 1645 1817 1645 2727 1646 2728 1646 2737 1646 2737 1647 2728 1647 2738 1647 2737 1648 2738 1648 2749 1648 2749 1649 2738 1649 2750 1649 2749 1650 2750 1650 2733 1650 2733 1651 2750 1651 2734 1651 2733 1652 2734 1652 2722 1652 2722 1653 2734 1653 2723 1653 2722 1654 2723 1654 2701 1654 2701 1655 2723 1655 2702 1655 3016 1656 3017 1656 3032 1656 3032 1657 3017 1657 3033 1657 3032 1658 3033 1658 3024 1658 3024 1659 3033 1659 3025 1659 3024 1660 3025 1660 2996 1660 2996 1661 3025 1661 2997 1661 2708 1662 2707 1662 2997 1662 2997 1663 2707 1663 2996 1663 2728 1664 2727 1664 2636 1664 2636 1665 2727 1665 2635 1665 2933 1666 2932 1666 2708 1666 2708 1667 2932 1667 2707 1667 2636 1668 2635 1668 2781 1668 2781 1669 2635 1669 2780 1669 2923 1670 2922 1670 2980 1670 2980 1671 2922 1671 2979 1671 2980 1672 2979 1672 3001 1672 3001 1673 2979 1673 3000 1673 3001 1674 3000 1674 2989 1674 2989 1675 3000 1675 2988 1675 2989 1676 2988 1676 2933 1676 2933 1677 2988 1677 2932 1677 2781 1678 2780 1678 2816 1678 2816 1679 2780 1679 2815 1679 2816 1680 2815 1680 2844 1680 2844 1681 2815 1681 2843 1681 2844 1682 2843 1682 2825 1682 2825 1683 2843 1683 2824 1683 2825 1684 2824 1684 2785 1684 2785 1685 2824 1685 2784 1685 2696 1686 2695 1686 2923 1686 2923 1687 2695 1687 2922 1687 2785 1688 2784 1688 2641 1688 2641 1689 2784 1689 2640 1689 2909 1690 2908 1690 2696 1690 2696 1691 2908 1691 2695 1691 2641 1692 2640 1692 2792 1692 2792 1693 2640 1693 2791 1693 2898 1694 2897 1694 2957 1694 2957 1695 2897 1695 2956 1695 2957 1696 2956 1696 2985 1696 2985 1697 2956 1697 2984 1697 2985 1698 2984 1698 2968 1698 2968 1699 2984 1699 2967 1699 2968 1700 2967 1700 2909 1700 2909 1701 2967 1701 2908 1701 2792 1702 2791 1702 2840 1702 2840 1703 2791 1703 2839 1703 2840 1704 2839 1704 2870 1704 2870 1705 2839 1705 2869 1705 2870 1706 2869 1706 2852 1706 2852 1707 2869 1707 2851 1707 2852 1708 2851 1708 2797 1708 2797 1709 2851 1709 2796 1709 2688 1710 2687 1710 2898 1710 2898 1711 2687 1711 2897 1711 2797 1712 2796 1712 2651 1712 2651 1713 2796 1713 2650 1713 2884 1714 2883 1714 2688 1714 2688 1715 2883 1715 2687 1715 2651 1716 2650 1716 2803 1716 2803 1717 2650 1717 2802 1717 2874 1718 2873 1718 2939 1718 2939 1719 2873 1719 2938 1719 2939 1720 2938 1720 2962 1720 2962 1721 2938 1721 2961 1721 2962 1722 2961 1722 2947 1722 2947 1723 2961 1723 2946 1723 2947 1724 2946 1724 2884 1724 2884 1725 2946 1725 2883 1725 2803 1726 2802 1726 2865 1726 2865 1727 2802 1727 2864 1727 2865 1728 2864 1728 2894 1728 2894 1729 2864 1729 2893 1729 2894 1730 2893 1730 2878 1730 2878 1731 2893 1731 2877 1731 2878 1732 2877 1732 2809 1732 2809 1733 2877 1733 2808 1733 2680 1734 2679 1734 2874 1734 2874 1735 2679 1735 2873 1735 2809 1736 2808 1736 2659 1736 2659 1737 2808 1737 2658 1737 2858 1738 2857 1738 2680 1738 2680 1739 2857 1739 2679 1739 2659 1740 2658 1740 2821 1740 2821 1741 2658 1741 2820 1741 2848 1742 2847 1742 2915 1742 2915 1743 2847 1743 2914 1743 2915 1744 2914 1744 2943 1744 2943 1745 2914 1745 2942 1745 2943 1746 2942 1746 2927 1746 2927 1747 2942 1747 2926 1747 2927 1748 2926 1748 2858 1748 2858 1749 2926 1749 2857 1749 2821 1750 2820 1750 2889 1750 2889 1751 2820 1751 2888 1751 2889 1752 2888 1752 2919 1752 2919 1753 2888 1753 2918 1753 2919 1754 2918 1754 2903 1754 2903 1755 2918 1755 2902 1755 2903 1756 2902 1756 2834 1756 2834 1757 2902 1757 2833 1757 2669 1758 2668 1758 2848 1758 2848 1759 2668 1759 2847 1759 2834 1760 2833 1760 2669 1760 2669 1761 2833 1761 2668 1761 211 1762 210 1762 245 1762 245 1763 210 1763 244 1763 245 1764 244 1764 269 1764 269 1765 244 1765 268 1765 269 1766 268 1766 298 1766 298 1767 268 1767 297 1767 298 1768 297 1768 317 1768 317 1769 297 1769 316 1769 317 1770 316 1770 335 1770 335 1771 316 1771 334 1771 335 1772 334 1772 350 1772 350 1773 334 1773 349 1773 350 1774 349 1774 360 1774 360 1775 349 1775 359 1775 360 1776 359 1776 358 1776 358 1777 359 1777 357 1777 358 1778 357 1778 343 1778 343 1779 357 1779 342 1779 343 1780 342 1780 328 1780 328 1781 342 1781 327 1781 328 1782 327 1782 312 1782 312 1783 327 1783 311 1783 312 1784 311 1784 289 1784 289 1785 311 1785 288 1785 289 1786 288 1786 259 1786 259 1787 288 1787 258 1787 259 1788 258 1788 230 1788 230 1789 258 1789 229 1789 290 1790 318 1790 325 1790 325 1791 318 1791 366 1791 383 1792 372 1792 377 1792 377 1793 386 1793 383 1793 383 1794 386 1794 390 1794 390 1795 386 1795 394 1795 390 1796 394 1796 397 1796 397 1797 394 1797 402 1797 397 1798 402 1798 404 1798 404 1799 402 1799 407 1799 404 1800 407 1800 408 1800 408 1801 407 1801 411 1801 408 1802 411 1802 412 1802 405 1803 400 1803 401 1803 393 1804 401 1804 400 1804 400 1805 391 1805 393 1805 387 1806 393 1806 391 1806 391 1807 385 1807 387 1807 378 1808 387 1808 385 1808 385 1809 373 1809 378 1809 378 1810 373 1810 369 1810 369 1811 373 1811 348 1811 369 1812 348 1812 330 1812 330 1813 348 1813 313 1813 330 1814 313 1814 301 1814 301 1815 313 1815 274 1815 204 1816 203 1816 247 1816 247 1817 203 1817 248 1817 247 1818 248 1818 290 1818 290 1819 248 1819 287 1819 290 1820 287 1820 318 1820 377 1821 372 1821 366 1821 366 1822 372 1822 368 1822 366 1823 368 1823 325 1823 412 1824 411 1824 409 1824 409 1825 411 1825 410 1825 409 1826 410 1826 406 1826 406 1827 410 1827 405 1827 406 1828 405 1828 401 1828 235 1829 234 1829 274 1829 274 1830 234 1830 260 1830 274 1831 260 1831 301 1831 230 1832 229 1832 198 1832 198 1833 229 1833 197 1833 198 1834 197 1834 171 1834 171 1835 197 1835 170 1835 171 1836 170 1836 144 1836 144 1837 170 1837 143 1837 144 1838 143 1838 124 1838 124 1839 143 1839 123 1839 124 1840 123 1840 107 1840 107 1841 123 1841 106 1841 107 1842 106 1842 94 1842 94 1843 106 1843 93 1843 94 1844 93 1844 82 1844 82 1845 93 1845 81 1845 82 1846 81 1846 85 1846 85 1847 81 1847 84 1847 85 1848 84 1848 99 1848 99 1849 84 1849 98 1849 99 1850 98 1850 114 1850 114 1851 98 1851 113 1851 114 1852 113 1852 128 1852 128 1853 113 1853 127 1853 128 1854 127 1854 153 1854 153 1855 127 1855 152 1855 153 1856 152 1856 183 1856 183 1857 152 1857 182 1857 183 1858 182 1858 211 1858 211 1859 182 1859 210 1859 359 1860 349 1860 357 1860 81 1861 93 1861 84 1861 84 1862 93 1862 106 1862 84 1863 106 1863 98 1863 98 1864 106 1864 123 1864 98 1865 123 1865 113 1865 113 1866 123 1866 143 1866 113 1867 143 1867 127 1867 127 1868 143 1868 170 1868 127 1869 170 1869 152 1869 152 1870 170 1870 197 1870 152 1871 197 1871 182 1871 182 1872 197 1872 229 1872 182 1873 229 1873 210 1873 210 1874 229 1874 258 1874 210 1875 258 1875 244 1875 244 1876 258 1876 288 1876 244 1877 288 1877 268 1877 268 1878 288 1878 311 1878 268 1879 311 1879 297 1879 297 1880 311 1880 327 1880 297 1881 327 1881 316 1881 316 1882 327 1882 342 1882 316 1883 342 1883 334 1883 334 1884 342 1884 357 1884 334 1885 357 1885 349 1885 74 1886 115 1886 107 1886 74 1887 107 1887 94 1887 74 1888 94 1888 82 1888 74 1889 82 1889 36 1889 74 1890 36 1890 39 1890 74 1891 39 1891 45 1891 74 1892 45 1892 49 1892 74 1893 49 1893 56 1893 74 1894 56 1894 65 1894 82 1895 85 1895 68 1895 82 1896 68 1896 59 1896 82 1897 59 1897 52 1897 82 1898 52 1898 46 1898 82 1899 46 1899 40 1899 82 1900 40 1900 36 1900 360 1901 358 1901 373 1901 360 1902 373 1902 385 1902 360 1903 385 1903 391 1903 360 1904 391 1904 400 1904 360 1905 400 1905 405 1905 360 1906 405 1906 410 1906 360 1907 410 1907 411 1907 360 1908 411 1908 407 1908 360 1909 407 1909 402 1909 360 1910 402 1910 394 1910 360 1911 394 1911 386 1911 360 1912 386 1912 377 1912 360 1913 377 1913 366 1913 360 1914 366 1914 350 1914 312 1915 313 1915 328 1915 328 1916 313 1916 348 1916 328 1917 348 1917 343 1917 343 1918 348 1918 373 1918 343 1919 373 1919 358 1919 259 1920 274 1920 289 1920 289 1921 274 1921 313 1921 289 1922 313 1922 312 1922 144 1923 151 1923 171 1923 171 1924 151 1924 194 1924 171 1925 194 1925 198 1925 198 1926 194 1926 235 1926 198 1927 235 1927 230 1927 230 1928 235 1928 274 1928 230 1929 274 1929 259 1929 107 1930 115 1930 124 1930 124 1931 115 1931 151 1931 124 1932 151 1932 144 1932 298 1933 317 1933 287 1933 287 1934 317 1934 335 1934 287 1935 335 1935 318 1935 318 1936 335 1936 350 1936 318 1937 350 1937 366 1937 245 1938 269 1938 248 1938 248 1939 269 1939 298 1939 248 1940 298 1940 287 1940 128 1941 153 1941 125 1941 125 1942 153 1942 183 1942 125 1943 183 1943 164 1943 164 1944 183 1944 211 1944 164 1945 211 1945 203 1945 203 1946 211 1946 245 1946 203 1947 245 1947 248 1947 99 1948 114 1948 86 1948 86 1949 114 1949 128 1949 86 1950 128 1950 125 1950 99 1951 86 1951 85 1951 85 1952 86 1952 68 1952 180 1953 194 1953 151 1953 180 1954 151 1954 145 1954 145 1955 151 1955 115 1955 77 1956 74 1956 66 1956 74 1957 65 1957 66 1957 57 1958 66 1958 65 1958 65 1959 56 1959 57 1959 42 1960 39 1960 38 1960 38 1961 39 1961 36 1961 38 1962 36 1962 37 1962 37 1963 36 1963 40 1963 37 1964 40 1964 41 1964 41 1965 40 1965 46 1965 41 1966 46 1966 47 1966 47 1967 46 1967 52 1967 47 1968 52 1968 54 1968 54 1969 52 1969 59 1969 54 1970 59 1970 62 1970 62 1971 59 1971 68 1971 62 1972 68 1972 69 1972 69 1973 68 1973 86 1973 69 1974 86 1974 95 1974 95 1975 86 1975 125 1975 95 1976 125 1976 132 1976 132 1977 125 1977 164 1977 234 1978 235 1978 212 1978 212 1979 235 1979 194 1979 212 1980 194 1980 180 1980 74 1981 77 1981 115 1981 115 1982 77 1982 112 1982 115 1983 112 1983 145 1983 57 1984 56 1984 50 1984 50 1985 56 1985 49 1985 50 1986 49 1986 42 1986 42 1987 49 1987 45 1987 42 1988 45 1988 39 1988 203 1989 204 1989 164 1989 164 1990 204 1990 175 1990 164 1991 175 1991 132 1991 249 1992 291 1992 236 1992 301 1993 267 1993 346 1993 301 1994 346 1994 330 1994 403 1995 389 1995 404 1995 404 1996 408 1996 403 1996 395 1997 384 1997 390 1997 390 1998 397 1998 395 1998 309 1999 286 1999 291 1999 333 2000 296 2000 331 2000 383 2001 390 2001 384 2001 370 2002 332 2002 372 2002 372 2003 383 2003 370 2003 77 2004 110 2004 112 2004 292 2005 310 2005 314 2005 57 2006 71 2006 66 2006 228 2007 216 2007 201 2007 55 2008 57 2008 50 2008 109 2009 146 2009 108 2009 108 2010 146 2010 147 2010 270 2011 290 2011 325 2011 42 2012 38 2012 51 2012 51 2013 55 2013 42 2013 243 2014 247 2014 290 2014 37 2015 41 2015 48 2015 48 2016 51 2016 37 2016 132 2017 175 2017 179 2017 179 2018 135 2018 132 2018 132 2019 135 2019 95 2019 95 2020 135 2020 97 2020 54 2021 62 2021 70 2021 70 2022 58 2022 54 2022 47 2023 54 2023 58 2023 58 2024 48 2024 47 2024 47 2025 48 2025 41 2025 403 2026 408 2026 412 2026 403 2027 412 2027 396 2027 412 2028 409 2028 396 2028 388 2029 401 2029 381 2029 401 2030 393 2030 381 2030 397 2031 404 2031 395 2031 395 2032 404 2032 389 2032 277 2033 266 2033 263 2033 55 2034 50 2034 42 2034 51 2035 38 2035 37 2035 155 2036 163 2036 172 2036 155 2037 172 2037 176 2037 155 2038 176 2038 147 2038 155 2039 147 2039 146 2039 134 2040 109 2040 96 2040 134 2041 96 2041 131 2041 134 2042 131 2042 169 2042 134 2043 169 2043 150 2043 193 2044 150 2044 169 2044 193 2045 169 2045 207 2045 193 2046 207 2046 228 2046 193 2047 228 2047 201 2047 261 2048 241 2048 242 2048 261 2049 242 2049 271 2049 261 2050 271 2050 310 2050 261 2051 310 2051 292 2051 178 2052 199 2052 206 2052 178 2053 206 2053 181 2053 178 2054 181 2054 133 2054 178 2055 133 2055 148 2055 368 2056 372 2056 332 2056 368 2057 332 2057 302 2057 368 2058 302 2058 325 2058 204 2059 247 2059 243 2059 204 2060 243 2060 202 2060 204 2061 202 2061 179 2061 204 2062 179 2062 175 2062 295 2063 331 2063 296 2063 295 2064 296 2064 285 2064 295 2065 285 2065 277 2065 295 2066 277 2066 263 2066 295 2067 263 2067 273 2067 295 2068 273 2068 300 2068 295 2069 300 2069 315 2069 195 2070 227 2070 234 2070 234 2071 227 2071 267 2071 234 2072 267 2072 260 2072 260 2073 267 2073 301 2073 234 2074 212 2074 195 2074 195 2075 212 2075 180 2075 195 2076 180 2076 149 2076 149 2077 180 2077 145 2077 149 2078 145 2078 112 2078 83 2079 133 2079 71 2079 71 2080 133 2080 110 2080 71 2081 110 2081 66 2081 66 2082 110 2082 77 2082 70 2083 62 2083 97 2083 97 2084 62 2084 69 2084 97 2085 69 2085 95 2085 396 2086 409 2086 388 2086 388 2087 409 2087 406 2087 388 2088 406 2088 401 2088 381 2089 393 2089 371 2089 371 2090 393 2090 387 2090 371 2091 387 2091 378 2091 371 2092 378 2092 346 2092 346 2093 378 2093 369 2093 346 2094 369 2094 330 2094 389 2095 403 2095 382 2095 382 2096 403 2096 396 2096 382 2097 396 2097 374 2097 374 2098 396 2098 388 2098 374 2099 388 2099 361 2099 361 2100 388 2100 381 2100 361 2101 381 2101 326 2101 326 2102 381 2102 371 2102 326 2103 371 2103 299 2103 299 2104 371 2104 346 2104 299 2105 346 2105 267 2105 384 2106 395 2106 375 2106 375 2107 395 2107 389 2107 375 2108 389 2108 367 2108 367 2109 389 2109 382 2109 367 2110 382 2110 331 2110 331 2111 382 2111 374 2111 331 2112 374 2112 333 2112 333 2113 374 2113 361 2113 333 2114 361 2114 309 2114 267 2115 227 2115 299 2115 299 2116 227 2116 257 2116 299 2117 257 2117 326 2117 326 2118 257 2118 286 2118 326 2119 286 2119 361 2119 361 2120 286 2120 309 2120 331 2121 295 2121 367 2121 367 2122 295 2122 315 2122 367 2123 315 2123 375 2123 375 2124 315 2124 347 2124 375 2125 347 2125 384 2125 384 2126 347 2126 370 2126 384 2127 370 2127 383 2127 195 2128 149 2128 227 2128 227 2129 149 2129 181 2129 227 2130 181 2130 257 2130 257 2131 181 2131 206 2131 257 2132 206 2132 286 2132 286 2133 206 2133 236 2133 286 2134 236 2134 291 2134 332 2135 370 2135 310 2135 310 2136 370 2136 347 2136 310 2137 347 2137 314 2137 314 2138 347 2138 315 2138 314 2139 315 2139 300 2139 213 2140 224 2140 236 2140 236 2141 224 2141 237 2141 236 2142 237 2142 249 2142 206 2143 199 2143 236 2143 236 2144 199 2144 209 2144 236 2145 209 2145 213 2145 133 2146 181 2146 110 2146 110 2147 181 2147 149 2147 110 2148 149 2148 112 2148 310 2149 271 2149 332 2149 332 2150 271 2150 302 2150 242 2151 241 2151 207 2151 207 2152 241 2152 232 2152 207 2153 232 2153 228 2153 148 2154 133 2154 126 2154 126 2155 133 2155 83 2155 126 2156 83 2156 142 2156 142 2157 83 2157 122 2157 142 2158 122 2158 167 2158 167 2159 122 2159 147 2159 167 2160 147 2160 176 2160 207 2161 169 2161 242 2161 242 2162 169 2162 200 2162 242 2163 200 2163 271 2163 271 2164 200 2164 238 2164 271 2165 238 2165 302 2165 302 2166 238 2166 270 2166 302 2167 270 2167 325 2167 108 2168 147 2168 73 2168 73 2169 147 2169 122 2169 73 2170 122 2170 64 2170 64 2171 122 2171 83 2171 64 2172 83 2172 55 2172 55 2173 83 2173 71 2173 55 2174 71 2174 57 2174 169 2175 131 2175 200 2175 200 2176 131 2176 166 2176 200 2177 166 2177 238 2177 238 2178 166 2178 202 2178 238 2179 202 2179 270 2179 270 2180 202 2180 243 2180 270 2181 243 2181 290 2181 96 2182 109 2182 72 2182 72 2183 109 2183 108 2183 72 2184 108 2184 63 2184 63 2185 108 2185 73 2185 63 2186 73 2186 51 2186 51 2187 73 2187 64 2187 51 2188 64 2188 55 2188 179 2189 202 2189 135 2189 135 2190 202 2190 166 2190 135 2191 166 2191 97 2191 97 2192 166 2192 131 2192 97 2193 131 2193 70 2193 70 2194 131 2194 96 2194 70 2195 96 2195 58 2195 58 2196 96 2196 72 2196 58 2197 72 2197 48 2197 48 2198 72 2198 63 2198 48 2199 63 2199 51 2199 300 2200 273 2200 314 2200 314 2201 273 2201 272 2201 296 2202 333 2202 285 2202 285 2203 333 2203 284 2203 291 2204 249 2204 309 2204 309 2205 249 2205 250 2205 199 2206 178 2206 209 2206 209 2207 178 2207 208 2207 241 2208 261 2208 232 2208 232 2209 261 2209 231 2209 167 2210 168 2210 142 2210 142 2211 168 2211 126 2211 146 2212 109 2212 155 2212 155 2213 109 2213 154 2213 150 2214 193 2214 134 2214 134 2215 193 2215 192 2215 292 2216 231 2216 261 2216 292 2217 314 2217 231 2217 231 2218 314 2218 225 2218 225 2219 314 2219 272 2219 225 2220 272 2220 264 2220 272 2221 273 2221 264 2221 264 2222 273 2222 263 2222 264 2223 263 2223 262 2223 262 2224 263 2224 265 2224 265 2225 263 2225 266 2225 265 2226 266 2226 276 2226 276 2227 266 2227 277 2227 276 2228 277 2228 284 2228 284 2229 277 2229 285 2229 284 2230 333 2230 309 2230 284 2231 309 2231 250 2231 284 2232 250 2232 246 2232 284 2233 246 2233 276 2233 250 2234 249 2234 246 2234 246 2235 249 2235 237 2235 246 2236 237 2236 233 2236 233 2237 237 2237 226 2237 226 2238 237 2238 224 2238 226 2239 224 2239 215 2239 215 2240 224 2240 213 2240 215 2241 213 2241 208 2241 208 2242 213 2242 209 2242 178 2243 148 2243 208 2243 126 2244 168 2244 148 2244 148 2245 168 2245 208 2245 168 2246 174 2246 208 2246 208 2247 174 2247 215 2247 192 2248 193 2248 196 2248 196 2249 193 2249 201 2249 196 2250 201 2250 205 2250 205 2251 201 2251 214 2251 214 2252 201 2252 216 2252 214 2253 216 2253 225 2253 225 2254 216 2254 228 2254 225 2255 228 2255 231 2255 231 2256 228 2256 232 2256 168 2257 167 2257 174 2257 174 2258 167 2258 176 2258 174 2259 176 2259 177 2259 177 2260 176 2260 173 2260 173 2261 176 2261 172 2261 173 2262 172 2262 165 2262 165 2263 172 2263 163 2263 165 2264 163 2264 154 2264 154 2265 163 2265 155 2265 192 2266 109 2266 134 2266 109 2267 192 2267 154 2267 154 2268 192 2268 196 2268 154 2269 196 2269 165 2269 174 2270 177 2270 215 2270 246 2271 265 2271 276 2271 196 2272 205 2272 215 2272 196 2273 215 2273 177 2273 196 2274 177 2274 173 2274 196 2275 173 2275 165 2275 265 2276 246 2276 262 2276 262 2277 246 2277 225 2277 262 2278 225 2278 264 2278 215 2279 205 2279 226 2279 226 2280 205 2280 214 2280 226 2281 214 2281 233 2281 233 2282 214 2282 225 2282 233 2283 225 2283 246 2283 1910 2284 1913 2284 1973 2284 1973 2285 1913 2285 1976 2285 1973 2286 1976 2286 2023 2286 2023 2287 1976 2287 2026 2287 2023 2288 2026 2288 2081 2288 2081 2289 2026 2289 2084 2289 2081 2290 2084 2290 2125 2290 2125 2291 2084 2291 2128 2291 2125 2292 2128 2292 2176 2292 2176 2293 2128 2293 2179 2293 2176 2294 2179 2294 2210 2294 2210 2295 2179 2295 2213 2295 2210 2296 2213 2296 2220 2296 2220 2297 2213 2297 2223 2297 2220 2298 2223 2298 2214 2298 2214 2299 2223 2299 2217 2299 2214 2300 2217 2300 2180 2300 2180 2301 2217 2301 2183 2301 2180 2302 2183 2302 2129 2302 2129 2303 2183 2303 2132 2303 2129 2304 2132 2304 2085 2304 2085 2305 2132 2305 2088 2305 2085 2306 2088 2306 2027 2306 2027 2307 2088 2307 2030 2307 2027 2308 2030 2308 1977 2308 1977 2309 2030 2309 1980 2309 1977 2310 1980 2310 1914 2310 1914 2311 1980 2311 1917 2311 2035 2312 2090 2312 2021 2312 2048 2313 2108 2313 2044 2313 2077 2314 2123 2314 2064 2314 2830 2315 2719 2315 2778 2315 2096 2316 2148 2316 2077 2316 2106 2317 2167 2317 2096 2317 2861 2318 2776 2318 2772 2318 2133 2319 2207 2319 2119 2319 2977 2320 2837 2320 2806 2320 2977 2321 2806 2321 2912 2321 3010 2322 2906 2322 2837 2322 3054 2323 2973 2323 2966 2323 2206 2324 2275 2324 2209 2324 2175 2325 2257 2325 2194 2325 2165 2326 2240 2326 2175 2326 3011 2327 2838 2327 2907 2327 3011 2328 2907 2328 3029 2328 2978 2329 2807 2329 2838 2329 2978 2330 2838 2330 3011 2330 2913 2331 2777 2331 2789 2331 2953 2332 2760 2332 2773 2332 2953 2333 2773 2333 2862 2333 2901 2334 2743 2334 2760 2334 2065 2335 2124 2335 2078 2335 2832 2336 2720 2336 2743 2336 2832 2337 2743 2337 2901 2337 2045 2338 2109 2338 2049 2338 2779 2339 2718 2339 2720 2339 2779 2340 2720 2340 2832 2340 2765 2341 2684 2341 2700 2341 2765 2342 2700 2342 2779 2342 2746 2343 2748 2343 2801 2343 2746 2344 2801 2344 2819 2344 2801 2345 2975 2345 2819 2345 3005 2346 2819 2346 2975 2346 2975 2347 3046 2347 3005 2347 3069 2348 3005 2348 3046 2348 3046 2349 3110 2349 3069 2349 3107 2350 3069 2350 3110 2350 3110 2351 3158 2351 3107 2351 3190 2352 3243 2352 3178 2352 3235 2353 3281 2353 3256 2353 3256 2354 3281 2354 3324 2354 3256 2355 3324 2355 3293 2355 3293 2356 3324 2356 3354 2356 3293 2357 3354 2357 3310 2357 3310 2358 3354 2358 3371 2358 3334 2359 3382 2359 3337 2359 3382 2360 3388 2360 3337 2360 3259 2361 3287 2361 3309 2361 3309 2362 3268 2362 3259 2362 2715 2363 2744 2363 2747 2363 2800 2364 2747 2364 2744 2364 2744 2365 2813 2365 2800 2365 2800 2366 2813 2366 2972 2366 2972 2367 2813 2367 3004 2367 2972 2368 3004 2368 3044 2368 3044 2369 3004 2369 3068 2369 3044 2370 3068 2370 3109 2370 3068 2371 3096 2371 3109 2371 3234 2372 3253 2372 3279 2372 3322 2373 3279 2373 3253 2373 3253 2374 3292 2374 3322 2374 3353 2375 3322 2375 3292 2375 3292 2376 3308 2376 3353 2376 3378 2377 3329 2377 3328 2377 3378 2378 3328 2378 3377 2378 3377 2379 3328 2379 3331 2379 3377 2380 3331 2380 3381 2380 3265 2381 3258 2381 3213 2381 3265 2382 3213 2382 3222 2382 2721 2383 2812 2383 2758 2383 2108 2384 2035 2384 2044 2384 2123 2385 2048 2385 2064 2385 3613 2386 3562 2386 3614 2386 3562 2387 3561 2387 3614 2387 3614 2388 3561 2388 3615 2388 3615 2389 3561 2389 3567 2389 3615 2390 3567 2390 3612 2390 3612 2391 3567 2391 3553 2391 3612 2392 3553 2392 3601 2392 3735 2393 3702 2393 3732 2393 3732 2394 3702 2394 3703 2394 3732 2395 3703 2395 3734 2395 3734 2396 3703 2396 3704 2396 2912 2397 2806 2397 2788 2397 2226 2398 2133 2398 2144 2398 2227 2399 2165 2399 2155 2399 2978 2400 2789 2400 2807 2400 3740 2401 3737 2401 3706 2401 3707 2402 3706 2402 3737 2402 3737 2403 3739 2403 3707 2403 3708 2404 3707 2404 3739 2404 3617 2405 3618 2405 3568 2405 3568 2406 3618 2406 3566 2406 3618 2407 3620 2407 3566 2407 3572 2408 3566 2408 3620 2408 3620 2409 3616 2409 3572 2409 3554 2410 3572 2410 3616 2410 2109 2411 2065 2411 2049 2411 2779 2412 2700 2412 2718 2412 2091 2413 2045 2413 2036 2413 3333 2414 3337 2414 3388 2414 3333 2415 3388 2415 3374 2415 3333 2416 3374 2416 3321 2416 3327 2417 3319 2417 3373 2417 3327 2418 3373 2418 3381 2418 3327 2419 3381 2419 3331 2419 2006 2420 2021 2420 2042 2420 2042 2421 2021 2421 2066 2421 2042 2422 2066 2422 2161 2422 2161 2423 2066 2423 2172 2423 2161 2424 2172 2424 2310 2424 2310 2425 2172 2425 2284 2425 2310 2426 2284 2426 2367 2426 2367 2427 2284 2427 2381 2427 2367 2428 2381 2428 2431 2428 2431 2429 2381 2429 2420 2429 2431 2430 2420 2430 2497 2430 2497 2431 2420 2431 2547 2431 2497 2432 2547 2432 2589 2432 2022 2433 2007 2433 2069 2433 2069 2434 2007 2434 2043 2434 2069 2435 2043 2435 2173 2435 2173 2436 2043 2436 2163 2436 2173 2437 2163 2437 2286 2437 2286 2438 2163 2438 2312 2438 2286 2439 2312 2439 2382 2439 2382 2440 2312 2440 2369 2440 2382 2441 2369 2441 2421 2441 2421 2442 2369 2442 2433 2442 2421 2443 2433 2443 2548 2443 2548 2444 2433 2444 2500 2444 2548 2445 2500 2445 2591 2445 2662 2446 2715 2446 2683 2446 2683 2447 2715 2447 2747 2447 2683 2448 2747 2448 2699 2448 2699 2449 2747 2449 2763 2449 2699 2450 2763 2450 2717 2450 2717 2451 2763 2451 2778 2451 2717 2452 2778 2452 2719 2452 2994 2453 2861 2453 2950 2453 2950 2454 2861 2454 2772 2454 2950 2455 2772 2455 2892 2455 2892 2456 2772 2456 2757 2456 2892 2457 2757 2457 2830 2457 2830 2458 2757 2458 2741 2458 2830 2459 2741 2459 2719 2459 2106 2460 2119 2460 2189 2460 2189 2461 2119 2461 2207 2461 2189 2462 2207 2462 2283 2462 2283 2463 2207 2463 2287 2463 2283 2464 2287 2464 2379 2464 2379 2465 2287 2465 2385 2465 2379 2466 2385 2466 2459 2466 2459 2467 2385 2467 2465 2467 2459 2468 2465 2468 2514 2468 2514 2469 2465 2469 2523 2469 2514 2470 2523 2470 2625 2470 2625 2471 2523 2471 2631 2471 2625 2472 2631 2472 2881 2472 2881 2473 2631 2473 2930 2473 2881 2474 2930 2474 3076 2474 3076 2475 2930 2475 3084 2475 3076 2476 3084 2476 3124 2476 3124 2477 3084 2477 3139 2477 3124 2478 3139 2478 3205 2478 3205 2479 3139 2479 3223 2479 3205 2480 3223 2480 3288 2480 3288 2481 3223 2481 3311 2481 3288 2482 3311 2482 3399 2482 3399 2483 3311 2483 3440 2483 3399 2484 3440 2484 3490 2484 3490 2485 3440 2485 3524 2485 3490 2486 3524 2486 3565 2486 3565 2487 3524 2487 3594 2487 3565 2488 3594 2488 3626 2488 3626 2489 3594 2489 3665 2489 3626 2490 3665 2490 3663 2490 3663 2491 3665 2491 3695 2491 3663 2492 3695 2492 3677 2492 3677 2493 3695 2493 3716 2493 3677 2494 3716 2494 3693 2494 3693 2495 3716 2495 3727 2495 3693 2496 3727 2496 3701 2496 3701 2497 3727 2497 3733 2497 3701 2498 3733 2498 3704 2498 3704 2499 3733 2499 3736 2499 3704 2500 3736 2500 3734 2500 2788 2501 2776 2501 2912 2501 2912 2502 2776 2502 2861 2502 2912 2503 2861 2503 3020 2503 3020 2504 2861 2504 2994 2504 3020 2505 2994 2505 3104 2505 3104 2506 2994 2506 3086 2506 3104 2507 3086 2507 3179 2507 3179 2508 3086 2508 3157 2508 3179 2509 3157 2509 3246 2509 3246 2510 3157 2510 3226 2510 3246 2511 3226 2511 3274 2511 3274 2512 3226 2512 3255 2512 3274 2513 3255 2513 3357 2513 3357 2514 3255 2514 3317 2514 3357 2515 3317 2515 3462 2515 3462 2516 3317 2516 3431 2516 3462 2517 3431 2517 3511 2517 3511 2518 3431 2518 3475 2518 3511 2519 3475 2519 3545 2519 3545 2520 3475 2520 3514 2520 3545 2521 3514 2521 3583 2521 3583 2522 3514 2522 3543 2522 3583 2523 3543 2523 3639 2523 3639 2524 3543 2524 3603 2524 3639 2525 3603 2525 3688 2525 3688 2526 3603 2526 3645 2526 3688 2527 3645 2527 3713 2527 3713 2528 3645 2528 3675 2528 3713 2529 3675 2529 3725 2529 3725 2530 3675 2530 3691 2530 3725 2531 3691 2531 3735 2531 3735 2532 3691 2532 3697 2532 3735 2533 3697 2533 3702 2533 2209 2534 2276 2534 2205 2534 2205 2535 2276 2535 2274 2535 2205 2536 2274 2536 2199 2536 2199 2537 2274 2537 2269 2537 2199 2538 2269 2538 2193 2538 2193 2539 2269 2539 2262 2539 2193 2540 2262 2540 2174 2540 2174 2541 2262 2541 2256 2541 2174 2542 2256 2542 2164 2542 2164 2543 2256 2543 2239 2543 2164 2544 2239 2544 2154 2544 2154 2545 2239 2545 2226 2545 2154 2546 2226 2546 2144 2546 3045 2547 2966 2547 3038 2547 3038 2548 2966 2548 2951 2548 3038 2549 2951 2549 3028 2549 3028 2550 2951 2550 2936 2550 3028 2551 2936 2551 2906 2551 3029 2552 2907 2552 3039 2552 3039 2553 2907 2553 2937 2553 3039 2554 2937 2554 3047 2554 3047 2555 2937 2555 2952 2555 3047 2556 2952 2556 3055 2556 3055 2557 2952 2557 2971 2557 3055 2558 2971 2558 3058 2558 3058 2559 2971 2559 2973 2559 3058 2560 2973 2560 3054 2560 2194 2561 2257 2561 2200 2561 2200 2562 2257 2562 2263 2562 2200 2563 2263 2563 2206 2563 2206 2564 2263 2564 2270 2564 2206 2565 2270 2565 2275 2565 2078 2566 2124 2566 2097 2566 2097 2567 2124 2567 2149 2567 2097 2568 2149 2568 2107 2568 2107 2569 2149 2569 2169 2569 2107 2570 2169 2570 2120 2570 2120 2571 2169 2571 2191 2571 2120 2572 2191 2572 2134 2572 2134 2573 2191 2573 2208 2573 2134 2574 2208 2574 2145 2574 2145 2575 2208 2575 2227 2575 2145 2576 2227 2576 2155 2576 2773 2577 2777 2577 2862 2577 2862 2578 2777 2578 2913 2578 2862 2579 2913 2579 2995 2579 2995 2580 2913 2580 3021 2580 2995 2581 3021 2581 3087 2581 3087 2582 3021 2582 3105 2582 3087 2583 3105 2583 3159 2583 3159 2584 3105 2584 3180 2584 3159 2585 3180 2585 3228 2585 3228 2586 3180 2586 3248 2586 3228 2587 3248 2587 3257 2587 3257 2588 3248 2588 3276 2588 3257 2589 3276 2589 3318 2589 3318 2590 3276 2590 3359 2590 3318 2591 3359 2591 3435 2591 3435 2592 3359 2592 3463 2592 3435 2593 3463 2593 3477 2593 3477 2594 3463 2594 3512 2594 3477 2595 3512 2595 3516 2595 3516 2596 3512 2596 3546 2596 3516 2597 3546 2597 3544 2597 3544 2598 3546 2598 3584 2598 3544 2599 3584 2599 3605 2599 3605 2600 3584 2600 3642 2600 3605 2601 3642 2601 3648 2601 3648 2602 3642 2602 3690 2602 3648 2603 3690 2603 3676 2603 3676 2604 3690 2604 3714 2604 3676 2605 3714 2605 3692 2605 3692 2606 3714 2606 3726 2606 3692 2607 3726 2607 3698 2607 3698 2608 3726 2608 3740 2608 3698 2609 3740 2609 3706 2609 2036 2610 2022 2610 2091 2610 2091 2611 2022 2611 2069 2611 2091 2612 2069 2612 2196 2612 2196 2613 2069 2613 2173 2613 2196 2614 2173 2614 2290 2614 2290 2615 2173 2615 2286 2615 2290 2616 2286 2616 2388 2616 2388 2617 2286 2617 2382 2617 2388 2618 2382 2618 2443 2618 2443 2619 2382 2619 2421 2619 2443 2620 2421 2620 2561 2620 2561 2621 2421 2621 2548 2621 2561 2622 2548 2622 2732 2622 2732 2623 2548 2623 2726 2623 2732 2624 2726 2624 2868 2624 2868 2625 2726 2625 2814 2625 2868 2626 2814 2626 3007 2626 3007 2627 2814 2627 2976 2627 3007 2628 2976 2628 3081 2628 3081 2629 2976 2629 3067 2629 3081 2630 3067 2630 3134 2630 3134 2631 3067 2631 3120 2631 3134 2632 3120 2632 3195 2632 3195 2633 3120 2633 3169 2633 3195 2634 3169 2634 3249 2634 3249 2635 3169 2635 3224 2635 3249 2636 3224 2636 3298 2636 3298 2637 3224 2637 3268 2637 3298 2638 3268 2638 3356 2638 3356 2639 3268 2639 3309 2639 3356 2640 3309 2640 3396 2640 3396 2641 3309 2641 3352 2641 3396 2642 3352 2642 3408 2642 3408 2643 3352 2643 3362 2643 3408 2644 3362 2644 3422 2644 3422 2645 3362 2645 3374 2645 3422 2646 3374 2646 3437 2646 3437 2647 3374 2647 3388 2647 3437 2648 3388 2648 3432 2648 3432 2649 3388 2649 3382 2649 3432 2650 3382 2650 3434 2650 3434 2651 3382 2651 3383 2651 3434 2652 3383 2652 3436 2652 3436 2653 3383 2653 3384 2653 3436 2654 3384 2654 3427 2654 3427 2655 3384 2655 3376 2655 3427 2656 3376 2656 3415 2656 3415 2657 3376 2657 3371 2657 3415 2658 3371 2658 3402 2658 3402 2659 3371 2659 3354 2659 3402 2660 3354 2660 3370 2660 3370 2661 3354 2661 3324 2661 3370 2662 3324 2662 3323 2662 3323 2663 3324 2663 3281 2663 3323 2664 3281 2664 3267 2664 3267 2665 3281 2665 3243 2665 3267 2666 3243 2666 3217 2666 3217 2667 3243 2667 3190 2667 3217 2668 3190 2668 3184 2668 3184 2669 3190 2669 3158 2669 3184 2670 3158 2670 3127 2670 3127 2671 3158 2671 3110 2671 3127 2672 3110 2672 3090 2672 3090 2673 3110 2673 3046 2673 3090 2674 3046 2674 3073 2674 2663 2675 2684 2675 2716 2675 2716 2676 2684 2676 2748 2676 2716 2677 2748 2677 2746 2677 3107 2678 3158 2678 3142 2678 3142 2679 3158 2679 3190 2679 3142 2680 3190 2680 3178 2680 3281 2681 3235 2681 3243 2681 3243 2682 3235 2682 3208 2682 3243 2683 3208 2683 3178 2683 3310 2684 3371 2684 3326 2684 3326 2685 3371 2685 3376 2685 3326 2686 3376 2686 3335 2686 3335 2687 3376 2687 3384 2687 3335 2688 3384 2688 3334 2688 3334 2689 3384 2689 3383 2689 3334 2690 3383 2690 3382 2690 3321 2691 3374 2691 3306 2691 3306 2692 3374 2692 3362 2692 3306 2693 3362 2693 3287 2693 3287 2694 3362 2694 3352 2694 3287 2695 3352 2695 3309 2695 2548 2696 2591 2696 2726 2696 2726 2697 2591 2697 2714 2697 2726 2698 2714 2698 2814 2698 2814 2699 2714 2699 2762 2699 2814 2700 2762 2700 2976 2700 2976 2701 2762 2701 2887 2701 2976 2702 2887 2702 3067 2702 3067 2703 2887 2703 3062 2703 3067 2704 3062 2704 3120 2704 3120 2705 3062 2705 3102 2705 3120 2706 3102 2706 3169 2706 3169 2707 3102 2707 3147 2707 3169 2708 3147 2708 3224 2708 3224 2709 3147 2709 3193 2709 3224 2710 3193 2710 3268 2710 3268 2711 3193 2711 3232 2711 3268 2712 3232 2712 3259 2712 3109 2713 3096 2713 3156 2713 3156 2714 3096 2714 3121 2714 3156 2715 3121 2715 3188 2715 3188 2716 3121 2716 3163 2716 3188 2717 3163 2717 3241 2717 3234 2718 3279 2718 3207 2718 3207 2719 3279 2719 3241 2719 3207 2720 3241 2720 3163 2720 3329 2721 3378 2721 3330 2721 3330 2722 3378 2722 3379 2722 3330 2723 3379 2723 3325 2723 3325 2724 3379 2724 3375 2724 3325 2725 3375 2725 3308 2725 3308 2726 3375 2726 3368 2726 3308 2727 3368 2727 3353 2727 3373 2728 3319 2728 3360 2728 3360 2729 3319 2729 3305 2729 3360 2730 3305 2730 3348 2730 3348 2731 3305 2731 3283 2731 3348 2732 3283 2732 3307 2732 3307 2733 3283 2733 3258 2733 3307 2734 3258 2734 3265 2734 3222 2735 3213 2735 3167 2735 3167 2736 3213 2736 3160 2736 3167 2737 3160 2737 3119 2737 3119 2738 3160 2738 3101 2738 3119 2739 3101 2739 3066 2739 3066 2740 3101 2740 3060 2740 3066 2741 3060 2741 2974 2741 2974 2742 3060 2742 2983 2742 2974 2743 2983 2743 2812 2743 2812 2744 2983 2744 2828 2744 2812 2745 2828 2745 2758 2745 2589 2746 2547 2746 2639 2746 2639 2747 2547 2747 2721 2747 2639 2748 2721 2748 2758 2748 2763 2749 2747 2749 2855 2749 2855 2750 2747 2750 2800 2750 2855 2751 2800 2751 3008 2751 3008 2752 2800 2752 2972 2752 3008 2753 2972 2753 3071 2753 3071 2754 2972 2754 3044 2754 3071 2755 3044 2755 3088 2755 3088 2756 3044 2756 3109 2756 3088 2757 3109 2757 3126 2757 3126 2758 3109 2758 3181 2758 3181 2759 3109 2759 3156 2759 3181 2760 3156 2760 3216 2760 3216 2761 3156 2761 3188 2761 3216 2762 3188 2762 3264 2762 3264 2763 3188 2763 3241 2763 3264 2764 3241 2764 3320 2764 3320 2765 3241 2765 3279 2765 3320 2766 3279 2766 3367 2766 3367 2767 3279 2767 3322 2767 3367 2768 3322 2768 3400 2768 3400 2769 3322 2769 3353 2769 3400 2770 3353 2770 3414 2770 3414 2771 3353 2771 3368 2771 3414 2772 3368 2772 3425 2772 3425 2773 3368 2773 3375 2773 3425 2774 3375 2774 3430 2774 3430 2775 3375 2775 3379 2775 3430 2776 3379 2776 3429 2776 3429 2777 3379 2777 3378 2777 3429 2778 3378 2778 3428 2778 3428 2779 3378 2779 3377 2779 3428 2780 3377 2780 3433 2780 3433 2781 3377 2781 3381 2781 3433 2782 3381 2782 3417 2782 3417 2783 3381 2783 3373 2783 3417 2784 3373 2784 3405 2784 3405 2785 3373 2785 3360 2785 3405 2786 3360 2786 3393 2786 3393 2787 3360 2787 3348 2787 3393 2788 3348 2788 3355 2788 3355 2789 3348 2789 3307 2789 3355 2790 3307 2790 3297 2790 3297 2791 3307 2791 3265 2791 3297 2792 3265 2792 3247 2792 3247 2793 3265 2793 3222 2793 3247 2794 3222 2794 3194 2794 3194 2795 3222 2795 3167 2795 3194 2796 3167 2796 3132 2796 3132 2797 3167 2797 3119 2797 3132 2798 3119 2798 3080 2798 3080 2799 3119 2799 3066 2799 3080 2800 3066 2800 3006 2800 3006 2801 3066 2801 2974 2801 3006 2802 2974 2802 2863 2802 2863 2803 2974 2803 2812 2803 2863 2804 2812 2804 2731 2804 2731 2805 2812 2805 2721 2805 2731 2806 2721 2806 2560 2806 2560 2807 2721 2807 2547 2807 2560 2808 2547 2808 2441 2808 2441 2809 2547 2809 2420 2809 2441 2810 2420 2810 2387 2810 2387 2811 2420 2811 2381 2811 2387 2812 2381 2812 2289 2812 2289 2813 2381 2813 2284 2813 2289 2814 2284 2814 2195 2814 2195 2815 2284 2815 2172 2815 2195 2816 2172 2816 2090 2816 2090 2817 2172 2817 2066 2817 2090 2818 2066 2818 2021 2818 2778 2819 2763 2819 2960 2819 2960 2820 2763 2820 2855 2820 2960 2821 2855 2821 3064 2821 3064 2822 2855 2822 3008 2822 3064 2823 3008 2823 3111 2823 3111 2824 3008 2824 3071 2824 3111 2825 3071 2825 3128 2825 3128 2826 3071 2826 3088 2826 3128 2827 3088 2827 3176 2827 3176 2828 3088 2828 3126 2828 3176 2829 3126 2829 3236 2829 3236 2830 3126 2830 3181 2830 3236 2831 3181 2831 3266 2831 3266 2832 3181 2832 3216 2832 3266 2833 3216 2833 3300 2833 3300 2834 3216 2834 3264 2834 3300 2835 3264 2835 3349 2835 3349 2836 3264 2836 3409 2836 3409 2837 3264 2837 3320 2837 3409 2838 3320 2838 3454 2838 3454 2839 3320 2839 3367 2839 3454 2840 3367 2840 3480 2840 3480 2841 3367 2841 3400 2841 3480 2842 3400 2842 3491 2842 3491 2843 3400 2843 3414 2843 3491 2844 3414 2844 3496 2844 3496 2845 3414 2845 3425 2845 3496 2846 3425 2846 3502 2846 3502 2847 3425 2847 3430 2847 3502 2848 3430 2848 3501 2848 3501 2849 3430 2849 3429 2849 3501 2850 3429 2850 3499 2850 3499 2851 3429 2851 3428 2851 3499 2852 3428 2852 3504 2852 3504 2853 3428 2853 3433 2853 3504 2854 3433 2854 3494 2854 3494 2855 3433 2855 3417 2855 3494 2856 3417 2856 3486 2856 3486 2857 3417 2857 3405 2857 3486 2858 3405 2858 3467 2858 3467 2859 3405 2859 3393 2859 3467 2860 3393 2860 3444 2860 3444 2861 3393 2861 3355 2861 3444 2862 3355 2862 3380 2862 3380 2863 3355 2863 3297 2863 3380 2864 3297 2864 3299 2864 3299 2865 3297 2865 3247 2865 3299 2866 3247 2866 3240 2866 3240 2867 3247 2867 3194 2867 3240 2868 3194 2868 3174 2868 3174 2869 3194 2869 3132 2869 3174 2870 3132 2870 3115 2870 3115 2871 3132 2871 3080 2871 3115 2872 3080 2872 3042 2872 3042 2873 3080 2873 3006 2873 3042 2874 3006 2874 2954 2874 2954 2875 3006 2875 2863 2875 2954 2876 2863 2876 2764 2876 2764 2877 2863 2877 2731 2877 2764 2878 2731 2878 2586 2878 2586 2879 2731 2879 2560 2879 2586 2880 2560 2880 2457 2880 2457 2881 2560 2881 2441 2881 2457 2882 2441 2882 2398 2882 2398 2883 2441 2883 2387 2883 2398 2884 2387 2884 2324 2884 2324 2885 2387 2885 2289 2885 2324 2886 2289 2886 2224 2886 2224 2887 2289 2887 2195 2887 2224 2888 2195 2888 2108 2888 2108 2889 2195 2889 2090 2889 2108 2890 2090 2890 2035 2890 2830 2891 2778 2891 3022 2891 3022 2892 2778 2892 2960 2892 3022 2893 2960 2893 3089 2893 3089 2894 2960 2894 3064 2894 3089 2895 3064 2895 3143 2895 3143 2896 3064 2896 3111 2896 3143 2897 3111 2897 3166 2897 3166 2898 3111 2898 3128 2898 3166 2899 3128 2899 3218 2899 3218 2900 3128 2900 3176 2900 3218 2901 3176 2901 3282 2901 3282 2902 3176 2902 3236 2902 3282 2903 3236 2903 3343 2903 3343 2904 3236 2904 3266 2904 3343 2905 3266 2905 3387 2905 3387 2906 3266 2906 3300 2906 3387 2907 3300 2907 3419 2907 3419 2908 3300 2908 3349 2908 3419 2909 3349 2909 3482 2909 3482 2910 3349 2910 3409 2910 3482 2911 3409 2911 3522 2911 3522 2912 3409 2912 3454 2912 3522 2913 3454 2913 3537 2913 3537 2914 3454 2914 3480 2914 3537 2915 3480 2915 3551 2915 3551 2916 3480 2916 3491 2916 3551 2917 3491 2917 3559 2917 3559 2918 3491 2918 3496 2918 3559 2919 3496 2919 3564 2919 3564 2920 3496 2920 3502 2920 3564 2921 3502 2921 3562 2921 3562 2922 3502 2922 3501 2922 3562 2923 3501 2923 3561 2923 3561 2924 3501 2924 3499 2924 3561 2925 3499 2925 3567 2925 3567 2926 3499 2926 3504 2926 3567 2927 3504 2927 3553 2927 3553 2928 3504 2928 3494 2928 3553 2929 3494 2929 3547 2929 3547 2930 3494 2930 3486 2930 3547 2931 3486 2931 3531 2931 3531 2932 3486 2932 3467 2932 3531 2933 3467 2933 3508 2933 3508 2934 3467 2934 3444 2934 3508 2935 3444 2935 3450 2935 3450 2936 3444 2936 3380 2936 3450 2937 3380 2937 3369 2937 3369 2938 3380 2938 3299 2938 3369 2939 3299 2939 3275 2939 3275 2940 3299 2940 3240 2940 3275 2941 3240 2941 3209 2941 3209 2942 3240 2942 3174 2942 3209 2943 3174 2943 3138 2943 3138 2944 3174 2944 3115 2944 3138 2945 3115 2945 3078 2945 3078 2946 3115 2946 3042 2946 3078 2947 3042 2947 3012 2947 3012 2948 3042 2948 2954 2948 3012 2949 2954 2949 2774 2949 2774 2950 2954 2950 2764 2950 2774 2951 2764 2951 2600 2951 2600 2952 2764 2952 2586 2952 2600 2953 2586 2953 2472 2953 2472 2954 2586 2954 2457 2954 2472 2955 2457 2955 2412 2955 2412 2956 2457 2956 2398 2956 2412 2957 2398 2957 2333 2957 2333 2958 2398 2958 2324 2958 2333 2959 2324 2959 2246 2959 2246 2960 2324 2960 2224 2960 2246 2961 2224 2961 2123 2961 2123 2962 2224 2962 2108 2962 2123 2963 2108 2963 2048 2963 2892 2964 2830 2964 3052 2964 3052 2965 2830 2965 3022 2965 3052 2966 3022 2966 3117 2966 3117 2967 3022 2967 3089 2967 3117 2968 3089 2968 3170 2968 3170 2969 3089 2969 3143 2969 3170 2970 3143 2970 3201 2970 3201 2971 3143 2971 3166 2971 3201 2972 3166 2972 3250 2972 3250 2973 3166 2973 3218 2973 3250 2974 3218 2974 3338 2974 3338 2975 3218 2975 3282 2975 3338 2976 3282 2976 3394 2976 3394 2977 3282 2977 3343 2977 3394 2978 3343 2978 3438 2978 3438 2979 3343 2979 3387 2979 3438 2980 3387 2980 3471 2980 3471 2981 3387 2981 3419 2981 3471 2982 3419 2982 3526 2982 3526 2983 3419 2983 3482 2983 3526 2984 3482 2984 3563 2984 3563 2985 3482 2985 3522 2985 3563 2986 3522 2986 3589 2986 3589 2987 3522 2987 3537 2987 3589 2988 3537 2988 3598 2988 3598 2989 3537 2989 3551 2989 3598 2990 3551 2990 3609 2990 3609 2991 3551 2991 3559 2991 3609 2992 3559 2992 3613 2992 3613 2993 3559 2993 3564 2993 3613 2994 3564 2994 3562 2994 3601 2995 3553 2995 3592 2995 3592 2996 3553 2996 3547 2996 3592 2997 3547 2997 3579 2997 3579 2998 3547 2998 3531 2998 3579 2999 3531 2999 3538 2999 3538 3000 3531 3000 3508 3000 3538 3001 3508 3001 3488 3001 3488 3002 3508 3002 3450 3002 3488 3003 3450 3003 3416 3003 3416 3004 3450 3004 3369 3004 3416 3005 3369 3005 3313 3005 3313 3006 3369 3006 3275 3006 3313 3007 3275 3007 3238 3007 3238 3008 3275 3008 3209 3008 3238 3009 3209 3009 3161 3009 3161 3010 3209 3010 3138 3010 3161 3011 3138 3011 3094 3011 3094 3012 3138 3012 3078 3012 3094 3013 3078 3013 3036 3013 3036 3014 3078 3014 3012 3014 3036 3015 3012 3015 2790 3015 2790 3016 3012 3016 2774 3016 2790 3017 2774 3017 2613 3017 2613 3018 2774 3018 2600 3018 2613 3019 2600 3019 2484 3019 2484 3020 2600 3020 2472 3020 2484 3021 2472 3021 2435 3021 2435 3022 2472 3022 2412 3022 2435 3023 2412 3023 2344 3023 2344 3024 2412 3024 2333 3024 2344 3025 2333 3025 2266 3025 2266 3026 2333 3026 2246 3026 2266 3027 2246 3027 2148 3027 2148 3028 2246 3028 2123 3028 2148 3029 2123 3029 2077 3029 2950 3030 2892 3030 3074 3030 3074 3031 2892 3031 3052 3031 3074 3032 3052 3032 3133 3032 3133 3033 3052 3033 3117 3033 3133 3034 3117 3034 3199 3034 3199 3035 3117 3035 3170 3035 3199 3036 3170 3036 3231 3036 3231 3037 3170 3037 3201 3037 3231 3038 3201 3038 3278 3038 3278 3039 3201 3039 3250 3039 3278 3040 3250 3040 3385 3040 3385 3041 3250 3041 3338 3041 3385 3042 3338 3042 3441 3042 3441 3043 3338 3043 3394 3043 3441 3044 3394 3044 3478 3044 3478 3045 3394 3045 3438 3045 3478 3046 3438 3046 3510 3046 3510 3047 3438 3047 3471 3047 3510 3048 3471 3048 3573 3048 3573 3049 3471 3049 3526 3049 3573 3050 3526 3050 3606 3050 3606 3051 3526 3051 3563 3051 3606 3052 3563 3052 3630 3052 3630 3053 3563 3053 3589 3053 3630 3054 3589 3054 3644 3054 3644 3055 3589 3055 3598 3055 3644 3056 3598 3056 3653 3056 3653 3057 3598 3057 3609 3057 3653 3058 3609 3058 3656 3058 3656 3059 3609 3059 3613 3059 3656 3060 3613 3060 3657 3060 3657 3061 3613 3061 3614 3061 3657 3062 3614 3062 3658 3062 3658 3063 3614 3063 3615 3063 3658 3064 3615 3064 3655 3064 3655 3065 3615 3065 3612 3065 3655 3066 3612 3066 3649 3066 3649 3067 3612 3067 3601 3067 3649 3068 3601 3068 3633 3068 3633 3069 3601 3069 3592 3069 3633 3070 3592 3070 3622 3070 3622 3071 3592 3071 3579 3071 3622 3072 3579 3072 3586 3072 3586 3073 3579 3073 3538 3073 3586 3074 3538 3074 3530 3074 3530 3075 3538 3075 3488 3075 3530 3076 3488 3076 3458 3076 3458 3077 3488 3077 3416 3077 3458 3078 3416 3078 3358 3078 3358 3079 3416 3079 3313 3079 3358 3080 3313 3080 3260 3080 3260 3081 3313 3081 3238 3081 3260 3082 3238 3082 3183 3082 3183 3083 3238 3083 3161 3083 3183 3084 3161 3084 3113 3084 3113 3085 3161 3085 3094 3085 3113 3086 3094 3086 3061 3086 3061 3087 3094 3087 3036 3087 3061 3088 3036 3088 2829 3088 2829 3089 3036 3089 2790 3089 2829 3090 2790 3090 2621 3090 2621 3091 2790 3091 2613 3091 2621 3092 2613 3092 2498 3092 2498 3093 2613 3093 2484 3093 2498 3094 2484 3094 2455 3094 2455 3095 2484 3095 2435 3095 2455 3096 2435 3096 2346 3096 2346 3097 2435 3097 2344 3097 2346 3098 2344 3098 2281 3098 2281 3099 2344 3099 2266 3099 2281 3100 2266 3100 2167 3100 2167 3101 2266 3101 2148 3101 2167 3102 2148 3102 2096 3102 2994 3103 2950 3103 3086 3103 3086 3104 2950 3104 3074 3104 3086 3105 3074 3105 3157 3105 3157 3106 3074 3106 3133 3106 3157 3107 3133 3107 3226 3107 3226 3108 3133 3108 3199 3108 3226 3109 3199 3109 3255 3109 3255 3110 3199 3110 3231 3110 3255 3111 3231 3111 3317 3111 3317 3112 3231 3112 3278 3112 3317 3113 3278 3113 3431 3113 3431 3114 3278 3114 3385 3114 3431 3115 3385 3115 3475 3115 3475 3116 3385 3116 3441 3116 3475 3117 3441 3117 3514 3117 3514 3118 3441 3118 3478 3118 3514 3119 3478 3119 3543 3119 3543 3120 3478 3120 3510 3120 3543 3121 3510 3121 3603 3121 3603 3122 3510 3122 3573 3122 3603 3123 3573 3123 3645 3123 3645 3124 3573 3124 3606 3124 3645 3125 3606 3125 3675 3125 3675 3126 3606 3126 3630 3126 3675 3127 3630 3127 3691 3127 3691 3128 3630 3128 3644 3128 3691 3129 3644 3129 3697 3129 3697 3130 3644 3130 3653 3130 3697 3131 3653 3131 3702 3131 3702 3132 3653 3132 3656 3132 3702 3133 3656 3133 3703 3133 3703 3134 3656 3134 3657 3134 3703 3135 3657 3135 3704 3135 3704 3136 3657 3136 3658 3136 3704 3137 3658 3137 3701 3137 3701 3138 3658 3138 3655 3138 3701 3139 3655 3139 3693 3139 3693 3140 3655 3140 3649 3140 3693 3141 3649 3141 3677 3141 3677 3142 3649 3142 3633 3142 3677 3143 3633 3143 3663 3143 3663 3144 3633 3144 3622 3144 3663 3145 3622 3145 3626 3145 3626 3146 3622 3146 3586 3146 3626 3147 3586 3147 3565 3147 3565 3148 3586 3148 3530 3148 3565 3149 3530 3149 3490 3149 3490 3150 3530 3150 3458 3150 3490 3151 3458 3151 3399 3151 3399 3152 3458 3152 3358 3152 3399 3153 3358 3153 3288 3153 3288 3154 3358 3154 3260 3154 3288 3155 3260 3155 3205 3155 3205 3156 3260 3156 3183 3156 3205 3157 3183 3157 3124 3157 3124 3158 3183 3158 3113 3158 3124 3159 3113 3159 3076 3159 3076 3160 3113 3160 3061 3160 3076 3161 3061 3161 2881 3161 2881 3162 3061 3162 2829 3162 2881 3163 2829 3163 2625 3163 2625 3164 2829 3164 2621 3164 2625 3165 2621 3165 2514 3165 2514 3166 2621 3166 2498 3166 2514 3167 2498 3167 2459 3167 2459 3168 2498 3168 2455 3168 2459 3169 2455 3169 2379 3169 2379 3170 2455 3170 2346 3170 2379 3171 2346 3171 2283 3171 2283 3172 2346 3172 2281 3172 2283 3173 2281 3173 2189 3173 2189 3174 2281 3174 2167 3174 2189 3175 2167 3175 2106 3175 2977 3176 2912 3176 3050 3176 3050 3177 2912 3177 3020 3177 3050 3178 3020 3178 3130 3178 3130 3179 3020 3179 3104 3179 3130 3180 3104 3180 3211 3180 3211 3181 3104 3181 3179 3181 3211 3182 3179 3182 3289 3182 3289 3183 3179 3183 3246 3183 3289 3184 3246 3184 3342 3184 3342 3185 3246 3185 3274 3185 3342 3186 3274 3186 3424 3186 3424 3187 3274 3187 3357 3187 3424 3188 3357 3188 3515 3188 3515 3189 3357 3189 3462 3189 3515 3190 3462 3190 3555 3190 3555 3191 3462 3191 3511 3191 3555 3192 3511 3192 3596 3192 3596 3193 3511 3193 3545 3193 3596 3194 3545 3194 3634 3194 3634 3195 3545 3195 3583 3195 3634 3196 3583 3196 3709 3196 3709 3197 3583 3197 3639 3197 3709 3198 3639 3198 3744 3198 3744 3199 3639 3199 3688 3199 3744 3200 3688 3200 3763 3200 3763 3201 3688 3201 3713 3201 3763 3202 3713 3202 3770 3202 3770 3203 3713 3203 3725 3203 3770 3204 3725 3204 3778 3204 3778 3205 3725 3205 3735 3205 3778 3206 3735 3206 3775 3206 3775 3207 3735 3207 3732 3207 3775 3208 3732 3208 3777 3208 3777 3209 3732 3209 3734 3209 3777 3210 3734 3210 3780 3210 3780 3211 3734 3211 3736 3211 3780 3212 3736 3212 3776 3212 3776 3213 3736 3213 3733 3213 3776 3214 3733 3214 3772 3214 3772 3215 3733 3215 3727 3215 3772 3216 3727 3216 3766 3216 3766 3217 3727 3217 3716 3217 3766 3218 3716 3218 3750 3218 3750 3219 3716 3219 3695 3219 3750 3220 3695 3220 3715 3220 3715 3221 3695 3221 3665 3221 3715 3222 3665 3222 3651 3222 3651 3223 3665 3223 3594 3223 3651 3224 3594 3224 3575 3224 3575 3225 3594 3225 3524 3225 3575 3226 3524 3226 3483 3226 3483 3227 3524 3227 3440 3227 3483 3228 3440 3228 3363 3228 3363 3229 3440 3229 3311 3229 3363 3230 3311 3230 3252 3230 3252 3231 3311 3231 3223 3231 3252 3232 3223 3232 3164 3232 3164 3233 3223 3233 3139 3233 3164 3234 3139 3234 3106 3234 3106 3235 3139 3235 3084 3235 3106 3236 3084 3236 2992 3236 2992 3237 3084 3237 2930 3237 2992 3238 2930 3238 2645 3238 2645 3239 2930 3239 2631 3239 2645 3240 2631 3240 2538 3240 2538 3241 2631 3241 2523 3241 2538 3242 2523 3242 2480 3242 2480 3243 2523 3243 2465 3243 2480 3244 2465 3244 2396 3244 2396 3245 2465 3245 2385 3245 2396 3246 2385 3246 2319 3246 2319 3247 2385 3247 2287 3247 2319 3248 2287 3248 2226 3248 2226 3249 2287 3249 2207 3249 2226 3250 2207 3250 2133 3250 2226 3251 2239 3251 2319 3251 2319 3252 2239 3252 2329 3252 2319 3253 2329 3253 2396 3253 2396 3254 2329 3254 2400 3254 2396 3255 2400 3255 2480 3255 2480 3256 2400 3256 2495 3256 2480 3257 2495 3257 2538 3257 2538 3258 2495 3258 2557 3258 2538 3259 2557 3259 2645 3259 2645 3260 2557 3260 2666 3260 2645 3261 2666 3261 2992 3261 2992 3262 2666 3262 3014 3262 2992 3263 3014 3263 3106 3263 3106 3264 3014 3264 3122 3264 3106 3265 3122 3265 3164 3265 3164 3266 3122 3266 3187 3266 3164 3267 3187 3267 3252 3267 3252 3268 3187 3268 3272 3268 3252 3269 3272 3269 3363 3269 3363 3270 3272 3270 3406 3270 3363 3271 3406 3271 3483 3271 3483 3272 3406 3272 3520 3272 3483 3273 3520 3273 3575 3273 3575 3274 3520 3274 3619 3274 3575 3275 3619 3275 3651 3275 3651 3276 3619 3276 3699 3276 3651 3277 3699 3277 3715 3277 3715 3278 3699 3278 3754 3278 3715 3279 3754 3279 3750 3279 3750 3280 3754 3280 3787 3280 3750 3281 3787 3281 3766 3281 3766 3282 3787 3282 3798 3282 3766 3283 3798 3283 3772 3283 3772 3284 3798 3284 3811 3284 3772 3285 3811 3285 3776 3285 3776 3286 3811 3286 3816 3286 3776 3287 3816 3287 3780 3287 3780 3288 3816 3288 3822 3288 3780 3289 3822 3289 3777 3289 3777 3290 3822 3290 3817 3290 3777 3291 3817 3291 3775 3291 3775 3292 3817 3292 3815 3292 3775 3293 3815 3293 3778 3293 3778 3294 3815 3294 3818 3294 3778 3295 3818 3295 3770 3295 3770 3296 3818 3296 3809 3296 3770 3297 3809 3297 3763 3297 3763 3298 3809 3298 3794 3298 3763 3299 3794 3299 3744 3299 3744 3300 3794 3300 3774 3300 3744 3301 3774 3301 3709 3301 3709 3302 3774 3302 3748 3302 3709 3303 3748 3303 3634 3303 3634 3304 3748 3304 3685 3304 3634 3305 3685 3305 3596 3305 3596 3306 3685 3306 3643 3306 3596 3307 3643 3307 3555 3307 3555 3308 3643 3308 3600 3308 3555 3309 3600 3309 3515 3309 3515 3310 3600 3310 3549 3310 3515 3311 3549 3311 3424 3311 3424 3312 3549 3312 3468 3312 3424 3313 3468 3313 3342 3313 3342 3314 3468 3314 3391 3314 3342 3315 3391 3315 3289 3315 3289 3316 3391 3316 3332 3316 3289 3317 3332 3317 3211 3317 3211 3318 3332 3318 3244 3318 3211 3319 3244 3319 3130 3319 3130 3320 3244 3320 3151 3320 3130 3321 3151 3321 3050 3321 3050 3322 3151 3322 3070 3322 3050 3323 3070 3323 2977 3323 2977 3324 3070 3324 3010 3324 2977 3325 3010 3325 2837 3325 2239 3326 2256 3326 2329 3326 2329 3327 2256 3327 2331 3327 2329 3328 2331 3328 2400 3328 2400 3329 2331 3329 2413 3329 2400 3330 2413 3330 2495 3330 2495 3331 2413 3331 2512 3331 2495 3332 2512 3332 2557 3332 2557 3333 2512 3333 2577 3333 2557 3334 2577 3334 2666 3334 2666 3335 2577 3335 2685 3335 2666 3336 2685 3336 3014 3336 3014 3337 2685 3337 3030 3337 3014 3338 3030 3338 3122 3338 3122 3339 3030 3339 3136 3339 3122 3340 3136 3340 3187 3340 3187 3341 3136 3341 3203 3341 3187 3342 3203 3342 3272 3342 3272 3343 3203 3343 3302 3343 3272 3344 3302 3344 3406 3344 3406 3345 3302 3345 3447 3345 3406 3346 3447 3346 3520 3346 3520 3347 3447 3347 3541 3347 3520 3348 3541 3348 3619 3348 3619 3349 3541 3349 3640 3349 3619 3350 3640 3350 3699 3350 3699 3351 3640 3351 3728 3351 3699 3352 3728 3352 3754 3352 3754 3353 3728 3353 3786 3353 3754 3354 3786 3354 3787 3354 3787 3355 3786 3355 3807 3355 3787 3356 3807 3356 3798 3356 3798 3357 3807 3357 3832 3357 3798 3358 3832 3358 3811 3358 3811 3359 3832 3359 3840 3359 3811 3360 3840 3360 3816 3360 3816 3361 3840 3361 3850 3361 3816 3362 3850 3362 3822 3362 3822 3363 3850 3363 3857 3363 3822 3364 3857 3364 3817 3364 3817 3365 3857 3365 3851 3365 3817 3366 3851 3366 3815 3366 3815 3367 3851 3367 3849 3367 3815 3368 3849 3368 3818 3368 3818 3369 3849 3369 3852 3369 3818 3370 3852 3370 3809 3370 3809 3371 3852 3371 3838 3371 3809 3372 3838 3372 3794 3372 3794 3373 3838 3373 3830 3373 3794 3374 3830 3374 3774 3374 3774 3375 3830 3375 3800 3375 3774 3376 3800 3376 3748 3376 3748 3377 3800 3377 3768 3377 3748 3378 3768 3378 3685 3378 3685 3379 3768 3379 3721 3379 3685 3380 3721 3380 3643 3380 3643 3381 3721 3381 3683 3381 3643 3382 3683 3382 3600 3382 3600 3383 3683 3383 3637 3383 3600 3384 3637 3384 3549 3384 3549 3385 3637 3385 3588 3385 3549 3386 3588 3386 3468 3386 3468 3387 3588 3387 3498 3387 3468 3388 3498 3388 3391 3388 3391 3389 3498 3389 3418 3389 3391 3390 3418 3390 3332 3390 3332 3391 3418 3391 3365 3391 3332 3392 3365 3392 3244 3392 3244 3393 3365 3393 3261 3393 3244 3394 3261 3394 3151 3394 3151 3395 3261 3395 3172 3395 3151 3396 3172 3396 3070 3396 3070 3397 3172 3397 3082 3397 3070 3398 3082 3398 3010 3398 3010 3399 3082 3399 3028 3399 3010 3400 3028 3400 2906 3400 3038 3401 3028 3401 3091 3401 3091 3402 3028 3402 3082 3402 3091 3403 3082 3403 3182 3403 3182 3404 3082 3404 3172 3404 3182 3405 3172 3405 3270 3405 3270 3406 3172 3406 3261 3406 3270 3407 3261 3407 3395 3407 3395 3408 3261 3408 3365 3408 3395 3409 3365 3409 3445 3409 3445 3410 3365 3410 3418 3410 3445 3411 3418 3411 3518 3411 3518 3412 3418 3412 3498 3412 3518 3413 3498 3413 3608 3413 3608 3414 3498 3414 3588 3414 3608 3415 3588 3415 3666 3415 3666 3416 3588 3416 3637 3416 3666 3417 3637 3417 3711 3417 3711 3418 3637 3418 3683 3418 3711 3419 3683 3419 3742 3419 3742 3420 3683 3420 3721 3420 3742 3421 3721 3421 3790 3421 3790 3422 3721 3422 3768 3422 3790 3423 3768 3423 3826 3423 3826 3424 3768 3424 3800 3424 3826 3425 3800 3425 3844 3425 3844 3426 3800 3426 3830 3426 3844 3427 3830 3427 3863 3427 3863 3428 3830 3428 3838 3428 3863 3429 3838 3429 3873 3429 3873 3430 3838 3430 3852 3430 3873 3431 3852 3431 3870 3431 3870 3432 3852 3432 3849 3432 3870 3433 3849 3433 3872 3433 3872 3434 3849 3434 3851 3434 3872 3435 3851 3435 3878 3435 3878 3436 3851 3436 3857 3436 3878 3437 3857 3437 3871 3437 3871 3438 3857 3438 3850 3438 3871 3439 3850 3439 3866 3439 3866 3440 3850 3440 3840 3440 3866 3441 3840 3441 3858 3441 3858 3442 3840 3442 3832 3442 3858 3443 3832 3443 3828 3443 3828 3444 3832 3444 3807 3444 3828 3445 3807 3445 3792 3445 3792 3446 3807 3446 3786 3446 3792 3447 3786 3447 3746 3447 3746 3448 3786 3448 3728 3448 3746 3449 3728 3449 3669 3449 3669 3450 3728 3450 3640 3450 3669 3451 3640 3451 3556 3451 3556 3452 3640 3452 3541 3452 3556 3453 3541 3453 3455 3453 3455 3454 3541 3454 3447 3454 3455 3455 3447 3455 3314 3455 3314 3456 3447 3456 3302 3456 3314 3457 3302 3457 3214 3457 3214 3458 3302 3458 3203 3458 3214 3459 3203 3459 3145 3459 3145 3460 3203 3460 3136 3460 3145 3461 3136 3461 3040 3461 3040 3462 3136 3462 3030 3462 3040 3463 3030 3463 2693 3463 2693 3464 3030 3464 2685 3464 2693 3465 2685 3465 2581 3465 2581 3466 2685 3466 2577 3466 2581 3467 2577 3467 2519 3467 2519 3468 2577 3468 2512 3468 2519 3469 2512 3469 2423 3469 2423 3470 2512 3470 2413 3470 2423 3471 2413 3471 2335 3471 2335 3472 2413 3472 2331 3472 2335 3473 2331 3473 2262 3473 2262 3474 2331 3474 2256 3474 3045 3475 3038 3475 3097 3475 3097 3476 3038 3476 3091 3476 3097 3477 3091 3477 3191 3477 3191 3478 3091 3478 3182 3478 3191 3479 3182 3479 3284 3479 3284 3480 3182 3480 3270 3480 3284 3481 3270 3481 3403 3481 3403 3482 3270 3482 3395 3482 3403 3483 3395 3483 3452 3483 3452 3484 3395 3484 3445 3484 3452 3485 3445 3485 3528 3485 3528 3486 3445 3486 3518 3486 3528 3487 3518 3487 3624 3487 3624 3488 3518 3488 3608 3488 3624 3489 3608 3489 3672 3489 3672 3490 3608 3490 3666 3490 3672 3491 3666 3491 3719 3491 3719 3492 3666 3492 3711 3492 3719 3493 3711 3493 3752 3493 3752 3494 3711 3494 3742 3494 3752 3495 3742 3495 3796 3495 3796 3496 3742 3496 3790 3496 3796 3497 3790 3497 3834 3497 3834 3498 3790 3498 3826 3498 3834 3499 3826 3499 3862 3499 3862 3500 3826 3500 3844 3500 3862 3501 3844 3501 3886 3501 3886 3502 3844 3502 3863 3502 3886 3503 3863 3503 3893 3503 3893 3504 3863 3504 3873 3504 3893 3505 3873 3505 3890 3505 3890 3506 3873 3506 3870 3506 3890 3507 3870 3507 3892 3507 3892 3508 3870 3508 3872 3508 3892 3509 3872 3509 3898 3509 3898 3510 3872 3510 3878 3510 3898 3511 3878 3511 3891 3511 3891 3512 3878 3512 3871 3512 3891 3513 3871 3513 3888 3513 3888 3514 3871 3514 3866 3514 3888 3515 3866 3515 3868 3515 3868 3516 3866 3516 3858 3516 3868 3517 3858 3517 3836 3517 3836 3518 3858 3518 3828 3518 3836 3519 3828 3519 3804 3519 3804 3520 3828 3520 3792 3520 3804 3521 3792 3521 3755 3521 3755 3522 3792 3522 3746 3522 3755 3523 3746 3523 3671 3523 3671 3524 3746 3524 3669 3524 3671 3525 3669 3525 3577 3525 3577 3526 3669 3526 3556 3526 3577 3527 3556 3527 3465 3527 3465 3528 3556 3528 3455 3528 3465 3529 3455 3529 3339 3529 3339 3530 3455 3530 3314 3530 3339 3531 3314 3531 3220 3531 3220 3532 3314 3532 3214 3532 3220 3533 3214 3533 3149 3533 3149 3534 3214 3534 3145 3534 3149 3535 3145 3535 3048 3535 3048 3536 3145 3536 3040 3536 3048 3537 3040 3537 2705 3537 2705 3538 3040 3538 2693 3538 2705 3539 2693 3539 2585 3539 2585 3540 2693 3540 2581 3540 2585 3541 2581 3541 2521 3541 2521 3542 2581 3542 2519 3542 2521 3543 2519 3543 2428 3543 2428 3544 2519 3544 2423 3544 2428 3545 2423 3545 2339 3545 2339 3546 2423 3546 2335 3546 2339 3547 2335 3547 2269 3547 2269 3548 2335 3548 2262 3548 2269 3549 2274 3549 2339 3549 2339 3550 2274 3550 2341 3550 2339 3551 2341 3551 2428 3551 2428 3552 2341 3552 2434 3552 2428 3553 2434 3553 2521 3553 2521 3554 2434 3554 2525 3554 2521 3555 2525 3555 2585 3555 2585 3556 2525 3556 2593 3556 2585 3557 2593 3557 2705 3557 2705 3558 2593 3558 2711 3558 2705 3559 2711 3559 3048 3559 3048 3560 2711 3560 3056 3560 3048 3561 3056 3561 3149 3561 3149 3562 3056 3562 3153 3562 3149 3563 3153 3563 3220 3563 3220 3564 3153 3564 3227 3564 3220 3565 3227 3565 3339 3565 3339 3566 3227 3566 3346 3566 3339 3567 3346 3567 3465 3567 3465 3568 3346 3568 3473 3568 3465 3569 3473 3569 3577 3569 3577 3570 3473 3570 3581 3570 3577 3571 3581 3571 3671 3571 3671 3572 3581 3572 3679 3572 3671 3573 3679 3573 3755 3573 3755 3574 3679 3574 3761 3574 3755 3575 3761 3575 3804 3575 3804 3576 3761 3576 3813 3576 3804 3577 3813 3577 3836 3577 3836 3578 3813 3578 3845 3578 3836 3579 3845 3579 3868 3579 3868 3580 3845 3580 3882 3580 3868 3581 3882 3581 3888 3581 3888 3582 3882 3582 3902 3582 3888 3583 3902 3583 3891 3583 3891 3584 3902 3584 3907 3584 3891 3585 3907 3585 3898 3585 3898 3586 3907 3586 3914 3586 3898 3587 3914 3587 3892 3587 3892 3588 3914 3588 3908 3588 3892 3589 3908 3589 3890 3589 3890 3590 3908 3590 3906 3590 3890 3591 3906 3591 3893 3591 3893 3592 3906 3592 3910 3592 3893 3593 3910 3593 3886 3593 3886 3594 3910 3594 3900 3594 3886 3595 3900 3595 3862 3595 3862 3596 3900 3596 3880 3596 3862 3597 3880 3597 3834 3597 3834 3598 3880 3598 3842 3598 3834 3599 3842 3599 3796 3599 3796 3600 3842 3600 3802 3600 3796 3601 3802 3601 3752 3601 3752 3602 3802 3602 3758 3602 3752 3603 3758 3603 3719 3603 3719 3604 3758 3604 3723 3604 3719 3605 3723 3605 3672 3605 3672 3606 3723 3606 3681 3606 3672 3607 3681 3607 3624 3607 3624 3608 3681 3608 3628 3608 3624 3609 3628 3609 3528 3609 3528 3610 3628 3610 3534 3610 3528 3611 3534 3611 3452 3611 3452 3612 3534 3612 3460 3612 3452 3613 3460 3613 3403 3613 3403 3614 3460 3614 3411 3614 3403 3615 3411 3615 3284 3615 3284 3616 3411 3616 3294 3616 3284 3617 3294 3617 3191 3617 3191 3618 3294 3618 3196 3618 3191 3619 3196 3619 3097 3619 3097 3620 3196 3620 3099 3620 3097 3621 3099 3621 3045 3621 3045 3622 3099 3622 3054 3622 3045 3623 3054 3623 2966 3623 3058 3624 3054 3624 3103 3624 3103 3625 3054 3625 3099 3625 3103 3626 3099 3626 3148 3626 3148 3627 3099 3627 3196 3627 3148 3628 3196 3628 3198 3628 3198 3629 3196 3629 3296 3629 3296 3630 3196 3630 3294 3630 3296 3631 3294 3631 3413 3631 3413 3632 3294 3632 3411 3632 3413 3633 3411 3633 3464 3633 3464 3634 3411 3634 3460 3634 3464 3635 3460 3635 3536 3635 3536 3636 3460 3636 3534 3636 3536 3637 3534 3637 3631 3637 3631 3638 3534 3638 3628 3638 3631 3639 3628 3639 3689 3639 3689 3640 3628 3640 3681 3640 3689 3641 3681 3641 3731 3641 3731 3642 3681 3642 3723 3642 3731 3643 3723 3643 3760 3643 3760 3644 3723 3644 3758 3644 3760 3645 3758 3645 3806 3645 3806 3646 3758 3646 3802 3646 3806 3647 3802 3647 3846 3647 3846 3648 3802 3648 3842 3648 3846 3649 3842 3649 3884 3649 3884 3650 3842 3650 3880 3650 3884 3651 3880 3651 3904 3651 3904 3652 3880 3652 3900 3652 3904 3653 3900 3653 3919 3653 3919 3654 3900 3654 3910 3654 3919 3655 3910 3655 3916 3655 3916 3656 3910 3656 3906 3656 3916 3657 3906 3657 3918 3657 3918 3658 3906 3658 3908 3658 3918 3659 3908 3659 3920 3659 3920 3660 3908 3660 3914 3660 3920 3661 3914 3661 3917 3661 3917 3662 3914 3662 3907 3662 3917 3663 3907 3663 3905 3663 3905 3664 3907 3664 3902 3664 3905 3665 3902 3665 3885 3665 3885 3666 3902 3666 3882 3666 3885 3667 3882 3667 3861 3667 3861 3668 3882 3668 3845 3668 3861 3669 3845 3669 3825 3669 3825 3670 3845 3670 3813 3670 3825 3671 3813 3671 3765 3671 3765 3672 3813 3672 3761 3672 3765 3673 3761 3673 3686 3673 3686 3674 3761 3674 3679 3674 3686 3675 3679 3675 3585 3675 3585 3676 3679 3676 3581 3676 3585 3677 3581 3677 3476 3677 3476 3678 3581 3678 3473 3678 3476 3679 3473 3679 3350 3679 3350 3680 3473 3680 3346 3680 3350 3681 3346 3681 3230 3681 3230 3682 3346 3682 3227 3682 3230 3683 3227 3683 3155 3683 3155 3684 3227 3684 3153 3684 3155 3685 3153 3685 3059 3685 3059 3686 3153 3686 3056 3686 3059 3687 3056 3687 2713 3687 2713 3688 3056 3688 2711 3688 2713 3689 2711 3689 2595 3689 2595 3690 2711 3690 2593 3690 2595 3691 2593 3691 2527 3691 2527 3692 2593 3692 2525 3692 2527 3693 2525 3693 2440 3693 2440 3694 2525 3694 2434 3694 2440 3695 2434 3695 2343 3695 2343 3696 2434 3696 2341 3696 2343 3697 2341 3697 2276 3697 2276 3698 2341 3698 2274 3698 3055 3699 3058 3699 3100 3699 3100 3700 3058 3700 3103 3700 3100 3701 3103 3701 3197 3701 3197 3702 3103 3702 3148 3702 3197 3703 3148 3703 3198 3703 3197 3704 3198 3704 3295 3704 3295 3705 3198 3705 3296 3705 3295 3706 3296 3706 3412 3706 3412 3707 3296 3707 3413 3707 3412 3708 3413 3708 3461 3708 3461 3709 3413 3709 3464 3709 3461 3710 3464 3710 3535 3710 3535 3711 3464 3711 3536 3711 3535 3712 3536 3712 3629 3712 3629 3713 3536 3713 3631 3713 3629 3714 3631 3714 3682 3714 3682 3715 3631 3715 3689 3715 3682 3716 3689 3716 3724 3716 3724 3717 3689 3717 3731 3717 3724 3718 3731 3718 3759 3718 3759 3719 3731 3719 3760 3719 3759 3720 3760 3720 3803 3720 3803 3721 3760 3721 3806 3721 3803 3722 3806 3722 3843 3722 3843 3723 3806 3723 3846 3723 3843 3724 3846 3724 3881 3724 3881 3725 3846 3725 3884 3725 3881 3726 3884 3726 3901 3726 3901 3727 3884 3727 3904 3727 3901 3728 3904 3728 3913 3728 3913 3729 3904 3729 3919 3729 3913 3730 3919 3730 3909 3730 3909 3731 3919 3731 3916 3731 3909 3732 3916 3732 3912 3732 3912 3733 3916 3733 3918 3733 3912 3734 3918 3734 3915 3734 3915 3735 3918 3735 3920 3735 3915 3736 3920 3736 3911 3736 3911 3737 3920 3737 3917 3737 3911 3738 3917 3738 3903 3738 3903 3739 3917 3739 3905 3739 3903 3740 3905 3740 3883 3740 3883 3741 3905 3741 3885 3741 3883 3742 3885 3742 3847 3742 3847 3743 3885 3743 3861 3743 3847 3744 3861 3744 3814 3744 3814 3745 3861 3745 3825 3745 3814 3746 3825 3746 3762 3746 3762 3747 3825 3747 3765 3747 3762 3748 3765 3748 3680 3748 3680 3749 3765 3749 3686 3749 3680 3750 3686 3750 3582 3750 3582 3751 3686 3751 3585 3751 3582 3752 3585 3752 3474 3752 3474 3753 3585 3753 3476 3753 3474 3754 3476 3754 3347 3754 3347 3755 3476 3755 3350 3755 3347 3756 3350 3756 3229 3756 3229 3757 3350 3757 3230 3757 3229 3758 3230 3758 3154 3758 3154 3759 3230 3759 3155 3759 3154 3760 3155 3760 3057 3760 3057 3761 3155 3761 3059 3761 3057 3762 3059 3762 2712 3762 2712 3763 3059 3763 2713 3763 2712 3764 2713 3764 2594 3764 2594 3765 2713 3765 2595 3765 2594 3766 2595 3766 2526 3766 2526 3767 2595 3767 2527 3767 2526 3768 2527 3768 2436 3768 2436 3769 2527 3769 2440 3769 2436 3770 2440 3770 2342 3770 2342 3771 2440 3771 2343 3771 2342 3772 2343 3772 2275 3772 2275 3773 2343 3773 2276 3773 2275 3774 2276 3774 2209 3774 3047 3775 3055 3775 3098 3775 3098 3776 3055 3776 3100 3776 3098 3777 3100 3777 3192 3777 3192 3778 3100 3778 3197 3778 3192 3779 3197 3779 3285 3779 3285 3780 3197 3780 3295 3780 3285 3781 3295 3781 3404 3781 3404 3782 3295 3782 3412 3782 3404 3783 3412 3783 3453 3783 3453 3784 3412 3784 3461 3784 3453 3785 3461 3785 3529 3785 3529 3786 3461 3786 3535 3786 3529 3787 3535 3787 3625 3787 3625 3788 3535 3788 3629 3788 3625 3789 3629 3789 3674 3789 3674 3790 3629 3790 3682 3790 3674 3791 3682 3791 3720 3791 3720 3792 3682 3792 3724 3792 3720 3793 3724 3793 3753 3793 3753 3794 3724 3794 3759 3794 3753 3795 3759 3795 3797 3795 3797 3796 3759 3796 3803 3796 3797 3797 3803 3797 3835 3797 3835 3798 3803 3798 3843 3798 3835 3799 3843 3799 3864 3799 3864 3800 3843 3800 3881 3800 3864 3801 3881 3801 3887 3801 3887 3802 3881 3802 3901 3802 3887 3803 3901 3803 3897 3803 3897 3804 3901 3804 3913 3804 3897 3805 3913 3805 3894 3805 3894 3806 3913 3806 3909 3806 3894 3807 3909 3807 3896 3807 3896 3808 3909 3808 3912 3808 3896 3809 3912 3809 3899 3809 3899 3810 3912 3810 3915 3810 3899 3811 3915 3811 3895 3811 3895 3812 3915 3812 3911 3812 3895 3813 3911 3813 3889 3813 3889 3814 3911 3814 3903 3814 3889 3815 3903 3815 3869 3815 3869 3816 3903 3816 3883 3816 3869 3817 3883 3817 3837 3817 3837 3818 3883 3818 3847 3818 3837 3819 3847 3819 3805 3819 3805 3820 3847 3820 3814 3820 3805 3821 3814 3821 3756 3821 3756 3822 3814 3822 3762 3822 3756 3823 3762 3823 3673 3823 3673 3824 3762 3824 3680 3824 3673 3825 3680 3825 3578 3825 3578 3826 3680 3826 3582 3826 3578 3827 3582 3827 3466 3827 3466 3828 3582 3828 3474 3828 3466 3829 3474 3829 3340 3829 3340 3830 3474 3830 3347 3830 3340 3831 3347 3831 3221 3831 3221 3832 3347 3832 3229 3832 3221 3833 3229 3833 3150 3833 3150 3834 3229 3834 3154 3834 3150 3835 3154 3835 3049 3835 3049 3836 3154 3836 3057 3836 3049 3837 3057 3837 2706 3837 2706 3838 3057 3838 2712 3838 2706 3839 2712 3839 2587 3839 2587 3840 2712 3840 2594 3840 2587 3841 2594 3841 2522 3841 2522 3842 2594 3842 2526 3842 2522 3843 2526 3843 2429 3843 2429 3844 2526 3844 2436 3844 2429 3845 2436 3845 2340 3845 2340 3846 2436 3846 2342 3846 2340 3847 2342 3847 2270 3847 2270 3848 2342 3848 2275 3848 3039 3849 3047 3849 3092 3849 3092 3850 3047 3850 3098 3850 3092 3851 3098 3851 3185 3851 3185 3852 3098 3852 3192 3852 3185 3853 3192 3853 3271 3853 3271 3854 3192 3854 3285 3854 3271 3855 3285 3855 3398 3855 3398 3856 3285 3856 3404 3856 3398 3857 3404 3857 3448 3857 3448 3858 3404 3858 3453 3858 3448 3859 3453 3859 3519 3859 3519 3860 3453 3860 3529 3860 3519 3861 3529 3861 3610 3861 3610 3862 3529 3862 3625 3862 3610 3863 3625 3863 3667 3863 3667 3864 3625 3864 3674 3864 3667 3865 3674 3865 3712 3865 3712 3866 3674 3866 3720 3866 3712 3867 3720 3867 3743 3867 3743 3868 3720 3868 3753 3868 3743 3869 3753 3869 3791 3869 3791 3870 3753 3870 3797 3870 3791 3871 3797 3871 3827 3871 3827 3872 3797 3872 3835 3872 3827 3873 3835 3873 3848 3873 3848 3874 3835 3874 3864 3874 3848 3875 3864 3875 3865 3875 3865 3876 3864 3876 3887 3876 3865 3877 3887 3877 3877 3877 3877 3878 3887 3878 3897 3878 3877 3879 3897 3879 3874 3879 3874 3880 3897 3880 3894 3880 3874 3881 3894 3881 3876 3881 3876 3882 3894 3882 3896 3882 3876 3883 3896 3883 3879 3883 3879 3884 3896 3884 3899 3884 3879 3885 3899 3885 3875 3885 3875 3886 3899 3886 3895 3886 3875 3887 3895 3887 3867 3887 3867 3888 3895 3888 3889 3888 3867 3889 3889 3889 3860 3889 3860 3890 3889 3890 3869 3890 3860 3891 3869 3891 3829 3891 3829 3892 3869 3892 3837 3892 3829 3893 3837 3893 3793 3893 3793 3894 3837 3894 3805 3894 3793 3895 3805 3895 3747 3895 3747 3896 3805 3896 3756 3896 3747 3897 3756 3897 3670 3897 3670 3898 3756 3898 3673 3898 3670 3899 3673 3899 3557 3899 3557 3900 3673 3900 3578 3900 3557 3901 3578 3901 3456 3901 3456 3902 3578 3902 3466 3902 3456 3903 3466 3903 3315 3903 3315 3904 3466 3904 3340 3904 3315 3905 3340 3905 3215 3905 3215 3906 3340 3906 3221 3906 3215 3907 3221 3907 3146 3907 3146 3908 3221 3908 3150 3908 3146 3909 3150 3909 3041 3909 3041 3910 3150 3910 3049 3910 3041 3911 3049 3911 2694 3911 2694 3912 3049 3912 2706 3912 2694 3913 2706 3913 2582 3913 2582 3914 2706 3914 2587 3914 2582 3915 2587 3915 2520 3915 2520 3916 2587 3916 2522 3916 2520 3917 2522 3917 2424 3917 2424 3918 2522 3918 2429 3918 2424 3919 2429 3919 2336 3919 2336 3920 2429 3920 2340 3920 2336 3921 2340 3921 2263 3921 2263 3922 2340 3922 2270 3922 3029 3923 3039 3923 3083 3923 3083 3924 3039 3924 3092 3924 3083 3925 3092 3925 3173 3925 3173 3926 3092 3926 3185 3926 3173 3927 3185 3927 3263 3927 3263 3928 3185 3928 3271 3928 3263 3929 3271 3929 3366 3929 3366 3930 3271 3930 3398 3930 3366 3931 3398 3931 3421 3931 3421 3932 3398 3932 3448 3932 3421 3933 3448 3933 3500 3933 3500 3934 3448 3934 3519 3934 3500 3935 3519 3935 3590 3935 3590 3936 3519 3936 3610 3936 3590 3937 3610 3937 3638 3937 3638 3938 3610 3938 3667 3938 3638 3939 3667 3939 3684 3939 3684 3940 3667 3940 3712 3940 3684 3941 3712 3941 3722 3941 3722 3942 3712 3942 3743 3942 3722 3943 3743 3943 3769 3943 3769 3944 3743 3944 3791 3944 3769 3945 3791 3945 3801 3945 3801 3946 3791 3946 3827 3946 3801 3947 3827 3947 3831 3947 3831 3948 3827 3948 3848 3948 3831 3949 3848 3949 3839 3949 3839 3950 3848 3950 3865 3950 3839 3951 3865 3951 3856 3951 3856 3952 3865 3952 3877 3952 3856 3953 3877 3953 3853 3953 3853 3954 3877 3954 3874 3954 3853 3955 3874 3955 3855 3955 3855 3956 3874 3956 3876 3956 3855 3957 3876 3957 3859 3957 3859 3958 3876 3958 3879 3958 3859 3959 3879 3959 3854 3959 3854 3960 3879 3960 3875 3960 3854 3961 3875 3961 3841 3961 3841 3962 3875 3962 3867 3962 3841 3963 3867 3963 3833 3963 3833 3964 3867 3964 3860 3964 3833 3965 3860 3965 3808 3965 3808 3966 3860 3966 3829 3966 3808 3967 3829 3967 3788 3967 3788 3968 3829 3968 3793 3968 3788 3969 3793 3969 3729 3969 3729 3970 3793 3970 3747 3970 3729 3971 3747 3971 3641 3971 3641 3972 3747 3972 3670 3972 3641 3973 3670 3973 3542 3973 3542 3974 3670 3974 3557 3974 3542 3975 3557 3975 3449 3975 3449 3976 3557 3976 3456 3976 3449 3977 3456 3977 3304 3977 3304 3978 3456 3978 3315 3978 3304 3979 3315 3979 3204 3979 3204 3980 3315 3980 3215 3980 3204 3981 3215 3981 3137 3981 3137 3982 3215 3982 3146 3982 3137 3983 3146 3983 3031 3983 3031 3984 3146 3984 3041 3984 3031 3985 3041 3985 2686 3985 2686 3986 3041 3986 2694 3986 2686 3987 2694 3987 2578 3987 2578 3988 2694 3988 2582 3988 2578 3989 2582 3989 2513 3989 2513 3990 2582 3990 2520 3990 2513 3991 2520 3991 2414 3991 2414 3992 2520 3992 2424 3992 2414 3993 2424 3993 2332 3993 2332 3994 2424 3994 2336 3994 2332 3995 2336 3995 2257 3995 2257 3996 2336 3996 2263 3996 3011 3997 3029 3997 3072 3997 3072 3998 3029 3998 3083 3998 3072 3999 3083 3999 3152 3999 3152 4000 3083 4000 3173 4000 3152 4001 3173 4001 3245 4001 3245 4002 3173 4002 3263 4002 3245 4003 3263 4003 3336 4003 3336 4004 3263 4004 3366 4004 3336 4005 3366 4005 3392 4005 3392 4006 3366 4006 3421 4006 3392 4007 3421 4007 3469 4007 3469 4008 3421 4008 3500 4008 3469 4009 3500 4009 3550 4009 3550 4010 3500 4010 3590 4010 3550 4011 3590 4011 3602 4011 3602 4012 3590 4012 3638 4012 3602 4013 3638 4013 3646 4013 3646 4014 3638 4014 3684 4014 3646 4015 3684 4015 3687 4015 3687 4016 3684 4016 3722 4016 3687 4017 3722 4017 3749 4017 3749 4018 3722 4018 3769 4018 3749 4019 3769 4019 3779 4019 3779 4020 3769 4020 3801 4020 3779 4021 3801 4021 3795 4021 3795 4022 3801 4022 3831 4022 3795 4023 3831 4023 3810 4023 3810 4024 3831 4024 3839 4024 3810 4025 3839 4025 3823 4025 3823 4026 3839 4026 3856 4026 3823 4027 3856 4027 3819 4027 3819 4028 3856 4028 3853 4028 3819 4029 3853 4029 3821 4029 3821 4030 3853 4030 3855 4030 3821 4031 3855 4031 3824 4031 3824 4032 3855 4032 3859 4032 3824 4033 3859 4033 3820 4033 3820 4034 3859 4034 3854 4034 3820 4035 3854 4035 3812 4035 3812 4036 3854 4036 3841 4036 3812 4037 3841 4037 3799 4037 3799 4038 3841 4038 3833 4038 3799 4039 3833 4039 3789 4039 3789 4040 3833 4040 3808 4040 3789 4041 3808 4041 3757 4041 3757 4042 3808 4042 3788 4042 3757 4043 3788 4043 3700 4043 3700 4044 3788 4044 3729 4044 3700 4045 3729 4045 3621 4045 3621 4046 3729 4046 3641 4046 3621 4047 3641 4047 3521 4047 3521 4048 3641 4048 3542 4048 3521 4049 3542 4049 3407 4049 3407 4050 3542 4050 3449 4050 3407 4051 3449 4051 3273 4051 3273 4052 3449 4052 3304 4052 3273 4053 3304 4053 3189 4053 3189 4054 3304 4054 3204 4054 3189 4055 3204 4055 3123 4055 3123 4056 3204 4056 3137 4056 3123 4057 3137 4057 3015 4057 3015 4058 3137 4058 3031 4058 3015 4059 3031 4059 2667 4059 2667 4060 3031 4060 2686 4060 2667 4061 2686 4061 2559 4061 2559 4062 2686 4062 2578 4062 2559 4063 2578 4063 2496 4063 2496 4064 2578 4064 2513 4064 2496 4065 2513 4065 2401 4065 2401 4066 2513 4066 2414 4066 2401 4067 2414 4067 2330 4067 2330 4068 2414 4068 2332 4068 2330 4069 2332 4069 2240 4069 2240 4070 2332 4070 2257 4070 2240 4071 2257 4071 2175 4071 2978 4072 3011 4072 3051 4072 3051 4073 3011 4073 3072 4073 3051 4074 3072 4074 3131 4074 3131 4075 3072 4075 3152 4075 3131 4076 3152 4076 3212 4076 3212 4077 3152 4077 3245 4077 3212 4078 3245 4078 3291 4078 3291 4079 3245 4079 3336 4079 3291 4080 3336 4080 3344 4080 3344 4081 3336 4081 3392 4081 3344 4082 3392 4082 3426 4082 3426 4083 3392 4083 3469 4083 3426 4084 3469 4084 3517 4084 3517 4085 3469 4085 3550 4085 3517 4086 3550 4086 3558 4086 3558 4087 3550 4087 3602 4087 3558 4088 3602 4088 3597 4088 3597 4089 3602 4089 3646 4089 3597 4090 3646 4090 3636 4090 3636 4091 3646 4091 3687 4091 3636 4092 3687 4092 3710 4092 3710 4093 3687 4093 3749 4093 3710 4094 3749 4094 3745 4094 3745 4095 3749 4095 3779 4095 3745 4096 3779 4096 3764 4096 3764 4097 3779 4097 3795 4097 3764 4098 3795 4098 3771 4098 3771 4099 3795 4099 3810 4099 3771 4100 3810 4100 3784 4100 3784 4101 3810 4101 3823 4101 3784 4102 3823 4102 3781 4102 3781 4103 3823 4103 3819 4103 3781 4104 3819 4104 3783 4104 3783 4105 3819 4105 3821 4105 3783 4106 3821 4106 3785 4106 3785 4107 3821 4107 3824 4107 3785 4108 3824 4108 3782 4108 3782 4109 3824 4109 3820 4109 3782 4110 3820 4110 3773 4110 3773 4111 3820 4111 3812 4111 3773 4112 3812 4112 3767 4112 3767 4113 3812 4113 3799 4113 3767 4114 3799 4114 3751 4114 3751 4115 3799 4115 3789 4115 3751 4116 3789 4116 3717 4116 3717 4117 3789 4117 3757 4117 3717 4118 3757 4118 3652 4118 3652 4119 3757 4119 3700 4119 3652 4120 3700 4120 3576 4120 3576 4121 3700 4121 3621 4121 3576 4122 3621 4122 3484 4122 3484 4123 3621 4123 3521 4123 3484 4124 3521 4124 3364 4124 3364 4125 3521 4125 3407 4125 3364 4126 3407 4126 3254 4126 3254 4127 3407 4127 3273 4127 3254 4128 3273 4128 3165 4128 3165 4129 3273 4129 3189 4129 3165 4130 3189 4130 3108 4130 3108 4131 3189 4131 3123 4131 3108 4132 3123 4132 2993 4132 2993 4133 3123 4133 3015 4133 2993 4134 3015 4134 2646 4134 2646 4135 3015 4135 2667 4135 2646 4136 2667 4136 2539 4136 2539 4137 2667 4137 2559 4137 2539 4138 2559 4138 2481 4138 2481 4139 2559 4139 2496 4139 2481 4140 2496 4140 2397 4140 2397 4141 2496 4141 2401 4141 2397 4142 2401 4142 2320 4142 2320 4143 2401 4143 2330 4143 2320 4144 2330 4144 2227 4144 2227 4145 2330 4145 2240 4145 2227 4146 2240 4146 2165 4146 2227 4147 2208 4147 2320 4147 2320 4148 2208 4148 2288 4148 2320 4149 2288 4149 2397 4149 2397 4150 2288 4150 2386 4150 2397 4151 2386 4151 2481 4151 2481 4152 2386 4152 2466 4152 2481 4153 2466 4153 2539 4153 2539 4154 2466 4154 2524 4154 2539 4155 2524 4155 2646 4155 2646 4156 2524 4156 2632 4156 2646 4157 2632 4157 2993 4157 2993 4158 2632 4158 2931 4158 2993 4159 2931 4159 3108 4159 3108 4160 2931 4160 3085 4160 3108 4161 3085 4161 3165 4161 3165 4162 3085 4162 3141 4162 3165 4163 3141 4163 3254 4163 3254 4164 3141 4164 3225 4164 3254 4165 3225 4165 3364 4165 3364 4166 3225 4166 3312 4166 3364 4167 3312 4167 3484 4167 3484 4168 3312 4168 3442 4168 3484 4169 3442 4169 3576 4169 3576 4170 3442 4170 3525 4170 3576 4171 3525 4171 3652 4171 3652 4172 3525 4172 3595 4172 3652 4173 3595 4173 3717 4173 3717 4174 3595 4174 3668 4174 3717 4175 3668 4175 3751 4175 3751 4176 3668 4176 3696 4176 3751 4177 3696 4177 3767 4177 3767 4178 3696 4178 3718 4178 3767 4179 3718 4179 3773 4179 3773 4180 3718 4180 3730 4180 3773 4181 3730 4181 3782 4181 3782 4182 3730 4182 3738 4182 3782 4183 3738 4183 3785 4183 3785 4184 3738 4184 3741 4184 3785 4185 3741 4185 3783 4185 3783 4186 3741 4186 3739 4186 3783 4187 3739 4187 3781 4187 3781 4188 3739 4188 3737 4188 3781 4189 3737 4189 3784 4189 3784 4190 3737 4190 3740 4190 3784 4191 3740 4191 3771 4191 3771 4192 3740 4192 3726 4192 3771 4193 3726 4193 3764 4193 3764 4194 3726 4194 3714 4194 3764 4195 3714 4195 3745 4195 3745 4196 3714 4196 3690 4196 3745 4197 3690 4197 3710 4197 3710 4198 3690 4198 3642 4198 3710 4199 3642 4199 3636 4199 3636 4200 3642 4200 3584 4200 3636 4201 3584 4201 3597 4201 3597 4202 3584 4202 3546 4202 3597 4203 3546 4203 3558 4203 3558 4204 3546 4204 3512 4204 3558 4205 3512 4205 3517 4205 3517 4206 3512 4206 3463 4206 3517 4207 3463 4207 3426 4207 3426 4208 3463 4208 3359 4208 3426 4209 3359 4209 3344 4209 3344 4210 3359 4210 3276 4210 3344 4211 3276 4211 3291 4211 3291 4212 3276 4212 3248 4212 3291 4213 3248 4213 3212 4213 3212 4214 3248 4214 3180 4214 3212 4215 3180 4215 3131 4215 3131 4216 3180 4216 3105 4216 3131 4217 3105 4217 3051 4217 3051 4218 3105 4218 3021 4218 3051 4219 3021 4219 2978 4219 2978 4220 3021 4220 2913 4220 2978 4221 2913 4221 2789 4221 2208 4222 2191 4222 2288 4222 2288 4223 2191 4223 2285 4223 2288 4224 2285 4224 2386 4224 2386 4225 2285 4225 2380 4225 2386 4226 2380 4226 2466 4226 2466 4227 2380 4227 2460 4227 2466 4228 2460 4228 2524 4228 2524 4229 2460 4229 2515 4229 2524 4230 2515 4230 2632 4230 2632 4231 2515 4231 2626 4231 2632 4232 2626 4232 2931 4232 2931 4233 2626 4233 2882 4233 2931 4234 2882 4234 3085 4234 3085 4235 2882 4235 3077 4235 3085 4236 3077 4236 3141 4236 3141 4237 3077 4237 3125 4237 3141 4238 3125 4238 3225 4238 3225 4239 3125 4239 3206 4239 3225 4240 3206 4240 3312 4240 3312 4241 3206 4241 3290 4241 3312 4242 3290 4242 3442 4242 3442 4243 3290 4243 3401 4243 3442 4244 3401 4244 3525 4244 3525 4245 3401 4245 3492 4245 3525 4246 3492 4246 3595 4246 3595 4247 3492 4247 3571 4247 3595 4248 3571 4248 3668 4248 3668 4249 3571 4249 3627 4249 3668 4250 3627 4250 3696 4250 3696 4251 3627 4251 3664 4251 3696 4252 3664 4252 3718 4252 3718 4253 3664 4253 3678 4253 3718 4254 3678 4254 3730 4254 3730 4255 3678 4255 3694 4255 3730 4256 3694 4256 3738 4256 3738 4257 3694 4257 3705 4257 3738 4258 3705 4258 3741 4258 3741 4259 3705 4259 3708 4259 3741 4260 3708 4260 3739 4260 2191 4261 2169 4261 2285 4261 2285 4262 2169 4262 2282 4262 2285 4263 2282 4263 2380 4263 2380 4264 2282 4264 2347 4264 2380 4265 2347 4265 2460 4265 2460 4266 2347 4266 2456 4266 2460 4267 2456 4267 2515 4267 2515 4268 2456 4268 2499 4268 2515 4269 2499 4269 2626 4269 2626 4270 2499 4270 2622 4270 2626 4271 2622 4271 2882 4271 2882 4272 2622 4272 2831 4272 2882 4273 2831 4273 3077 4273 3077 4274 2831 4274 3063 4274 3077 4275 3063 4275 3125 4275 3125 4276 3063 4276 3114 4276 3125 4277 3114 4277 3206 4277 3206 4278 3114 4278 3186 4278 3206 4279 3186 4279 3290 4279 3290 4280 3186 4280 3262 4280 3290 4281 3262 4281 3401 4281 3401 4282 3262 4282 3361 4282 3401 4283 3361 4283 3492 4283 3492 4284 3361 4284 3459 4284 3492 4285 3459 4285 3571 4285 3571 4286 3459 4286 3532 4286 3571 4287 3532 4287 3627 4287 3627 4288 3532 4288 3587 4288 3627 4289 3587 4289 3664 4289 3664 4290 3587 4290 3623 4290 3664 4291 3623 4291 3678 4291 3678 4292 3623 4292 3635 4292 3678 4293 3635 4293 3694 4293 3694 4294 3635 4294 3650 4294 3694 4295 3650 4295 3705 4295 3705 4296 3650 4296 3659 4296 3705 4297 3659 4297 3708 4297 3708 4298 3659 4298 3662 4298 3708 4299 3662 4299 3707 4299 3707 4300 3662 4300 3661 4300 3707 4301 3661 4301 3706 4301 3706 4302 3661 4302 3660 4302 3706 4303 3660 4303 3698 4303 3698 4304 3660 4304 3654 4304 3698 4305 3654 4305 3692 4305 3692 4306 3654 4306 3647 4306 3692 4307 3647 4307 3676 4307 3676 4308 3647 4308 3632 4308 3676 4309 3632 4309 3648 4309 3648 4310 3632 4310 3607 4310 3648 4311 3607 4311 3605 4311 3605 4312 3607 4312 3574 4312 3605 4313 3574 4313 3544 4313 3544 4314 3574 4314 3513 4314 3544 4315 3513 4315 3516 4315 3516 4316 3513 4316 3479 4316 3516 4317 3479 4317 3477 4317 3477 4318 3479 4318 3443 4318 3477 4319 3443 4319 3435 4319 3435 4320 3443 4320 3389 4320 3435 4321 3389 4321 3318 4321 3318 4322 3389 4322 3280 4322 3318 4323 3280 4323 3257 4323 3257 4324 3280 4324 3233 4324 3257 4325 3233 4325 3228 4325 3228 4326 3233 4326 3200 4326 3228 4327 3200 4327 3159 4327 3159 4328 3200 4328 3135 4328 3159 4329 3135 4329 3087 4329 3087 4330 3135 4330 3075 4330 3087 4331 3075 4331 2995 4331 2995 4332 3075 4332 2953 4332 2995 4333 2953 4333 2862 4333 2169 4334 2149 4334 2282 4334 2282 4335 2149 4335 2267 4335 2282 4336 2267 4336 2347 4336 2347 4337 2267 4337 2345 4337 2347 4338 2345 4338 2456 4338 2456 4339 2345 4339 2439 4339 2456 4340 2439 4340 2499 4340 2499 4341 2439 4341 2488 4341 2499 4342 2488 4342 2622 4342 2622 4343 2488 4343 2614 4343 2622 4344 2614 4344 2831 4344 2831 4345 2614 4345 2795 4345 2831 4346 2795 4346 3063 4346 3063 4347 2795 4347 3037 4347 3063 4348 3037 4348 3114 4348 3114 4349 3037 4349 3095 4349 3114 4350 3095 4350 3186 4350 3186 4351 3095 4351 3162 4351 3186 4352 3162 4352 3262 4352 3262 4353 3162 4353 3239 4353 3262 4354 3239 4354 3361 4354 3361 4355 3239 4355 3316 4355 3361 4356 3316 4356 3459 4356 3459 4357 3316 4357 3420 4357 3459 4358 3420 4358 3532 4358 3532 4359 3420 4359 3489 4359 3532 4360 3489 4360 3587 4360 3587 4361 3489 4361 3540 4361 3587 4362 3540 4362 3623 4362 3623 4363 3540 4363 3580 4363 3623 4364 3580 4364 3635 4364 3635 4365 3580 4365 3593 4365 3635 4366 3593 4366 3650 4366 3650 4367 3593 4367 3604 4367 3650 4368 3604 4368 3659 4368 3659 4369 3604 4369 3616 4369 3659 4370 3616 4370 3662 4370 3662 4371 3616 4371 3620 4371 3662 4372 3620 4372 3661 4372 3661 4373 3620 4373 3618 4373 3661 4374 3618 4374 3660 4374 3660 4375 3618 4375 3617 4375 3660 4376 3617 4376 3654 4376 3654 4377 3617 4377 3611 4377 3654 4378 3611 4378 3647 4378 3647 4379 3611 4379 3599 4379 3647 4380 3599 4380 3632 4380 3632 4381 3599 4381 3591 4381 3632 4382 3591 4382 3607 4382 3607 4383 3591 4383 3569 4383 3607 4384 3569 4384 3574 4384 3574 4385 3569 4385 3527 4385 3574 4386 3527 4386 3513 4386 3513 4387 3527 4387 3472 4387 3513 4388 3472 4388 3479 4388 3479 4389 3472 4389 3439 4389 3479 4390 3439 4390 3443 4390 3443 4391 3439 4391 3397 4391 3443 4392 3397 4392 3389 4392 3389 4393 3397 4393 3341 4393 3389 4394 3341 4394 3280 4394 3280 4395 3341 4395 3251 4395 3280 4396 3251 4396 3233 4396 3233 4397 3251 4397 3202 4397 3233 4398 3202 4398 3200 4398 3200 4399 3202 4399 3171 4399 3200 4400 3171 4400 3135 4400 3135 4401 3171 4401 3118 4401 3135 4402 3118 4402 3075 4402 3075 4403 3118 4403 3053 4403 3075 4404 3053 4404 2953 4404 2953 4405 3053 4405 2901 4405 2953 4406 2901 4406 2760 4406 2832 4407 2901 4407 3023 4407 3023 4408 2901 4408 3053 4408 3023 4409 3053 4409 3093 4409 3093 4410 3053 4410 3118 4410 3093 4411 3118 4411 3144 4411 3144 4412 3118 4412 3171 4412 3144 4413 3171 4413 3168 4413 3168 4414 3171 4414 3202 4414 3168 4415 3202 4415 3219 4415 3219 4416 3202 4416 3251 4416 3219 4417 3251 4417 3286 4417 3286 4418 3251 4418 3341 4418 3286 4419 3341 4419 3345 4419 3345 4420 3341 4420 3397 4420 3345 4421 3397 4421 3390 4421 3390 4422 3397 4422 3439 4422 3390 4423 3439 4423 3423 4423 3423 4424 3439 4424 3472 4424 3423 4425 3472 4425 3485 4425 3485 4426 3472 4426 3527 4426 3485 4427 3527 4427 3523 4427 3523 4428 3527 4428 3569 4428 3523 4429 3569 4429 3539 4429 3539 4430 3569 4430 3591 4430 3539 4431 3591 4431 3552 4431 3552 4432 3591 4432 3599 4432 3552 4433 3599 4433 3560 4433 3560 4434 3599 4434 3611 4434 3560 4435 3611 4435 3570 4435 3570 4436 3611 4436 3617 4436 3570 4437 3617 4437 3568 4437 2149 4438 2124 4438 2267 4438 2267 4439 2124 4439 2248 4439 2267 4440 2248 4440 2345 4440 2345 4441 2248 4441 2334 4441 2345 4442 2334 4442 2439 4442 2439 4443 2334 4443 2415 4443 2439 4444 2415 4444 2488 4444 2488 4445 2415 4445 2473 4445 2488 4446 2473 4446 2614 4446 2614 4447 2473 4447 2601 4447 2614 4448 2601 4448 2795 4448 2795 4449 2601 4449 2775 4449 2795 4450 2775 4450 3037 4450 3037 4451 2775 4451 3013 4451 3037 4452 3013 4452 3095 4452 3095 4453 3013 4453 3079 4453 3095 4454 3079 4454 3162 4454 3162 4455 3079 4455 3140 4455 3162 4456 3140 4456 3239 4456 3239 4457 3140 4457 3210 4457 3239 4458 3210 4458 3316 4458 3316 4459 3210 4459 3277 4459 3316 4460 3277 4460 3420 4460 3420 4461 3277 4461 3372 4461 3420 4462 3372 4462 3489 4462 3489 4463 3372 4463 3451 4463 3489 4464 3451 4464 3540 4464 3540 4465 3451 4465 3509 4465 3540 4466 3509 4466 3580 4466 3580 4467 3509 4467 3533 4467 3580 4468 3533 4468 3593 4468 3593 4469 3533 4469 3548 4469 3593 4470 3548 4470 3604 4470 3604 4471 3548 4471 3554 4471 3604 4472 3554 4472 3616 4472 2779 4473 2832 4473 2965 4473 2965 4474 2832 4474 3023 4474 2965 4475 3023 4475 3065 4475 3065 4476 3023 4476 3093 4476 3065 4477 3093 4477 3112 4477 3112 4478 3093 4478 3144 4478 3112 4479 3144 4479 3129 4479 3129 4480 3144 4480 3168 4480 3129 4481 3168 4481 3177 4481 3177 4482 3168 4482 3219 4482 3177 4483 3219 4483 3237 4483 3237 4484 3219 4484 3286 4484 3237 4485 3286 4485 3269 4485 3269 4486 3286 4486 3345 4486 3269 4487 3345 4487 3303 4487 3303 4488 3345 4488 3390 4488 3303 4489 3390 4489 3351 4489 3351 4490 3390 4490 3423 4490 3351 4491 3423 4491 3410 4491 3410 4492 3423 4492 3485 4492 3410 4493 3485 4493 3457 4493 3457 4494 3485 4494 3523 4494 3457 4495 3523 4495 3481 4495 3481 4496 3523 4496 3539 4496 3481 4497 3539 4497 3493 4497 3493 4498 3539 4498 3552 4498 3493 4499 3552 4499 3497 4499 3497 4500 3552 4500 3560 4500 3497 4501 3560 4501 3506 4501 3506 4502 3560 4502 3570 4502 3506 4503 3570 4503 3505 4503 3505 4504 3570 4504 3568 4504 3505 4505 3568 4505 3503 4505 3503 4506 3568 4506 3566 4506 3503 4507 3566 4507 3507 4507 3507 4508 3566 4508 3572 4508 3507 4509 3572 4509 3495 4509 3495 4510 3572 4510 3554 4510 3495 4511 3554 4511 3487 4511 3487 4512 3554 4512 3548 4512 3487 4513 3548 4513 3470 4513 3470 4514 3548 4514 3533 4514 3470 4515 3533 4515 3446 4515 3446 4516 3533 4516 3509 4516 3446 4517 3509 4517 3386 4517 3386 4518 3509 4518 3451 4518 3386 4519 3451 4519 3301 4519 3301 4520 3451 4520 3372 4520 3301 4521 3372 4521 3242 4521 3242 4522 3372 4522 3277 4522 3242 4523 3277 4523 3175 4523 3175 4524 3277 4524 3210 4524 3175 4525 3210 4525 3116 4525 3116 4526 3210 4526 3140 4526 3116 4527 3140 4527 3043 4527 3043 4528 3140 4528 3079 4528 3043 4529 3079 4529 2955 4529 2955 4530 3079 4530 3013 4530 2955 4531 3013 4531 2766 4531 2766 4532 3013 4532 2775 4532 2766 4533 2775 4533 2588 4533 2588 4534 2775 4534 2601 4534 2588 4535 2601 4535 2458 4535 2458 4536 2601 4536 2473 4536 2458 4537 2473 4537 2399 4537 2399 4538 2473 4538 2415 4538 2399 4539 2415 4539 2325 4539 2325 4540 2415 4540 2334 4540 2325 4541 2334 4541 2225 4541 2225 4542 2334 4542 2248 4542 2225 4543 2248 4543 2109 4543 2109 4544 2248 4544 2124 4544 2109 4545 2124 4545 2065 4545 2765 4546 2779 4546 2856 4546 2856 4547 2779 4547 2965 4547 2856 4548 2965 4548 3009 4548 3009 4549 2965 4549 3065 4549 3009 4550 3065 4550 3073 4550 3073 4551 3065 4551 3112 4551 3073 4552 3112 4552 3090 4552 3090 4553 3112 4553 3129 4553 3090 4554 3129 4554 3127 4554 3127 4555 3129 4555 3177 4555 3127 4556 3177 4556 3184 4556 3184 4557 3177 4557 3237 4557 3184 4558 3237 4558 3217 4558 3217 4559 3237 4559 3269 4559 3217 4560 3269 4560 3303 4560 3217 4561 3303 4561 3267 4561 3267 4562 3303 4562 3351 4562 3267 4563 3351 4563 3323 4563 3323 4564 3351 4564 3410 4564 3323 4565 3410 4565 3370 4565 3370 4566 3410 4566 3457 4566 3370 4567 3457 4567 3402 4567 3402 4568 3457 4568 3481 4568 3402 4569 3481 4569 3415 4569 3415 4570 3481 4570 3493 4570 3415 4571 3493 4571 3427 4571 3427 4572 3493 4572 3497 4572 3427 4573 3497 4573 3436 4573 3436 4574 3497 4574 3506 4574 3436 4575 3506 4575 3434 4575 3434 4576 3506 4576 3505 4576 3434 4577 3505 4577 3432 4577 3432 4578 3505 4578 3503 4578 3432 4579 3503 4579 3437 4579 3437 4580 3503 4580 3507 4580 3437 4581 3507 4581 3422 4581 3422 4582 3507 4582 3495 4582 3422 4583 3495 4583 3408 4583 3408 4584 3495 4584 3487 4584 3408 4585 3487 4585 3396 4585 3396 4586 3487 4586 3470 4586 3396 4587 3470 4587 3356 4587 3356 4588 3470 4588 3446 4588 3356 4589 3446 4589 3298 4589 3298 4590 3446 4590 3386 4590 3298 4591 3386 4591 3249 4591 3249 4592 3386 4592 3301 4592 3249 4593 3301 4593 3195 4593 3195 4594 3301 4594 3242 4594 3195 4595 3242 4595 3134 4595 3134 4596 3242 4596 3175 4596 3134 4597 3175 4597 3081 4597 3081 4598 3175 4598 3116 4598 3081 4599 3116 4599 3007 4599 3007 4600 3116 4600 3043 4600 3007 4601 3043 4601 2868 4601 2868 4602 3043 4602 2955 4602 2868 4603 2955 4603 2732 4603 2732 4604 2955 4604 2766 4604 2732 4605 2766 4605 2561 4605 2561 4606 2766 4606 2588 4606 2561 4607 2588 4607 2443 4607 2443 4608 2588 4608 2458 4608 2443 4609 2458 4609 2388 4609 2388 4610 2458 4610 2399 4610 2388 4611 2399 4611 2290 4611 2290 4612 2399 4612 2325 4612 2290 4613 2325 4613 2196 4613 2196 4614 2325 4614 2225 4614 2196 4615 2225 4615 2091 4615 2091 4616 2225 4616 2109 4616 2091 4617 2109 4617 2045 4617 3073 4618 3046 4618 3009 4618 3009 4619 3046 4619 2975 4619 3009 4620 2975 4620 2856 4620 2856 4621 2975 4621 2801 4621 2856 4622 2801 4622 2765 4622 2765 4623 2801 4623 2748 4623 2765 4624 2748 4624 2684 4624 2699 4625 2619 4625 2683 4625 2719 4626 2623 4626 2717 4626 2741 4627 2629 4627 2719 4627 1197 4628 1163 4628 1237 4628 2757 4629 2633 4629 2741 4629 2772 4630 2644 4630 2757 4630 2753 4631 2691 4631 2672 4631 2788 4632 2753 4632 2672 4632 2788 4633 2672 4633 2776 4633 2753 4634 2806 4634 2837 4634 1131 4635 1087 4635 1096 4635 2906 4636 2742 4636 2837 4636 2742 4637 2753 4637 2837 4637 1123 4638 1066 4638 1087 4638 1123 4639 1087 4639 1131 4639 1097 4640 1032 4640 1037 4640 2971 4641 2770 4641 2973 4641 2907 4642 2756 4642 2937 4642 2838 4643 2754 4643 2745 4643 2838 4644 2745 4644 2907 4644 1124 4645 1088 4645 1067 4645 1124 4646 1067 4646 1118 4646 2754 4647 2838 4647 2807 4647 1132 4648 1099 4648 1088 4648 1132 4649 1088 4649 1124 4649 1148 4650 1122 4650 1116 4650 1148 4651 1116 4651 1132 4651 1162 4652 1135 4652 1130 4652 1180 4653 1154 4653 1135 4653 2720 4654 2630 4654 2743 4654 1198 4655 1164 4655 1154 4655 1238 4656 1182 4656 1164 4656 1238 4657 1164 4657 1198 4657 1255 4658 1228 4658 1200 4658 1580 4659 1584 4659 1612 4659 2153 4660 2204 4660 2273 4660 2204 4661 2271 4661 2273 4661 1267 4662 1272 4662 1305 4662 1579 4663 1610 4663 1583 4663 2152 4664 2272 4664 2203 4664 2203 4665 2272 4665 2268 4665 2623 4666 2699 4666 2717 4666 2753 4667 2788 4667 2806 4667 1132 4668 1116 4668 1099 4668 2675 4669 2692 4669 2754 4669 2789 4670 2754 4670 2807 4670 1238 4671 1200 4671 1182 4671 2662 4672 2683 4672 2609 4672 2609 4673 2683 4673 2612 4673 2609 4674 2612 4674 2545 4674 2545 4675 2612 4675 2531 4675 2545 4676 2531 4676 2476 4676 1242 4677 1272 4677 1227 4677 1227 4678 1272 4678 1267 4678 1227 4679 1267 4679 1199 4679 1199 4680 1267 4680 1254 4680 1199 4681 1254 4681 1181 4681 1181 4682 1254 4682 1237 4682 1181 4683 1237 4683 1163 4683 1131 4684 1096 4684 1147 4684 1147 4685 1096 4685 1115 4685 1147 4686 1115 4686 1157 4686 1157 4687 1115 4687 1121 4687 1157 4688 1121 4688 1161 4688 1161 4689 1121 4689 1128 4689 1161 4690 1128 4690 1174 4690 1174 4691 1128 4691 1134 4691 1174 4692 1134 4692 1197 4692 1197 4693 1134 4693 1153 4693 1197 4694 1153 4694 1163 4694 1147 4695 1157 4695 1188 4695 1188 4696 1157 4696 1223 4696 1188 4697 1223 4697 1258 4697 1258 4698 1223 4698 1277 4698 1258 4699 1277 4699 1326 4699 1326 4700 1277 4700 1328 4700 1326 4701 1328 4701 1368 4701 1368 4702 1328 4702 1372 4702 1368 4703 1372 4703 1415 4703 1415 4704 1372 4704 1419 4704 1415 4705 1419 4705 1457 4705 1457 4706 1419 4706 1467 4706 1457 4707 1467 4707 1489 4707 1489 4708 1467 4708 1520 4708 1489 4709 1520 4709 1546 4709 1546 4710 1520 4710 1555 4710 1546 4711 1555 4711 1585 4711 1585 4712 1555 4712 1590 4712 1585 4713 1590 4713 1627 4713 1627 4714 1590 4714 1631 4714 1627 4715 1631 4715 1688 4715 1688 4716 1631 4716 1694 4716 1688 4717 1694 4717 1746 4717 1746 4718 1694 4718 1764 4718 1746 4719 1764 4719 1832 4719 1832 4720 1764 4720 1836 4720 1832 4721 1836 4721 1890 4721 1890 4722 1836 4722 1892 4722 1890 4723 1892 4723 1966 4723 1966 4724 1892 4724 1968 4724 1966 4725 1968 4725 2011 4725 2011 4726 1968 4726 2019 4726 2011 4727 2019 4727 2080 4727 2080 4728 2019 4728 2092 4728 2080 4729 2092 4729 2156 4729 2156 4730 2092 4730 2159 4730 2156 4731 2159 4731 2243 4731 2243 4732 2159 4732 2245 4732 2243 4733 2245 4733 2304 4733 2304 4734 2245 4734 2306 4734 2304 4735 2306 4735 2362 4735 2362 4736 2306 4736 2360 4736 2362 4737 2360 4737 2426 4737 2426 4738 2360 4738 2422 4738 2426 4739 2422 4739 2491 4739 2491 4740 2422 4740 2489 4740 2491 4741 2489 4741 2596 4741 2596 4742 2489 4742 2590 4742 2596 4743 2590 4743 2672 4743 2672 4744 2590 4744 2654 4744 2672 4745 2654 4745 2776 4745 2776 4746 2654 4746 2772 4746 2973 4747 2771 4747 2966 4747 2966 4748 2771 4748 2769 4748 2966 4749 2769 4749 2951 4749 2951 4750 2769 4750 2767 4750 2951 4751 2767 4751 2936 4751 2936 4752 2767 4752 2759 4752 2936 4753 2759 4753 2906 4753 2906 4754 2759 4754 2755 4754 2906 4755 2755 4755 2742 4755 1100 4756 1037 4756 1109 4756 1109 4757 1037 4757 1045 4757 1109 4758 1045 4758 1117 4758 1117 4759 1045 4759 1053 4759 1117 4760 1053 4760 1066 4760 1118 4761 1067 4761 1110 4761 1110 4762 1067 4762 1054 4762 1110 4763 1054 4763 1101 4763 1101 4764 1054 4764 1046 4764 1101 4765 1046 4765 1098 4765 1098 4766 1046 4766 1038 4766 1098 4767 1038 4767 1095 4767 1095 4768 1038 4768 1032 4768 1095 4769 1032 4769 1097 4769 2937 4770 2756 4770 2952 4770 2952 4771 2756 4771 2761 4771 2952 4772 2761 4772 2971 4772 2971 4773 2761 4773 2768 4773 2971 4774 2768 4774 2770 4774 2743 4775 2630 4775 2760 4775 2760 4776 2630 4776 2634 4776 2760 4777 2634 4777 2773 4777 2773 4778 2634 4778 2647 4778 2773 4779 2647 4779 2777 4779 2777 4780 2647 4780 2655 4780 2777 4781 2655 4781 2789 4781 2789 4782 2655 4782 2675 4782 2789 4783 2675 4783 2754 4783 1130 4784 1122 4784 1158 4784 1158 4785 1122 4785 1148 4785 1158 4786 1148 4786 1224 4786 1224 4787 1148 4787 1189 4787 1224 4788 1189 4788 1278 4788 1278 4789 1189 4789 1259 4789 1278 4790 1259 4790 1330 4790 1330 4791 1259 4791 1327 4791 1330 4792 1327 4792 1373 4792 1373 4793 1327 4793 1369 4793 1373 4794 1369 4794 1420 4794 1420 4795 1369 4795 1416 4795 1420 4796 1416 4796 1468 4796 1468 4797 1416 4797 1458 4797 1468 4798 1458 4798 1521 4798 1521 4799 1458 4799 1492 4799 1521 4800 1492 4800 1556 4800 1556 4801 1492 4801 1547 4801 1556 4802 1547 4802 1591 4802 1591 4803 1547 4803 1586 4803 1591 4804 1586 4804 1632 4804 1632 4805 1586 4805 1628 4805 1632 4806 1628 4806 1695 4806 1695 4807 1628 4807 1689 4807 1695 4808 1689 4808 1765 4808 1765 4809 1689 4809 1748 4809 1765 4810 1748 4810 1837 4810 1837 4811 1748 4811 1833 4811 1837 4812 1833 4812 1893 4812 1893 4813 1833 4813 1891 4813 1893 4814 1891 4814 1969 4814 1969 4815 1891 4815 1967 4815 1969 4816 1967 4816 2020 4816 2020 4817 1967 4817 2012 4817 2020 4818 2012 4818 2093 4818 2093 4819 2012 4819 2089 4819 2093 4820 2089 4820 2162 4820 2162 4821 2089 4821 2157 4821 2162 4822 2157 4822 2247 4822 2247 4823 2157 4823 2244 4823 2247 4824 2244 4824 2307 4824 2307 4825 2244 4825 2305 4825 2307 4826 2305 4826 2361 4826 2361 4827 2305 4827 2363 4827 2361 4828 2363 4828 2425 4828 2425 4829 2363 4829 2427 4829 2425 4830 2427 4830 2490 4830 2490 4831 2427 4831 2492 4831 2490 4832 2492 4832 2592 4832 2592 4833 2492 4833 2597 4833 2592 4834 2597 4834 2655 4834 2655 4835 2597 4835 2675 4835 2663 4836 2611 4836 2684 4836 2684 4837 2611 4837 2615 4837 2684 4838 2615 4838 2700 4838 2700 4839 2615 4839 2620 4839 2700 4840 2620 4840 2718 4840 2718 4841 2620 4841 2624 4841 2718 4842 2624 4842 2720 4842 1243 4843 1228 4843 1273 4843 1273 4844 1228 4844 1268 4844 1273 4845 1268 4845 1306 4845 1306 4846 1268 4846 1338 4846 1338 4847 1268 4847 1321 4847 1338 4848 1321 4848 1367 4848 1367 4849 1321 4849 1356 4849 1367 4850 1356 4850 1382 4850 1382 4851 1356 4851 1410 4851 1410 4852 1356 4852 1395 4852 1410 4853 1395 4853 1472 4853 1472 4854 1395 4854 1436 4854 1472 4855 1436 4855 1525 4855 1584 4856 1580 4856 1525 4856 1525 4857 1580 4857 1549 4857 1525 4858 1549 4858 1472 4858 1612 4859 1584 4859 1643 4859 1643 4860 1584 4860 1624 4860 1643 4861 1624 4861 1693 4861 1693 4862 1624 4862 1673 4862 1693 4863 1673 4863 1743 4863 1743 4864 1673 4864 1712 4864 1743 4865 1712 4865 1806 4865 1806 4866 1712 4866 1773 4866 1806 4867 1773 4867 1849 4867 1849 4868 1773 4868 1835 4868 1849 4869 1835 4869 1898 4869 1898 4870 1835 4870 1885 4870 1898 4871 1885 4871 1984 4871 1984 4872 1885 4872 1940 4872 1984 4873 1940 4873 2005 4873 1984 4874 2005 4874 2052 4874 2052 4875 2005 4875 2061 4875 2052 4876 2061 4876 2153 4876 2153 4877 2061 4877 2122 4877 2153 4878 2122 4878 2204 4878 2273 4879 2271 4879 2338 4879 2338 4880 2271 4880 2323 4880 2338 4881 2323 4881 2384 4881 2384 4882 2323 4882 2349 4882 2384 4883 2349 4883 2409 4883 2409 4884 2349 4884 2403 4884 2409 4885 2403 4885 2477 4885 2477 4886 2403 4886 2462 4886 2477 4887 2462 4887 2532 4887 2615 4888 2611 4888 2532 4888 2532 4889 2611 4889 2546 4889 2532 4890 2546 4890 2477 4890 1267 4891 1305 4891 1320 4891 1320 4892 1305 4892 1335 4892 1320 4893 1335 4893 1355 4893 1355 4894 1335 4894 1364 4894 1355 4895 1364 4895 1381 4895 1355 4896 1381 4896 1394 4896 1394 4897 1381 4897 1409 4897 1394 4898 1409 4898 1435 4898 1435 4899 1409 4899 1471 4899 1435 4900 1471 4900 1524 4900 1579 4901 1583 4901 1548 4901 1548 4902 1583 4902 1524 4902 1548 4903 1524 4903 1471 4903 1583 4904 1610 4904 1623 4904 1623 4905 1610 4905 1640 4905 1623 4906 1640 4906 1672 4906 1672 4907 1640 4907 1692 4907 1672 4908 1692 4908 1711 4908 1711 4909 1692 4909 1742 4909 1711 4910 1742 4910 1771 4910 1771 4911 1742 4911 1804 4911 1771 4912 1804 4912 1834 4912 1834 4913 1804 4913 1848 4913 1834 4914 1848 4914 1884 4914 1884 4915 1848 4915 1896 4915 1884 4916 1896 4916 1939 4916 1939 4917 1896 4917 1965 4917 1939 4918 1965 4918 2004 4918 2004 4919 1965 4919 2013 4919 2004 4920 2013 4920 2060 4920 2060 4921 2013 4921 2079 4921 2060 4922 2079 4922 2121 4922 2121 4923 2079 4923 2152 4923 2121 4924 2152 4924 2203 4924 2268 4925 2272 4925 2322 4925 2322 4926 2272 4926 2337 4926 2322 4927 2337 4927 2348 4927 2348 4928 2337 4928 2383 4928 2348 4929 2383 4929 2402 4929 2402 4930 2383 4930 2408 4930 2402 4931 2408 4931 2461 4931 2461 4932 2408 4932 2476 4932 2461 4933 2476 4933 2531 4933 1254 4934 1267 4934 1303 4934 1303 4935 1267 4935 1320 4935 1303 4936 1320 4936 1345 4936 1345 4937 1320 4937 1355 4937 1345 4938 1355 4938 1376 4938 1376 4939 1355 4939 1394 4939 1376 4940 1394 4940 1421 4940 1421 4941 1394 4941 1435 4941 1421 4942 1435 4942 1494 4942 1494 4943 1435 4943 1524 4943 1494 4944 1524 4944 1576 4944 1576 4945 1524 4945 1583 4945 1576 4946 1583 4946 1613 4946 1613 4947 1583 4947 1623 4947 1613 4948 1623 4948 1652 4948 1652 4949 1623 4949 1672 4949 1652 4950 1672 4950 1698 4950 1698 4951 1672 4951 1711 4951 1698 4952 1711 4952 1750 4952 1750 4953 1711 4953 1771 4953 1750 4954 1771 4954 1826 4954 1826 4955 1771 4955 1834 4955 1826 4956 1834 4956 1878 4956 1878 4957 1834 4957 1884 4957 1878 4958 1884 4958 1929 4958 1929 4959 1884 4959 1939 4959 1929 4960 1939 4960 2000 4960 2000 4961 1939 4961 2004 4961 2000 4962 2004 4962 2050 4962 2050 4963 2004 4963 2060 4963 2050 4964 2060 4964 2115 4964 2115 4965 2060 4965 2121 4965 2115 4966 2121 4966 2197 4966 2197 4967 2121 4967 2203 4967 2197 4968 2203 4968 2264 4968 2264 4969 2203 4969 2268 4969 2264 4970 2268 4970 2318 4970 2318 4971 2268 4971 2322 4971 2318 4972 2322 4972 2350 4972 2350 4973 2322 4973 2348 4973 2350 4974 2348 4974 2404 4974 2404 4975 2348 4975 2402 4975 2404 4976 2402 4976 2463 4976 2463 4977 2402 4977 2461 4977 2463 4978 2461 4978 2540 4978 2540 4979 2461 4979 2531 4979 2540 4980 2531 4980 2619 4980 2619 4981 2531 4981 2612 4981 2619 4982 2612 4982 2683 4982 1237 4983 1254 4983 1283 4983 1283 4984 1254 4984 1303 4984 1283 4985 1303 4985 1329 4985 1329 4986 1303 4986 1345 4986 1329 4987 1345 4987 1370 4987 1370 4988 1345 4988 1376 4988 1370 4989 1376 4989 1405 4989 1405 4990 1376 4990 1421 4990 1405 4991 1421 4991 1475 4991 1475 4992 1421 4992 1494 4992 1475 4993 1494 4993 1561 4993 1561 4994 1494 4994 1576 4994 1561 4995 1576 4995 1593 4995 1593 4996 1576 4996 1613 4996 1593 4997 1613 4997 1629 4997 1629 4998 1613 4998 1652 4998 1629 4999 1652 4999 1690 4999 1690 5000 1652 5000 1698 5000 1690 5001 1698 5001 1738 5001 1738 5002 1698 5002 1750 5002 1738 5003 1750 5003 1810 5003 1810 5004 1750 5004 1826 5004 1810 5005 1826 5005 1872 5005 1872 5006 1826 5006 1878 5006 1872 5007 1878 5007 1920 5007 1920 5008 1878 5008 1929 5008 1920 5009 1929 5009 1990 5009 1990 5010 1929 5010 2000 5010 1990 5011 2000 5011 2046 5011 2046 5012 2000 5012 2050 5012 2046 5013 2050 5013 2110 5013 2110 5014 2050 5014 2115 5014 2110 5015 2115 5015 2190 5015 2190 5016 2115 5016 2197 5016 2190 5017 2197 5017 2260 5017 2260 5018 2197 5018 2264 5018 2260 5019 2264 5019 2316 5019 2316 5020 2264 5020 2318 5020 2316 5021 2318 5021 2352 5021 2352 5022 2318 5022 2350 5022 2352 5023 2350 5023 2406 5023 2406 5024 2350 5024 2404 5024 2406 5025 2404 5025 2470 5025 2470 5026 2404 5026 2463 5026 2470 5027 2463 5027 2554 5027 2554 5028 2463 5028 2540 5028 2554 5029 2540 5029 2623 5029 2623 5030 2540 5030 2619 5030 2623 5031 2619 5031 2699 5031 1197 5032 1237 5032 1256 5032 1256 5033 1237 5033 1283 5033 1256 5034 1283 5034 1318 5034 1318 5035 1283 5035 1329 5035 1318 5036 1329 5036 1357 5036 1357 5037 1329 5037 1370 5037 1357 5038 1370 5038 1400 5038 1400 5039 1370 5039 1405 5039 1400 5040 1405 5040 1463 5040 1463 5041 1405 5041 1475 5041 1463 5042 1475 5042 1497 5042 1497 5043 1475 5043 1561 5043 1497 5044 1561 5044 1544 5044 1544 5045 1561 5045 1581 5045 1581 5046 1561 5046 1593 5046 1581 5047 1593 5047 1625 5047 1625 5048 1593 5048 1629 5048 1625 5049 1629 5049 1674 5049 1674 5050 1629 5050 1690 5050 1674 5051 1690 5051 1734 5051 1734 5052 1690 5052 1738 5052 1734 5053 1738 5053 1795 5053 1795 5054 1738 5054 1810 5054 1795 5055 1810 5055 1850 5055 1850 5056 1810 5056 1872 5056 1850 5057 1872 5057 1918 5057 1918 5058 1872 5058 1920 5058 1918 5059 1920 5059 1985 5059 1985 5060 1920 5060 1990 5060 1985 5061 1990 5061 2037 5061 2037 5062 1990 5062 2046 5062 2037 5063 2046 5063 2104 5063 2104 5064 2046 5064 2110 5064 2104 5065 2110 5065 2184 5065 2184 5066 2110 5066 2190 5066 2184 5067 2190 5067 2258 5067 2258 5068 2190 5068 2260 5068 2258 5069 2260 5069 2314 5069 2314 5070 2260 5070 2316 5070 2314 5071 2316 5071 2354 5071 2354 5072 2316 5072 2352 5072 2354 5073 2352 5073 2410 5073 2410 5074 2352 5074 2406 5074 2410 5075 2406 5075 2474 5075 2474 5076 2406 5076 2470 5076 2474 5077 2470 5077 2572 5077 2572 5078 2470 5078 2554 5078 2572 5079 2554 5079 2629 5079 2629 5080 2554 5080 2623 5080 2629 5081 2623 5081 2719 5081 1174 5082 1197 5082 1244 5082 1244 5083 1197 5083 1256 5083 1244 5084 1256 5084 1299 5084 1299 5085 1256 5085 1318 5085 1299 5086 1318 5086 1347 5086 1347 5087 1318 5087 1357 5087 1347 5088 1357 5088 1392 5088 1392 5089 1357 5089 1400 5089 1392 5090 1400 5090 1446 5090 1446 5091 1400 5091 1463 5091 1446 5092 1463 5092 1483 5092 1483 5093 1463 5093 1497 5093 1483 5094 1497 5094 1536 5094 1536 5095 1497 5095 1544 5095 1536 5096 1544 5096 1573 5096 1573 5097 1544 5097 1581 5097 1573 5098 1581 5098 1611 5098 1611 5099 1581 5099 1625 5099 1611 5100 1625 5100 1658 5100 1658 5101 1625 5101 1674 5101 1658 5102 1674 5102 1709 5102 1709 5103 1674 5103 1734 5103 1709 5104 1734 5104 1784 5104 1784 5105 1734 5105 1795 5105 1784 5106 1795 5106 1844 5106 1844 5107 1795 5107 1850 5107 1844 5108 1850 5108 1904 5108 1904 5109 1850 5109 1918 5109 1904 5110 1918 5110 1982 5110 1982 5111 1918 5111 1985 5111 1982 5112 1985 5112 2033 5112 2033 5113 1985 5113 2037 5113 2033 5114 2037 5114 2102 5114 2102 5115 2037 5115 2104 5115 2102 5116 2104 5116 2170 5116 2170 5117 2104 5117 2184 5117 2170 5118 2184 5118 2254 5118 2254 5119 2184 5119 2258 5119 2254 5120 2258 5120 2311 5120 2311 5121 2258 5121 2314 5121 2311 5122 2314 5122 2356 5122 2356 5123 2314 5123 2354 5123 2356 5124 2354 5124 2416 5124 2416 5125 2354 5125 2410 5125 2416 5126 2410 5126 2478 5126 2478 5127 2410 5127 2474 5127 2478 5128 2474 5128 2579 5128 2579 5129 2474 5129 2572 5129 2579 5130 2572 5130 2633 5130 2633 5131 2572 5131 2629 5131 2633 5132 2629 5132 2741 5132 1161 5133 1174 5133 1231 5133 1231 5134 1174 5134 1244 5134 1231 5135 1244 5135 1289 5135 1289 5136 1244 5136 1299 5136 1289 5137 1299 5137 1341 5137 1341 5138 1299 5138 1347 5138 1341 5139 1347 5139 1374 5139 1374 5140 1347 5140 1392 5140 1374 5141 1392 5141 1433 5141 1433 5142 1392 5142 1446 5142 1433 5143 1446 5143 1473 5143 1473 5144 1446 5144 1483 5144 1473 5145 1483 5145 1532 5145 1532 5146 1483 5146 1536 5146 1532 5147 1536 5147 1567 5147 1567 5148 1536 5148 1573 5148 1567 5149 1573 5149 1599 5149 1599 5150 1573 5150 1611 5150 1599 5151 1611 5151 1638 5151 1638 5152 1611 5152 1658 5152 1638 5153 1658 5153 1696 5153 1696 5154 1658 5154 1709 5154 1696 5155 1709 5155 1778 5155 1778 5156 1709 5156 1784 5156 1778 5157 1784 5157 1838 5157 1838 5158 1784 5158 1844 5158 1838 5159 1844 5159 1897 5159 1897 5160 1844 5160 1904 5160 1897 5161 1904 5161 1972 5161 1972 5162 1904 5162 1982 5162 1972 5163 1982 5163 2031 5163 2031 5164 1982 5164 2033 5164 2031 5165 2033 5165 2094 5165 2094 5166 2033 5166 2102 5166 2094 5167 2102 5167 2166 5167 2166 5168 2102 5168 2170 5168 2166 5169 2170 5169 2249 5169 2249 5170 2170 5170 2254 5170 2249 5171 2254 5171 2308 5171 2308 5172 2254 5172 2311 5172 2308 5173 2311 5173 2358 5173 2358 5174 2311 5174 2356 5174 2358 5175 2356 5175 2418 5175 2418 5176 2356 5176 2416 5176 2418 5177 2416 5177 2482 5177 2482 5178 2416 5178 2478 5178 2482 5179 2478 5179 2583 5179 2583 5180 2478 5180 2579 5180 2583 5181 2579 5181 2644 5181 2644 5182 2579 5182 2633 5182 2644 5183 2633 5183 2757 5183 1157 5184 1161 5184 1223 5184 1223 5185 1161 5185 1231 5185 1223 5186 1231 5186 1277 5186 1277 5187 1231 5187 1289 5187 1277 5188 1289 5188 1328 5188 1328 5189 1289 5189 1341 5189 1328 5190 1341 5190 1372 5190 1372 5191 1341 5191 1374 5191 1372 5192 1374 5192 1419 5192 1419 5193 1374 5193 1433 5193 1419 5194 1433 5194 1467 5194 1467 5195 1433 5195 1473 5195 1467 5196 1473 5196 1520 5196 1520 5197 1473 5197 1532 5197 1520 5198 1532 5198 1555 5198 1555 5199 1532 5199 1567 5199 1555 5200 1567 5200 1590 5200 1590 5201 1567 5201 1599 5201 1590 5202 1599 5202 1631 5202 1631 5203 1599 5203 1638 5203 1631 5204 1638 5204 1694 5204 1694 5205 1638 5205 1696 5205 1694 5206 1696 5206 1764 5206 1764 5207 1696 5207 1778 5207 1764 5208 1778 5208 1836 5208 1836 5209 1778 5209 1838 5209 1836 5210 1838 5210 1892 5210 1892 5211 1838 5211 1897 5211 1892 5212 1897 5212 1968 5212 1968 5213 1897 5213 1972 5213 1968 5214 1972 5214 2019 5214 2019 5215 1972 5215 2031 5215 2019 5216 2031 5216 2092 5216 2092 5217 2031 5217 2094 5217 2092 5218 2094 5218 2159 5218 2159 5219 2094 5219 2166 5219 2159 5220 2166 5220 2245 5220 2245 5221 2166 5221 2249 5221 2245 5222 2249 5222 2306 5222 2306 5223 2249 5223 2308 5223 2306 5224 2308 5224 2360 5224 2360 5225 2308 5225 2358 5225 2360 5226 2358 5226 2422 5226 2422 5227 2358 5227 2418 5227 2422 5228 2418 5228 2489 5228 2489 5229 2418 5229 2482 5229 2489 5230 2482 5230 2590 5230 2590 5231 2482 5231 2583 5231 2590 5232 2583 5232 2654 5232 2654 5233 2583 5233 2644 5233 2654 5234 2644 5234 2772 5234 1131 5235 1147 5235 1165 5235 1165 5236 1147 5236 1188 5236 1165 5237 1188 5237 1245 5237 1245 5238 1188 5238 1258 5238 1245 5239 1258 5239 1307 5239 1307 5240 1258 5240 1326 5240 1307 5241 1326 5241 1359 5241 1359 5242 1326 5242 1368 5242 1359 5243 1368 5243 1402 5243 1402 5244 1368 5244 1415 5244 1402 5245 1415 5245 1437 5245 1437 5246 1415 5246 1457 5246 1437 5247 1457 5247 1481 5247 1481 5248 1457 5248 1489 5248 1481 5249 1489 5249 1537 5249 1537 5250 1489 5250 1546 5250 1537 5251 1546 5251 1575 5251 1575 5252 1546 5252 1585 5252 1575 5253 1585 5253 1621 5253 1621 5254 1585 5254 1627 5254 1621 5255 1627 5255 1676 5255 1676 5256 1627 5256 1688 5256 1676 5257 1688 5257 1739 5257 1739 5258 1688 5258 1746 5258 1739 5259 1746 5259 1824 5259 1824 5260 1746 5260 1832 5260 1824 5261 1832 5261 1882 5261 1882 5262 1832 5262 1890 5262 1882 5263 1890 5263 1941 5263 1941 5264 1890 5264 1966 5264 1941 5265 1966 5265 2002 5265 2002 5266 1966 5266 2011 5266 2002 5267 2011 5267 2075 5267 2075 5268 2011 5268 2080 5268 2075 5269 2080 5269 2150 5269 2150 5270 2080 5270 2156 5270 2150 5271 2156 5271 2241 5271 2241 5272 2156 5272 2243 5272 2241 5273 2243 5273 2302 5273 2302 5274 2243 5274 2304 5274 2302 5275 2304 5275 2364 5275 2364 5276 2304 5276 2362 5276 2364 5277 2362 5277 2430 5277 2430 5278 2362 5278 2426 5278 2430 5279 2426 5279 2493 5279 2493 5280 2426 5280 2491 5280 2493 5281 2491 5281 2598 5281 2598 5282 2491 5282 2596 5282 2598 5283 2596 5283 2627 5283 2627 5284 2596 5284 2672 5284 2627 5285 2672 5285 2691 5285 1123 5286 1131 5286 1159 5286 1159 5287 1131 5287 1165 5287 1159 5288 1165 5288 1229 5288 1229 5289 1165 5289 1245 5289 1229 5290 1245 5290 1293 5290 1293 5291 1245 5291 1307 5291 1293 5292 1307 5292 1349 5292 1349 5293 1307 5293 1359 5293 1349 5294 1359 5294 1398 5294 1398 5295 1359 5295 1402 5295 1398 5296 1402 5296 1422 5296 1422 5297 1402 5297 1437 5297 1422 5298 1437 5298 1469 5298 1469 5299 1437 5299 1481 5299 1469 5300 1481 5300 1530 5300 1530 5301 1481 5301 1537 5301 1530 5302 1537 5302 1569 5302 1569 5303 1537 5303 1575 5303 1569 5304 1575 5304 1608 5304 1608 5305 1575 5305 1621 5305 1608 5306 1621 5306 1660 5306 1660 5307 1621 5307 1676 5307 1660 5308 1676 5308 1736 5308 1736 5309 1676 5309 1739 5309 1736 5310 1739 5310 1808 5310 1808 5311 1739 5311 1824 5311 1808 5312 1824 5312 1876 5312 1876 5313 1824 5313 1882 5313 1876 5314 1882 5314 1937 5314 1937 5315 1882 5315 1941 5315 1937 5316 1941 5316 1998 5316 1998 5317 1941 5317 2002 5317 1998 5318 2002 5318 2067 5318 2067 5319 2002 5319 2075 5319 2067 5320 2075 5320 2146 5320 2146 5321 2075 5321 2150 5321 2146 5322 2150 5322 2237 5322 2237 5323 2150 5323 2241 5323 2237 5324 2241 5324 2300 5324 2300 5325 2241 5325 2302 5325 2300 5326 2302 5326 2366 5326 2366 5327 2302 5327 2364 5327 2366 5328 2364 5328 2437 5328 2437 5329 2364 5329 2430 5329 2437 5330 2430 5330 2501 5330 2501 5331 2430 5331 2493 5331 2501 5332 2493 5332 2552 5332 2552 5333 2493 5333 2598 5333 2552 5334 2598 5334 2602 5334 2602 5335 2598 5335 2648 5335 2648 5336 2598 5336 2627 5336 2648 5337 2627 5337 2742 5337 2742 5338 2627 5338 2691 5338 2742 5339 2691 5339 2753 5339 2742 5340 2755 5340 2648 5340 2648 5341 2755 5341 2656 5341 2648 5342 2656 5342 2602 5342 2602 5343 2656 5343 2604 5343 2602 5344 2604 5344 2552 5344 2552 5345 2604 5345 2556 5345 2552 5346 2556 5346 2501 5346 2501 5347 2556 5347 2503 5347 2501 5348 2503 5348 2437 5348 2437 5349 2503 5349 2442 5349 2437 5350 2442 5350 2366 5350 2366 5351 2442 5351 2370 5351 2366 5352 2370 5352 2300 5352 2300 5353 2370 5353 2298 5353 2300 5354 2298 5354 2237 5354 2237 5355 2298 5355 2235 5355 2237 5356 2235 5356 2146 5356 2146 5357 2235 5357 2142 5357 2146 5358 2142 5358 2067 5358 2067 5359 2142 5359 2062 5359 2067 5360 2062 5360 1998 5360 1998 5361 2062 5361 1996 5361 1998 5362 1996 5362 1937 5362 1937 5363 1996 5363 1931 5363 1937 5364 1931 5364 1876 5364 1876 5365 1931 5365 1874 5365 1876 5366 1874 5366 1808 5366 1808 5367 1874 5367 1802 5367 1808 5368 1802 5368 1736 5368 1736 5369 1802 5369 1732 5369 1736 5370 1732 5370 1660 5370 1660 5371 1732 5371 1644 5371 1660 5372 1644 5372 1608 5372 1608 5373 1644 5373 1598 5373 1608 5374 1598 5374 1569 5374 1569 5375 1598 5375 1559 5375 1569 5376 1559 5376 1530 5376 1530 5377 1559 5377 1522 5377 1530 5378 1522 5378 1469 5378 1469 5379 1522 5379 1465 5379 1469 5380 1465 5380 1422 5380 1422 5381 1465 5381 1417 5381 1422 5382 1417 5382 1398 5382 1398 5383 1417 5383 1396 5383 1398 5384 1396 5384 1349 5384 1349 5385 1396 5385 1343 5385 1349 5386 1343 5386 1293 5386 1293 5387 1343 5387 1285 5387 1293 5388 1285 5388 1229 5388 1229 5389 1285 5389 1225 5389 1229 5390 1225 5390 1159 5390 1159 5391 1225 5391 1149 5391 1159 5392 1149 5392 1123 5392 1123 5393 1149 5393 1117 5393 1123 5394 1117 5394 1066 5394 1109 5395 1117 5395 1145 5395 1145 5396 1117 5396 1149 5396 1145 5397 1149 5397 1201 5397 1201 5398 1149 5398 1225 5398 1201 5399 1225 5399 1279 5399 1279 5400 1225 5400 1285 5400 1279 5401 1285 5401 1339 5401 1339 5402 1285 5402 1343 5402 1339 5403 1343 5403 1385 5403 1385 5404 1343 5404 1396 5404 1385 5405 1396 5405 1413 5405 1413 5406 1396 5406 1417 5406 1413 5407 1417 5407 1459 5407 1459 5408 1417 5408 1465 5408 1459 5409 1465 5409 1518 5409 1518 5410 1465 5410 1522 5410 1518 5411 1522 5411 1557 5411 1557 5412 1522 5412 1559 5412 1557 5413 1559 5413 1596 5413 1596 5414 1559 5414 1598 5414 1596 5415 1598 5415 1639 5415 1639 5416 1598 5416 1644 5416 1639 5417 1644 5417 1725 5417 1725 5418 1644 5418 1732 5418 1725 5419 1732 5419 1799 5419 1799 5420 1732 5420 1802 5420 1799 5421 1802 5421 1870 5421 1870 5422 1802 5422 1874 5422 1870 5423 1874 5423 1927 5423 1927 5424 1874 5424 1931 5424 1927 5425 1931 5425 1994 5425 1994 5426 1931 5426 1996 5426 1994 5427 1996 5427 2058 5427 2058 5428 1996 5428 2062 5428 2058 5429 2062 5429 2140 5429 2140 5430 2062 5430 2142 5430 2140 5431 2142 5431 2233 5431 2233 5432 2142 5432 2235 5432 2233 5433 2235 5433 2296 5433 2296 5434 2235 5434 2298 5434 2296 5435 2298 5435 2372 5435 2372 5436 2298 5436 2370 5436 2372 5437 2370 5437 2445 5437 2445 5438 2370 5438 2442 5438 2445 5439 2442 5439 2505 5439 2505 5440 2442 5440 2503 5440 2505 5441 2503 5441 2562 5441 2562 5442 2503 5442 2556 5442 2562 5443 2556 5443 2606 5443 2606 5444 2556 5444 2604 5444 2606 5445 2604 5445 2664 5445 2664 5446 2604 5446 2656 5446 2664 5447 2656 5447 2759 5447 2759 5448 2656 5448 2755 5448 1100 5449 1109 5449 1138 5449 1138 5450 1109 5450 1145 5450 1138 5451 1145 5451 1195 5451 1195 5452 1145 5452 1201 5452 1195 5453 1201 5453 1274 5453 1274 5454 1201 5454 1279 5454 1274 5455 1279 5455 1336 5455 1336 5456 1279 5456 1339 5456 1336 5457 1339 5457 1365 5457 1365 5458 1339 5458 1385 5458 1365 5459 1385 5459 1383 5459 1383 5460 1385 5460 1411 5460 1411 5461 1385 5461 1413 5461 1411 5462 1413 5462 1455 5462 1455 5463 1413 5463 1459 5463 1455 5464 1459 5464 1503 5464 1503 5465 1459 5465 1518 5465 1503 5466 1518 5466 1553 5466 1553 5467 1518 5467 1557 5467 1553 5468 1557 5468 1592 5468 1592 5469 1557 5469 1596 5469 1592 5470 1596 5470 1636 5470 1636 5471 1596 5471 1639 5471 1636 5472 1639 5472 1713 5472 1713 5473 1639 5473 1725 5473 1713 5474 1725 5474 1793 5474 1793 5475 1725 5475 1799 5475 1793 5476 1799 5476 1868 5476 1868 5477 1799 5477 1870 5477 1868 5478 1870 5478 1925 5478 1925 5479 1870 5479 1927 5479 1925 5480 1927 5480 1992 5480 1992 5481 1927 5481 1994 5481 1992 5482 1994 5482 2056 5482 2056 5483 1994 5483 2058 5483 2056 5484 2058 5484 2138 5484 2138 5485 2058 5485 2140 5485 2138 5486 2140 5486 2231 5486 2231 5487 2140 5487 2233 5487 2231 5488 2233 5488 2294 5488 2294 5489 2233 5489 2296 5489 2294 5490 2296 5490 2374 5490 2374 5491 2296 5491 2372 5491 2374 5492 2372 5492 2447 5492 2447 5493 2372 5493 2445 5493 2447 5494 2445 5494 2507 5494 2507 5495 2445 5495 2505 5495 2507 5496 2505 5496 2564 5496 2564 5497 2505 5497 2562 5497 2564 5498 2562 5498 2608 5498 2608 5499 2562 5499 2606 5499 2608 5500 2606 5500 2673 5500 2673 5501 2606 5501 2664 5501 2673 5502 2664 5502 2767 5502 2767 5503 2664 5503 2759 5503 2767 5504 2769 5504 2673 5504 2673 5505 2769 5505 2676 5505 2673 5506 2676 5506 2608 5506 2608 5507 2676 5507 2616 5507 2608 5508 2616 5508 2564 5508 2564 5509 2616 5509 2569 5509 2564 5510 2569 5510 2507 5510 2507 5511 2569 5511 2509 5511 2507 5512 2509 5512 2447 5512 2447 5513 2509 5513 2449 5513 2447 5514 2449 5514 2374 5514 2374 5515 2449 5515 2376 5515 2374 5516 2376 5516 2294 5516 2294 5517 2376 5517 2292 5517 2294 5518 2292 5518 2231 5518 2231 5519 2292 5519 2229 5519 2231 5520 2229 5520 2138 5520 2138 5521 2229 5521 2136 5521 2138 5522 2136 5522 2056 5522 2056 5523 2136 5523 2054 5523 2056 5524 2054 5524 1992 5524 1992 5525 2054 5525 1988 5525 1992 5526 1988 5526 1925 5526 1925 5527 1988 5527 1923 5527 1925 5528 1923 5528 1868 5528 1868 5529 1923 5529 1857 5529 1868 5530 1857 5530 1793 5530 1793 5531 1857 5531 1791 5531 1793 5532 1791 5532 1713 5532 1713 5533 1791 5533 1707 5533 1713 5534 1707 5534 1636 5534 1636 5535 1707 5535 1634 5535 1636 5536 1634 5536 1592 5536 1592 5537 1634 5537 1588 5537 1592 5538 1588 5538 1553 5538 1553 5539 1588 5539 1551 5539 1553 5540 1551 5540 1503 5540 1503 5541 1551 5541 1490 5541 1503 5542 1490 5542 1455 5542 1455 5543 1490 5543 1449 5543 1455 5544 1449 5544 1411 5544 1411 5545 1449 5545 1407 5545 1411 5546 1407 5546 1383 5546 1383 5547 1407 5547 1379 5547 1383 5548 1379 5548 1365 5548 1365 5549 1379 5549 1362 5549 1365 5550 1362 5550 1336 5550 1336 5551 1362 5551 1333 5551 1336 5552 1333 5552 1274 5552 1274 5553 1333 5553 1269 5553 1274 5554 1269 5554 1195 5554 1195 5555 1269 5555 1186 5555 1195 5556 1186 5556 1138 5556 1138 5557 1186 5557 1136 5557 1138 5558 1136 5558 1100 5558 1100 5559 1136 5559 1097 5559 1100 5560 1097 5560 1037 5560 1095 5561 1097 5561 1133 5561 1133 5562 1097 5562 1136 5562 1133 5563 1136 5563 1185 5563 1185 5564 1136 5564 1186 5564 1185 5565 1186 5565 1266 5565 1266 5566 1186 5566 1269 5566 1266 5567 1269 5567 1332 5567 1332 5568 1269 5568 1333 5568 1332 5569 1333 5569 1361 5569 1361 5570 1333 5570 1362 5570 1361 5571 1362 5571 1378 5571 1378 5572 1362 5572 1379 5572 1378 5573 1379 5573 1404 5573 1404 5574 1379 5574 1407 5574 1404 5575 1407 5575 1448 5575 1448 5576 1407 5576 1449 5576 1448 5577 1449 5577 1487 5577 1487 5578 1449 5578 1490 5578 1487 5579 1490 5579 1550 5579 1550 5580 1490 5580 1551 5580 1550 5581 1551 5581 1587 5581 1587 5582 1551 5582 1588 5582 1587 5583 1588 5583 1633 5583 1633 5584 1588 5584 1634 5584 1633 5585 1634 5585 1702 5585 1702 5586 1634 5586 1707 5586 1702 5587 1707 5587 1789 5587 1789 5588 1707 5588 1791 5588 1789 5589 1791 5589 1856 5589 1856 5590 1791 5590 1857 5590 1856 5591 1857 5591 1922 5591 1922 5592 1857 5592 1923 5592 1922 5593 1923 5593 1987 5593 1987 5594 1923 5594 1988 5594 1987 5595 1988 5595 2053 5595 2053 5596 1988 5596 2054 5596 2053 5597 2054 5597 2135 5597 2135 5598 2054 5598 2136 5598 2135 5599 2136 5599 2228 5599 2228 5600 2136 5600 2229 5600 2228 5601 2229 5601 2291 5601 2291 5602 2229 5602 2292 5602 2291 5603 2292 5603 2378 5603 2378 5604 2292 5604 2376 5604 2378 5605 2376 5605 2451 5605 2451 5606 2376 5606 2449 5606 2451 5607 2449 5607 2511 5607 2511 5608 2449 5608 2509 5608 2511 5609 2509 5609 2571 5609 2571 5610 2509 5610 2569 5610 2571 5611 2569 5611 2618 5611 2618 5612 2569 5612 2616 5612 2618 5613 2616 5613 2678 5613 2678 5614 2616 5614 2676 5614 2678 5615 2676 5615 2771 5615 2771 5616 2676 5616 2769 5616 1098 5617 1095 5617 1137 5617 1137 5618 1095 5618 1133 5618 1137 5619 1133 5619 1187 5619 1187 5620 1133 5620 1185 5620 1187 5621 1185 5621 1270 5621 1270 5622 1185 5622 1266 5622 1270 5623 1266 5623 1334 5623 1334 5624 1266 5624 1332 5624 1334 5625 1332 5625 1363 5625 1363 5626 1332 5626 1361 5626 1363 5627 1361 5627 1380 5627 1380 5628 1361 5628 1378 5628 1380 5629 1378 5629 1408 5629 1408 5630 1378 5630 1404 5630 1408 5631 1404 5631 1450 5631 1450 5632 1404 5632 1448 5632 1450 5633 1448 5633 1491 5633 1491 5634 1448 5634 1487 5634 1491 5635 1487 5635 1552 5635 1552 5636 1487 5636 1550 5636 1552 5637 1550 5637 1589 5637 1589 5638 1550 5638 1587 5638 1589 5639 1587 5639 1635 5639 1635 5640 1587 5640 1633 5640 1635 5641 1633 5641 1708 5641 1708 5642 1633 5642 1702 5642 1708 5643 1702 5643 1792 5643 1792 5644 1702 5644 1789 5644 1792 5645 1789 5645 1858 5645 1858 5646 1789 5646 1856 5646 1858 5647 1856 5647 1924 5647 1924 5648 1856 5648 1922 5648 1924 5649 1922 5649 1989 5649 1989 5650 1922 5650 1987 5650 1989 5651 1987 5651 2055 5651 2055 5652 1987 5652 2053 5652 2055 5653 2053 5653 2137 5653 2137 5654 2053 5654 2135 5654 2137 5655 2135 5655 2230 5655 2230 5656 2135 5656 2228 5656 2230 5657 2228 5657 2293 5657 2293 5658 2228 5658 2291 5658 2293 5659 2291 5659 2377 5659 2377 5660 2291 5660 2378 5660 2377 5661 2378 5661 2450 5661 2450 5662 2378 5662 2451 5662 2450 5663 2451 5663 2510 5663 2510 5664 2451 5664 2511 5664 2510 5665 2511 5665 2570 5665 2570 5666 2511 5666 2571 5666 2570 5667 2571 5667 2617 5667 2617 5668 2571 5668 2618 5668 2617 5669 2618 5669 2677 5669 2677 5670 2618 5670 2678 5670 2677 5671 2678 5671 2770 5671 2770 5672 2678 5672 2771 5672 2770 5673 2771 5673 2973 5673 1101 5674 1098 5674 1139 5674 1139 5675 1098 5675 1137 5675 1139 5676 1137 5676 1196 5676 1196 5677 1137 5677 1187 5677 1196 5678 1187 5678 1275 5678 1275 5679 1187 5679 1270 5679 1275 5680 1270 5680 1337 5680 1337 5681 1270 5681 1334 5681 1337 5682 1334 5682 1366 5682 1366 5683 1334 5683 1363 5683 1366 5684 1363 5684 1384 5684 1384 5685 1363 5685 1380 5685 1384 5686 1380 5686 1412 5686 1412 5687 1380 5687 1408 5687 1412 5688 1408 5688 1456 5688 1456 5689 1408 5689 1450 5689 1456 5690 1450 5690 1504 5690 1504 5691 1450 5691 1491 5691 1504 5692 1491 5692 1554 5692 1554 5693 1491 5693 1552 5693 1554 5694 1552 5694 1594 5694 1594 5695 1552 5695 1589 5695 1594 5696 1589 5696 1637 5696 1637 5697 1589 5697 1635 5697 1637 5698 1635 5698 1714 5698 1714 5699 1635 5699 1708 5699 1714 5700 1708 5700 1794 5700 1794 5701 1708 5701 1792 5701 1794 5702 1792 5702 1869 5702 1869 5703 1792 5703 1858 5703 1869 5704 1858 5704 1926 5704 1926 5705 1858 5705 1924 5705 1926 5706 1924 5706 1993 5706 1993 5707 1924 5707 1989 5707 1993 5708 1989 5708 2057 5708 2057 5709 1989 5709 2055 5709 2057 5710 2055 5710 2139 5710 2139 5711 2055 5711 2137 5711 2139 5712 2137 5712 2232 5712 2232 5713 2137 5713 2230 5713 2232 5714 2230 5714 2295 5714 2295 5715 2230 5715 2293 5715 2295 5716 2293 5716 2375 5716 2375 5717 2293 5717 2377 5717 2375 5718 2377 5718 2448 5718 2448 5719 2377 5719 2450 5719 2448 5720 2450 5720 2508 5720 2508 5721 2450 5721 2510 5721 2508 5722 2510 5722 2565 5722 2565 5723 2510 5723 2570 5723 2565 5724 2570 5724 2610 5724 2610 5725 2570 5725 2617 5725 2610 5726 2617 5726 2674 5726 2674 5727 2617 5727 2677 5727 2674 5728 2677 5728 2768 5728 2768 5729 2677 5729 2770 5729 1110 5730 1101 5730 1146 5730 1146 5731 1101 5731 1139 5731 1146 5732 1139 5732 1202 5732 1202 5733 1139 5733 1196 5733 1202 5734 1196 5734 1280 5734 1280 5735 1196 5735 1275 5735 1280 5736 1275 5736 1340 5736 1340 5737 1275 5737 1337 5737 1340 5738 1337 5738 1386 5738 1386 5739 1337 5739 1366 5739 1386 5740 1366 5740 1384 5740 1386 5741 1384 5741 1414 5741 1414 5742 1384 5742 1412 5742 1414 5743 1412 5743 1460 5743 1460 5744 1412 5744 1456 5744 1460 5745 1456 5745 1519 5745 1519 5746 1456 5746 1504 5746 1519 5747 1504 5747 1558 5747 1558 5748 1504 5748 1554 5748 1558 5749 1554 5749 1597 5749 1597 5750 1554 5750 1594 5750 1597 5751 1594 5751 1642 5751 1642 5752 1594 5752 1637 5752 1642 5753 1637 5753 1726 5753 1726 5754 1637 5754 1714 5754 1726 5755 1714 5755 1800 5755 1800 5756 1714 5756 1794 5756 1800 5757 1794 5757 1871 5757 1871 5758 1794 5758 1869 5758 1871 5759 1869 5759 1928 5759 1928 5760 1869 5760 1926 5760 1928 5761 1926 5761 1995 5761 1995 5762 1926 5762 1993 5762 1995 5763 1993 5763 2059 5763 2059 5764 1993 5764 2057 5764 2059 5765 2057 5765 2141 5765 2141 5766 2057 5766 2139 5766 2141 5767 2139 5767 2234 5767 2234 5768 2139 5768 2232 5768 2234 5769 2232 5769 2297 5769 2297 5770 2232 5770 2295 5770 2297 5771 2295 5771 2373 5771 2373 5772 2295 5772 2375 5772 2373 5773 2375 5773 2446 5773 2446 5774 2375 5774 2448 5774 2446 5775 2448 5775 2506 5775 2506 5776 2448 5776 2508 5776 2506 5777 2508 5777 2563 5777 2563 5778 2508 5778 2565 5778 2563 5779 2565 5779 2607 5779 2607 5780 2565 5780 2610 5780 2607 5781 2610 5781 2665 5781 2665 5782 2610 5782 2674 5782 2665 5783 2674 5783 2761 5783 2761 5784 2674 5784 2768 5784 1118 5785 1110 5785 1150 5785 1150 5786 1110 5786 1146 5786 1150 5787 1146 5787 1226 5787 1226 5788 1146 5788 1202 5788 1226 5789 1202 5789 1286 5789 1286 5790 1202 5790 1280 5790 1286 5791 1280 5791 1344 5791 1344 5792 1280 5792 1340 5792 1344 5793 1340 5793 1397 5793 1397 5794 1340 5794 1386 5794 1397 5795 1386 5795 1418 5795 1418 5796 1386 5796 1414 5796 1418 5797 1414 5797 1466 5797 1466 5798 1414 5798 1460 5798 1466 5799 1460 5799 1523 5799 1523 5800 1460 5800 1519 5800 1523 5801 1519 5801 1560 5801 1560 5802 1519 5802 1558 5802 1560 5803 1558 5803 1600 5803 1600 5804 1558 5804 1597 5804 1600 5805 1597 5805 1645 5805 1645 5806 1597 5806 1642 5806 1645 5807 1642 5807 1733 5807 1733 5808 1642 5808 1726 5808 1733 5809 1726 5809 1803 5809 1803 5810 1726 5810 1800 5810 1803 5811 1800 5811 1875 5811 1875 5812 1800 5812 1871 5812 1875 5813 1871 5813 1932 5813 1932 5814 1871 5814 1928 5814 1932 5815 1928 5815 1997 5815 1997 5816 1928 5816 1995 5816 1997 5817 1995 5817 2063 5817 2063 5818 1995 5818 2059 5818 2063 5819 2059 5819 2143 5819 2143 5820 2059 5820 2141 5820 2143 5821 2141 5821 2236 5821 2236 5822 2141 5822 2234 5822 2236 5823 2234 5823 2299 5823 2299 5824 2234 5824 2297 5824 2299 5825 2297 5825 2371 5825 2371 5826 2297 5826 2373 5826 2371 5827 2373 5827 2444 5827 2444 5828 2373 5828 2446 5828 2444 5829 2446 5829 2504 5829 2504 5830 2446 5830 2506 5830 2504 5831 2506 5831 2558 5831 2558 5832 2506 5832 2563 5832 2558 5833 2563 5833 2605 5833 2605 5834 2563 5834 2607 5834 2605 5835 2607 5835 2657 5835 2657 5836 2607 5836 2665 5836 2657 5837 2665 5837 2756 5837 2756 5838 2665 5838 2761 5838 1124 5839 1118 5839 1160 5839 1160 5840 1118 5840 1150 5840 1160 5841 1150 5841 1230 5841 1230 5842 1150 5842 1226 5842 1230 5843 1226 5843 1294 5843 1294 5844 1226 5844 1286 5844 1294 5845 1286 5845 1350 5845 1350 5846 1286 5846 1344 5846 1350 5847 1344 5847 1399 5847 1399 5848 1344 5848 1397 5848 1399 5849 1397 5849 1424 5849 1424 5850 1397 5850 1418 5850 1424 5851 1418 5851 1470 5851 1470 5852 1418 5852 1466 5852 1470 5853 1466 5853 1531 5853 1531 5854 1466 5854 1523 5854 1531 5855 1523 5855 1570 5855 1570 5856 1523 5856 1560 5856 1570 5857 1560 5857 1609 5857 1609 5858 1560 5858 1600 5858 1609 5859 1600 5859 1661 5859 1661 5860 1600 5860 1645 5860 1661 5861 1645 5861 1737 5861 1737 5862 1645 5862 1733 5862 1737 5863 1733 5863 1809 5863 1809 5864 1733 5864 1803 5864 1809 5865 1803 5865 1877 5865 1877 5866 1803 5866 1875 5866 1877 5867 1875 5867 1938 5867 1938 5868 1875 5868 1932 5868 1938 5869 1932 5869 1999 5869 1999 5870 1932 5870 1997 5870 1999 5871 1997 5871 2068 5871 2068 5872 1997 5872 2063 5872 2068 5873 2063 5873 2147 5873 2147 5874 2063 5874 2143 5874 2147 5875 2143 5875 2238 5875 2238 5876 2143 5876 2236 5876 2238 5877 2236 5877 2301 5877 2301 5878 2236 5878 2299 5878 2301 5879 2299 5879 2368 5879 2368 5880 2299 5880 2371 5880 2368 5881 2371 5881 2438 5881 2438 5882 2371 5882 2444 5882 2438 5883 2444 5883 2502 5883 2502 5884 2444 5884 2504 5884 2502 5885 2504 5885 2553 5885 2553 5886 2504 5886 2558 5886 2553 5887 2558 5887 2603 5887 2603 5888 2558 5888 2605 5888 2603 5889 2605 5889 2649 5889 2649 5890 2605 5890 2657 5890 2649 5891 2657 5891 2745 5891 2745 5892 2657 5892 2756 5892 2745 5893 2756 5893 2907 5893 1132 5894 1124 5894 1166 5894 1166 5895 1124 5895 1160 5895 1166 5896 1160 5896 1247 5896 1247 5897 1160 5897 1230 5897 1247 5898 1230 5898 1308 5898 1308 5899 1230 5899 1294 5899 1308 5900 1294 5900 1360 5900 1360 5901 1294 5901 1350 5901 1360 5902 1350 5902 1403 5902 1403 5903 1350 5903 1399 5903 1403 5904 1399 5904 1440 5904 1440 5905 1399 5905 1424 5905 1440 5906 1424 5906 1482 5906 1482 5907 1424 5907 1470 5907 1482 5908 1470 5908 1539 5908 1539 5909 1470 5909 1531 5909 1539 5910 1531 5910 1577 5910 1577 5911 1531 5911 1570 5911 1577 5912 1570 5912 1622 5912 1622 5913 1570 5913 1609 5913 1622 5914 1609 5914 1677 5914 1677 5915 1609 5915 1661 5915 1677 5916 1661 5916 1741 5916 1741 5917 1661 5917 1737 5917 1741 5918 1737 5918 1825 5918 1825 5919 1737 5919 1809 5919 1825 5920 1809 5920 1883 5920 1883 5921 1809 5921 1877 5921 1883 5922 1877 5922 1942 5922 1942 5923 1877 5923 1938 5923 1942 5924 1938 5924 2003 5924 2003 5925 1938 5925 1999 5925 2003 5926 1999 5926 2076 5926 2076 5927 1999 5927 2068 5927 2076 5928 2068 5928 2151 5928 2151 5929 2068 5929 2147 5929 2151 5930 2147 5930 2242 5930 2242 5931 2147 5931 2238 5931 2242 5932 2238 5932 2303 5932 2303 5933 2238 5933 2301 5933 2303 5934 2301 5934 2365 5934 2365 5935 2301 5935 2368 5935 2365 5936 2368 5936 2432 5936 2432 5937 2368 5937 2438 5937 2432 5938 2438 5938 2494 5938 2494 5939 2438 5939 2502 5939 2494 5940 2502 5940 2599 5940 2599 5941 2502 5941 2553 5941 2599 5942 2553 5942 2603 5942 2599 5943 2603 5943 2628 5943 2628 5944 2603 5944 2649 5944 2628 5945 2649 5945 2692 5945 2692 5946 2649 5946 2745 5946 2692 5947 2745 5947 2754 5947 1148 5948 1132 5948 1189 5948 1189 5949 1132 5949 1166 5949 1189 5950 1166 5950 1259 5950 1259 5951 1166 5951 1247 5951 1259 5952 1247 5952 1327 5952 1327 5953 1247 5953 1308 5953 1327 5954 1308 5954 1369 5954 1369 5955 1308 5955 1360 5955 1369 5956 1360 5956 1416 5956 1416 5957 1360 5957 1403 5957 1416 5958 1403 5958 1458 5958 1458 5959 1403 5959 1440 5959 1458 5960 1440 5960 1492 5960 1492 5961 1440 5961 1482 5961 1492 5962 1482 5962 1547 5962 1547 5963 1482 5963 1539 5963 1547 5964 1539 5964 1586 5964 1586 5965 1539 5965 1577 5965 1586 5966 1577 5966 1628 5966 1628 5967 1577 5967 1622 5967 1628 5968 1622 5968 1689 5968 1689 5969 1622 5969 1677 5969 1689 5970 1677 5970 1748 5970 1748 5971 1677 5971 1741 5971 1748 5972 1741 5972 1833 5972 1833 5973 1741 5973 1825 5973 1833 5974 1825 5974 1891 5974 1891 5975 1825 5975 1883 5975 1891 5976 1883 5976 1967 5976 1967 5977 1883 5977 1942 5977 1967 5978 1942 5978 2012 5978 2012 5979 1942 5979 2003 5979 2012 5980 2003 5980 2089 5980 2089 5981 2003 5981 2076 5981 2089 5982 2076 5982 2157 5982 2157 5983 2076 5983 2151 5983 2157 5984 2151 5984 2244 5984 2244 5985 2151 5985 2242 5985 2244 5986 2242 5986 2305 5986 2305 5987 2242 5987 2303 5987 2305 5988 2303 5988 2363 5988 2363 5989 2303 5989 2365 5989 2363 5990 2365 5990 2427 5990 2427 5991 2365 5991 2432 5991 2427 5992 2432 5992 2492 5992 2492 5993 2432 5993 2494 5993 2492 5994 2494 5994 2597 5994 2597 5995 2494 5995 2599 5995 2597 5996 2599 5996 2675 5996 2675 5997 2599 5997 2628 5997 2675 5998 2628 5998 2692 5998 2655 5999 2647 5999 2592 5999 2592 6000 2647 6000 2584 6000 2592 6001 2584 6001 2490 6001 2490 6002 2584 6002 2483 6002 2490 6003 2483 6003 2425 6003 2425 6004 2483 6004 2419 6004 2425 6005 2419 6005 2361 6005 2361 6006 2419 6006 2359 6006 2361 6007 2359 6007 2307 6007 2307 6008 2359 6008 2309 6008 2307 6009 2309 6009 2247 6009 2247 6010 2309 6010 2250 6010 2247 6011 2250 6011 2162 6011 2162 6012 2250 6012 2168 6012 2162 6013 2168 6013 2093 6013 2093 6014 2168 6014 2095 6014 2093 6015 2095 6015 2020 6015 2020 6016 2095 6016 2032 6016 2020 6017 2032 6017 1969 6017 1969 6018 2032 6018 1981 6018 1969 6019 1981 6019 1893 6019 1893 6020 1981 6020 1899 6020 1893 6021 1899 6021 1837 6021 1837 6022 1899 6022 1839 6022 1837 6023 1839 6023 1765 6023 1765 6024 1839 6024 1779 6024 1765 6025 1779 6025 1695 6025 1695 6026 1779 6026 1697 6026 1695 6027 1697 6027 1632 6027 1632 6028 1697 6028 1641 6028 1632 6029 1641 6029 1591 6029 1591 6030 1641 6030 1601 6030 1591 6031 1601 6031 1556 6031 1556 6032 1601 6032 1568 6032 1556 6033 1568 6033 1521 6033 1521 6034 1568 6034 1533 6034 1521 6035 1533 6035 1468 6035 1468 6036 1533 6036 1474 6036 1468 6037 1474 6037 1420 6037 1420 6038 1474 6038 1434 6038 1420 6039 1434 6039 1373 6039 1373 6040 1434 6040 1375 6040 1373 6041 1375 6041 1330 6041 1330 6042 1375 6042 1342 6042 1330 6043 1342 6043 1278 6043 1278 6044 1342 6044 1290 6044 1278 6045 1290 6045 1224 6045 1224 6046 1290 6046 1236 6046 1224 6047 1236 6047 1158 6047 1158 6048 1236 6048 1162 6048 1158 6049 1162 6049 1130 6049 2647 6050 2634 6050 2584 6050 2584 6051 2634 6051 2580 6051 2584 6052 2580 6052 2483 6052 2483 6053 2580 6053 2479 6053 2483 6054 2479 6054 2419 6054 2419 6055 2479 6055 2417 6055 2419 6056 2417 6056 2359 6056 2359 6057 2417 6057 2357 6057 2359 6058 2357 6058 2309 6058 2309 6059 2357 6059 2313 6059 2309 6060 2313 6060 2250 6060 2250 6061 2313 6061 2255 6061 2250 6062 2255 6062 2168 6062 2168 6063 2255 6063 2171 6063 2168 6064 2171 6064 2095 6064 2095 6065 2171 6065 2103 6065 2095 6066 2103 6066 2032 6066 2032 6067 2103 6067 2034 6067 2032 6068 2034 6068 1981 6068 1981 6069 2034 6069 1983 6069 1981 6070 1983 6070 1899 6070 1899 6071 1983 6071 1905 6071 1899 6072 1905 6072 1839 6072 1839 6073 1905 6073 1845 6073 1839 6074 1845 6074 1779 6074 1779 6075 1845 6075 1785 6075 1779 6076 1785 6076 1697 6076 1697 6077 1785 6077 1710 6077 1697 6078 1710 6078 1641 6078 1641 6079 1710 6079 1659 6079 1641 6080 1659 6080 1601 6080 1601 6081 1659 6081 1614 6081 1601 6082 1614 6082 1568 6082 1568 6083 1614 6083 1574 6083 1568 6084 1574 6084 1533 6084 1533 6085 1574 6085 1538 6085 1533 6086 1538 6086 1474 6086 1474 6087 1538 6087 1484 6087 1474 6088 1484 6088 1434 6088 1434 6089 1484 6089 1447 6089 1434 6090 1447 6090 1375 6090 1375 6091 1447 6091 1393 6091 1375 6092 1393 6092 1342 6092 1342 6093 1393 6093 1348 6093 1342 6094 1348 6094 1290 6094 1290 6095 1348 6095 1300 6095 1290 6096 1300 6096 1236 6096 1236 6097 1300 6097 1246 6097 1236 6098 1246 6098 1162 6098 1162 6099 1246 6099 1180 6099 1162 6100 1180 6100 1135 6100 2634 6101 2630 6101 2580 6101 2580 6102 2630 6102 2573 6102 2580 6103 2573 6103 2479 6103 2479 6104 2573 6104 2475 6104 2479 6105 2475 6105 2417 6105 2417 6106 2475 6106 2411 6106 2417 6107 2411 6107 2357 6107 2357 6108 2411 6108 2355 6108 2357 6109 2355 6109 2313 6109 2313 6110 2355 6110 2315 6110 2313 6111 2315 6111 2255 6111 2255 6112 2315 6112 2259 6112 2255 6113 2259 6113 2171 6113 2171 6114 2259 6114 2185 6114 2171 6115 2185 6115 2103 6115 2103 6116 2185 6116 2105 6116 2103 6117 2105 6117 2034 6117 2034 6118 2105 6118 2038 6118 2034 6119 2038 6119 1983 6119 1983 6120 2038 6120 1986 6120 1983 6121 1986 6121 1905 6121 1905 6122 1986 6122 1919 6122 1905 6123 1919 6123 1845 6123 1845 6124 1919 6124 1851 6124 1845 6125 1851 6125 1785 6125 1785 6126 1851 6126 1796 6126 1785 6127 1796 6127 1710 6127 1710 6128 1796 6128 1735 6128 1710 6129 1735 6129 1659 6129 1659 6130 1735 6130 1675 6130 1659 6131 1675 6131 1614 6131 1614 6132 1675 6132 1626 6132 1614 6133 1626 6133 1574 6133 1574 6134 1626 6134 1582 6134 1574 6135 1582 6135 1538 6135 1538 6136 1582 6136 1545 6136 1538 6137 1545 6137 1484 6137 1484 6138 1545 6138 1500 6138 1484 6139 1500 6139 1447 6139 1447 6140 1500 6140 1464 6140 1447 6141 1464 6141 1393 6141 1393 6142 1464 6142 1401 6142 1393 6143 1401 6143 1348 6143 1348 6144 1401 6144 1358 6144 1348 6145 1358 6145 1300 6145 1300 6146 1358 6146 1319 6146 1300 6147 1319 6147 1246 6147 1246 6148 1319 6148 1257 6148 1246 6149 1257 6149 1180 6149 1180 6150 1257 6150 1198 6150 1180 6151 1198 6151 1154 6151 1238 6152 1198 6152 1284 6152 1284 6153 1198 6153 1257 6153 1284 6154 1257 6154 1331 6154 1331 6155 1257 6155 1319 6155 1331 6156 1319 6156 1371 6156 1371 6157 1319 6157 1358 6157 1371 6158 1358 6158 1406 6158 1406 6159 1358 6159 1401 6159 1406 6160 1401 6160 1476 6160 1476 6161 1401 6161 1464 6161 1476 6162 1464 6162 1562 6162 1562 6163 1464 6163 1500 6163 1562 6164 1500 6164 1545 6164 1562 6165 1545 6165 1595 6165 1595 6166 1545 6166 1582 6166 1595 6167 1582 6167 1630 6167 1630 6168 1582 6168 1626 6168 1630 6169 1626 6169 1691 6169 1691 6170 1626 6170 1675 6170 1691 6171 1675 6171 1740 6171 1740 6172 1675 6172 1735 6172 1740 6173 1735 6173 1811 6173 1811 6174 1735 6174 1796 6174 1811 6175 1796 6175 1873 6175 1873 6176 1796 6176 1851 6176 1873 6177 1851 6177 1921 6177 1921 6178 1851 6178 1919 6178 1921 6179 1919 6179 1991 6179 1991 6180 1919 6180 1986 6180 1991 6181 1986 6181 2047 6181 2047 6182 1986 6182 2038 6182 2047 6183 2038 6183 2111 6183 2111 6184 2038 6184 2105 6184 2111 6185 2105 6185 2192 6185 2192 6186 2105 6186 2185 6186 2192 6187 2185 6187 2261 6187 2261 6188 2185 6188 2259 6188 2261 6189 2259 6189 2317 6189 2317 6190 2259 6190 2315 6190 2317 6191 2315 6191 2353 6191 2353 6192 2315 6192 2355 6192 2353 6193 2355 6193 2407 6193 2407 6194 2355 6194 2411 6194 2407 6195 2411 6195 2471 6195 2471 6196 2411 6196 2475 6196 2471 6197 2475 6197 2555 6197 2555 6198 2475 6198 2573 6198 2555 6199 2573 6199 2624 6199 2624 6200 2573 6200 2630 6200 2624 6201 2630 6201 2720 6201 2624 6202 2620 6202 2555 6202 2555 6203 2620 6203 2541 6203 2555 6204 2541 6204 2471 6204 2471 6205 2541 6205 2464 6205 2471 6206 2464 6206 2407 6206 2407 6207 2464 6207 2405 6207 2407 6208 2405 6208 2353 6208 2353 6209 2405 6209 2351 6209 2353 6210 2351 6210 2317 6210 2317 6211 2351 6211 2321 6211 2317 6212 2321 6212 2261 6212 2261 6213 2321 6213 2265 6213 2261 6214 2265 6214 2192 6214 2192 6215 2265 6215 2198 6215 2192 6216 2198 6216 2111 6216 2111 6217 2198 6217 2118 6217 2111 6218 2118 6218 2047 6218 2047 6219 2118 6219 2051 6219 2047 6220 2051 6220 1991 6220 1991 6221 2051 6221 2001 6221 1991 6222 2001 6222 1921 6222 1921 6223 2001 6223 1930 6223 1921 6224 1930 6224 1873 6224 1873 6225 1930 6225 1879 6225 1873 6226 1879 6226 1811 6226 1811 6227 1879 6227 1831 6227 1811 6228 1831 6228 1740 6228 1740 6229 1831 6229 1762 6229 1740 6230 1762 6230 1691 6230 1691 6231 1762 6231 1699 6231 1691 6232 1699 6232 1630 6232 1630 6233 1699 6233 1653 6233 1630 6234 1653 6234 1595 6234 1595 6235 1653 6235 1615 6235 1595 6236 1615 6236 1562 6236 1562 6237 1615 6237 1578 6237 1562 6238 1578 6238 1476 6238 1476 6239 1578 6239 1495 6239 1476 6240 1495 6240 1406 6240 1406 6241 1495 6241 1423 6241 1406 6242 1423 6242 1371 6242 1371 6243 1423 6243 1377 6243 1371 6244 1377 6244 1331 6244 1331 6245 1377 6245 1346 6245 1331 6246 1346 6246 1284 6246 1284 6247 1346 6247 1304 6247 1284 6248 1304 6248 1238 6248 1238 6249 1304 6249 1255 6249 1238 6250 1255 6250 1200 6250 2620 6251 2615 6251 2541 6251 2541 6252 2615 6252 2532 6252 2541 6253 2532 6253 2464 6253 2464 6254 2532 6254 2462 6254 2464 6255 2462 6255 2405 6255 2405 6256 2462 6256 2403 6256 2405 6257 2403 6257 2351 6257 2351 6258 2403 6258 2349 6258 2351 6259 2349 6259 2321 6259 2321 6260 2349 6260 2323 6260 2321 6261 2323 6261 2265 6261 2265 6262 2323 6262 2271 6262 2265 6263 2271 6263 2198 6263 2198 6264 2271 6264 2204 6264 2198 6265 2204 6265 2118 6265 2118 6266 2204 6266 2122 6266 2118 6267 2122 6267 2051 6267 2051 6268 2122 6268 2061 6268 2051 6269 2061 6269 2001 6269 2001 6270 2061 6270 2005 6270 2001 6271 2005 6271 1930 6271 1930 6272 2005 6272 1940 6272 1930 6273 1940 6273 1879 6273 1879 6274 1940 6274 1885 6274 1879 6275 1885 6275 1831 6275 1831 6276 1885 6276 1835 6276 1831 6277 1835 6277 1762 6277 1762 6278 1835 6278 1773 6278 1762 6279 1773 6279 1699 6279 1699 6280 1773 6280 1712 6280 1699 6281 1712 6281 1653 6281 1653 6282 1712 6282 1673 6282 1653 6283 1673 6283 1615 6283 1615 6284 1673 6284 1624 6284 1615 6285 1624 6285 1578 6285 1578 6286 1624 6286 1584 6286 1578 6287 1584 6287 1495 6287 1495 6288 1584 6288 1525 6288 1495 6289 1525 6289 1423 6289 1423 6290 1525 6290 1436 6290 1423 6291 1436 6291 1377 6291 1377 6292 1436 6292 1395 6292 1377 6293 1395 6293 1346 6293 1346 6294 1395 6294 1356 6294 1346 6295 1356 6295 1304 6295 1304 6296 1356 6296 1321 6296 1304 6297 1321 6297 1255 6297 1255 6298 1321 6298 1268 6298 1255 6299 1268 6299 1228 6299 3333 6300 3334 6300 3337 6300 3333 6301 3321 6301 3334 6301 3334 6302 3326 6302 3335 6302 3326 6303 3334 6303 3321 6303 1745 6304 1743 6304 1806 6304 1745 6305 1806 6305 1849 6305 1745 6306 1849 6306 1898 6306 1745 6307 1898 6307 1984 6307 1745 6308 1984 6308 2007 6308 1325 6309 1306 6309 1338 6309 1325 6310 1338 6310 1367 6310 1325 6311 1367 6311 1382 6311 1325 6312 1382 6312 1410 6312 1325 6313 1410 6313 1472 6313 1325 6314 1472 6314 1549 6314 1325 6315 1549 6315 1580 6315 1325 6316 1580 6316 1612 6316 1325 6317 1612 6317 1643 6317 1325 6318 1643 6318 1693 6318 1325 6319 1693 6319 1743 6319 1325 6320 1743 6320 1745 6320 1094 6321 1084 6321 1090 6321 1094 6322 1090 6322 1114 6322 1094 6323 1114 6323 1129 6323 1094 6324 1129 6324 1152 6324 1094 6325 1152 6325 1184 6325 1094 6326 1184 6326 1243 6326 1094 6327 1243 6327 1273 6327 1094 6328 1273 6328 1306 6328 1094 6329 1306 6329 1325 6329 3326 6330 3321 6330 3310 6330 3310 6331 3321 6331 3306 6331 3310 6332 3306 6332 3293 6332 3293 6333 3306 6333 3287 6333 3293 6334 3287 6334 3256 6334 3256 6335 3287 6335 3259 6335 3256 6336 3259 6336 3235 6336 3235 6337 3259 6337 3232 6337 3235 6338 3232 6338 3208 6338 3208 6339 3232 6339 3193 6339 3208 6340 3193 6340 3178 6340 3178 6341 3193 6341 3142 6341 3142 6342 3193 6342 3147 6342 3142 6343 3147 6343 3107 6343 3107 6344 3147 6344 3102 6344 3107 6345 3102 6345 3069 6345 3069 6346 3102 6346 3062 6346 3069 6347 3062 6347 3005 6347 3005 6348 3062 6348 2887 6348 3005 6349 2887 6349 2819 6349 2819 6350 2887 6350 2746 6350 2746 6351 2887 6351 2762 6351 2746 6352 2762 6352 2716 6352 2716 6353 2762 6353 2714 6353 2716 6354 2714 6354 2663 6354 2663 6355 2714 6355 2591 6355 2663 6356 2591 6356 2611 6356 2611 6357 2591 6357 2546 6357 2546 6358 2591 6358 2500 6358 2546 6359 2500 6359 2477 6359 2477 6360 2500 6360 2409 6360 2409 6361 2500 6361 2433 6361 2409 6362 2433 6362 2384 6362 2384 6363 2433 6363 2369 6363 2384 6364 2369 6364 2338 6364 2338 6365 2369 6365 2273 6365 2273 6366 2369 6366 2312 6366 2273 6367 2312 6367 2153 6367 2153 6368 2312 6368 2163 6368 2153 6369 2163 6369 2052 6369 2052 6370 2163 6370 2043 6370 2052 6371 2043 6371 1984 6371 1984 6372 2043 6372 2007 6372 1090 6373 1084 6373 1068 6373 1068 6374 1084 6374 1070 6374 1068 6375 1070 6375 1064 6375 1068 6376 1064 6376 1050 6376 1050 6377 1064 6377 1049 6377 1050 6378 1049 6378 1017 6378 1017 6379 1049 6379 1034 6379 1017 6380 1034 6380 1011 6380 1017 6381 1011 6381 995 6381 995 6382 1011 6382 992 6382 995 6383 992 6383 983 6383 983 6384 992 6384 982 6384 983 6385 982 6385 962 6385 962 6386 982 6386 969 6386 962 6387 969 6387 959 6387 1745 6388 1517 6388 1325 6388 1744 6389 1324 6389 1516 6389 1001 6390 1020 6390 1296 6390 1292 6391 975 6391 1001 6391 1288 6392 975 6392 1292 6392 1207 6393 864 6393 1205 6393 1207 6394 839 6394 864 6394 1213 6395 774 6395 764 6395 1211 6396 774 6396 1213 6396 799 6397 774 6397 1211 6397 1208 6398 799 6398 1211 6398 820 6399 799 6399 1208 6399 836 6400 820 6400 1208 6400 1291 6401 1000 6401 972 6401 1295 6402 1019 6402 1000 6402 1783 6403 2065 6403 2078 6403 2078 6404 1787 6404 1783 6404 2097 6405 1787 6405 2078 6405 2145 6406 1947 6406 1945 6406 2193 6407 1954 6407 2199 6407 2193 6408 1951 6408 1954 6408 1949 6409 2164 6409 2154 6409 2077 6410 1786 6410 2096 6410 2077 6411 1782 6411 1786 6411 2064 6412 1782 6412 2077 6412 1493 6413 1805 6413 1801 6413 1276 6414 1271 6414 1493 6414 1322 6415 1516 6415 1324 6415 1206 6416 1946 6416 1488 6416 1206 6417 1488 6417 1265 6417 1206 6418 1265 6418 861 6418 1206 6419 861 6419 836 6419 1206 6420 836 6420 1208 6420 1946 6421 1949 6421 2154 6421 1946 6422 2154 6422 2144 6422 1946 6423 2144 6423 1807 6423 1946 6424 1807 6424 1488 6424 1943 6425 1203 6425 1282 6425 1943 6426 1282 6426 1498 6426 1943 6427 1498 6427 1798 6427 1943 6428 1798 6428 2107 6428 1943 6429 2107 6429 2120 6429 1943 6430 2120 6430 1944 6430 1298 6431 1042 6431 1302 6431 1302 6432 1042 6432 1061 6432 1302 6433 1061 6433 1310 6433 1310 6434 1061 6434 1074 6434 1310 6435 1074 6435 1317 6435 1317 6436 1074 6436 1083 6436 1317 6437 1083 6437 1323 6437 1323 6438 1083 6438 1094 6438 1323 6439 1094 6439 1325 6439 1509 6440 1296 6440 1298 6440 1298 6441 1296 6441 1020 6441 1298 6442 1020 6442 1042 6442 1296 6443 1509 6443 1507 6443 1507 6444 1509 6444 1781 6444 1507 6445 1781 6445 1783 6445 1783 6446 1781 6446 2049 6446 1783 6447 2049 6447 2065 6447 1204 6448 917 6448 1203 6448 1203 6449 917 6449 944 6449 1203 6450 944 6450 1282 6450 1282 6451 944 6451 975 6451 1282 6452 975 6452 1288 6452 864 6453 887 6453 1205 6453 1205 6454 887 6454 917 6454 1205 6455 917 6455 1204 6455 1219 6456 752 6456 1218 6456 1218 6457 752 6457 758 6457 1218 6458 758 6458 1216 6458 1216 6459 758 6459 765 6459 1216 6460 765 6460 1214 6460 1214 6461 765 6461 775 6461 1214 6462 775 6462 1212 6462 1212 6463 775 6463 800 6463 1212 6464 800 6464 1210 6464 1210 6465 800 6465 821 6465 1210 6466 821 6466 1209 6466 1209 6467 821 6467 839 6467 1209 6468 839 6468 1207 6468 1213 6469 764 6469 1215 6469 1215 6470 764 6470 757 6470 1215 6471 757 6471 1217 6471 1217 6472 757 6472 752 6472 1217 6473 752 6473 1219 6473 1291 6474 972 6474 1287 6474 1287 6475 972 6475 942 6475 1287 6476 942 6476 1281 6476 1281 6477 942 6477 916 6477 1281 6478 916 6478 1276 6478 1276 6479 916 6479 885 6479 1276 6480 885 6480 1271 6480 1271 6481 885 6481 861 6481 1271 6482 861 6482 1265 6482 1508 6483 1782 6483 1780 6483 1780 6484 1782 6484 2064 6484 1780 6485 2064 6485 2048 6485 1782 6486 1508 6486 1506 6486 1506 6487 1508 6487 1297 6487 1506 6488 1297 6488 1295 6488 1295 6489 1297 6489 1040 6489 1295 6490 1040 6490 1019 6490 1510 6491 1780 6491 1770 6491 1770 6492 1780 6492 2048 6492 1770 6493 2048 6493 2044 6493 1780 6494 1510 6494 1508 6494 1508 6495 1510 6495 1301 6495 1508 6496 1301 6496 1297 6496 1297 6497 1301 6497 1059 6497 1297 6498 1059 6498 1040 6498 1301 6499 1309 6499 1059 6499 1059 6500 1309 6500 1316 6500 1059 6501 1316 6501 1072 6501 1072 6502 1316 6502 1322 6502 1072 6503 1322 6503 1082 6503 1082 6504 1322 6504 1324 6504 1082 6505 1324 6505 1093 6505 1781 6506 1772 6506 2049 6506 2049 6507 1772 6507 1769 6507 2049 6508 1769 6508 2045 6508 2045 6509 1769 6509 1763 6509 2045 6510 1763 6510 2036 6510 2036 6511 1763 6511 1749 6511 2036 6512 1749 6512 2022 6512 2022 6513 1749 6513 1745 6513 2022 6514 1745 6514 2007 6514 1798 6515 2097 6515 2107 6515 2097 6516 1798 6516 1790 6516 1790 6517 1798 6517 1498 6517 1790 6518 1498 6518 1501 6518 1501 6519 1498 6519 1282 6519 1501 6520 1282 6520 1288 6520 2120 6521 2134 6521 1944 6521 1944 6522 2134 6522 2145 6522 1944 6523 2145 6523 1945 6523 2165 6524 1948 6524 2155 6524 2155 6525 1948 6525 1947 6525 2155 6526 1947 6526 2145 6526 1953 6527 1952 6527 2194 6527 2194 6528 1952 6528 1950 6528 2194 6529 1950 6529 2175 6529 2175 6530 1950 6530 1948 6530 2175 6531 1948 6531 2165 6531 1960 6532 1959 6532 2209 6532 2209 6533 1959 6533 1957 6533 2209 6534 1957 6534 2206 6534 2206 6535 1957 6535 1955 6535 2206 6536 1955 6536 2200 6536 2200 6537 1955 6537 1953 6537 2200 6538 1953 6538 2194 6538 1954 6539 1956 6539 2199 6539 2199 6540 1956 6540 1958 6540 2199 6541 1958 6541 2205 6541 2205 6542 1958 6542 1960 6542 2205 6543 1960 6543 2209 6543 2193 6544 2174 6544 1951 6544 1951 6545 2174 6545 2164 6545 1951 6546 2164 6546 1949 6546 1805 6547 2144 6547 2133 6547 2144 6548 1805 6548 1807 6548 1807 6549 1805 6549 1493 6549 1807 6550 1493 6550 1488 6550 1488 6551 1493 6551 1271 6551 1488 6552 1271 6552 1265 6552 1786 6553 1788 6553 2096 6553 2096 6554 1788 6554 1797 6554 2096 6555 1797 6555 2106 6555 2106 6556 1797 6556 1801 6556 2106 6557 1801 6557 2119 6557 2119 6558 1801 6558 1805 6558 2119 6559 1805 6559 2133 6559 1761 6560 2044 6560 2035 6560 2044 6561 1761 6561 1768 6561 1768 6562 1761 6562 1514 6562 1768 6563 1514 6563 1512 6563 1512 6564 1514 6564 1316 6564 1512 6565 1316 6565 1309 6565 1747 6566 2035 6566 2021 6566 2035 6567 1747 6567 1761 6567 1761 6568 1747 6568 1516 6568 1761 6569 1516 6569 1514 6569 1514 6570 1516 6570 1322 6570 1514 6571 1322 6571 1316 6571 1516 6572 1747 6572 1744 6572 1744 6573 1747 6573 2021 6573 1744 6574 2021 6574 2006 6574 1276 6575 1493 6575 1281 6575 1281 6576 1493 6576 1496 6576 1493 6577 1801 6577 1496 6577 1496 6578 1801 6578 1797 6578 1788 6579 1499 6579 1797 6579 1797 6580 1499 6580 1496 6580 1499 6581 1287 6581 1496 6581 1496 6582 1287 6582 1281 6582 1786 6583 1502 6583 1788 6583 1788 6584 1502 6584 1499 6584 1502 6585 1291 6585 1499 6585 1499 6586 1291 6586 1287 6586 1000 6587 1291 6587 1295 6587 1295 6588 1291 6588 1502 6588 1295 6589 1502 6589 1506 6589 1506 6590 1502 6590 1786 6590 1506 6591 1786 6591 1782 6591 2044 6592 1768 6592 1770 6592 1770 6593 1768 6593 1512 6593 1770 6594 1512 6594 1510 6594 1510 6595 1512 6595 1309 6595 1510 6596 1309 6596 1301 6596 1745 6597 1749 6597 1517 6597 1517 6598 1749 6598 1763 6598 1517 6599 1763 6599 1515 6599 1515 6600 1763 6600 1769 6600 1515 6601 1769 6601 1513 6601 1513 6602 1769 6602 1772 6602 1513 6603 1772 6603 1511 6603 1511 6604 1772 6604 1781 6604 1511 6605 1781 6605 1509 6605 1001 6606 1296 6606 1292 6606 1292 6607 1296 6607 1507 6607 1292 6608 1507 6608 1505 6608 1505 6609 1507 6609 1783 6609 1505 6610 1783 6610 1787 6610 2097 6611 1790 6611 1787 6611 1787 6612 1790 6612 1501 6612 1787 6613 1501 6613 1505 6613 1505 6614 1501 6614 1288 6614 1505 6615 1288 6615 1292 6615 1325 6616 1517 6616 1323 6616 1323 6617 1517 6617 1515 6617 1323 6618 1515 6618 1317 6618 1317 6619 1515 6619 1513 6619 1317 6620 1513 6620 1310 6620 1310 6621 1513 6621 1511 6621 1310 6622 1511 6622 1302 6622 1302 6623 1511 6623 1509 6623 1302 6624 1509 6624 1298 6624 3330 6625 3325 6625 3329 6625 3331 6626 3328 6626 3327 6626 3319 6627 3327 6627 3328 6627 3319 6628 3328 6628 3329 6628 3319 6629 3329 6629 3325 6629 3319 6630 3325 6630 3308 6630 3319 6631 3308 6631 3305 6631 2639 6632 2758 6632 2744 6632 2639 6633 2744 6633 2715 6633 2639 6634 2715 6634 2662 6634 2639 6635 2662 6635 2609 6635 2639 6636 2609 6636 2589 6636 1744 6637 2006 6637 2013 6637 1744 6638 2013 6638 1965 6638 1744 6639 1965 6639 1896 6639 1744 6640 1896 6640 1848 6640 1744 6641 1848 6641 1804 6641 1744 6642 1804 6642 1742 6642 1324 6643 1744 6643 1742 6643 1324 6644 1742 6644 1692 6644 1324 6645 1692 6645 1640 6645 1324 6646 1640 6646 1610 6646 1324 6647 1610 6647 1579 6647 1324 6648 1579 6648 1548 6648 1324 6649 1548 6649 1471 6649 1324 6650 1471 6650 1409 6650 1324 6651 1409 6651 1381 6651 1324 6652 1381 6652 1364 6652 1324 6653 1364 6653 1335 6653 1324 6654 1335 6654 1305 6654 1093 6655 1324 6655 1305 6655 1093 6656 1305 6656 1272 6656 1093 6657 1272 6657 1242 6657 1093 6658 1242 6658 1183 6658 1093 6659 1183 6659 1151 6659 1093 6660 1151 6660 1127 6660 1093 6661 1127 6661 1112 6661 1093 6662 1112 6662 1089 6662 1093 6663 1089 6663 1079 6663 3207 6664 3213 6664 3234 6664 3234 6665 3213 6665 3258 6665 3234 6666 3258 6666 3253 6666 3253 6667 3258 6667 3283 6667 3253 6668 3283 6668 3292 6668 3292 6669 3283 6669 3305 6669 3292 6670 3305 6670 3308 6670 3096 6671 3101 6671 3121 6671 3121 6672 3101 6672 3160 6672 3121 6673 3160 6673 3163 6673 3163 6674 3160 6674 3213 6674 3163 6675 3213 6675 3207 6675 3004 6676 3060 6676 3068 6676 3068 6677 3060 6677 3101 6677 3068 6678 3101 6678 3096 6678 3060 6679 3004 6679 2983 6679 2983 6680 3004 6680 2813 6680 2983 6681 2813 6681 2828 6681 2828 6682 2813 6682 2744 6682 2828 6683 2744 6683 2758 6683 2476 6684 2497 6684 2545 6684 2545 6685 2497 6685 2589 6685 2545 6686 2589 6686 2609 6686 2337 6687 2367 6687 2383 6687 2383 6688 2367 6688 2431 6688 2383 6689 2431 6689 2408 6689 2408 6690 2431 6690 2497 6690 2408 6691 2497 6691 2476 6691 2152 6692 2310 6692 2272 6692 2272 6693 2310 6693 2367 6693 2272 6694 2367 6694 2337 6694 2310 6695 2152 6695 2161 6695 2161 6696 2152 6696 2079 6696 2161 6697 2079 6697 2042 6697 2042 6698 2079 6698 2013 6698 2042 6699 2013 6699 2006 6699 1048 6700 1051 6700 1047 6700 1047 6701 1051 6701 1069 6701 1047 6702 1069 6702 1065 6702 1065 6703 1069 6703 1079 6703 1065 6704 1079 6704 1089 6704 1009 6705 1033 6705 1016 6705 1016 6706 1033 6706 1048 6706 1016 6707 1048 6707 1047 6707 957 6708 966 6708 960 6708 960 6709 966 6709 979 6709 960 6710 979 6710 980 6710 980 6711 979 6711 991 6711 980 6712 991 6712 994 6712 994 6713 991 6713 1009 6713 994 6714 1009 6714 1016 6714 1199 6715 1125 6715 1143 6715 1199 6716 1143 6716 1227 6716 1163 6717 1125 6717 1181 6717 1153 6718 1111 6718 1163 6718 1134 6719 1091 6719 1153 6719 1128 6720 1075 6720 1134 6720 1115 6721 1035 6721 1121 6721 1087 6722 989 6722 1096 6722 504 6723 498 6723 521 6723 1066 6724 951 6724 1087 6724 474 6725 467 6725 498 6725 474 6726 498 6726 504 6726 416 6727 422 6727 423 6727 1038 6728 872 6728 1032 6728 1067 6729 921 6729 1054 6729 1088 6730 952 6730 1067 6730 475 6731 499 6731 468 6731 475 6732 468 6732 452 6732 505 6733 523 6733 499 6733 505 6734 499 6734 475 6734 559 6735 588 6735 553 6735 635 6736 673 6736 633 6736 676 6737 727 6737 673 6737 1164 6738 1113 6738 1154 6738 729 6739 809 6739 727 6739 806 6740 850 6740 809 6740 882 6741 931 6741 889 6741 882 6742 889 6742 806 6742 995 6743 976 6743 1017 6743 1125 6744 1199 6744 1181 6744 731 6745 805 6745 825 6745 731 6746 825 6746 753 6746 989 6747 1115 6747 1096 6747 505 6748 553 6748 523 6748 826 6749 808 6749 733 6749 826 6750 733 6750 756 6750 806 6751 889 6751 850 6751 969 6752 931 6752 959 6752 959 6753 931 6753 927 6753 959 6754 927 6754 928 6754 966 6755 957 6755 930 6755 930 6756 957 6756 924 6756 930 6757 924 6757 886 6757 886 6758 924 6758 879 6758 886 6759 879 6759 847 6759 847 6760 879 6760 803 6760 847 6761 803 6761 807 6761 1242 6762 1227 6762 1183 6762 1183 6763 1227 6763 1155 6763 1183 6764 1155 6764 1151 6764 504 6765 521 6765 557 6765 557 6766 521 6766 552 6766 557 6767 552 6767 589 6767 589 6768 552 6768 587 6768 589 6769 587 6769 634 6769 634 6770 587 6770 632 6770 634 6771 632 6771 675 6771 675 6772 632 6772 672 6772 675 6773 672 6773 725 6773 725 6774 672 6774 724 6774 725 6775 724 6775 807 6775 557 6776 589 6776 561 6776 561 6777 589 6777 592 6777 561 6778 592 6778 575 6778 575 6779 592 6779 611 6779 575 6780 611 6780 607 6780 607 6781 611 6781 648 6781 607 6782 648 6782 657 6782 657 6783 648 6783 694 6783 657 6784 694 6784 721 6784 721 6785 694 6785 767 6785 721 6786 767 6786 810 6786 810 6787 767 6787 846 6787 810 6788 846 6788 899 6788 899 6789 846 6789 935 6789 899 6790 935 6790 964 6790 964 6791 935 6791 997 6791 964 6792 997 6792 1035 6792 1035 6793 997 6793 1057 6793 1035 6794 1057 6794 1121 6794 1121 6795 1057 6795 1128 6795 1032 6796 868 6796 1037 6796 1037 6797 868 6797 870 6797 1037 6798 870 6798 1045 6798 1045 6799 870 6799 877 6799 1045 6800 877 6800 1053 6800 1053 6801 877 6801 897 6801 1053 6802 897 6802 1066 6802 1066 6803 897 6803 918 6803 1066 6804 918 6804 951 6804 425 6805 423 6805 439 6805 439 6806 423 6806 434 6806 439 6807 434 6807 450 6807 450 6808 434 6808 447 6808 450 6809 447 6809 467 6809 452 6810 468 6810 440 6810 440 6811 468 6811 448 6811 440 6812 448 6812 426 6812 426 6813 448 6813 436 6813 426 6814 436 6814 417 6814 417 6815 436 6815 424 6815 417 6816 424 6816 414 6816 414 6817 424 6817 422 6817 414 6818 422 6818 416 6818 1054 6819 921 6819 1046 6819 1046 6820 921 6820 898 6820 1046 6821 898 6821 1038 6821 1038 6822 898 6822 878 6822 1038 6823 878 6823 872 6823 1154 6824 1113 6824 1135 6824 1135 6825 1113 6825 1092 6825 1135 6826 1092 6826 1130 6826 1130 6827 1092 6827 1076 6827 1130 6828 1076 6828 1122 6828 1122 6829 1076 6829 1058 6829 1122 6830 1058 6830 1116 6830 1116 6831 1058 6831 1036 6831 1116 6832 1036 6832 1099 6832 1099 6833 1036 6833 990 6833 1099 6834 990 6834 1088 6834 633 6835 588 6835 590 6835 590 6836 588 6836 559 6836 590 6837 559 6837 593 6837 593 6838 559 6838 563 6838 593 6839 563 6839 612 6839 612 6840 563 6840 576 6840 612 6841 576 6841 649 6841 649 6842 576 6842 609 6842 649 6843 609 6843 695 6843 695 6844 609 6844 660 6844 695 6845 660 6845 768 6845 768 6846 660 6846 722 6846 768 6847 722 6847 848 6847 848 6848 722 6848 811 6848 848 6849 811 6849 937 6849 937 6850 811 6850 901 6850 937 6851 901 6851 998 6851 998 6852 901 6852 968 6852 998 6853 968 6853 1058 6853 1058 6854 968 6854 1036 6854 1243 6855 1184 6855 1228 6855 1228 6856 1184 6856 1156 6856 1228 6857 1156 6857 1200 6857 1200 6858 1156 6858 1144 6858 1200 6859 1144 6859 1182 6859 1182 6860 1144 6860 1126 6860 1182 6861 1126 6861 1164 6861 976 6862 995 6862 943 6862 943 6863 995 6863 983 6863 943 6864 983 6864 928 6864 928 6865 983 6865 962 6865 928 6866 962 6866 959 6866 1017 6867 976 6867 1050 6867 1050 6868 976 6868 1010 6868 1050 6869 1010 6869 1068 6869 1068 6870 1010 6870 1055 6870 1068 6871 1055 6871 1090 6871 1090 6872 1055 6872 1086 6872 1090 6873 1086 6873 1114 6873 1114 6874 1086 6874 1129 6874 1129 6875 1086 6875 1120 6875 1129 6876 1120 6876 1152 6876 1152 6877 1120 6877 1156 6877 1152 6878 1156 6878 1184 6878 924 6879 957 6879 925 6879 925 6880 957 6880 960 6880 925 6881 960 6881 941 6881 941 6882 960 6882 980 6882 941 6883 980 6883 973 6883 973 6884 980 6884 994 6884 973 6885 994 6885 1016 6885 973 6886 1016 6886 1007 6886 1007 6887 1016 6887 1047 6887 1007 6888 1047 6888 1052 6888 1052 6889 1047 6889 1065 6889 1052 6890 1065 6890 1085 6890 1085 6891 1065 6891 1089 6891 1085 6892 1089 6892 1112 6892 1085 6893 1112 6893 1119 6893 1119 6894 1112 6894 1127 6894 1119 6895 1127 6895 1155 6895 1155 6896 1127 6896 1151 6896 879 6897 924 6897 881 6897 881 6898 924 6898 925 6898 881 6899 925 6899 905 6899 905 6900 925 6900 941 6900 905 6901 941 6901 938 6901 938 6902 941 6902 973 6902 938 6903 973 6903 984 6903 984 6904 973 6904 1007 6904 984 6905 1007 6905 1027 6905 1027 6906 1007 6906 1052 6906 1027 6907 1052 6907 1071 6907 1071 6908 1052 6908 1085 6908 1071 6909 1085 6909 1102 6909 1102 6910 1085 6910 1119 6910 1102 6911 1119 6911 1143 6911 1143 6912 1119 6912 1155 6912 1143 6913 1155 6913 1227 6913 803 6914 879 6914 805 6914 805 6915 879 6915 881 6915 805 6916 881 6916 825 6916 825 6917 881 6917 905 6917 825 6918 905 6918 860 6918 860 6919 905 6919 938 6919 860 6920 938 6920 911 6920 911 6921 938 6921 984 6921 911 6922 984 6922 961 6922 961 6923 984 6923 1027 6923 961 6924 1027 6924 1026 6924 1026 6925 1027 6925 1071 6925 1026 6926 1071 6926 1077 6926 1077 6927 1071 6927 1102 6927 1077 6928 1102 6928 1103 6928 1103 6929 1102 6929 1143 6929 1103 6930 1143 6930 1125 6930 805 6931 731 6931 803 6931 803 6932 731 6932 725 6932 803 6933 725 6933 807 6933 753 6934 825 6934 785 6934 785 6935 825 6935 860 6935 785 6936 860 6936 837 6936 837 6937 860 6937 911 6937 837 6938 911 6938 904 6938 904 6939 911 6939 961 6939 904 6940 961 6940 974 6940 974 6941 961 6941 1026 6941 974 6942 1026 6942 1041 6942 1041 6943 1026 6943 1077 6943 1041 6944 1077 6944 1080 6944 1080 6945 1077 6945 1103 6945 1080 6946 1103 6946 1111 6946 1111 6947 1103 6947 1125 6947 1111 6948 1125 6948 1163 6948 675 6949 725 6949 678 6949 678 6950 725 6950 731 6950 678 6951 731 6951 697 6951 697 6952 731 6952 753 6952 697 6953 753 6953 734 6953 734 6954 753 6954 785 6954 734 6955 785 6955 788 6955 788 6956 785 6956 837 6956 788 6957 837 6957 857 6957 857 6958 837 6958 904 6958 857 6959 904 6959 932 6959 932 6960 904 6960 974 6960 932 6961 974 6961 1002 6961 1002 6962 974 6962 1041 6962 1002 6963 1041 6963 1060 6963 1060 6964 1041 6964 1080 6964 1060 6965 1080 6965 1091 6965 1091 6966 1080 6966 1111 6966 1091 6967 1111 6967 1153 6967 634 6968 675 6968 636 6968 636 6969 675 6969 678 6969 636 6970 678 6970 651 6970 651 6971 678 6971 697 6971 651 6972 697 6972 688 6972 688 6973 697 6973 734 6973 688 6974 734 6974 741 6974 741 6975 734 6975 788 6975 741 6976 788 6976 813 6976 813 6977 788 6977 857 6977 813 6978 857 6978 888 6978 888 6979 857 6979 932 6979 888 6980 932 6980 970 6980 970 6981 932 6981 1002 6981 970 6982 1002 6982 1030 6982 1030 6983 1002 6983 1060 6983 1030 6984 1060 6984 1075 6984 1075 6985 1060 6985 1091 6985 1075 6986 1091 6986 1134 6986 589 6987 634 6987 592 6987 592 6988 634 6988 636 6988 592 6989 636 6989 611 6989 611 6990 636 6990 651 6990 611 6991 651 6991 648 6991 648 6992 651 6992 688 6992 648 6993 688 6993 694 6993 694 6994 688 6994 741 6994 694 6995 741 6995 767 6995 767 6996 741 6996 813 6996 767 6997 813 6997 846 6997 846 6998 813 6998 888 6998 846 6999 888 6999 935 6999 935 7000 888 7000 970 7000 935 7001 970 7001 997 7001 997 7002 970 7002 1030 7002 997 7003 1030 7003 1057 7003 1057 7004 1030 7004 1075 7004 1057 7005 1075 7005 1128 7005 504 7006 557 7006 509 7006 509 7007 557 7007 561 7007 509 7008 561 7008 522 7008 522 7009 561 7009 575 7009 522 7010 575 7010 554 7010 554 7011 575 7011 607 7011 554 7012 607 7012 600 7012 600 7013 607 7013 657 7013 600 7014 657 7014 666 7014 666 7015 657 7015 721 7015 666 7016 721 7016 746 7016 746 7017 721 7017 810 7017 746 7018 810 7018 838 7018 838 7019 810 7019 899 7019 838 7020 899 7020 919 7020 919 7021 899 7021 964 7021 919 7022 964 7022 989 7022 989 7023 964 7023 1035 7023 989 7024 1035 7024 1115 7024 474 7025 504 7025 476 7025 476 7026 504 7026 509 7026 476 7027 509 7027 484 7027 484 7028 509 7028 522 7028 484 7029 522 7029 516 7029 516 7030 522 7030 554 7030 516 7031 554 7031 556 7031 556 7032 554 7032 600 7032 556 7033 600 7033 615 7033 615 7034 600 7034 666 7034 615 7035 666 7035 691 7035 691 7036 666 7036 746 7036 691 7037 746 7037 789 7037 789 7038 746 7038 838 7038 789 7039 838 7039 867 7039 867 7040 838 7040 919 7040 867 7041 919 7041 951 7041 951 7042 919 7042 989 7042 951 7043 989 7043 1087 7043 951 7044 918 7044 867 7044 867 7045 918 7045 831 7045 867 7046 831 7046 789 7046 789 7047 831 7047 754 7047 789 7048 754 7048 691 7048 691 7049 754 7049 654 7049 691 7050 654 7050 615 7050 615 7051 654 7051 580 7051 615 7052 580 7052 556 7052 556 7053 580 7053 525 7053 556 7054 525 7054 516 7054 516 7055 525 7055 482 7055 516 7056 482 7056 484 7056 484 7057 482 7057 462 7057 484 7058 462 7058 476 7058 476 7059 462 7059 455 7059 476 7060 455 7060 474 7060 474 7061 455 7061 450 7061 474 7062 450 7062 467 7062 439 7063 450 7063 441 7063 441 7064 450 7064 455 7064 441 7065 455 7065 453 7065 453 7066 455 7066 462 7066 453 7067 462 7067 471 7067 471 7068 462 7068 482 7068 471 7069 482 7069 506 7069 506 7070 482 7070 525 7070 506 7071 525 7071 568 7071 568 7072 525 7072 580 7072 568 7073 580 7073 639 7073 639 7074 580 7074 654 7074 639 7075 654 7075 728 7075 728 7076 654 7076 754 7076 728 7077 754 7077 817 7077 817 7078 754 7078 831 7078 817 7079 831 7079 897 7079 897 7080 831 7080 918 7080 425 7081 439 7081 427 7081 427 7082 439 7082 441 7082 427 7083 441 7083 443 7083 443 7084 441 7084 453 7084 443 7085 453 7085 464 7085 464 7086 453 7086 471 7086 464 7087 471 7087 495 7087 495 7088 471 7088 506 7088 495 7089 506 7089 548 7089 548 7090 506 7090 568 7090 548 7091 568 7091 626 7091 626 7092 568 7092 639 7092 626 7093 639 7093 710 7093 710 7094 639 7094 728 7094 710 7095 728 7095 796 7095 796 7096 728 7096 817 7096 796 7097 817 7097 877 7097 877 7098 817 7098 897 7098 877 7099 870 7099 796 7099 796 7100 870 7100 783 7100 796 7101 783 7101 710 7101 710 7102 783 7102 705 7102 710 7103 705 7103 626 7103 626 7104 705 7104 613 7104 626 7105 613 7105 548 7105 548 7106 613 7106 538 7106 548 7107 538 7107 495 7107 495 7108 538 7108 488 7108 495 7109 488 7109 464 7109 464 7110 488 7110 460 7110 464 7111 460 7111 443 7111 443 7112 460 7112 437 7112 443 7113 437 7113 427 7113 427 7114 437 7114 420 7114 427 7115 420 7115 425 7115 425 7116 420 7116 416 7116 425 7117 416 7117 423 7117 414 7118 416 7118 415 7118 415 7119 416 7119 420 7119 415 7120 420 7120 433 7120 433 7121 420 7121 437 7121 433 7122 437 7122 458 7122 458 7123 437 7123 460 7123 458 7124 460 7124 486 7124 486 7125 460 7125 488 7125 486 7126 488 7126 535 7126 535 7127 488 7127 538 7127 535 7128 538 7128 610 7128 610 7129 538 7129 613 7129 610 7130 613 7130 702 7130 702 7131 613 7131 705 7131 702 7132 705 7132 780 7132 780 7133 705 7133 783 7133 780 7134 783 7134 868 7134 868 7135 783 7135 870 7135 417 7136 414 7136 421 7136 421 7137 414 7137 415 7137 421 7138 415 7138 438 7138 438 7139 415 7139 433 7139 438 7140 433 7140 461 7140 461 7141 433 7141 458 7141 461 7142 458 7142 489 7142 489 7143 458 7143 486 7143 489 7144 486 7144 539 7144 539 7145 486 7145 535 7145 539 7146 535 7146 614 7146 614 7147 535 7147 610 7147 614 7148 610 7148 706 7148 706 7149 610 7149 702 7149 706 7150 702 7150 784 7150 784 7151 702 7151 780 7151 784 7152 780 7152 872 7152 872 7153 780 7153 868 7153 872 7154 868 7154 1032 7154 426 7155 417 7155 428 7155 428 7156 417 7156 421 7156 428 7157 421 7157 444 7157 444 7158 421 7158 438 7158 444 7159 438 7159 466 7159 466 7160 438 7160 461 7160 466 7161 461 7161 496 7161 496 7162 461 7162 489 7162 496 7163 489 7163 549 7163 549 7164 489 7164 539 7164 549 7165 539 7165 628 7165 628 7166 539 7166 614 7166 628 7167 614 7167 711 7167 711 7168 614 7168 706 7168 711 7169 706 7169 797 7169 797 7170 706 7170 784 7170 797 7171 784 7171 878 7171 878 7172 784 7172 872 7172 440 7173 426 7173 442 7173 442 7174 426 7174 428 7174 442 7175 428 7175 454 7175 454 7176 428 7176 444 7176 454 7177 444 7177 473 7177 473 7178 444 7178 466 7178 473 7179 466 7179 508 7179 508 7180 466 7180 496 7180 508 7181 496 7181 570 7181 570 7182 496 7182 549 7182 570 7183 549 7183 640 7183 640 7184 549 7184 628 7184 640 7185 628 7185 730 7185 730 7186 628 7186 711 7186 730 7187 711 7187 818 7187 818 7188 711 7188 797 7188 818 7189 797 7189 898 7189 898 7190 797 7190 878 7190 452 7191 440 7191 456 7191 456 7192 440 7192 442 7192 456 7193 442 7193 465 7193 465 7194 442 7194 454 7194 465 7195 454 7195 483 7195 483 7196 454 7196 473 7196 483 7197 473 7197 526 7197 526 7198 473 7198 508 7198 526 7199 508 7199 581 7199 581 7200 508 7200 570 7200 581 7201 570 7201 655 7201 655 7202 570 7202 640 7202 655 7203 640 7203 755 7203 755 7204 640 7204 730 7204 755 7205 730 7205 833 7205 833 7206 730 7206 818 7206 833 7207 818 7207 921 7207 921 7208 818 7208 898 7208 475 7209 452 7209 477 7209 477 7210 452 7210 456 7210 477 7211 456 7211 485 7211 485 7212 456 7212 465 7212 485 7213 465 7213 518 7213 518 7214 465 7214 483 7214 518 7215 483 7215 558 7215 558 7216 483 7216 526 7216 558 7217 526 7217 616 7217 616 7218 526 7218 581 7218 616 7219 581 7219 692 7219 692 7220 581 7220 655 7220 692 7221 655 7221 792 7221 792 7222 655 7222 755 7222 792 7223 755 7223 869 7223 869 7224 755 7224 833 7224 869 7225 833 7225 952 7225 952 7226 833 7226 921 7226 952 7227 921 7227 1067 7227 505 7228 475 7228 511 7228 511 7229 475 7229 477 7229 511 7230 477 7230 524 7230 524 7231 477 7231 485 7231 524 7232 485 7232 555 7232 555 7233 485 7233 518 7233 555 7234 518 7234 601 7234 601 7235 518 7235 558 7235 601 7236 558 7236 667 7236 667 7237 558 7237 616 7237 667 7238 616 7238 748 7238 748 7239 616 7239 692 7239 748 7240 692 7240 840 7240 840 7241 692 7241 792 7241 840 7242 792 7242 922 7242 922 7243 792 7243 869 7243 922 7244 869 7244 990 7244 990 7245 869 7245 952 7245 990 7246 952 7246 1088 7246 990 7247 1036 7247 922 7247 922 7248 1036 7248 968 7248 922 7249 968 7249 840 7249 840 7250 968 7250 901 7250 840 7251 901 7251 748 7251 748 7252 901 7252 811 7252 748 7253 811 7253 667 7253 667 7254 811 7254 722 7254 667 7255 722 7255 601 7255 601 7256 722 7256 660 7256 601 7257 660 7257 555 7257 555 7258 660 7258 609 7258 555 7259 609 7259 524 7259 524 7260 609 7260 576 7260 524 7261 576 7261 511 7261 511 7262 576 7262 563 7262 511 7263 563 7263 505 7263 505 7264 563 7264 559 7264 505 7265 559 7265 553 7265 1058 7266 1076 7266 998 7266 998 7267 1076 7267 1031 7267 998 7268 1031 7268 937 7268 937 7269 1031 7269 971 7269 937 7270 971 7270 848 7270 848 7271 971 7271 890 7271 848 7272 890 7272 768 7272 768 7273 890 7273 816 7273 768 7274 816 7274 695 7274 695 7275 816 7275 743 7275 695 7276 743 7276 649 7276 649 7277 743 7277 690 7277 649 7278 690 7278 612 7278 612 7279 690 7279 652 7279 612 7280 652 7280 593 7280 593 7281 652 7281 637 7281 593 7282 637 7282 590 7282 590 7283 637 7283 635 7283 590 7284 635 7284 633 7284 1076 7285 1092 7285 1031 7285 1031 7286 1092 7286 1062 7286 1031 7287 1062 7287 971 7287 971 7288 1062 7288 1003 7288 971 7289 1003 7289 890 7289 890 7290 1003 7290 933 7290 890 7291 933 7291 816 7291 816 7292 933 7292 858 7292 816 7293 858 7293 743 7293 743 7294 858 7294 790 7294 743 7295 790 7295 690 7295 690 7296 790 7296 738 7296 690 7297 738 7297 652 7297 652 7298 738 7298 699 7298 652 7299 699 7299 637 7299 637 7300 699 7300 680 7300 637 7301 680 7301 635 7301 635 7302 680 7302 676 7302 635 7303 676 7303 673 7303 1092 7304 1113 7304 1062 7304 1062 7305 1113 7305 1081 7305 1062 7306 1081 7306 1003 7306 1003 7307 1081 7307 1043 7307 1003 7308 1043 7308 933 7308 933 7309 1043 7309 977 7309 933 7310 977 7310 858 7310 858 7311 977 7311 906 7311 858 7312 906 7312 790 7312 790 7313 906 7313 841 7313 790 7314 841 7314 738 7314 738 7315 841 7315 787 7315 738 7316 787 7316 699 7316 699 7317 787 7317 756 7317 699 7318 756 7318 680 7318 680 7319 756 7319 733 7319 680 7320 733 7320 676 7320 676 7321 733 7321 729 7321 676 7322 729 7322 727 7322 733 7323 808 7323 729 7323 729 7324 808 7324 806 7324 729 7325 806 7325 809 7325 826 7326 756 7326 863 7326 863 7327 756 7327 787 7327 863 7328 787 7328 913 7328 913 7329 787 7329 841 7329 913 7330 841 7330 965 7330 965 7331 841 7331 906 7331 965 7332 906 7332 1028 7332 1028 7333 906 7333 977 7333 1028 7334 977 7334 1078 7334 1078 7335 977 7335 1043 7335 1078 7336 1043 7336 1105 7336 1105 7337 1043 7337 1081 7337 1105 7338 1081 7338 1126 7338 1126 7339 1081 7339 1113 7339 1126 7340 1113 7340 1164 7340 882 7341 806 7341 883 7341 883 7342 806 7342 808 7342 883 7343 808 7343 907 7343 907 7344 808 7344 826 7344 907 7345 826 7345 939 7345 939 7346 826 7346 863 7346 939 7347 863 7347 985 7347 985 7348 863 7348 913 7348 985 7349 913 7349 1029 7349 1029 7350 913 7350 965 7350 1029 7351 965 7351 1073 7351 1073 7352 965 7352 1028 7352 1073 7353 1028 7353 1104 7353 1104 7354 1028 7354 1078 7354 1104 7355 1078 7355 1105 7355 1126 7356 1144 7356 1105 7356 1105 7357 1144 7357 1104 7357 1144 7358 1156 7358 1104 7358 1104 7359 1156 7359 1120 7359 1104 7360 1120 7360 1073 7360 1073 7361 1120 7361 1086 7361 1073 7362 1086 7362 1029 7362 1029 7363 1086 7363 1055 7363 1029 7364 1055 7364 985 7364 985 7365 1055 7365 1010 7365 985 7366 1010 7366 939 7366 939 7367 1010 7367 976 7367 939 7368 976 7368 907 7368 907 7369 976 7369 943 7369 907 7370 943 7370 883 7370 883 7371 943 7371 928 7371 883 7372 928 7372 882 7372 882 7373 928 7373 927 7373 882 7374 927 7374 931 7374 886 7375 910 7375 930 7375 958 7376 986 7376 1013 7376 807 7377 835 7377 847 7377 900 7378 914 7378 947 7378 900 7379 947 7379 958 7379 724 7380 770 7380 807 7380 832 7381 842 7381 914 7381 832 7382 914 7382 900 7382 815 7383 791 7383 842 7383 815 7384 842 7384 832 7384 769 7385 742 7385 791 7385 642 7386 630 7386 662 7386 510 7387 513 7387 529 7387 423 7388 435 7388 434 7388 424 7389 432 7389 422 7389 487 7390 503 7390 501 7390 487 7391 501 7391 491 7391 500 7392 515 7392 487 7392 468 7393 470 7393 448 7393 499 7394 493 7394 468 7394 571 7395 598 7395 551 7395 571 7396 551 7396 533 7396 795 7397 843 7397 794 7397 809 7398 760 7398 727 7398 823 7399 915 7399 843 7399 823 7400 843 7400 795 7400 850 7401 829 7401 809 7401 892 7402 949 7402 915 7402 892 7403 915 7403 823 7403 931 7404 908 7404 889 7404 956 7405 1015 7405 987 7405 956 7406 987 7406 892 7406 969 7407 982 7407 931 7407 1048 7408 1033 7408 1013 7408 958 7409 947 7409 986 7409 835 7410 886 7410 847 7410 684 7411 662 7411 696 7411 544 7412 529 7412 550 7412 491 7413 501 7413 502 7413 432 7414 423 7414 422 7414 487 7415 515 7415 503 7415 445 7416 424 7416 436 7416 608 7417 664 7417 631 7417 892 7418 987 7418 949 7418 908 7419 850 7419 889 7419 552 7420 560 7420 587 7420 587 7421 560 7421 599 7421 587 7422 599 7422 632 7422 632 7423 599 7423 641 7423 632 7424 641 7424 672 7424 672 7425 641 7425 679 7425 672 7426 679 7426 724 7426 724 7427 679 7427 718 7427 724 7428 718 7428 770 7428 696 7429 742 7429 684 7429 684 7430 742 7430 720 7430 684 7431 720 7431 663 7431 663 7432 720 7432 701 7432 663 7433 701 7433 620 7433 620 7434 701 7434 687 7434 620 7435 687 7435 659 7435 560 7436 552 7436 527 7436 527 7437 552 7437 521 7437 527 7438 521 7438 497 7438 497 7439 521 7439 498 7439 497 7440 498 7440 479 7440 479 7441 498 7441 467 7441 479 7442 467 7442 451 7442 451 7443 467 7443 447 7443 451 7444 447 7444 434 7444 595 7445 630 7445 602 7445 602 7446 630 7446 642 7446 602 7447 642 7447 579 7447 579 7448 642 7448 617 7448 579 7449 617 7449 541 7449 541 7450 617 7450 578 7450 541 7451 578 7451 527 7451 527 7452 578 7452 560 7452 550 7453 595 7453 544 7453 544 7454 595 7454 573 7454 544 7455 573 7455 528 7455 528 7456 573 7456 546 7456 528 7457 546 7457 492 7457 492 7458 546 7458 517 7458 492 7459 517 7459 479 7459 479 7460 517 7460 497 7460 502 7461 513 7461 491 7461 491 7462 513 7462 510 7462 491 7463 510 7463 478 7463 478 7464 510 7464 490 7464 478 7465 490 7465 449 7465 449 7466 490 7466 463 7466 449 7467 463 7467 435 7467 435 7468 463 7468 451 7468 435 7469 451 7469 434 7469 530 7470 515 7470 514 7470 514 7471 515 7471 500 7471 514 7472 500 7472 494 7472 494 7473 500 7473 481 7473 494 7474 481 7474 469 7474 469 7475 481 7475 459 7475 469 7476 459 7476 457 7476 457 7477 459 7477 445 7477 457 7478 445 7478 448 7478 448 7479 445 7479 436 7479 551 7480 530 7480 533 7480 533 7481 530 7481 514 7481 533 7482 514 7482 512 7482 512 7483 514 7483 494 7483 512 7484 494 7484 480 7484 480 7485 494 7485 469 7485 480 7486 469 7486 470 7486 470 7487 469 7487 457 7487 470 7488 457 7488 448 7488 631 7489 598 7489 608 7489 608 7490 598 7490 571 7490 608 7491 571 7491 585 7491 585 7492 571 7492 542 7492 585 7493 542 7493 545 7493 545 7494 542 7494 507 7494 545 7495 507 7495 532 7495 532 7496 507 7496 493 7496 532 7497 493 7497 499 7497 727 7498 760 7498 673 7498 673 7499 760 7499 708 7499 673 7500 708 7500 633 7500 633 7501 708 7501 665 7501 633 7502 665 7502 588 7502 588 7503 665 7503 621 7503 588 7504 621 7504 553 7504 553 7505 621 7505 583 7505 553 7506 583 7506 523 7506 523 7507 583 7507 532 7507 523 7508 532 7508 499 7508 751 7509 794 7509 707 7509 707 7510 794 7510 744 7510 707 7511 744 7511 669 7511 669 7512 744 7512 698 7512 669 7513 698 7513 664 7513 1049 7514 1015 7514 1034 7514 1034 7515 1015 7515 956 7515 1034 7516 956 7516 1011 7516 1011 7517 956 7517 950 7517 1011 7518 950 7518 992 7518 992 7519 950 7519 926 7519 992 7520 926 7520 982 7520 982 7521 926 7521 908 7521 982 7522 908 7522 931 7522 966 7523 930 7523 979 7523 979 7524 930 7524 910 7524 979 7525 910 7525 991 7525 991 7526 910 7526 929 7526 991 7527 929 7527 1009 7527 1009 7528 929 7528 953 7528 1009 7529 953 7529 1033 7529 1033 7530 953 7530 958 7530 1033 7531 958 7531 1013 7531 900 7532 958 7532 884 7532 884 7533 958 7533 953 7533 884 7534 953 7534 859 7534 859 7535 953 7535 929 7535 859 7536 929 7536 835 7536 835 7537 929 7537 910 7537 835 7538 910 7538 886 7538 832 7539 900 7539 822 7539 822 7540 900 7540 884 7540 822 7541 884 7541 793 7541 793 7542 884 7542 859 7542 793 7543 859 7543 770 7543 770 7544 859 7544 835 7544 770 7545 835 7545 807 7545 770 7546 718 7546 793 7546 793 7547 718 7547 747 7547 793 7548 747 7548 822 7548 822 7549 747 7549 772 7549 822 7550 772 7550 832 7550 832 7551 772 7551 786 7551 832 7552 786 7552 815 7552 718 7553 679 7553 747 7553 747 7554 679 7554 703 7554 747 7555 703 7555 772 7555 772 7556 703 7556 732 7556 772 7557 732 7557 786 7557 786 7558 732 7558 749 7558 786 7559 749 7559 815 7559 815 7560 749 7560 769 7560 815 7561 769 7561 791 7561 679 7562 641 7562 703 7562 703 7563 641 7563 659 7563 703 7564 659 7564 732 7564 732 7565 659 7565 687 7565 732 7566 687 7566 749 7566 749 7567 687 7567 701 7567 749 7568 701 7568 769 7568 769 7569 701 7569 720 7569 769 7570 720 7570 742 7570 641 7571 599 7571 659 7571 659 7572 599 7572 620 7572 599 7573 560 7573 620 7573 620 7574 560 7574 578 7574 620 7575 578 7575 663 7575 663 7576 578 7576 617 7576 663 7577 617 7577 684 7577 684 7578 617 7578 642 7578 684 7579 642 7579 662 7579 527 7580 497 7580 541 7580 541 7581 497 7581 517 7581 541 7582 517 7582 579 7582 579 7583 517 7583 546 7583 579 7584 546 7584 602 7584 602 7585 546 7585 573 7585 602 7586 573 7586 595 7586 479 7587 451 7587 492 7587 492 7588 451 7588 463 7588 492 7589 463 7589 528 7589 528 7590 463 7590 490 7590 528 7591 490 7591 544 7591 544 7592 490 7592 510 7592 544 7593 510 7593 529 7593 487 7594 491 7594 472 7594 472 7595 491 7595 478 7595 472 7596 478 7596 446 7596 446 7597 478 7597 449 7597 446 7598 449 7598 432 7598 432 7599 449 7599 435 7599 432 7600 435 7600 423 7600 500 7601 487 7601 481 7601 481 7602 487 7602 472 7602 481 7603 472 7603 459 7603 459 7604 472 7604 446 7604 459 7605 446 7605 445 7605 445 7606 446 7606 432 7606 445 7607 432 7607 424 7607 571 7608 533 7608 542 7608 542 7609 533 7609 512 7609 542 7610 512 7610 507 7610 507 7611 512 7611 480 7611 507 7612 480 7612 493 7612 493 7613 480 7613 470 7613 493 7614 470 7614 468 7614 532 7615 583 7615 545 7615 545 7616 583 7616 603 7616 545 7617 603 7617 585 7617 585 7618 603 7618 647 7618 585 7619 647 7619 608 7619 608 7620 647 7620 669 7620 608 7621 669 7621 664 7621 707 7622 669 7622 682 7622 682 7623 669 7623 647 7623 682 7624 647 7624 643 7624 643 7625 647 7625 603 7625 643 7626 603 7626 621 7626 621 7627 603 7627 583 7627 751 7628 707 7628 723 7628 723 7629 707 7629 682 7629 723 7630 682 7630 709 7630 709 7631 682 7631 643 7631 709 7632 643 7632 683 7632 621 7633 665 7633 643 7633 643 7634 665 7634 683 7634 665 7635 708 7635 683 7635 683 7636 708 7636 726 7636 683 7637 726 7637 709 7637 709 7638 726 7638 761 7638 709 7639 761 7639 723 7639 723 7640 761 7640 771 7640 723 7641 771 7641 751 7641 751 7642 771 7642 795 7642 751 7643 795 7643 794 7643 708 7644 760 7644 726 7644 726 7645 760 7645 776 7645 726 7646 776 7646 761 7646 761 7647 776 7647 812 7647 761 7648 812 7648 771 7648 771 7649 812 7649 823 7649 771 7650 823 7650 795 7650 892 7651 823 7651 874 7651 874 7652 823 7652 812 7652 874 7653 812 7653 852 7653 852 7654 812 7654 776 7654 852 7655 776 7655 829 7655 829 7656 776 7656 760 7656 829 7657 760 7657 809 7657 956 7658 892 7658 950 7658 950 7659 892 7659 874 7659 950 7660 874 7660 926 7660 926 7661 874 7661 852 7661 926 7662 852 7662 908 7662 908 7663 852 7663 829 7663 908 7664 829 7664 850 7664 1171 7665 1203 7665 1173 7665 1170 7666 1206 7666 1208 7666 1170 7667 1208 7667 1211 7667 1170 7668 1211 7668 1213 7668 1170 7669 1213 7669 1215 7669 1170 7670 1215 7670 1217 7670 1170 7671 1217 7671 1219 7671 1170 7672 1219 7672 1218 7672 1170 7673 1218 7673 1216 7673 1170 7674 1216 7674 1214 7674 1170 7675 1214 7675 1212 7675 1170 7676 1212 7676 1210 7676 1170 7677 1210 7677 1209 7677 1170 7678 1209 7678 1207 7678 1170 7679 1207 7679 1205 7679 1170 7680 1205 7680 1204 7680 1170 7681 1204 7681 1203 7681 1170 7682 1203 7682 1171 7682 1729 7683 1819 7683 1756 7683 1756 7684 1720 7684 1729 7684 1654 7685 1232 7685 1260 7685 1654 7686 1260 7686 1311 7686 1654 7687 1311 7687 1351 7687 1654 7688 1351 7688 1389 7688 1654 7689 1389 7689 1443 7689 1654 7690 1443 7690 1540 7690 1654 7691 1540 7691 1616 7691 1933 7692 1946 7692 1206 7692 1933 7693 1206 7693 1910 7693 1933 7694 1910 7694 1973 7694 1933 7695 1973 7695 2023 7695 1933 7696 2023 7696 2081 7696 1933 7697 2081 7697 2125 7697 1933 7698 2125 7698 2176 7698 1933 7699 2176 7699 2210 7699 1933 7700 2210 7700 2695 7700 1933 7701 2695 7701 2707 7701 1933 7702 2707 7702 2996 7702 1933 7703 2996 7703 3016 7703 1206 7704 1654 7704 1664 7704 1206 7705 1664 7705 1680 7705 1206 7706 1680 7706 1715 7706 1206 7707 1715 7707 1751 7707 1206 7708 1751 7708 1814 7708 1206 7709 1814 7709 1859 7709 1206 7710 1859 7710 1910 7710 2220 7711 2098 7711 2277 7711 2220 7712 2277 7712 2392 7712 2220 7713 2392 7713 2534 7713 2220 7714 2534 7714 2635 7714 2220 7715 2635 7715 2640 7715 2220 7716 2640 7716 2650 7716 2220 7717 2650 7717 2658 7717 2220 7718 2658 7718 2668 7718 2220 7719 2668 7719 2679 7719 2220 7720 2679 7720 2687 7720 2220 7721 2687 7721 2897 7721 2220 7722 2897 7722 2908 7722 2220 7723 2908 7723 2695 7723 2220 7724 2695 7724 2210 7724 2098 7725 2220 7725 2214 7725 2098 7726 2214 7726 2180 7726 2098 7727 2180 7727 2129 7727 2098 7728 2129 7728 2085 7728 2098 7729 2085 7729 2027 7729 2098 7730 2027 7730 1961 7730 1616 7731 1729 7731 1720 7731 1616 7732 1720 7732 1685 7732 1616 7733 1685 7733 1669 7733 1616 7734 1669 7734 1654 7734 1232 7735 1654 7735 1192 7735 1192 7736 1654 7736 1206 7736 1192 7737 1206 7737 1175 7737 1175 7738 1206 7738 1170 7738 2707 7739 2695 7739 2932 7739 2932 7740 2695 7740 2922 7740 2932 7741 2922 7741 2988 7741 2988 7742 2922 7742 2979 7742 2988 7743 2979 7743 3000 7743 3016 7744 2996 7744 3032 7744 3032 7745 2996 7745 3024 7745 2727 7746 2722 7746 2737 7746 2737 7747 2722 7747 2733 7747 2737 7748 2733 7748 2749 7748 2635 7749 2534 7749 2727 7749 2727 7750 2534 7750 2701 7750 2727 7751 2701 7751 2722 7751 2640 7752 2635 7752 2784 7752 2784 7753 2635 7753 2780 7753 2784 7754 2780 7754 2824 7754 2824 7755 2780 7755 2815 7755 2824 7756 2815 7756 2843 7756 2650 7757 2640 7757 2796 7757 2796 7758 2640 7758 2791 7758 2796 7759 2791 7759 2851 7759 2851 7760 2791 7760 2839 7760 2851 7761 2839 7761 2869 7761 2658 7762 2650 7762 2808 7762 2808 7763 2650 7763 2802 7763 2808 7764 2802 7764 2877 7764 2877 7765 2802 7765 2864 7765 2877 7766 2864 7766 2893 7766 2668 7767 2658 7767 2833 7767 2833 7768 2658 7768 2820 7768 2833 7769 2820 7769 2902 7769 2902 7770 2820 7770 2888 7770 2902 7771 2888 7771 2918 7771 2679 7772 2668 7772 2857 7772 2857 7773 2668 7773 2847 7773 2857 7774 2847 7774 2926 7774 2926 7775 2847 7775 2914 7775 2926 7776 2914 7776 2942 7776 2687 7777 2679 7777 2883 7777 2883 7778 2679 7778 2873 7778 2883 7779 2873 7779 2946 7779 2946 7780 2873 7780 2938 7780 2946 7781 2938 7781 2961 7781 2908 7782 2897 7782 2967 7782 2967 7783 2897 7783 2956 7783 2967 7784 2956 7784 2984 7784 1914 7785 1840 7785 1977 7785 1977 7786 1840 7786 1961 7786 1977 7787 1961 7787 2027 7787 1819 7788 1729 7788 1864 7788 1864 7789 1729 7789 1840 7789 1864 7790 1840 7790 1914 7790 1933 7791 1934 7791 1948 7791 1933 7792 1948 7792 1950 7792 1933 7793 1950 7793 1952 7793 1933 7794 1952 7794 1953 7794 1933 7795 1953 7795 1955 7795 1933 7796 1955 7796 1957 7796 1933 7797 1957 7797 1959 7797 1933 7798 1959 7798 1960 7798 1933 7799 1960 7799 1958 7799 1933 7800 1958 7800 1956 7800 1933 7801 1956 7801 1954 7801 1933 7802 1954 7802 1951 7802 1933 7803 1951 7803 1949 7803 1933 7804 1949 7804 1946 7804 1934 7805 1936 7805 1943 7805 1934 7806 1943 7806 1944 7806 1934 7807 1944 7807 1945 7807 1934 7808 1945 7808 1947 7808 1934 7809 1947 7809 1948 7809 1758 7810 1821 7810 1731 7810 1731 7811 1722 7811 1758 7811 1657 7812 1620 7812 1543 7812 1657 7813 1543 7813 1445 7813 1657 7814 1445 7814 1391 7814 1657 7815 1391 7815 1354 7815 1657 7816 1354 7816 1313 7816 1657 7817 1313 7817 1262 7817 1657 7818 1262 7818 1235 7818 1657 7819 1235 7819 1194 7819 1657 7820 1194 7820 1203 7820 1936 7821 3019 7821 2999 7821 1936 7822 2999 7822 2710 7822 1936 7823 2710 7823 2698 7823 1936 7824 2698 7824 2213 7824 1936 7825 2213 7825 2179 7825 1936 7826 2179 7826 2128 7826 1936 7827 2128 7827 2084 7827 1936 7828 2084 7828 2026 7828 1936 7829 2026 7829 1976 7829 1936 7830 1976 7830 1913 7830 1936 7831 1913 7831 1203 7831 1936 7832 1203 7832 1943 7832 1203 7833 1913 7833 1861 7833 1203 7834 1861 7834 1816 7834 1203 7835 1816 7835 1753 7835 1203 7836 1753 7836 1717 7836 1203 7837 1717 7837 1682 7837 1203 7838 1682 7838 1666 7838 1203 7839 1666 7839 1657 7839 2223 7840 2213 7840 2698 7840 2223 7841 2698 7841 2911 7841 2223 7842 2911 7842 2900 7842 2223 7843 2900 7843 2690 7843 2223 7844 2690 7844 2682 7844 2223 7845 2682 7845 2671 7845 2223 7846 2671 7846 2661 7846 2223 7847 2661 7847 2653 7847 2223 7848 2653 7848 2643 7848 2223 7849 2643 7849 2638 7849 2223 7850 2638 7850 2537 7850 2223 7851 2537 7851 2395 7851 2223 7852 2395 7852 2280 7852 2223 7853 2280 7853 2101 7853 2101 7854 1964 7854 2030 7854 2101 7855 2030 7855 2088 7855 2101 7856 2088 7856 2132 7856 2101 7857 2132 7857 2183 7857 2101 7858 2183 7858 2217 7858 2101 7859 2217 7859 2223 7859 1620 7860 1657 7860 1671 7860 1620 7861 1671 7861 1687 7861 1620 7862 1687 7862 1722 7862 1620 7863 1722 7863 1731 7863 1203 7864 1194 7864 1173 7864 1173 7865 1194 7865 1177 7865 3003 7866 2982 7866 2991 7866 2991 7867 2982 7867 2925 7867 2991 7868 2925 7868 2935 7868 2935 7869 2925 7869 2698 7869 2935 7870 2698 7870 2710 7870 3019 7871 3035 7871 2999 7871 2999 7872 3035 7872 3027 7872 2752 7873 2736 7873 2740 7873 2740 7874 2736 7874 2725 7874 2740 7875 2725 7875 2730 7875 2725 7876 2704 7876 2730 7876 2730 7877 2704 7877 2537 7877 2730 7878 2537 7878 2638 7878 2846 7879 2818 7879 2827 7879 2827 7880 2818 7880 2783 7880 2827 7881 2783 7881 2787 7881 2787 7882 2783 7882 2638 7882 2787 7883 2638 7883 2643 7883 2872 7884 2842 7884 2854 7884 2854 7885 2842 7885 2794 7885 2854 7886 2794 7886 2799 7886 2799 7887 2794 7887 2643 7887 2799 7888 2643 7888 2653 7888 2896 7889 2867 7889 2880 7889 2880 7890 2867 7890 2805 7890 2880 7891 2805 7891 2811 7891 2811 7892 2805 7892 2653 7892 2811 7893 2653 7893 2661 7893 2921 7894 2891 7894 2905 7894 2905 7895 2891 7895 2823 7895 2905 7896 2823 7896 2836 7896 2836 7897 2823 7897 2661 7897 2836 7898 2661 7898 2671 7898 2945 7899 2917 7899 2929 7899 2929 7900 2917 7900 2850 7900 2929 7901 2850 7901 2860 7901 2860 7902 2850 7902 2671 7902 2860 7903 2671 7903 2682 7903 2964 7904 2941 7904 2949 7904 2949 7905 2941 7905 2876 7905 2949 7906 2876 7906 2886 7906 2886 7907 2876 7907 2682 7907 2886 7908 2682 7908 2690 7908 2987 7909 2959 7909 2970 7909 2970 7910 2959 7910 2900 7910 2970 7911 2900 7911 2911 7911 2030 7912 1964 7912 1980 7912 1980 7913 1964 7913 1843 7913 1980 7914 1843 7914 1917 7914 1917 7915 1843 7915 1867 7915 1867 7916 1843 7916 1731 7916 1867 7917 1731 7917 1821 7917 1083 7918 1074 7918 1063 7918 1049 7919 996 7919 1015 7919 949 7920 940 7920 915 7920 915 7921 940 7921 871 7921 915 7922 871 7922 843 7922 551 7923 598 7923 594 7923 594 7924 569 7924 551 7924 842 7925 880 7925 914 7925 880 7926 945 7926 914 7926 1013 7927 986 7927 999 7927 1021 7928 1044 7928 993 7928 1021 7929 993 7929 967 7929 967 7930 993 7930 946 7930 967 7931 946 7931 912 7931 619 7932 597 7932 574 7932 574 7933 597 7933 562 7933 562 7934 597 7934 591 7934 562 7935 591 7935 567 7935 567 7936 591 7936 606 7936 567 7937 606 7937 582 7937 606 7938 627 7938 582 7938 923 7939 988 7939 978 7939 978 7940 988 7940 1039 7940 1051 7941 1048 7941 1013 7941 1051 7942 1013 7942 999 7942 1051 7943 999 7943 1014 7943 1051 7944 1014 7944 1022 7944 1051 7945 1022 7945 1069 7945 1014 7946 999 7946 955 7946 955 7947 999 7947 945 7947 955 7948 945 7948 903 7948 903 7949 945 7949 880 7949 903 7950 880 7950 862 7950 862 7951 880 7951 844 7951 862 7952 844 7952 824 7952 824 7953 844 7953 801 7953 824 7954 801 7954 779 7954 779 7955 801 7955 762 7955 779 7956 762 7956 740 7956 740 7957 762 7957 714 7957 740 7958 714 7958 693 7958 693 7959 714 7959 671 7959 693 7960 671 7960 656 7960 656 7961 671 7961 638 7961 656 7962 638 7962 629 7962 629 7963 638 7963 604 7963 629 7964 604 7964 596 7964 596 7965 604 7965 577 7965 596 7966 577 7966 564 7966 564 7967 577 7967 537 7967 564 7968 537 7968 536 7968 536 7969 537 7969 520 7969 536 7970 520 7970 534 7970 534 7971 520 7971 519 7971 534 7972 519 7972 547 7972 547 7973 519 7973 531 7973 547 7974 531 7974 572 7974 572 7975 531 7975 543 7975 572 7976 543 7976 584 7976 584 7977 543 7977 569 7977 584 7978 569 7978 618 7978 618 7979 569 7979 594 7979 618 7980 594 7980 668 7980 668 7981 594 7981 646 7981 668 7982 646 7982 717 7982 717 7983 646 7983 700 7983 717 7984 700 7984 763 7984 763 7985 700 7985 739 7985 763 7986 739 7986 804 7986 804 7987 739 7987 781 7987 804 7988 781 7988 849 7988 849 7989 781 7989 828 7989 849 7990 828 7990 893 7990 893 7991 828 7991 871 7991 893 7992 871 7992 954 7992 954 7993 871 7993 940 7993 954 7994 940 7994 1008 7994 1008 7995 940 7995 996 7995 1008 7996 996 7996 1064 7996 1064 7997 996 7997 1049 7997 1094 7998 1083 7998 1084 7998 1084 7999 1083 7999 1063 7999 1084 8000 1063 8000 1070 8000 1070 8001 1063 8001 1044 8001 1070 8002 1044 8002 1064 8002 1064 8003 1044 8003 1021 8003 1064 8004 1021 8004 1008 8004 1079 8005 1069 8005 1039 8005 1039 8006 1069 8006 1022 8006 1039 8007 1022 8007 978 8007 1093 8008 1079 8008 1082 8008 1082 8009 1079 8009 1056 8009 1082 8010 1056 8010 1072 8010 1063 8011 1074 8011 1018 8011 1018 8012 1074 8012 1061 8012 1018 8013 1061 8013 1042 8013 1018 8014 1042 8014 981 8014 981 8015 1042 8015 1020 8015 981 8016 1020 8016 948 8016 948 8017 1020 8017 1001 8017 948 8018 1001 8018 920 8018 920 8019 1001 8019 975 8019 920 8020 975 8020 875 8020 875 8021 975 8021 944 8021 875 8022 944 8022 851 8022 851 8023 944 8023 917 8023 851 8024 917 8024 814 8024 814 8025 917 8025 887 8025 814 8026 887 8026 773 8026 773 8027 887 8027 864 8027 773 8028 864 8028 745 8028 745 8029 864 8029 839 8029 745 8030 839 8030 713 8030 713 8031 839 8031 821 8031 713 8032 821 8032 800 8032 713 8033 800 8033 677 8033 677 8034 800 8034 775 8034 677 8035 775 8035 765 8035 677 8036 765 8036 661 8036 661 8037 765 8037 758 8037 661 8038 758 8038 653 8038 653 8039 758 8039 752 8039 653 8040 752 8040 757 8040 653 8041 757 8041 670 8041 670 8042 757 8042 764 8042 670 8043 764 8043 685 8043 685 8044 764 8044 774 8044 685 8045 774 8045 704 8045 704 8046 774 8046 799 8046 704 8047 799 8047 737 8047 737 8048 799 8048 820 8048 737 8049 820 8049 778 8049 778 8050 820 8050 836 8050 778 8051 836 8051 861 8051 778 8052 861 8052 830 8052 830 8053 861 8053 885 8053 830 8054 885 8054 916 8054 830 8055 916 8055 865 8055 865 8056 916 8056 942 8056 865 8057 942 8057 902 8057 902 8058 942 8058 936 8058 936 8059 942 8059 972 8059 936 8060 972 8060 963 8060 963 8061 972 8061 1000 8061 963 8062 1000 8062 1019 8062 963 8063 1019 8063 1012 8063 1012 8064 1019 8064 1040 8064 1012 8065 1040 8065 1059 8065 1072 8066 1056 8066 1059 8066 1059 8067 1056 8067 1012 8067 940 8068 949 8068 996 8068 996 8069 949 8069 987 8069 996 8070 987 8070 1015 8070 843 8071 871 8071 794 8071 794 8072 871 8072 828 8072 794 8073 828 8073 744 8073 744 8074 828 8074 781 8074 744 8075 781 8075 698 8075 698 8076 781 8076 739 8076 698 8077 739 8077 700 8077 594 8078 598 8078 646 8078 646 8079 598 8079 631 8079 646 8080 631 8080 700 8080 700 8081 631 8081 664 8081 700 8082 664 8082 698 8082 551 8083 569 8083 530 8083 530 8084 569 8084 543 8084 530 8085 543 8085 515 8085 515 8086 543 8086 531 8086 515 8087 531 8087 503 8087 503 8088 531 8088 519 8088 503 8089 519 8089 501 8089 501 8090 519 8090 502 8090 502 8091 519 8091 520 8091 502 8092 520 8092 513 8092 513 8093 520 8093 537 8093 513 8094 537 8094 529 8094 529 8095 537 8095 550 8095 550 8096 537 8096 577 8096 550 8097 577 8097 595 8097 595 8098 577 8098 604 8098 595 8099 604 8099 630 8099 630 8100 604 8100 638 8100 630 8101 638 8101 662 8101 662 8102 638 8102 671 8102 662 8103 671 8103 696 8103 696 8104 671 8104 714 8104 696 8105 714 8105 742 8105 742 8106 714 8106 762 8106 742 8107 762 8107 791 8107 791 8108 762 8108 801 8108 791 8109 801 8109 842 8109 842 8110 801 8110 844 8110 842 8111 844 8111 880 8111 999 8112 986 8112 945 8112 945 8113 986 8113 947 8113 945 8114 947 8114 914 8114 1008 8115 1021 8115 954 8115 954 8116 1021 8116 967 8116 954 8117 967 8117 893 8117 893 8118 967 8118 912 8118 893 8119 912 8119 849 8119 849 8120 912 8120 866 8120 849 8121 866 8121 804 8121 804 8122 866 8122 827 8122 804 8123 827 8123 763 8123 763 8124 827 8124 782 8124 763 8125 782 8125 717 8125 717 8126 782 8126 750 8126 717 8127 750 8127 668 8127 668 8128 750 8128 689 8128 668 8129 689 8129 618 8129 618 8130 689 8130 645 8130 618 8131 645 8131 584 8131 584 8132 645 8132 605 8132 584 8133 605 8133 572 8133 572 8134 605 8134 586 8134 572 8135 586 8135 547 8135 547 8136 586 8136 574 8136 547 8137 574 8137 534 8137 534 8138 574 8138 562 8138 534 8139 562 8139 536 8139 536 8140 562 8140 567 8140 536 8141 567 8141 564 8141 564 8142 567 8142 582 8142 564 8143 582 8143 596 8143 596 8144 582 8144 625 8144 596 8145 625 8145 629 8145 629 8146 625 8146 650 8146 629 8147 650 8147 656 8147 656 8148 650 8148 681 8148 656 8149 681 8149 693 8149 693 8150 681 8150 715 8150 693 8151 715 8151 740 8151 740 8152 715 8152 766 8152 740 8153 766 8153 779 8153 779 8154 766 8154 802 8154 779 8155 802 8155 824 8155 824 8156 802 8156 845 8156 824 8157 845 8157 862 8157 862 8158 845 8158 876 8158 862 8159 876 8159 903 8159 903 8160 876 8160 923 8160 903 8161 923 8161 955 8161 955 8162 923 8162 978 8162 955 8163 978 8163 1014 8163 1014 8164 978 8164 1022 8164 912 8165 946 8165 866 8165 866 8166 946 8166 909 8166 866 8167 909 8167 827 8167 827 8168 909 8168 873 8168 827 8169 873 8169 782 8169 782 8170 873 8170 834 8170 782 8171 834 8171 750 8171 750 8172 834 8172 798 8172 750 8173 798 8173 759 8173 750 8174 759 8174 689 8174 689 8175 759 8175 712 8175 689 8176 712 8176 645 8176 645 8177 712 8177 686 8177 645 8178 686 8178 605 8178 605 8179 686 8179 658 8179 605 8180 658 8180 586 8180 586 8181 658 8181 619 8181 586 8182 619 8182 574 8182 582 8183 627 8183 625 8183 625 8184 627 8184 644 8184 625 8185 644 8185 650 8185 650 8186 644 8186 674 8186 650 8187 674 8187 681 8187 681 8188 674 8188 719 8188 681 8189 719 8189 715 8189 715 8190 719 8190 777 8190 715 8191 777 8191 766 8191 766 8192 777 8192 802 8192 802 8193 777 8193 819 8193 802 8194 819 8194 845 8194 845 8195 819 8195 856 8195 845 8196 856 8196 876 8196 876 8197 856 8197 894 8197 876 8198 894 8198 923 8198 923 8199 894 8199 934 8199 923 8200 934 8200 988 8200 1044 8201 1063 8201 993 8201 993 8202 1063 8202 1018 8202 993 8203 1018 8203 946 8203 946 8204 1018 8204 981 8204 946 8205 981 8205 909 8205 909 8206 981 8206 948 8206 909 8207 948 8207 873 8207 873 8208 948 8208 920 8208 873 8209 920 8209 834 8209 834 8210 920 8210 875 8210 834 8211 875 8211 798 8211 798 8212 875 8212 851 8212 798 8213 851 8213 759 8213 759 8214 851 8214 814 8214 759 8215 814 8215 712 8215 712 8216 814 8216 773 8216 712 8217 773 8217 686 8217 686 8218 773 8218 745 8218 686 8219 745 8219 658 8219 658 8220 745 8220 713 8220 658 8221 713 8221 619 8221 619 8222 713 8222 677 8222 619 8223 677 8223 597 8223 597 8224 677 8224 661 8224 597 8225 661 8225 591 8225 591 8226 661 8226 653 8226 591 8227 653 8227 606 8227 606 8228 653 8228 670 8228 606 8229 670 8229 627 8229 627 8230 670 8230 685 8230 627 8231 685 8231 644 8231 644 8232 685 8232 704 8232 644 8233 704 8233 674 8233 674 8234 704 8234 737 8234 674 8235 737 8235 719 8235 719 8236 737 8236 778 8236 719 8237 778 8237 777 8237 777 8238 778 8238 830 8238 777 8239 830 8239 819 8239 819 8240 830 8240 865 8240 819 8241 865 8241 856 8241 856 8242 865 8242 902 8242 856 8243 902 8243 894 8243 894 8244 902 8244 936 8244 894 8245 936 8245 934 8245 934 8246 936 8246 963 8246 934 8247 963 8247 988 8247 988 8248 963 8248 1012 8248 988 8249 1012 8249 1039 8249 1039 8250 1012 8250 1056 8250 1039 8251 1056 8251 1079 8251 2702 8252 2537 8252 2704 8252 1175 8253 1170 8253 1171 8253 1540 8254 1620 8254 1616 8254 1616 8255 1620 8255 1731 8255 1616 8256 1731 8256 1729 8256 1729 8257 1731 8257 1843 8257 1729 8258 1843 8258 1840 8258 1840 8259 1843 8259 1964 8259 1840 8260 1964 8260 1961 8260 1961 8261 1964 8261 2101 8261 1961 8262 2101 8262 2098 8262 2098 8263 2101 8263 2280 8263 2098 8264 2280 8264 2277 8264 2277 8265 2280 8265 2395 8265 2277 8266 2395 8266 2392 8266 2392 8267 2395 8267 2537 8267 2392 8268 2537 8268 2534 8268 2534 8269 2537 8269 2702 8269 2534 8270 2702 8270 2701 8270 1620 8271 1540 8271 1543 8271 1543 8272 1540 8272 1443 8272 1543 8273 1443 8273 1445 8273 1445 8274 1443 8274 1389 8274 1445 8275 1389 8275 1391 8275 1391 8276 1389 8276 1351 8276 1391 8277 1351 8277 1354 8277 1354 8278 1351 8278 1311 8278 1354 8279 1311 8279 1313 8279 1313 8280 1311 8280 1260 8280 1313 8281 1260 8281 1262 8281 1262 8282 1260 8282 1232 8282 1262 8283 1232 8283 1235 8283 1235 8284 1232 8284 1192 8284 1235 8285 1192 8285 1194 8285 1194 8286 1192 8286 1175 8286 1194 8287 1175 8287 1177 8287 1177 8288 1175 8288 1171 8288 1177 8289 1171 8289 1173 8289 1914 8290 1917 8290 1864 8290 1864 8291 1917 8291 1867 8291 1864 8292 1867 8292 1819 8292 1819 8293 1867 8293 1821 8293 1819 8294 1821 8294 1756 8294 1756 8295 1821 8295 1758 8295 1756 8296 1758 8296 1720 8296 1720 8297 1758 8297 1722 8297 1720 8298 1722 8298 1685 8298 1685 8299 1722 8299 1687 8299 1685 8300 1687 8300 1669 8300 1669 8301 1687 8301 1671 8301 1669 8302 1671 8302 1654 8302 1654 8303 1671 8303 1657 8303 1654 8304 1657 8304 1664 8304 1664 8305 1657 8305 1666 8305 1664 8306 1666 8306 1680 8306 1680 8307 1666 8307 1682 8307 1680 8308 1682 8308 1715 8308 1715 8309 1682 8309 1717 8309 1715 8310 1717 8310 1751 8310 1751 8311 1717 8311 1753 8311 1751 8312 1753 8312 1814 8312 1814 8313 1753 8313 1816 8313 1814 8314 1816 8314 1859 8314 1859 8315 1816 8315 1861 8315 1859 8316 1861 8316 1910 8316 1910 8317 1861 8317 1913 8317 3016 8318 3017 8318 1933 8318 1936 8319 1934 8319 3019 8319 3019 8320 1934 8320 1933 8320 3019 8321 1933 8321 3017 8321 2750 8322 2740 8322 2738 8322 2738 8323 2740 8323 2730 8323 2738 8324 2730 8324 2728 8324 2740 8325 2750 8325 2752 8325 2752 8326 2750 8326 2734 8326 2752 8327 2734 8327 2736 8327 2736 8328 2734 8328 2723 8328 2736 8329 2723 8329 2725 8329 2725 8330 2723 8330 2702 8330 2725 8331 2702 8331 2704 8331 2749 8332 2738 8332 2737 8332 2737 8333 2738 8333 2728 8333 2737 8334 2728 8334 2727 8334 2738 8335 2749 8335 2750 8335 2750 8336 2749 8336 2733 8336 2750 8337 2733 8337 2734 8337 2734 8338 2733 8338 2722 8338 2734 8339 2722 8339 2723 8339 2723 8340 2722 8340 2701 8340 2723 8341 2701 8341 2702 8341 3017 8342 3035 8342 3019 8342 3032 8343 3017 8343 3016 8343 3017 8344 3032 8344 3035 8344 3035 8345 3032 8345 3024 8345 3035 8346 3024 8346 3027 8346 3027 8347 3024 8347 2996 8347 3027 8348 2996 8348 2999 8348 2710 8349 2999 8349 2707 8349 2707 8350 2999 8350 2996 8350 2638 8351 2636 8351 2730 8351 2730 8352 2636 8352 2728 8352 2636 8353 2635 8353 2728 8353 2728 8354 2635 8354 2727 8354 2932 8355 2933 8355 2707 8355 2707 8356 2933 8356 2935 8356 2707 8357 2935 8357 2710 8357 2783 8358 2781 8358 2638 8358 2638 8359 2781 8359 2636 8359 2781 8360 2780 8360 2636 8360 2636 8361 2780 8361 2635 8361 2991 8362 2935 8362 2933 8362 3003 8363 2979 8363 2982 8363 2982 8364 2979 8364 2922 8364 2982 8365 2922 8365 2925 8365 2979 8366 3003 8366 3000 8366 3000 8367 3003 8367 2991 8367 3000 8368 2991 8368 2988 8368 2988 8369 2991 8369 2933 8369 2988 8370 2933 8370 2932 8370 2781 8371 2815 8371 2780 8371 2846 8372 2815 8372 2818 8372 2818 8373 2815 8373 2781 8373 2818 8374 2781 8374 2783 8374 2815 8375 2846 8375 2843 8375 2843 8376 2846 8376 2827 8376 2843 8377 2827 8377 2824 8377 2824 8378 2827 8378 2787 8378 2824 8379 2787 8379 2784 8379 2695 8380 2696 8380 2922 8380 2922 8381 2696 8381 2698 8381 2922 8382 2698 8382 2925 8382 2640 8383 2784 8383 2641 8383 2641 8384 2784 8384 2787 8384 2641 8385 2787 8385 2643 8385 2698 8386 2696 8386 2911 8386 2911 8387 2696 8387 2909 8387 2696 8388 2695 8388 2909 8388 2909 8389 2695 8389 2908 8389 2794 8390 2792 8390 2643 8390 2643 8391 2792 8391 2641 8391 2792 8392 2791 8392 2641 8392 2641 8393 2791 8393 2640 8393 2970 8394 2911 8394 2909 8394 2987 8395 2956 8395 2959 8395 2959 8396 2956 8396 2897 8396 2959 8397 2897 8397 2900 8397 2956 8398 2987 8398 2984 8398 2984 8399 2987 8399 2970 8399 2984 8400 2970 8400 2967 8400 2967 8401 2970 8401 2909 8401 2967 8402 2909 8402 2908 8402 2792 8403 2839 8403 2791 8403 2872 8404 2839 8404 2842 8404 2842 8405 2839 8405 2792 8405 2842 8406 2792 8406 2794 8406 2839 8407 2872 8407 2869 8407 2869 8408 2872 8408 2854 8408 2869 8409 2854 8409 2851 8409 2851 8410 2854 8410 2799 8410 2851 8411 2799 8411 2796 8411 2690 8412 2900 8412 2687 8412 2687 8413 2900 8413 2897 8413 2799 8414 2653 8414 2796 8414 2796 8415 2653 8415 2650 8415 2883 8416 2884 8416 2687 8416 2687 8417 2884 8417 2886 8417 2687 8418 2886 8418 2690 8418 2802 8419 2650 8419 2803 8419 2803 8420 2650 8420 2653 8420 2803 8421 2653 8421 2805 8421 2949 8422 2886 8422 2884 8422 2964 8423 2938 8423 2941 8423 2941 8424 2938 8424 2873 8424 2941 8425 2873 8425 2876 8425 2938 8426 2964 8426 2961 8426 2961 8427 2964 8427 2949 8427 2961 8428 2949 8428 2946 8428 2946 8429 2949 8429 2884 8429 2946 8430 2884 8430 2883 8430 2803 8431 2864 8431 2802 8431 2896 8432 2864 8432 2867 8432 2867 8433 2864 8433 2803 8433 2867 8434 2803 8434 2805 8434 2864 8435 2896 8435 2893 8435 2893 8436 2896 8436 2880 8436 2893 8437 2880 8437 2877 8437 2877 8438 2880 8438 2811 8438 2877 8439 2811 8439 2808 8439 2679 8440 2680 8440 2873 8440 2873 8441 2680 8441 2682 8441 2873 8442 2682 8442 2876 8442 2811 8443 2661 8443 2808 8443 2808 8444 2661 8444 2658 8444 2682 8445 2680 8445 2860 8445 2860 8446 2680 8446 2858 8446 2680 8447 2679 8447 2858 8447 2858 8448 2679 8448 2857 8448 2820 8449 2658 8449 2821 8449 2821 8450 2658 8450 2661 8450 2821 8451 2661 8451 2823 8451 2929 8452 2860 8452 2858 8452 2945 8453 2914 8453 2917 8453 2917 8454 2914 8454 2847 8454 2917 8455 2847 8455 2850 8455 2914 8456 2945 8456 2942 8456 2942 8457 2945 8457 2929 8457 2942 8458 2929 8458 2926 8458 2926 8459 2929 8459 2858 8459 2926 8460 2858 8460 2857 8460 2821 8461 2888 8461 2820 8461 2921 8462 2888 8462 2891 8462 2891 8463 2888 8463 2821 8463 2891 8464 2821 8464 2823 8464 2888 8465 2921 8465 2918 8465 2918 8466 2921 8466 2905 8466 2918 8467 2905 8467 2902 8467 2902 8468 2905 8468 2836 8468 2902 8469 2836 8469 2833 8469 2668 8470 2669 8470 2847 8470 2847 8471 2669 8471 2671 8471 2847 8472 2671 8472 2850 8472 2668 8473 2833 8473 2669 8473 2669 8474 2833 8474 2836 8474 2669 8475 2836 8475 2671 8475</p>
        </triangles>
      </mesh>
    </geometry>
  </library_geometries>
  <library_materials>
    <material id="mat_gr_rh_tip" name="gr_rh_tip">
      <instance_effect url="#effect_gr_rh_tip"/>
    </material>
  </library_materials>
  <library_visual_scenes>
    <visual_scene id="myscene">
      <node id="node0" name="node0">
        <instance_geometry url="#geometry0">
          <bind_material>
            <technique_common>
              <instance_material symbol="ref_gr_rh_tip" target="#mat_gr_rh_tip"/>
            </technique_common>
          </bind_material>
        </instance_geometry>
      </node>
    </visual_scene>
  </library_visual_scenes>
  <scene>
    <instance_visual_scene url="#myscene"/>
  </scene>
</COLLADA>
